2025-11-21 14:09:41,388 [INFO] Activator:176 - 


2025-11-21 14:09:41,404 [INFO] Activator:177 - !SESSION log4j initialized
2025-11-21 14:09:46,902 [INFO] LogOutputStream:77 - [STDOUT_REDIRECT] 
2025-11-21 14:09:48,278 [INFO] ApplicationProperties:184 - Using Application install path: C:\ST\STM32CubeIDE_1.14.1\STM32CubeIDE\plugins\com.st.stm32cube.common.mx_6.15.0.202507011659
2025-11-21 14:09:48,294 [INFO] DbMcusXml:78 - Set database path to: C:\ST\STM32CubeIDE_1.14.1\STM32CubeIDE\plugins\com.st.stm32cube.common.mx_6.15.0.202507011659\\db\/mcu/
2025-11-21 14:09:48,294 [INFO] ApiDb:274 - Set plugin database path to: C:\ST\STM32CubeIDE_1.14.1\STM32CubeIDE\plugins\com.st.stm32cube.common.mx_6.15.0.202507011659\\db\/plugins/boardmanager/
2025-11-21 14:09:48,294 [WARN] ApiDb:259 - Overriding images path with different value:  => C:\ST\STM32CubeIDE_1.14.1\STM32CubeIDE\plugins\com.st.stm32cube.common.mx_6.15.0.202507011659\\db\/plugins/mcufinder/images/
2025-11-21 14:09:48,304 [INFO] ApiDb:250 - Set database path to: C:\Users\chris\.stmcufinder\plugins\mcufinder//mcu/
2025-11-21 14:09:48,305 [INFO] DbMcusAds:125 - Set database path to: C:\Users\chris\.stmcufinder\plugins\mcufinder//mcu/
2025-11-21 14:09:48,308 [INFO] CrossReferenceDbSqlite:203 - Set database path to: C:\Users\chris\.stmcufinder\plugins\mcufinder//mcu/cs/
2025-11-21 14:09:48,413 [INFO] RulesReader:64 - Compatibility file has been processed (317 Rules)
2025-11-21 14:09:48,494 [INFO] DbMcusXml:78 - Set database path to: C:\ST\STM32CubeIDE_1.14.1\STM32CubeIDE\plugins\com.st.stm32cube.common.mx_6.15.0.202507011659\\db\/mcu/
2025-11-21 14:09:48,494 [INFO] ApiDb:274 - Set plugin database path to: C:\ST\STM32CubeIDE_1.14.1\STM32CubeIDE\plugins\com.st.stm32cube.common.mx_6.15.0.202507011659\\db\/plugins/boardmanager/
2025-11-21 14:09:48,494 [INFO] ApiDb:261 - Set plugin images path to: C:\ST\STM32CubeIDE_1.14.1\STM32CubeIDE\plugins\com.st.stm32cube.common.mx_6.15.0.202507011659\\db\/plugins/mcufinder/images/
2025-11-21 14:09:48,495 [WARN] DbFile:41 - Overriding database path with different value: C:\Users\chris\.stmcufinder\plugins\mcufinder/ => C:\Users\chris\.stmcufinder\plugins\mcufinder
2025-11-21 14:09:48,495 [INFO] ApiDb:250 - Set database path to: C:\Users\chris\.stmcufinder\plugins\mcufinder//mcu/
2025-11-21 14:09:48,495 [WARN] DbFile:41 - Overriding database path with different value: C:\Users\chris\.stmcufinder\plugins\mcufinder/ => C:\Users\chris\.stmcufinder\plugins\mcufinder
2025-11-21 14:09:48,495 [INFO] DbMcusAds:125 - Set database path to: C:\Users\chris\.stmcufinder\plugins\mcufinder//mcu/
2025-11-21 14:09:48,495 [WARN] DbFile:41 - Overriding database path with different value: C:\Users\chris\.stmcufinder\plugins\mcufinder/ => C:\Users\chris\.stmcufinder\plugins\mcufinder
2025-11-21 14:09:48,495 [WARN] DbFile:41 - Overriding database path with different value: C:\Users\chris\.stmcufinder\plugins\mcufinder/ => C:\Users\chris\.stmcufinder\plugins\mcufinder
2025-11-21 14:09:48,495 [INFO] CrossReferenceDbSqlite:203 - Set database path to: C:\Users\chris\.stmcufinder\plugins\mcufinder//mcu/cs/
2025-11-21 14:09:48,565 [INFO] MainPanel:274 - HeapMemory: 268435456
2025-11-21 14:09:48,669 [INFO] DbMcusXml:78 - Set database path to: C:\ST\STM32CubeIDE_1.14.1\STM32CubeIDE\plugins\com.st.stm32cube.common.mx_6.15.0.202507011659\\db\/mcu/
2025-11-21 14:09:48,669 [INFO] ApiDb:274 - Set plugin database path to: C:\ST\STM32CubeIDE_1.14.1\STM32CubeIDE\plugins\com.st.stm32cube.common.mx_6.15.0.202507011659\\db\/plugins/boardmanager/
2025-11-21 14:09:48,669 [INFO] ApiDb:261 - Set plugin images path to: C:\ST\STM32CubeIDE_1.14.1\STM32CubeIDE\plugins\com.st.stm32cube.common.mx_6.15.0.202507011659\\db\/plugins/mcufinder/images/
2025-11-21 14:09:48,669 [WARN] DbFile:41 - Overriding database path with different value: C:\Users\chris\.stmcufinder\plugins\mcufinder/ => C:\Users\chris\.stmcufinder\plugins\mcufinder
2025-11-21 14:09:48,669 [INFO] ApiDb:250 - Set database path to: C:\Users\chris\.stmcufinder\plugins\mcufinder//mcu/
2025-11-21 14:09:48,669 [WARN] DbFile:41 - Overriding database path with different value: C:\Users\chris\.stmcufinder\plugins\mcufinder/ => C:\Users\chris\.stmcufinder\plugins\mcufinder
2025-11-21 14:09:48,669 [INFO] DbMcusAds:125 - Set database path to: C:\Users\chris\.stmcufinder\plugins\mcufinder//mcu/
2025-11-21 14:09:48,669 [WARN] DbFile:41 - Overriding database path with different value: C:\Users\chris\.stmcufinder\plugins\mcufinder/ => C:\Users\chris\.stmcufinder\plugins\mcufinder
2025-11-21 14:09:48,670 [WARN] DbFile:41 - Overriding database path with different value: C:\Users\chris\.stmcufinder\plugins\mcufinder/ => C:\Users\chris\.stmcufinder\plugins\mcufinder
2025-11-21 14:09:48,670 [INFO] CrossReferenceDbSqlite:203 - Set database path to: C:\Users\chris\.stmcufinder\plugins\mcufinder//mcu/cs/
2025-11-21 14:09:48,685 [INFO] ApplicationProperties:184 - Using Application install path: C:\ST\STM32CubeIDE_1.14.1\STM32CubeIDE\plugins\com.st.stm32cube.common.mx_6.15.0.202507011659
2025-11-21 14:09:48,687 [INFO] PluginManage:196 - Search for loadable plugins [exclusion list=, ]
2025-11-21 14:09:48,688 [INFO] PluginManage:310 - Check plugin analytics
2025-11-21 14:09:48,862 [INFO] AnalyticsPlugin:253 - Accepted Software Licenses: 
2025-11-21 14:09:48,862 [INFO] AnalyticsPlugin:255 - Accepted CMSIS Pack Licenses: 
2025-11-21 14:09:48,862 [INFO] AnalyticsPlugin:257 - Accepted Firmware Licenses: FW.F7.1.17.0,FW.H7.1.11.0
2025-11-21 14:09:48,867 [INFO] PluginManage:359 - Loaded plugin analytics (category:tool,tabindex:-1)
2025-11-21 14:09:48,868 [INFO] PluginManage:310 - Check plugin cadmodel
2025-11-21 14:09:48,873 [INFO] CADModel:105 - Init CAD model plugin
2025-11-21 14:09:48,873 [INFO] PluginManage:359 - Loaded plugin cadmodel (category:power,tabindex:5)
2025-11-21 14:09:48,873 [INFO] PluginManage:310 - Check plugin clock
2025-11-21 14:09:48,881 [INFO] PluginManage:359 - Loaded plugin clock (category:base,tabindex:2)
2025-11-21 14:09:48,882 [INFO] PluginManage:310 - Check plugin ddr
2025-11-21 14:09:48,883 [INFO] PluginManage:359 - Loaded plugin ddr (category:tool,tabindex:6)
2025-11-21 14:09:48,884 [INFO] PluginManage:310 - Check plugin filemanager
2025-11-21 14:09:49,034 [INFO] PluginManage:359 - Loaded plugin filemanager (category:base,tabindex:10)
2025-11-21 14:09:49,034 [INFO] PluginManage:310 - Check plugin ipmanager
2025-11-21 14:09:49,040 [INFO] PluginManage:359 - Loaded plugin ipmanager (category:base,tabindex:5)
2025-11-21 14:09:49,040 [INFO] PluginManage:310 - Check plugin lpbam
2025-11-21 14:09:49,047 [INFO] PluginManage:359 - Loaded plugin lpbam (category:base,tabindex:0)
2025-11-21 14:09:49,047 [INFO] PluginManage:310 - Check plugin memorymap
2025-11-21 14:09:49,059 [INFO] PluginManage:359 - Loaded plugin memorymap (category:base,tabindex:4)
2025-11-21 14:09:49,059 [INFO] PluginManage:310 - Check plugin pinoutandconfiguration
2025-11-21 14:09:49,068 [INFO] PluginManage:359 - Loaded plugin pinoutandconfiguration (category:base,tabindex:1)
2025-11-21 14:09:49,068 [INFO] PluginManage:310 - Check plugin pinoutconfig
2025-11-21 14:09:49,162 [WARN] SupportedApi:132 - Cannot load RTOS API schema: s4s-elt-must-match.1: The content of 'definitions' must match (annotation?, (simpleType | complexType)?, (unique | key | keyref)*)). A problem was found starting at: attribute.
2025-11-21 14:09:49,309 [INFO] PluginManage:359 - Loaded plugin pinoutconfig (category:base,tabindex:0)
2025-11-21 14:09:49,309 [INFO] PluginManage:310 - Check plugin power
2025-11-21 14:09:49,317 [INFO] PluginManage:359 - Loaded plugin power (category:power,tabindex:4)
2025-11-21 14:09:49,317 [INFO] PluginManage:310 - Check plugin projectmanager
2025-11-21 14:09:49,332 [INFO] PluginManage:359 - Loaded plugin projectmanager (category:projectmanager,tabindex:4)
2025-11-21 14:09:49,332 [INFO] PluginManage:310 - Check plugin rif
2025-11-21 14:09:49,341 [INFO] PluginManage:359 - Loaded plugin rif (category:base,tabindex:3)
2025-11-21 14:09:49,341 [INFO] PluginManage:310 - Check plugin thirdparty
2025-11-21 14:09:49,505 [WARN] IntegrityCheckThread:84 - waiting for thirdparty lock release [integrity check]
2025-11-21 14:09:49,505 [INFO] IntegrityCheckThread:86 - entering critical section [integrity check]
2025-11-21 14:09:49,506 [INFO] ThirdPartyUpdaterWithRetryManager:70 - Updater plugin not ready yet. [1/15]
2025-11-21 14:09:49,507 [INFO] PluginManage:359 - Loaded plugin thirdparty (category:base,tabindex:-1)
2025-11-21 14:09:49,507 [INFO] PluginManage:310 - Check plugin tools
2025-11-21 14:09:49,514 [INFO] PluginManage:359 - Loaded plugin tools (category:base,tabindex:7)
2025-11-21 14:09:49,514 [INFO] PluginManage:310 - Check plugin tutovideos
2025-11-21 14:09:49,815 [INFO] PluginManage:359 - Loaded plugin tutovideos (category:base,tabindex:-1)
2025-11-21 14:09:49,815 [INFO] PluginManage:310 - Check plugin updater
2025-11-21 14:09:49,842 [INFO] PluginManage:359 - Loaded plugin updater (category:base,tabindex:12)
2025-11-21 14:09:49,843 [INFO] PluginManage:310 - Check plugin userauth
2025-11-21 14:09:49,848 [INFO] UserAuth:118 - Init User Auth plugin
2025-11-21 14:09:49,849 [INFO] PluginManage:359 - Loaded plugin userauth (category:base,tabindex:14)
2025-11-21 14:09:49,849 [INFO] PluginManage:283 - PluginManage : Loaded plugins [18]
2025-11-21 14:09:50,068 [INFO] PinOutPanel:1589 - setPackage(No Configuration,No Configuration)
2025-11-21 14:09:50,152 [INFO] CADModel:165 - CPN selected for project level
2025-11-21 14:09:50,152 [INFO] CADModel:114 - Register for checkConnection events
2025-11-21 14:09:50,173 [INFO] IPUIPlugin:80 - create IPUIPlugin
2025-11-21 14:09:50,173 [INFO] PluginManager:220 - loadIPPluginJar : add adc
2025-11-21 14:09:50,176 [INFO] IPUIPlugin:80 - create IPUIPlugin
2025-11-21 14:09:50,176 [INFO] PluginManager:220 - loadIPPluginJar : add aes
2025-11-21 14:09:50,178 [INFO] IPUIPlugin:80 - create IPUIPlugin
2025-11-21 14:09:50,178 [INFO] PluginManager:220 - loadIPPluginJar : add can
2025-11-21 14:09:50,180 [INFO] IPUIPlugin:80 - create IPUIPlugin
2025-11-21 14:09:50,180 [INFO] PluginManager:220 - loadIPPluginJar : add comp
2025-11-21 14:09:50,184 [INFO] IPUIPlugin:80 - create IPUIPlugin
2025-11-21 14:09:50,184 [INFO] PluginManager:220 - loadIPPluginJar : add cryp
2025-11-21 14:09:50,187 [INFO] IPUIPlugin:80 - create IPUIPlugin
2025-11-21 14:09:50,187 [INFO] PluginManager:220 - loadIPPluginJar : add ddr_ctrl_phy
2025-11-21 14:09:50,189 [INFO] IPUIPlugin:80 - create IPUIPlugin
2025-11-21 14:09:50,189 [INFO] PluginManager:220 - loadIPPluginJar : add dfsdm
2025-11-21 14:09:50,196 [INFO] IPUIPlugin:80 - create IPUIPlugin
2025-11-21 14:09:50,197 [INFO] PluginManager:220 - loadIPPluginJar : add dma
2025-11-21 14:09:50,202 [INFO] IPUIPlugin:80 - create IPUIPlugin
2025-11-21 14:09:50,202 [INFO] PluginManager:220 - loadIPPluginJar : add dma3
2025-11-21 14:09:50,205 [INFO] IPUIPlugin:80 - create IPUIPlugin
2025-11-21 14:09:50,205 [INFO] PluginManager:220 - loadIPPluginJar : add extmemmanager
2025-11-21 14:09:50,207 [INFO] IPUIPlugin:80 - create IPUIPlugin
2025-11-21 14:09:50,207 [INFO] PluginManager:220 - loadIPPluginJar : add fatfs
2025-11-21 14:09:50,212 [INFO] IPUIPlugin:80 - create IPUIPlugin
2025-11-21 14:09:50,212 [INFO] PluginManager:220 - loadIPPluginJar : add fmc
2025-11-21 14:09:50,218 [INFO] IPUIPlugin:80 - create IPUIPlugin
2025-11-21 14:09:50,219 [INFO] PluginManager:220 - loadIPPluginJar : add freertos
2025-11-21 14:09:50,220 [INFO] IPUIPlugin:80 - create IPUIPlugin
2025-11-21 14:09:50,220 [INFO] PluginManager:220 - loadIPPluginJar : add genericplugin
2025-11-21 14:09:50,223 [INFO] IPUIPlugin:80 - create IPUIPlugin
2025-11-21 14:09:50,223 [INFO] PluginManager:220 - loadIPPluginJar : add gfxmmu
2025-11-21 14:09:50,227 [INFO] IPUIPlugin:80 - create IPUIPlugin
2025-11-21 14:09:50,228 [INFO] PluginManager:220 - loadIPPluginJar : add gic
2025-11-21 14:09:50,231 [INFO] IPUIPlugin:80 - create IPUIPlugin
2025-11-21 14:09:50,231 [INFO] PluginManager:220 - loadIPPluginJar : add gpio
2025-11-21 14:09:50,233 [INFO] IPUIPlugin:80 - create IPUIPlugin
2025-11-21 14:09:50,233 [INFO] PluginManager:220 - loadIPPluginJar : add gtzc
2025-11-21 14:09:50,235 [INFO] IPUIPlugin:80 - create IPUIPlugin
2025-11-21 14:09:50,235 [INFO] PluginManager:220 - loadIPPluginJar : add hash
2025-11-21 14:09:50,237 [INFO] IPUIPlugin:80 - create IPUIPlugin
2025-11-21 14:09:50,237 [INFO] PluginManager:220 - loadIPPluginJar : add i2c
2025-11-21 14:09:50,240 [INFO] IPUIPlugin:80 - create IPUIPlugin
2025-11-21 14:09:50,240 [INFO] PluginManager:220 - loadIPPluginJar : add i2s
2025-11-21 14:09:50,242 [INFO] IPUIPlugin:80 - create IPUIPlugin
2025-11-21 14:09:50,243 [INFO] PluginManager:220 - loadIPPluginJar : add i3c
2025-11-21 14:09:50,247 [INFO] IPUIPlugin:80 - create IPUIPlugin
2025-11-21 14:09:50,247 [INFO] PluginManager:220 - loadIPPluginJar : add ipddr
2025-11-21 14:09:50,255 [INFO] IPUIPlugin:80 - create IPUIPlugin
2025-11-21 14:09:50,255 [INFO] PluginManager:220 - loadIPPluginJar : add linkedlist
2025-11-21 14:09:50,259 [INFO] IPUIPlugin:80 - create IPUIPlugin
2025-11-21 14:09:50,259 [INFO] PluginManager:220 - loadIPPluginJar : add lorawan
2025-11-21 14:09:50,261 [INFO] IPUIPlugin:80 - create IPUIPlugin
2025-11-21 14:09:50,261 [INFO] PluginManager:220 - loadIPPluginJar : add ltdc
2025-11-21 14:09:50,266 [INFO] IPUIPlugin:80 - create IPUIPlugin
2025-11-21 14:09:50,266 [INFO] PluginManager:220 - loadIPPluginJar : add mdma
2025-11-21 14:09:50,270 [INFO] IPUIPlugin:80 - create IPUIPlugin
2025-11-21 14:09:50,270 [INFO] PluginManager:220 - loadIPPluginJar : add nvic
2025-11-21 14:09:50,272 [INFO] IPUIPlugin:80 - create IPUIPlugin
2025-11-21 14:09:50,272 [INFO] PluginManager:220 - loadIPPluginJar : add opamp
2025-11-21 14:09:50,276 [INFO] IPUIPlugin:80 - create IPUIPlugin
2025-11-21 14:09:50,276 [INFO] PluginManager:220 - loadIPPluginJar : add openamp
2025-11-21 14:09:50,279 [INFO] IPUIPlugin:80 - create IPUIPlugin
2025-11-21 14:09:50,279 [INFO] PluginManager:220 - loadIPPluginJar : add pdm2pcm
2025-11-21 14:09:50,285 [INFO] IPUIPlugin:80 - create IPUIPlugin
2025-11-21 14:09:50,288 [INFO] PluginManager:220 - loadIPPluginJar : add plateformsettings
2025-11-21 14:09:50,290 [INFO] IPUIPlugin:80 - create IPUIPlugin
2025-11-21 14:09:50,291 [INFO] PluginManager:220 - loadIPPluginJar : add quadspi
2025-11-21 14:09:50,293 [INFO] IPUIPlugin:80 - create IPUIPlugin
2025-11-21 14:09:50,294 [INFO] PluginManager:220 - loadIPPluginJar : add radio
2025-11-21 14:09:50,298 [INFO] IPUIPlugin:80 - create IPUIPlugin
2025-11-21 14:09:50,298 [INFO] PluginManager:220 - loadIPPluginJar : add resmgrutility
2025-11-21 14:09:50,303 [INFO] IPUIPlugin:80 - create IPUIPlugin
2025-11-21 14:09:50,303 [INFO] PluginManager:220 - loadIPPluginJar : add sai
2025-11-21 14:09:50,305 [INFO] IPUIPlugin:80 - create IPUIPlugin
2025-11-21 14:09:50,305 [INFO] PluginManager:220 - loadIPPluginJar : add spi
2025-11-21 14:09:50,313 [INFO] IPUIPlugin:80 - create IPUIPlugin
2025-11-21 14:09:50,314 [INFO] PluginManager:220 - loadIPPluginJar : add stm32_wpan
2025-11-21 14:09:50,316 [INFO] IPUIPlugin:80 - create IPUIPlugin
2025-11-21 14:09:50,316 [INFO] PluginManager:220 - loadIPPluginJar : add tim
2025-11-21 14:09:50,321 [INFO] IPUIPlugin:80 - create IPUIPlugin
2025-11-21 14:09:50,321 [INFO] PluginManager:220 - loadIPPluginJar : add touchsensing
2025-11-21 14:09:50,325 [INFO] IPUIPlugin:80 - create IPUIPlugin
2025-11-21 14:09:50,325 [INFO] PluginManager:220 - loadIPPluginJar : add tracer_emb
2025-11-21 14:09:50,328 [INFO] IPUIPlugin:80 - create IPUIPlugin
2025-11-21 14:09:50,329 [INFO] PluginManager:220 - loadIPPluginJar : add ts
2025-11-21 14:09:50,331 [INFO] IPUIPlugin:80 - create IPUIPlugin
2025-11-21 14:09:50,331 [INFO] PluginManager:220 - loadIPPluginJar : add tsc
2025-11-21 14:09:50,332 [INFO] IPUIPlugin:80 - create IPUIPlugin
2025-11-21 14:09:50,332 [INFO] PluginManager:220 - loadIPPluginJar : add ucpd
2025-11-21 14:09:50,335 [INFO] IPUIPlugin:80 - create IPUIPlugin
2025-11-21 14:09:50,335 [INFO] PluginManager:220 - loadIPPluginJar : add usart
2025-11-21 14:09:50,338 [INFO] IPUIPlugin:80 - create IPUIPlugin
2025-11-21 14:09:50,339 [INFO] PluginManager:220 - loadIPPluginJar : add usbx
2025-11-21 14:09:50,459 [FATAL] Updater:351 - Updater called before beeing initialized
2025-11-21 14:09:50,483 [INFO] RulesReader:64 - Compatibility file has been processed (317 Rules)
2025-11-21 14:09:50,496 [INFO] RulesReader:64 - Compatibility file has been processed (317 Rules)
2025-11-21 14:09:50,510 [INFO] CADModel:165 - CPN selected for project level
2025-11-21 14:09:50,510 [INFO] CADModel:114 - Register for checkConnection events
2025-11-21 14:09:50,510 [FATAL] Updater:351 - Updater called before beeing initialized
2025-11-21 14:09:50,510 [ERROR] CADModel:125 - Updater not yet initialized, retry later 
2025-11-21 14:09:50,692 [FATAL] Updater:351 - Updater called before beeing initialized
2025-11-21 14:09:50,695 [INFO] CADModel:165 - CPN selected for project level
2025-11-21 14:09:50,695 [INFO] CADModel:114 - Register for checkConnection events
2025-11-21 14:09:50,695 [FATAL] Updater:351 - Updater called before beeing initialized
2025-11-21 14:09:50,695 [ERROR] CADModel:125 - Updater not yet initialized, retry later 
2025-11-21 14:09:50,702 [FATAL] Updater:351 - Updater called before beeing initialized
2025-11-21 14:09:50,823 [FATAL] Updater:351 - Updater called before beeing initialized
2025-11-21 14:09:50,828 [INFO] DbMcusAds:53 - JSON generation date=Mon Nov 10 02:43:01 PST 2025 (1762771381096)
2025-11-21 14:09:50,829 [FATAL] Updater:351 - Updater called before beeing initialized
2025-11-21 14:09:50,858 [WARN] DetailPanel:346 - Failed to get advertising image, set to default
2025-11-21 14:09:50,927 [FATAL] Updater:351 - Updater called before beeing initialized
2025-11-21 14:09:50,930 [FATAL] Updater:351 - Updater called before beeing initialized
2025-11-21 14:09:50,930 [FATAL] Updater:351 - Updater called before beeing initialized
2025-11-21 14:09:50,930 [WARN] DetailPanel:346 - Failed to get advertising image, set to default
2025-11-21 14:09:50,932 [FATAL] Updater:351 - Updater called before beeing initialized
2025-11-21 14:09:50,978 [ERROR] Updater:1198 - MainUpdater not yet initialized. External WinMGr cannot be set.
2025-11-21 14:09:50,980 [INFO] Updater:1134 - Updater Version found : 6.15.0
2025-11-21 14:09:51,002 [INFO] ApplicationProperties:184 - Using Application install path: C:\ST\STM32CubeIDE_1.14.1\STM32CubeIDE\plugins\com.st.stm32cube.common.mx_6.15.0.202507011659
2025-11-21 14:09:52,508 [INFO] ThirdPartyUpdaterWithRetryManager:70 - Updater plugin not ready yet. [2/15]
2025-11-21 14:09:52,574 [ERROR] LogOutputStream:75 - [STDERR_REDIRECT] Nov 21, 2025 2:09:52 PM java.util.prefs.WindowsPreferences <init>
2025-11-21 14:09:52,575 [ERROR] LogOutputStream:75 - [STDERR_REDIRECT] WARNING: Could not open/create prefs root node Software\JavaSoft\Prefs at root 0xffffffff80000002. Windows RegCreateKeyEx(...) returned error code 5.
2025-11-21 14:09:52,575 [ERROR] LogOutputStream:75 - [STDERR_REDIRECT] 
2025-11-21 14:09:52,894 [INFO] MainUpdater:2872 - connection check result : 10
2025-11-21 14:09:52,894 [INFO] MainUpdater:3604 - Updater definition file requires update
2025-11-21 14:09:52,894 [INFO] MainUpdater:289 - Updater Check For Update Now.
2025-11-21 14:09:52,895 [INFO] MicroXplorer:498 - Change Database Version : DB.6.0.150
2025-11-21 14:09:52,900 [INFO] McuFinderGlobals:63 - Set McuFinder mode to 2 (CubeIDE integrated)
2025-11-21 14:09:52,902 [INFO] UserAuth:487 - Internet connection configuration mode: 1
2025-11-21 14:09:52,920 [INFO] JxBrowserEngine:152 - Initiate JxBrowser Engine with user profile folder
2025-11-21 14:09:53,003 [INFO] ServerAccessManage:452 - Complete download http(s) 200
2025-11-21 14:09:53,005 [INFO] ServerAccessManage:509 - Download File updaters.zip
2025-11-21 14:09:53,067 [INFO] FileExtend:248 - Unzip File : updaters.zip
2025-11-21 14:09:53,067 [INFO] FileExtend:263 - Standard Zip Deflate
2025-11-21 14:09:53,357 [INFO] ServerAccessManage:452 - Complete download http(s) 200
2025-11-21 14:09:53,358 [INFO] ServerAccessManage:509 - Download File PacksControlFlags.xml
2025-11-21 14:09:53,423 [INFO] ServerAccessManage:452 - Complete download http(s) 200
2025-11-21 14:09:53,424 [INFO] ServerAccessManage:509 - Download File cubemx.pidx
2025-11-21 14:09:53,965 [INFO] ServerAccessManage:452 - Complete download http(s) 200
2025-11-21 14:09:53,965 [INFO] ServerAccessManage:509 - Download File STMicroelectronics.X-CUBE-FREERTOS.pdsc
2025-11-21 14:09:54,468 [INFO] ServerAccessManage:452 - Complete download http(s) 200
2025-11-21 14:09:54,468 [INFO] ServerAccessManage:509 - Download File STMicroelectronics.X-CUBE-MEMS1.pdsc
2025-11-21 14:09:54,917 [INFO] WebApp:169 - Instantiating new browser for Auth
2025-11-21 14:09:55,509 [WARN] MainUpdater:1193 - Updater busy. Cannot search thirdparties
2025-11-21 14:09:55,509 [INFO] ThirdPartyUpdaterWithRetryManager:96 - Updater plugin is busy. [1/15]
2025-11-21 14:09:55,806 [INFO] WebApp:463 - Apply proxy settings
2025-11-21 14:09:55,807 [INFO] WebApp:548 - Chromium requires no authentication
2025-11-21 14:09:55,841 [INFO] ServerAccessManage:452 - Complete download http(s) 200
2025-11-21 14:09:55,842 [INFO] ServerAccessManage:509 - Download File STMicroelectronics.X-CUBE-AZRTOS-H7RS.pdsc
2025-11-21 14:09:55,881 [INFO] WebApp:491 - Direct internet connection detected
2025-11-21 14:09:56,100 [INFO] WebApp:900 - Register for checkConnection events
2025-11-21 14:09:56,100 [INFO] WebApp:463 - Apply proxy settings
2025-11-21 14:09:56,100 [INFO] WebApp:548 - Chromium requires no authentication
2025-11-21 14:09:56,101 [INFO] WebApp:491 - Direct internet connection detected
2025-11-21 14:09:56,105 [INFO] WebApp:191 - Connection restablished
2025-11-21 14:09:56,612 [INFO] CheckServerUpdateThread:120 - End of CheckServer Thread
2025-11-21 14:09:56,636 [WARN] PackLoader:240 - Cannot read IP mode file for STMicroelectronics.X-CUBE-FREERTOS.1.4.0
2025-11-21 14:09:56,724 [WARN] PackLoader:240 - Cannot read IP mode file for STMicroelectronics.X-CUBE-MEMS1.12.0.0
2025-11-21 14:09:56,852 [WARN] PackLoader:240 - Cannot read IP mode file for STMicroelectronics.X-CUBE-AZRTOS-H7RS.1.2.0
2025-11-21 14:09:56,857 [INFO] PopulateThirdPartyThread:66 - Ending populate Thread
2025-11-21 14:09:56,861 [INFO] ThirdParty:1030 - CMSIS Pack Vendor :STMicroelectronics X-CUBE-FREERTOS 1.4.0
2025-11-21 14:09:56,861 [INFO] ThirdParty:1030 - CMSIS Pack Vendor :STMicroelectronics X-CUBE-MEMS1 12.0.0
2025-11-21 14:09:56,861 [INFO] ThirdParty:1030 - CMSIS Pack Vendor :STMicroelectronics X-CUBE-AZRTOS-H7RS 1.2.0
2025-11-21 14:09:56,862 [INFO] LoadServerUpdatesThread:375 - End of LoadServerUpdate Thread
2025-11-21 14:09:57,223 [INFO] WebApp:225 - Starting web application
2025-11-21 14:09:57,224 [INFO] WebApp:593 - Web application path used C:\ST\STM32CubeIDE_1.14.1\STM32CubeIDE\plugins\com.st.stm32cube.common.mx_6.15.0.202507011659\db\plugins\mcufinder\reactClient1\index.html
2025-11-21 14:09:57,432 [INFO] UserAuth:487 - Internet connection configuration mode: 1
2025-11-21 14:09:58,657 [WARN] PackLoader:240 - Cannot read IP mode file for STMicroelectronics.X-CUBE-SMBUS.2.1.0
2025-11-21 14:09:58,663 [WARN] PackLoader:240 - Cannot read IP mode file for STMicroelectronics.X-CUBE-ST60.1.0.0
2025-11-21 14:09:58,673 [WARN] PackLoader:240 - Cannot read IP mode file for STMicroelectronics.X-CUBE-AZRTOS-F7.1.1.0
2025-11-21 14:09:58,678 [WARN] PackLoader:240 - Cannot read IP mode file for Cesanta.I-CUBE-Mongoose.7.19.0
2025-11-21 14:09:58,681 [WARN] PackLoader:240 - Cannot read IP mode file for STMicroelectronics.FP-SNS-MOTENV1.5.1.0
2025-11-21 14:09:58,691 [WARN] PackLoader:240 - Cannot read IP mode file for WES.I-CUBE-Cesium.1.4.0
2025-11-21 14:09:58,708 [WARN] PackLoader:240 - Cannot read IP mode file for Infineon.AIROC-Wi-Fi-Bluetooth-STM32.1.7.1
2025-11-21 14:09:58,721 [WARN] PackLoader:240 - Cannot read IP mode file for STMicroelectronics.X-CUBE-AZRTOS-H7.3.4.0
2025-11-21 14:09:58,728 [WARN] PackLoader:240 - Cannot read IP mode file for STMicroelectronics.X-CUBE-DISPLAY.3.0.0
2025-11-21 14:09:58,734 [WARN] PackLoader:240 - Cannot read IP mode file for STMicroelectronics.X-CUBE-NFC10.1.0.0
2025-11-21 14:09:58,739 [WARN] PackLoader:240 - Cannot read IP mode file for STMicroelectronics.X-CUBE-ST60.1.1.0
2025-11-21 14:09:58,744 [WARN] PackLoader:240 - Cannot read IP mode file for emotas.I-CUBE-CANOPEN.1.3.0
2025-11-21 14:09:58,750 [WARN] PackLoader:240 - Cannot read IP mode file for STMicroelectronics.X-CUBE-GNSS1.7.1.0
2025-11-21 14:09:58,753 [WARN] PackLoader:240 - Cannot read IP mode file for STMicroelectronics.FP-SNS-SMARTAG2.1.2.0
2025-11-21 14:09:58,760 [INFO] LogOutputStream:77 - [STDOUT_REDIRECT] 1 : Invalid condition id : UX_CORESTACK_Condition cause : null
2025-11-21 14:09:58,761 [INFO] LogOutputStream:77 - [STDOUT_REDIRECT] 1 : Invalid condition id : UX_CORESTACK_Condition cause : null
2025-11-21 14:09:58,762 [INFO] LogOutputStream:77 - [STDOUT_REDIRECT] 1 : Invalid condition id : UX_CORESTACK_Condition cause : null
2025-11-21 14:09:58,763 [INFO] LogOutputStream:77 - [STDOUT_REDIRECT] 1 : Invalid condition id : UX_CORESTACK_Condition cause : null
2025-11-21 14:09:58,764 [INFO] LogOutputStream:77 - [STDOUT_REDIRECT] 1 : Invalid condition id : UX_CORESTACK_Condition cause : null
2025-11-21 14:09:58,766 [WARN] PackLoader:240 - Cannot read IP mode file for STMicroelectronics.X-CUBE-AZRTOS-WL.2.0.0
2025-11-21 14:09:58,770 [WARN] PackLoader:240 - Cannot read IP mode file for STMicroelectronics.FP-SNS-MOTENV1.5.0.0
2025-11-21 14:09:58,784 [WARN] PackLoader:240 - Cannot read IP mode file for STMicroelectronics.X-CUBE-AZRTOS-H7RS.1.2.0
2025-11-21 14:09:58,793 [WARN] PackLoader:240 - Cannot read IP mode file for STMicroelectronics.X-CUBE-BLE2.3.3.0
2025-11-21 14:09:58,820 [WARN] PackLoader:240 - Cannot read IP mode file for STMicroelectronics.X-CUBE-NFC9.1.0.0
2025-11-21 14:09:58,830 [WARN] PackLoader:240 - Cannot read IP mode file for wolfSSL.I-CUBE-wolfSSL.5.8.2
2025-11-21 14:09:58,836 [WARN] PackLoader:240 - Cannot read IP mode file for wolfSSL.I-CUBE-wolfMQTT.1.19.2
2025-11-21 14:09:58,841 [WARN] PackLoader:240 - Cannot read IP mode file for STMicroelectronics.X-CUBE-FREERTOS.1.4.0
2025-11-21 14:09:58,847 [WARN] PackLoader:240 - Cannot read IP mode file for STMicroelectronics.X-CUBE-ST67W61.1.1.0
2025-11-21 14:09:58,879 [WARN] PackLoader:240 - Cannot read IP mode file for STMicroelectronics.X-CUBE-MEMS1.12.0.0
2025-11-21 14:09:58,960 [WARN] PackLoader:240 - Cannot read IP mode file for STMicroelectronics.X-CUBE-AZRTOS-G0.1.1.0
2025-11-21 14:09:58,965 [WARN] PackLoader:240 - Cannot read IP mode file for STMicroelectronics.X-CUBE-SAFEA1.1.2.2
2025-11-21 14:09:58,971 [WARN] PackLoader:240 - Cannot read IP mode file for STMicroelectronics.X-CUBE-NFC4.3.0.0
2025-11-21 14:09:58,982 [WARN] PackLoader:240 - Cannot read IP mode file for EmbeddedOffice.I-CUBE-FS-RTOS.1.0.1
2025-11-21 14:09:58,989 [WARN] PackLoader:240 - Cannot read IP mode file for STMicroelectronics.X-CUBE-WB05N.2.0.0
2025-11-21 14:09:58,993 [WARN] PackLoader:240 - Cannot read IP mode file for wolfSSL.I-CUBE-wolfTPM.3.8.0
2025-11-21 14:09:58,996 [WARN] PackLoader:240 - Cannot read IP mode file for STMicroelectronics.X-CUBE-TCPP.4.2.0
2025-11-21 14:09:59,001 [WARN] PackLoader:240 - Cannot read IP mode file for RealThread.X-CUBE-RT-Thread_Nano.4.1.1
2025-11-21 14:09:59,005 [WARN] PackLoader:240 - Cannot read IP mode file for STMicroelectronics.FP-ATR-SIGFOX1.3.2.0
2025-11-21 14:09:59,011 [WARN] PackLoader:240 - Cannot read IP mode file for ITTIA_DB.I-CUBE-ITTIADB.8.9.0
2025-11-21 14:09:59,026 [WARN] PackLoader:240 - Cannot read IP mode file for STMicroelectronics.X-CUBE-ST67W61.1.0.0
2025-11-21 14:09:59,043 [WARN] PackLoader:240 - Cannot read IP mode file for SEGGER.I-CUBE-embOS.1.3.1
2025-11-21 14:09:59,079 [WARN] PackLoader:240 - Cannot read IP mode file for STMicroelectronics.X-CUBE-ALGOBUILD.1.4.0
2025-11-21 14:09:59,131 [WARN] PackLoader:240 - Cannot read IP mode file for STMicroelectronics.X-CUBE-MEMS1.11.3.0
2025-11-21 14:09:59,231 [WARN] PackLoader:240 - Cannot read IP mode file for STMicroelectronics.X-CUBE-PM33A1.1.0.0
2025-11-21 14:09:59,238 [WARN] PackLoader:240 - Cannot read IP mode file for STMicroelectronics.X-CUBE-AZRTOS-F4.1.1.0
2025-11-21 14:09:59,243 [WARN] PackLoader:240 - Cannot read IP mode file for STMicroelectronics.X-CUBE-ISPU.2.1.0
2025-11-21 14:09:59,256 [WARN] PackLoader:240 - Cannot read IP mode file for STMicroelectronics.X-CUBE-IPS.3.2.0
2025-11-21 14:09:59,269 [WARN] PackLoader:240 - Cannot read IP mode file for STMicroelectronics.X-CUBE-NFC12.1.0.0
2025-11-21 14:09:59,278 [WARN] PackLoader:240 - Cannot read IP mode file for STMicroelectronics.X-CUBE-AZRTOS-L5.2.0.0
2025-11-21 14:09:59,286 [WARN] PackLoader:240 - Cannot read IP mode file for STMicroelectronics.X-CUBE-NFC6.3.1.0
2025-11-21 14:09:59,295 [WARN] PackLoader:240 - Cannot read IP mode file for STMicroelectronics.X-CUBE-FREERTOS.1.3.1
2025-11-21 14:09:59,303 [WARN] PackLoader:240 - Cannot read IP mode file for STMicroelectronics.X-CUBE-TOUCHGFX.4.26.0
2025-11-21 14:09:59,313 [WARN] ConditionMgr:438 - getConditionDescription Invalid condition id : LAN8742 Phy interface Condition cause : null
2025-11-21 14:09:59,313 [WARN] PackLoader:240 - Cannot read IP mode file for STMicroelectronics.X-CUBE-AZRTOS-L4.2.0.0
2025-11-21 14:09:59,314 [WARN] ConditionMgr:1044 - genDependencies : Invalid condition id : LAN8742 Phy interface Condition cause : null
2025-11-21 14:09:59,314 [WARN] ConditionMgr:1044 - genDependencies : Invalid condition id : LAN8742 Phy interface Condition cause : null
2025-11-21 14:09:59,314 [WARN] ConditionMgr:1044 - genDependencies : Invalid condition id : LAN8742 Phy interface Condition cause : null
2025-11-21 14:09:59,319 [WARN] PackLoader:240 - Cannot read IP mode file for STMicroelectronics.X-CUBE-SFXS2LP1.4.0.0
2025-11-21 14:09:59,330 [WARN] ConditionMgr:438 - getConditionDescription Invalid condition id : UX DEVICE CLASS RTOS Condition cause : null
2025-11-21 14:09:59,330 [WARN] ConditionMgr:438 - getConditionDescription Invalid condition id : UX DEVICE CLASS RTOS Condition cause : null
2025-11-21 14:09:59,332 [WARN] PackLoader:240 - Cannot read IP mode file for STMicroelectronics.X-CUBE-AZRTOS-WB.2.0.0
2025-11-21 14:09:59,333 [WARN] ConditionMgr:1044 - genDependencies : Invalid condition id : UX DEVICE CLASS RTOS Condition cause : null
2025-11-21 14:09:59,333 [WARN] ConditionMgr:1044 - genDependencies : Invalid condition id : UX DEVICE CLASS RTOS Condition cause : null
2025-11-21 14:09:59,334 [WARN] ConditionMgr:1044 - genDependencies : Invalid condition id : UX DEVICE CLASS RTOS Condition cause : null
2025-11-21 14:09:59,334 [WARN] ConditionMgr:1044 - genDependencies : Invalid condition id : UX DEVICE CLASS RTOS Condition cause : null
2025-11-21 14:09:59,334 [WARN] ConditionMgr:1044 - genDependencies : Invalid condition id : UX DEVICE CLASS RTOS Condition cause : null
2025-11-21 14:09:59,340 [WARN] PackLoader:240 - Cannot read IP mode file for STMicroelectronics.X-CUBE-GNSS1.7.0.1
2025-11-21 14:09:59,343 [WARN] PackLoader:240 - Cannot read IP mode file for STMicroelectronics.X-CUBE-TOUCHGFX.4.25.0
2025-11-21 14:09:59,347 [WARN] ConditionMgr:438 - getConditionDescription Invalid condition id : Cortex-A Device cause : null
2025-11-21 14:09:59,353 [WARN] ConditionMgr:1044 - genDependencies : Invalid condition id : Cortex-A Device cause : null
2025-11-21 14:09:59,354 [WARN] ConditionMgr:1044 - genDependencies : Invalid condition id : Cortex-A Device cause : null
2025-11-21 14:09:59,354 [WARN] ConditionMgr:1044 - genDependencies : Invalid condition id : Cortex-A Device cause : null
2025-11-21 14:09:59,361 [WARN] PackLoader:240 - Cannot read IP mode file for STMicroelectronics.X-CUBE-SUBG2.5.0.0
2025-11-21 14:09:59,389 [WARN] PackLoader:240 - Cannot read IP mode file for STMicroelectronics.X-CUBE-AZRTOS-H7RS.1.1.0
2025-11-21 14:09:59,403 [WARN] PackLoader:240 - Cannot read IP mode file for STMicroelectronics.X-CUBE-AZRTOS-G4.2.0.0
2025-11-21 14:09:59,413 [WARN] PackLoader:240 - Cannot read IP mode file for wolfSSL.I-CUBE-wolfSSH.1.4.20
2025-11-21 14:09:59,420 [WARN] PackLoader:240 - Cannot read IP mode file for STMicroelectronics.X-CUBE-NFC7.2.0.0
2025-11-21 14:09:59,426 [WARN] PackLoader:240 - Cannot read IP mode file for STMicroelectronics.X-CUBE-IPS.3.1.0
2025-11-21 14:09:59,433 [WARN] PackLoader:240 - Cannot read IP mode file for STMicroelectronics.X-CUBE-STSE01.1.0.0
2025-11-21 14:09:59,440 [WARN] PackLoader:240 - Cannot read IP mode file for STMicroelectronics.X-CUBE-TOF1.3.4.3
2025-11-21 14:09:59,450 [INFO] ThirdParty:978 - Integrity check success = true
2025-11-21 14:09:59,450 [INFO] IntegrityCheckThread:100 - exiting critical section [integrity check]
2025-11-21 14:09:59,450 [INFO] IntegrityCheckThread:103 - End integrity checks thread
2025-11-21 14:10:03,061 [INFO] McuFinderGlobals:63 - Set McuFinder mode to 2 (CubeIDE integrated)
2025-11-21 14:10:03,067 [INFO] MainUpdater:2872 - connection check result : 10
2025-11-21 14:10:03,067 [INFO] MainUpdater:2872 - connection check result : 10
2025-11-21 14:10:03,107 [INFO] MicroXplorer:468 - Change Database Path : 
2025-11-21 14:10:03,108 [INFO] MicroXplorer:498 - Change Database Version : DB.6.0.150
2025-11-21 14:10:03,118 [WARN] ThirdParty:871 - waiting for thirdparty lock release [close project]
2025-11-21 14:10:03,118 [INFO] ThirdParty:873 - entering critical section [close project]
2025-11-21 14:10:03,118 [INFO] ThirdParty:883 - exiting critical section [close project]
2025-11-21 14:10:03,120 [INFO] PinOutPanel:1589 - setPackage(No Configuration,No Configuration)
2025-11-21 14:10:03,121 [INFO] UtilMem:75 - Begin LoadConfig() Used Memory: 361783832 Bytes (531628032)
2025-11-21 14:10:03,121 [INFO] MicroXplorer:468 - Change Database Path : 
2025-11-21 14:10:03,121 [INFO] MicroXplorer:498 - Change Database Version : DB.6.0.150
2025-11-21 14:10:03,122 [INFO] OpenFileManager:355 - Change cursor
2025-11-21 14:10:03,152 [INFO] Mcu:2029 - Initializing MCU STM32F767ZITx STM32F767ZITx STM32F767ZIT6
2025-11-21 14:10:06,016 [INFO] Context:786 - Trying to add GPIOservice into a context  which must be forbidden
2025-11-21 14:10:06,741 [INFO] ImportTextPane:234 - (OptionalMessage_ERROR) Pin32 (VP_RIF_VS_RIF1) cannot be retrieved for this MCU
2025-11-21 14:10:06,961 [INFO] RtosManager:558 - Registered RTOS mode: class=CMSIS, group=RTOS, mode=CMSIS_V1, owner=FREERTOS
2025-11-21 14:10:06,962 [INFO] RtosManager:558 - Registered RTOS mode: class=CMSIS, group=RTOS2, mode=CMSIS_V2, owner=FREERTOS
2025-11-21 14:10:06,962 [INFO] RtosManager:558 - Registered RTOS mode: class=RTOS, group=Core, mode=CMSIS_V1, owner=FREERTOS
2025-11-21 14:10:06,963 [INFO] RtosManager:558 - Registered RTOS mode: class=RTOS, group=Core, mode=CMSIS_V2, owner=FREERTOS
2025-11-21 14:10:06,963 [WARN] ModelIntegratedComponent:184 - Missing modes for component STMicroelectronics:FreeRTOS:0.0.1:STMicroelectronics:RTOS:FreeRTOS:Core:::10.2.0:
2025-11-21 14:10:07,001 [WARN] ModelIntegratedComponent:63 - No mode defined for component null
2025-11-21 14:10:07,001 [WARN] ModelIntegratedComponent:63 - No mode defined for component null
2025-11-21 14:10:07,001 [WARN] ModelIntegratedComponent:63 - No mode defined for component null
2025-11-21 14:10:07,001 [WARN] ModelIntegratedComponent:63 - No mode defined for component null
2025-11-21 14:10:07,001 [WARN] ModelIntegratedComponent:63 - No mode defined for component null
2025-11-21 14:10:07,001 [WARN] ModelIntegratedComponent:63 - No mode defined for component null
2025-11-21 14:10:07,001 [WARN] ModelIntegratedComponent:63 - No mode defined for component null
2025-11-21 14:10:07,001 [WARN] ModelIntegratedComponent:63 - No mode defined for component null
2025-11-21 14:10:07,001 [WARN] ModelIntegratedComponent:63 - No mode defined for component null
2025-11-21 14:10:07,002 [WARN] ModelIntegratedComponent:63 - No mode defined for component null
2025-11-21 14:10:07,002 [WARN] ModelIntegratedComponent:63 - No mode defined for component null
2025-11-21 14:10:07,002 [WARN] ModelIntegratedComponent:63 - No mode defined for component null
2025-11-21 14:10:07,002 [WARN] ModelIntegratedComponent:63 - No mode defined for component null
2025-11-21 14:10:07,002 [WARN] ModelIntegratedComponent:63 - No mode defined for component null
2025-11-21 14:10:07,002 [WARN] ModelIntegratedComponent:63 - No mode defined for component null
2025-11-21 14:10:07,002 [WARN] ModelIntegratedComponent:63 - No mode defined for component null
2025-11-21 14:10:07,002 [WARN] ModelIntegratedComponent:63 - No mode defined for component null
2025-11-21 14:10:07,002 [WARN] ModelIntegratedComponent:63 - No mode defined for component null
2025-11-21 14:10:07,002 [WARN] ModelIntegratedComponent:63 - No mode defined for component null
2025-11-21 14:10:07,002 [WARN] ModelIntegratedComponent:63 - No mode defined for component null
2025-11-21 14:10:07,002 [WARN] ModelIntegratedComponent:63 - No mode defined for component null
2025-11-21 14:10:07,002 [WARN] ModelIntegratedComponent:63 - No mode defined for component null
2025-11-21 14:10:07,002 [WARN] ModelIntegratedComponent:63 - No mode defined for component null
2025-11-21 14:10:07,002 [WARN] ModelIntegratedComponent:63 - No mode defined for component null
2025-11-21 14:10:07,003 [WARN] ModelIntegratedComponent:63 - No mode defined for component null
2025-11-21 14:10:07,003 [WARN] ModelIntegratedComponent:63 - No mode defined for component null
2025-11-21 14:10:07,003 [WARN] ModelIntegratedComponent:63 - No mode defined for component null
2025-11-21 14:10:07,003 [WARN] ModelIntegratedComponent:63 - No mode defined for component null
2025-11-21 14:10:07,003 [WARN] ModelIntegratedComponent:63 - No mode defined for component null
2025-11-21 14:10:07,003 [WARN] ModelIntegratedComponent:63 - No mode defined for component null
2025-11-21 14:10:07,003 [WARN] ModelIntegratedComponent:63 - No mode defined for component null
2025-11-21 14:10:07,003 [WARN] ModelIntegratedComponent:63 - No mode defined for component null
2025-11-21 14:10:07,003 [WARN] ModelIntegratedComponent:63 - No mode defined for component null
2025-11-21 14:10:07,003 [WARN] ModelIntegratedComponent:63 - No mode defined for component null
2025-11-21 14:10:07,003 [WARN] ModelIntegratedComponent:63 - No mode defined for component null
2025-11-21 14:10:07,003 [WARN] ModelPack:524 - Component already loaded: STMicroelectronics:HAL Drivers:0.0.0:STMicroelectronics:Device:STMicro_Driver:XSPI:HAL::0.0.1:HAL_XSPI
2025-11-21 14:10:07,085 [INFO] ThirdPartyModel:298 - Start build external matchings
2025-11-21 14:10:07,475 [INFO] ThirdPartyModel:316 - End build external matchings
2025-11-21 14:10:07,492 [WARN] IP:2250 - Warning not found: check if there is a RefParameter without a condition.
2025-11-21 14:10:07,492 [WARN] IP:2250 - RxBufferAddress not found: check if there is a RefParameter without a condition.
2025-11-21 14:10:07,493 [WARN] IP:2250 - DESC_SIZE_UNIT not found: check if there is a RefParameter without a condition.
2025-11-21 14:10:07,495 [INFO] ImportTextPane:234 - (OptionalMessage_ERROR) IP (RCC) : Invalid parameter (FamilyName)
2025-11-21 14:10:07,496 [INFO] ImportTextPane:234 - (OptionalMessage_ERROR) IP (RCC) : Parameter (RNGFreq_Value) has invalid value (216000000)
2025-11-21 14:10:07,497 [INFO] ImportTextPane:234 - (OptionalMessage_ERROR) IP (RCC) : Parameter (SDMMC2Freq_Value) has invalid value (216000000)
2025-11-21 14:10:07,497 [INFO] ImportTextPane:234 - (OptionalMessage_ERROR) IP (RCC) : Parameter (SDMMCFreq_Value) has invalid value (216000000)
2025-11-21 14:10:07,498 [INFO] ImportTextPane:234 - (OptionalMessage_ERROR) IP (RCC) : Parameter (USBFreq_Value) has invalid value (216000000)
2025-11-21 14:10:08,363 [INFO] ApiDb:581 - Connected to CubeFinder SQLite database (C:\Users\chris\.stmcufinder\plugins\mcufinder\mcu\cube-finder-db.db)
2025-11-21 14:10:08,439 [INFO] ApiDb:668 - CubeFinder database Data Model version=2.1
2025-11-21 14:10:08,439 [INFO] ApiDb:669 - CubeFinder database Configuration version=3.0.39
2025-11-21 14:10:08,439 [INFO] ApiDb:670 - CubeFinder database generation date=2025-11-05 (1762334721)
2025-11-21 14:10:08,440 [INFO] ApiDb:671 - CubeFinder database FW Pack versions=[FP-ATR-ASTRA1_V2.0.0, FP-SNS-FLIGHT1_V5.1.0, FP-SNS-MOTENV1_V5.1.0, FP-SNS-MOTENVWB1_V1.4.0, FP-SNS-SMARTAG2_V1.2.0, FP-SNS-STBOX1_V2.1.0, STM32Cube_FW_C0_V1.4.0, STM32Cube_FW_F4_V1.28.3, STM32Cube_FW_F7_V1.17.4, STM32Cube_FW_G0_V1.6.2, STM32Cube_FW_G4_V1.6.1, STM32Cube_FW_H5_V1.5.1, STM32Cube_FW_H7RS_V1.3.0, STM32Cube_FW_H7_V1.12.1, STM32Cube_FW_L0_V1.12.2, STM32Cube_FW_L4_V1.18.1, STM32Cube_FW_L5_V1.6.0, STM32Cube_FW_N6_V1.3.0, STM32Cube_FW_U0_V1.3.0, STM32Cube_FW_U3_V1.2.1, STM32Cube_FW_U5_V1.8.0, STM32Cube_FW_WB0_V1.4.0, STM32Cube_FW_WBA_V1.8.0, STM32Cube_FW_WB_V1.24.0, STM32Cube_FW_WL3_V1.3.0, STM32Cube_FW_WL_V1.4.0, X-CUBE-ALGOBUILD_V1.4.0, X-CUBE-ALS_V1.0.2, X-CUBE-AZRTOS-F4_V1.1.0, X-CUBE-AZRTOS-F7_V1.1.0, X-CUBE-AZRTOS-G0_V1.1.0, X-CUBE-AZRTOS-G4_V2.0.0, X-CUBE-AZRTOS-H7RS_V1.1.0, X-CUBE-AZRTOS-H7_V3.4.0, X-CUBE-AZRTOS-L4_V2.0.0, X-CUBE-AZRTOS-L5_V2.0.0, X-CUBE-AZRTOS-WB_V2.0.0, X-CUBE-AZRTOS-WL_V2.0.0, X-CUBE-BLE1_V7.1.0, X-CUBE-BLE2_V3.3.0, X-CUBE-BLEMGR_V4.1.0, X-CUBE-EEPRMA1_V5.2.0, X-CUBE-FREERTOS_V1.3.1, X-CUBE-GNSS1_V6.0.0, X-CUBE-MEMS1_V11.3.0, X-CUBE-NFC4_V3.0.0, X-CUBE-NFC7_V2.0.0, X-CUBE-SFXS2LP1_V4.0.0, X-CUBE-ST67W61_V1.1.0, X-CUBE-SUBG2_V5.0.0, X-CUBE-TOF1_V3.4.3]
2025-11-21 14:10:08,537 [INFO] DbBoardsSqlite:226 - include board P-NUCLEO-WB55-NUCLEO as a kit item of type 'Nucleo-64'
2025-11-21 14:10:08,537 [INFO] DbBoardsSqlite:226 - include board P-NUCLEO-WB55-USBDONGLE as a kit item of type 'Nucleo USB Dongle'
2025-11-21 14:10:08,538 [INFO] DbBoardsSqlite:226 - include board STEVAL-IDP005V1 as a kit item of type 'Evaluation Board'
2025-11-21 14:10:08,538 [INFO] DbBoardsSqlite:226 - include board STEVAL-IDP005V2 as a kit item of type 'Evaluation Board'
2025-11-21 14:10:08,850 [INFO] ApiDb:240 - Found 880 in-development CPN: [B-G473E-ZEST1S, B-WB1M-WPAN1, B-WBA5M-WPAN, B-WL5M-SUBG1, NUCLEO-C031C6, NUCLEO-C051C8, NUCLEO-C071RB, NUCLEO-C092RC, NUCLEO-H503RB, NUCLEO-H533RE, NUCLEO-H563ZI, NUCLEO-H7S3L8, NUCLEO-N657X0-Q, NUCLEO-U031R8, NUCLEO-U083RC, NUCLEO-U385RG-Q, NUCLEO-U545RE-Q, NUCLEO-U5A5ZJ-Q, NUCLEO-WB05KZ, NUCLEO-WB07CC, NUCLEO-WB09KE, NUCLEO-WBA52CG, NUCLEO-WBA55CG, NUCLEO-WL33CC1, NUCLEO-WL33CC2, STEVAL-PROTEUS1, STEVAL-SMARTAG2, STEVAL-STWINBX1, STM320518-EVAL, STM32C0116-DK, STM32C011D6Y3TR, STM32C011D6Y6TR, STM32C011F4P3, STM32C011F4P6, STM32C011F4U3, STM32C011F4U6TR, STM32C011F6P3, STM32C011F6P6, STM32C011F6U3, STM32C011F6U6TR, STM32C011J4M3, STM32C011J4M6, STM32C011J6M3, STM32C011J6M6, STM32C0316-DK, STM32C031C4T3, STM32C031C4T6, STM32C031C4U3, STM32C031C4U6, STM32C031C6T3, STM32C031C6T6, STM32C031C6U3, STM32C031C6U6, STM32C031F4P3, STM32C031F4P6, STM32C031F6P3, STM32C031F6P6, STM32C031G4U3, STM32C031G4U6, STM32C031G6U3, STM32C031G6U6, STM32C031K4T3, STM32C031K4T6, STM32C031K4U3, STM32C031K4U6, STM32C031K6T3, STM32C031K6T6, STM32C031K6U3, STM32C031K6U6, STM32C051C6T6, STM32C051C6U6, STM32C051C8T6, STM32C051C8U6, STM32C051D8Y6TR, STM32C051F6P6, STM32C051F8P6, STM32C051G6U6, STM32C051G8U6, STM32C051K6T6, STM32C051K6U6, STM32C051K8T6, STM32C071C8T6, STM32C071C8T6N, STM32C071C8U6, STM32C071C8U6N, STM32C071CBT6, STM32C071CBT6N, STM32C071CBU6, STM32C071CBU6N, STM32C071F8P6, STM32C071F8P6N, STM32C071FBP6, STM32C071FBP6N, STM32C071FBY6TR, STM32C071G8U6, STM32C071G8U6N, STM32C071GBU6, STM32C071GBU6N, STM32C071K8T6, STM32C071K8T6N, STM32C071K8U6, STM32C071K8U6N, STM32C071KBT6, STM32C071KBT6N, STM32C071KBU6, STM32C071KBU6N, STM32C071R8T6, STM32C071R8T6N, STM32C071RBI6N, STM32C071RBT6, STM32C071RBT6N, STM32C091CBT6, STM32C091CBU6, STM32C091CCT6, STM32C091CCU6, STM32C091ECY6TR, STM32C091FBP6, STM32C091FCP6, STM32C091GBU6, STM32C091GCU6, STM32C091KBT6, STM32C091KBU6, STM32C091KCT6, STM32C091KCU6, STM32C091RBT6, STM32C091RCI6, STM32C091RCT6, STM32C092CBT6, STM32C092CBU6, STM32C092CCT6, STM32C092CCU6, STM32C092ECY6TR, STM32C092FBP6, STM32C092FCP6, STM32C092GBU6, STM32C092GCU6, STM32C092KBT6, STM32C092KBU6, STM32C092KCT6, STM32C092KCU6, STM32C092RBT6, STM32C092RCI6, STM32C092RCT6, STM32G071K8TXN, STM32G071K8UXN, STM32G081GBU6N, STM32G081KBT6N, STM32G081KBUXN, STM32G0B1CCT6N, STM32G0B1KCT6, STM32G0B1NEY6TR, STM32G0B1RCT6N, STM32G0C1CCT6, STM32G0C1CCT6N, STM32G0C1CCU6N, STM32G0C1CET6N, STM32G0C1CEU6N, STM32G0C1KCT6, STM32G0C1NEY6TR, STM32G0C1RCI6N, STM32G0C1RCT6N, STM32G0C1REI6N, STM32G0C1RET6N, STM32G0C1VCI6, STM32G0C1VEI6, STM32G411C6T3, STM32G411C6T6, STM32G411C6U3, STM32G411C6U6, STM32G411C8T3, STM32G411C8T6, STM32G411C8U3, STM32G411C8U6, STM32G411CBT3, STM32G411CBT6, STM32G411CBU3, STM32G411CBU6, STM32G411K6T3, STM32G411K6T6, STM32G411K6U3, STM32G411K6U6, STM32G411K8T3, STM32G411K8T6, STM32G411K8U3, STM32G411K8U6, STM32G411KBT3, STM32G411KBT6, STM32G411KBU3, STM32G411KBU6, STM32G411M6T3, STM32G411M6T6, STM32G411M8T3, STM32G411M8T6, STM32G411MBT3, STM32G411MBT6, STM32G411R6T3, STM32G411R6T6, STM32G411R8T3, STM32G411R8T6, STM32G411RBT3, STM32G411RBT6, STM32G414CBT3, STM32G414CBT6, STM32G414CBU3, STM32G414CBU6, STM32G414CCT3, STM32G414CCT6, STM32G414CCU3, STM32G414CCU6, STM32G414MBT3, STM32G414MBT6, STM32G414MCT3, STM32G414MCT6, STM32G414RBT3, STM32G414RBT6, STM32G414RCT3, STM32G414RCT6, STM32G414VBT3, STM32G414VBT6, STM32G414VCT3, STM32G414VCT6, STM32G431CBT3Z, STM32G431RBT3Z, STM32G471CCT6, STM32G471CCU6, STM32G471CET3, STM32G471CET6, STM32G471CEU3, STM32G471CEU6, STM32G471MCT6, STM32G471MET3, STM32G471MET6, STM32G471MEY6TR, STM32G471QCT6, STM32G471QET3, STM32G471RCT6, STM32G471RET3, STM32G471RET6, STM32G471VCH6, STM32G471VCI6, STM32G471VCT6, STM32G471VEH3, STM32G471VEH6, STM32G471VEI3, STM32G471VEI6, STM32G471VET3, STM32G471VET6, STM32G473QET3Z, STM32G473RET3Z, STM32G474CCT6, STM32G491RET3Z, STM32H503CBT6, STM32H503CBU6, STM32H503EBY6TR, STM32H503KBU6, STM32H503RBT6, STM32H523CCT6, STM32H523CCU6, STM32H523CET6, STM32H523CEU6, STM32H523HEY6TR, STM32H523RCT6, STM32H523RET6, STM32H523VCI6, STM32H523VCT6, STM32H523VEI6, STM32H523VET6, STM32H523ZCJ6, STM32H523ZCT6, STM32H523ZEJ6, STM32H523ZET6, STM32H533CET6, STM32H533CEU6, STM32H533HEY6TR, STM32H533RET6, STM32H533VEI6, STM32H533VET6, STM32H533ZEJ6, STM32H533ZET6, STM32H562AGI6, STM32H562AII6, STM32H562IGK6, STM32H562IGT6, STM32H562IIK6, STM32H562IIT6, STM32H562RGT6, STM32H562RGV6, STM32H562RIT6, STM32H562RIV6, STM32H562VGT6, STM32H562VIT6, STM32H562ZGT6, STM32H562ZIT6, STM32H563AGI6, STM32H563AII3Q, STM32H563AII6, STM32H563IGK6, STM32H563IGT6, STM32H563IIK3Q, STM32H563IIK6, STM32H563IIT3Q, STM32H563IIT6, STM32H563MIY3QTR, STM32H563RGT6, STM32H563RGV6, STM32H563RIT6, STM32H563RIV6, STM32H563VGT6, STM32H563VIT3Q, STM32H563VIT6, STM32H563ZGT6, STM32H563ZIT3Q, STM32H563ZIT6, STM32H573AII3Q, STM32H573AII6, STM32H573I-DK, STM32H573IIK3Q, STM32H573IIK6, STM32H573IIT3Q, STM32H573IIT6, STM32H573MIY3QTR, STM32H573RIT6, STM32H573RIV6, STM32H573VIT3Q, STM32H573VIT6, STM32H573ZIT3Q, STM32H573ZIT6, STM32H7R3A8I6, STM32H7R3I8K6, STM32H7R3I8T6, STM32H7R3L8H6, STM32H7R3L8H6H, STM32H7R3R8V6, STM32H7R3V8H6, STM32H7R3V8T6, STM32H7R3V8Y6TR, STM32H7R3Z8J6, STM32H7R3Z8T6, STM32H7R7A8I6, STM32H7R7I8K6, STM32H7R7I8T6, STM32H7R7L8H6, STM32H7R7L8H6H, STM32H7R7Z8J6, STM32H7S3A8I6, STM32H7S3I8K6, STM32H7S3I8T6, STM32H7S3L8H6, STM32H7S3L8H6H, STM32H7S3R8V6, STM32H7S3V8H6, STM32H7S3V8T6, STM32H7S3V8Y6TR, STM32H7S3Z8J6, STM32H7S3Z8T6, STM32H7S78-DK, STM32H7S7A8I6, STM32H7S7I8K6, STM32H7S7I8T6, STM32H7S7L8H6, STM32H7S7L8H6H, STM32H7S7Z8J6, STM32L4R5QGI6STR, STM32MP131AAE3, STM32MP131AAF3, STM32MP131AAG3, STM32MP131CAE3, STM32MP131CAF3, STM32MP131CAG3, STM32MP131DAE7, STM32MP131DAF7, STM32MP131DAG7, STM32MP131FAE7, STM32MP131FAF7, STM32MP131FAG7, STM32MP133AAE3, STM32MP133AAF3, STM32MP133AAG3, STM32MP133CAE3, STM32MP133CAF3, STM32MP133CAG3, STM32MP133DAE7, STM32MP133DAF7, STM32MP133DAG7, STM32MP133FAE7, STM32MP133FAF7, STM32MP133FAG7, STM32MP135AAE3, STM32MP135AAF3, STM32MP135AAG3, STM32MP135CAE3, STM32MP135CAF3, STM32MP135CAG3, STM32MP135DAE7, STM32MP135DAF7, STM32MP135DAG7, STM32MP135F-DK, STM32MP135FAE7, STM32MP135FAF7, STM32MP135FAF7T, STM32MP135FAF7U, STM32MP135FAG7, STM32MP211AAL3, STM32MP211AAM3, STM32MP211AAN3, STM32MP211AAO3, STM32MP211CAL3, STM32MP211CAM3, STM32MP211CAN3, STM32MP211CAO3, STM32MP211DAL3, STM32MP211DAM3, STM32MP211DAN3, STM32MP211DAO3, STM32MP211FAL3, STM32MP211FAM3, STM32MP211FAN3, STM32MP211FAO3, STM32MP213AAL3, STM32MP213AAM3, STM32MP213AAN3, STM32MP213AAO3, STM32MP213CAL3, STM32MP213CAM3, STM32MP213CAN3, STM32MP213CAO3, STM32MP213DAL3, STM32MP213DAM3, STM32MP213DAN3, STM32MP213DAO3, STM32MP213FAL3, STM32MP213FAM3, STM32MP213FAN3, STM32MP213FAO3, STM32MP215AAL3, STM32MP215AAM3, STM32MP215AAN3, STM32MP215AAO3, STM32MP215CAL3, STM32MP215CAM3, STM32MP215CAN3, STM32MP215CAO3, STM32MP215DAL3, STM32MP215DAM3, STM32MP215DAN3, STM32MP215DAO3, STM32MP215F-DK, STM32MP215FAL3, STM32MP215FAM3, STM32MP215FAN3, STM32MP215FAO3, STM32MP231AAJ3, STM32MP231AAK3, STM32MP231AAL3, STM32MP231CAJ3, STM32MP231CAK3, STM32MP231CAL3, STM32MP231DAJ3, STM32MP231DAK3, STM32MP231DAL3, STM32MP231FAJ3, STM32MP231FAK3, STM32MP231FAL3, STM32MP233AAJ3, STM32MP233AAK3, STM32MP233AAL3, STM32MP233CAJ3, STM32MP233CAK3, STM32MP233CAL3, STM32MP233DAJ3, STM32MP233DAK3, STM32MP233DAL3, STM32MP233FAJ3, STM32MP233FAK3, STM32MP233FAL3, STM32MP235AAJ3, STM32MP235AAK3, STM32MP235AAL3, STM32MP235CAJ3, STM32MP235CAK3, STM32MP235CAL3, STM32MP235DAJ3, STM32MP235DAK3, STM32MP235DAL3, STM32MP235FAJ3, STM32MP235FAK3, STM32MP235FAL3, STM32MP251AAI3, STM32MP251AAK3, STM32MP251AAL3, STM32MP251CAI3, STM32MP251CAK3, STM32MP251CAL3, STM32MP251DAI3, STM32MP251DAK3, STM32MP251DAL3, STM32MP251FAI3, STM32MP251FAK3, STM32MP251FAL3, STM32MP253AAI3, STM32MP253AAK3, STM32MP253AAL3, STM32MP253CAI3, STM32MP253CAK3, STM32MP253CAL3, STM32MP253DAI3, STM32MP253DAK3, STM32MP253DAL3, STM32MP253FAI3, STM32MP253FAK3, STM32MP253FAL3, STM32MP255AAI3, STM32MP255AAK3, STM32MP255AAL3, STM32MP255CAI3, STM32MP255CAK3, STM32MP255CAL3, STM32MP255DAI3, STM32MP255DAK3, STM32MP255DAL3, STM32MP255FAI3, STM32MP255FAK3, STM32MP255FAL3, STM32MP257AAI3, STM32MP257AAK3, STM32MP257AAL3, STM32MP257CAI3, STM32MP257CAK3, STM32MP257CAL3, STM32MP257DAI3, STM32MP257DAK3, STM32MP257DAL3, STM32MP257F-DK, STM32MP257F-EV1, STM32MP257FAI3, STM32MP257FAK3, STM32MP257FAL3, STM32N645A0H3Q, STM32N645B0H3Q, STM32N645I0H3Q, STM32N645L0H3Q, STM32N645X0H3Q, STM32N645Z0H3Q, STM32N647A0H3Q, STM32N647B0H3Q, STM32N647I0H3Q, STM32N647L0H3Q, STM32N647X0H3Q, STM32N647Z0H3Q, STM32N655A0H3Q, STM32N655B0H3Q, STM32N655I0H3Q, STM32N655L0H3Q, STM32N655X0H3Q, STM32N655Z0H3Q, STM32N6570-DK, STM32N657A0H3Q, STM32N657B0H3Q, STM32N657I0H3Q, STM32N657L0H3Q, STM32N657X0H3Q, STM32N657Z0H3Q, STM32U031C6T6, STM32U031C6U6, STM32U031C8T6, STM32U031C8U6, STM32U031F4P6, STM32U031F6P6, STM32U031F8P6, STM32U031G6Y6TR, STM32U031G8Y6TR, STM32U031K4U6, STM32U031K6U6, STM32U031K8U6, STM32U031R6I6, STM32U031R6T6, STM32U031R8I6, STM32U031R8T6, STM32U073C8T6, STM32U073C8U6, STM32U073CBT6, STM32U073CBU6, STM32U073CCT6, STM32U073CCU6, STM32U073H8Y6TR, STM32U073HBY6TR, STM32U073HCY6TR, STM32U073K8U6, STM32U073KBU6, STM32U073KCU6, STM32U073M8I6, STM32U073M8T6, STM32U073MBI6, STM32U073MBT6, STM32U073MCI6, STM32U073MCT6, STM32U073R8I6, STM32U073R8T6, STM32U073RBI6, STM32U073RBT6, STM32U073RCI6, STM32U073RCT6, STM32U083C-DK, STM32U083CCT6, STM32U083CCU6, STM32U083HCY6TR, STM32U083KCU6, STM32U083MCI6, STM32U083MCT6, STM32U083RCI6, STM32U083RCT6, STM32U375CET6, STM32U375CET6Q, STM32U375CEU6, STM32U375CEU6Q, STM32U375CEY6QTR, STM32U375CGT6, STM32U375CGT6Q, STM32U375CGU6, STM32U375CGU6Q, STM32U375CGY6QTR, STM32U375KEU6, STM32U375KGU6, STM32U375REI6, STM32U375REI6Q, STM32U375RET6, STM32U375RET6Q, STM32U375REY6GTR, STM32U375REY6QTR, STM32U375RGI6, STM32U375RGI6Q, STM32U375RGT6, STM32U375RGT6Q, STM32U375RGY6GTR, STM32U375RGY6QTR, STM32U375VEI6, STM32U375VEI6Q, STM32U375VET6, STM32U375VET6Q, STM32U375VGI6, STM32U375VGI6Q, STM32U375VGT6, STM32U375VGT6Q, STM32U385CGT6, STM32U385CGT6Q, STM32U385CGU6, STM32U385CGU6Q, STM32U385CGY6QTR, STM32U385KGU6, STM32U385RGI6, STM32U385RGI6Q, STM32U385RGT6, STM32U385RGT6Q, STM32U385RGY6GTR, STM32U385RGY6QTR, STM32U385VGI6, STM32U385VGI6Q, STM32U385VGT6, STM32U385VGT6Q, STM32U535CBT6, STM32U535CBT6Q, STM32U535CBU6, STM32U535CBU6Q, STM32U535CCT6, STM32U535CCT6Q, STM32U535CCU6, STM32U535CCU6Q, STM32U535CET6, STM32U535CET6Q, STM32U535CEU6, STM32U535CEU6Q, STM32U535JEY6QTR, STM32U535NCY6QTR, STM32U535NEY6QTR, STM32U535RBI6, STM32U535RBI6Q, STM32U535RBT6, STM32U535RBT6Q, STM32U535RCI6, STM32U535RCI6Q, STM32U535RCT6, STM32U535RCT6Q, STM32U535REI6, STM32U535REI6Q, STM32U535RET6, STM32U535RET6Q, STM32U535VCI6, STM32U535VCI6Q, STM32U535VCT6, STM32U535VCT6Q, STM32U535VEI6, STM32U535VEI6Q, STM32U535VET6, STM32U535VET6Q, STM32U545CET6, STM32U545CET6Q, STM32U545CEU6, STM32U545CEU6Q, STM32U545JEY6QTR, STM32U545NEY6QTR, STM32U545REI6, STM32U545REI6Q, STM32U545RET6, STM32U545RET6Q, STM32U545VEI6, STM32U545VEI6Q, STM32U545VET6, STM32U545VET6Q, STM32U595AIH6, STM32U595AIH6Q, STM32U595AJH6, STM32U595AJH6Q, STM32U595QII6, STM32U595QII6Q, STM32U595QJI6, STM32U595QJI6Q, STM32U595RIT6, STM32U595RIT6Q, STM32U595RJT6, STM32U595RJT6Q, STM32U595VIT6, STM32U595VIT6Q, STM32U595VJT6, STM32U595VJT6Q, STM32U595ZIT6, STM32U595ZIT6Q, STM32U595ZIY6QTR, STM32U595ZJT6, STM32U595ZJT6Q, STM32U595ZJY6QTR, STM32U599BJY6QTR, STM32U599NIH6Q, STM32U599NJH6Q, STM32U599VIT6Q, STM32U599VJT6, STM32U599VJT6Q, STM32U599ZIT6Q, STM32U599ZIY6QTR, STM32U599ZJT6Q, STM32U599ZJY6QTR, STM32U5A5AJH6, STM32U5A5AJH6Q, STM32U5A5QII3Q , STM32U5A5QJI6, STM32U5A5QJI6Q, STM32U5A5RJT6, STM32U5A5RJT6Q, STM32U5A5VJT6, STM32U5A5VJT6Q, STM32U5A5ZJT6, STM32U5A5ZJT6Q, STM32U5A5ZJY6QTR, STM32U5A9BJY6QTR, STM32U5A9J-DK, STM32U5A9NJH6Q, STM32U5A9VJT6Q, STM32U5A9ZJT6Q, STM32U5A9ZJY6QTR, STM32U5F7VIT6, STM32U5F7VIT6Q, STM32U5F7VJT6, STM32U5F7VJT6Q, STM32U5F9BJY6QTR, STM32U5F9NJH6Q, STM32U5F9VIT6Q, STM32U5F9VJT6Q, STM32U5F9ZIJ6QTR, STM32U5F9ZIT6Q, STM32U5F9ZJJ6QTR, STM32U5F9ZJT6Q, STM32U5G7VJT6, STM32U5G7VJT6Q, STM32U5G9BJY6QTR, STM32U5G9J-DK1, STM32U5G9J-DK2, STM32U5G9NJH6Q, STM32U5G9VJT6Q, STM32U5G9ZJJ6QTR, STM32U5G9ZJT6Q, STM32WB05KZV6TR, STM32WB05KZV7TR, STM32WB05TZF6TR, STM32WB05TZF7TR, STM32WB06CCF6TR, STM32WB06CCF7TR, STM32WB06CCV6TR, STM32WB06CCV7TR, STM32WB06KCV6TR, STM32WB06KCV7TR, STM32WB07CCF6TR, STM32WB07CCF7TR, STM32WB07CCV6TR, STM32WB07CCV7TR, STM32WB07KCV6TR, STM32WB07KCV7TR, STM32WB09KEV6TR, STM32WB09KEV7TR, STM32WB09TEF6TR, STM32WB09TEF7TR, STM32WB1MMCH6, STM32WBA50KGU6, STM32WBA50KGU6TR, STM32WBA52CEU6, STM32WBA52CEU6TR, STM32WBA52CEU7, STM32WBA52CEU7TR, STM32WBA52CGU6, STM32WBA52CGU6TR, STM32WBA52CGU6U, STM32WBA52CGU7, STM32WBA52CGU7TR, STM32WBA52KEU6, STM32WBA52KEU6TR, STM32WBA52KGU6, STM32WBA52KGU6TR, STM32WBA54CEU6, STM32WBA54CEU6TR, STM32WBA54CEU7, STM32WBA54CEU7TR, STM32WBA54CGU6, STM32WBA54CGU6TR, STM32WBA54CGU7, STM32WBA54CGU7TR, STM32WBA54KEU6, STM32WBA54KEU6TR, STM32WBA54KEU7, STM32WBA54KEU7TR, STM32WBA54KGU6, STM32WBA54KGU6TR, STM32WBA54KGU7, STM32WBA54KGU7TR, STM32WBA55CEU6, STM32WBA55CEU6TR, STM32WBA55CEU7, STM32WBA55CEU7TR, STM32WBA55CGU6, STM32WBA55CGU6TR, STM32WBA55CGU6U, STM32WBA55CGU7, STM32WBA55CGU7TR, STM32WBA55G-DK1, STM32WBA55HEF6, STM32WBA55HEF7, STM32WBA55HGF6, STM32WBA55HGF7, STM32WBA55UEI6, STM32WBA55UEI6TR, STM32WBA55UEI7, STM32WBA55UEI7TR, STM32WBA55UGI6, STM32WBA55UGI6TR, STM32WBA55UGI7, STM32WBA55UGI7TR, STM32WBA5MMGH6TR, STM32WBA62MGF6, STM32WBA62MIF6, STM32WBA65MGF7, STM32WBA65MIF6, STM32WBA65MIF7, STM32WL30K8V6, STM32WL30KBV6, STM32WL31C8V6, STM32WL31CBV6, STM32WL31K8V6, STM32WL31KBV6, STM32WL33C8V6, STM32WL33C8V6X, STM32WL33CBV6, STM32WL33CBV6X, STM32WL33CCV6, STM32WL33CCV6A, STM32WL33CCV6X, STM32WL33K8V7, STM32WL33K8V7X, STM32WL33KBV7 , STM32WL33KBV7X, STM32WL33KCV7, STM32WL33KCV7X, STM32WL5MOCH6, STM32WL5MOCH6TR]
2025-11-21 14:10:08,854 [INFO] ApiDb:668 - CubeFinder database Data Model version=2.1
2025-11-21 14:10:08,854 [INFO] ApiDb:669 - CubeFinder database Configuration version=3.0.39
2025-11-21 14:10:08,854 [INFO] ApiDb:670 - CubeFinder database generation date=2025-11-05 (1762334721)
2025-11-21 14:10:08,854 [INFO] ApiDb:671 - CubeFinder database FW Pack versions=[FP-ATR-ASTRA1_V2.0.0, FP-SNS-FLIGHT1_V5.1.0, FP-SNS-MOTENV1_V5.1.0, FP-SNS-MOTENVWB1_V1.4.0, FP-SNS-SMARTAG2_V1.2.0, FP-SNS-STBOX1_V2.1.0, STM32Cube_FW_C0_V1.4.0, STM32Cube_FW_F4_V1.28.3, STM32Cube_FW_F7_V1.17.4, STM32Cube_FW_G0_V1.6.2, STM32Cube_FW_G4_V1.6.1, STM32Cube_FW_H5_V1.5.1, STM32Cube_FW_H7RS_V1.3.0, STM32Cube_FW_H7_V1.12.1, STM32Cube_FW_L0_V1.12.2, STM32Cube_FW_L4_V1.18.1, STM32Cube_FW_L5_V1.6.0, STM32Cube_FW_N6_V1.3.0, STM32Cube_FW_U0_V1.3.0, STM32Cube_FW_U3_V1.2.1, STM32Cube_FW_U5_V1.8.0, STM32Cube_FW_WB0_V1.4.0, STM32Cube_FW_WBA_V1.8.0, STM32Cube_FW_WB_V1.24.0, STM32Cube_FW_WL3_V1.3.0, STM32Cube_FW_WL_V1.4.0, X-CUBE-ALGOBUILD_V1.4.0, X-CUBE-ALS_V1.0.2, X-CUBE-AZRTOS-F4_V1.1.0, X-CUBE-AZRTOS-F7_V1.1.0, X-CUBE-AZRTOS-G0_V1.1.0, X-CUBE-AZRTOS-G4_V2.0.0, X-CUBE-AZRTOS-H7RS_V1.1.0, X-CUBE-AZRTOS-H7_V3.4.0, X-CUBE-AZRTOS-L4_V2.0.0, X-CUBE-AZRTOS-L5_V2.0.0, X-CUBE-AZRTOS-WB_V2.0.0, X-CUBE-AZRTOS-WL_V2.0.0, X-CUBE-BLE1_V7.1.0, X-CUBE-BLE2_V3.3.0, X-CUBE-BLEMGR_V4.1.0, X-CUBE-EEPRMA1_V5.2.0, X-CUBE-FREERTOS_V1.3.1, X-CUBE-GNSS1_V6.0.0, X-CUBE-MEMS1_V11.3.0, X-CUBE-NFC4_V3.0.0, X-CUBE-NFC7_V2.0.0, X-CUBE-SFXS2LP1_V4.0.0, X-CUBE-ST67W61_V1.1.0, X-CUBE-SUBG2_V5.0.0, X-CUBE-TOF1_V3.4.3]
2025-11-21 14:10:10,428 [INFO] ApiDb:240 - Found 880 in-development CPN: [B-G473E-ZEST1S, B-WB1M-WPAN1, B-WBA5M-WPAN, B-WL5M-SUBG1, NUCLEO-C031C6, NUCLEO-C051C8, NUCLEO-C071RB, NUCLEO-C092RC, NUCLEO-H503RB, NUCLEO-H533RE, NUCLEO-H563ZI, NUCLEO-H7S3L8, NUCLEO-N657X0-Q, NUCLEO-U031R8, NUCLEO-U083RC, NUCLEO-U385RG-Q, NUCLEO-U545RE-Q, NUCLEO-U5A5ZJ-Q, NUCLEO-WB05KZ, NUCLEO-WB07CC, NUCLEO-WB09KE, NUCLEO-WBA52CG, NUCLEO-WBA55CG, NUCLEO-WL33CC1, NUCLEO-WL33CC2, STEVAL-PROTEUS1, STEVAL-SMARTAG2, STEVAL-STWINBX1, STM320518-EVAL, STM32C0116-DK, STM32C011D6Y3TR, STM32C011D6Y6TR, STM32C011F4P3, STM32C011F4P6, STM32C011F4U3, STM32C011F4U6TR, STM32C011F6P3, STM32C011F6P6, STM32C011F6U3, STM32C011F6U6TR, STM32C011J4M3, STM32C011J4M6, STM32C011J6M3, STM32C011J6M6, STM32C0316-DK, STM32C031C4T3, STM32C031C4T6, STM32C031C4U3, STM32C031C4U6, STM32C031C6T3, STM32C031C6T6, STM32C031C6U3, STM32C031C6U6, STM32C031F4P3, STM32C031F4P6, STM32C031F6P3, STM32C031F6P6, STM32C031G4U3, STM32C031G4U6, STM32C031G6U3, STM32C031G6U6, STM32C031K4T3, STM32C031K4T6, STM32C031K4U3, STM32C031K4U6, STM32C031K6T3, STM32C031K6T6, STM32C031K6U3, STM32C031K6U6, STM32C051C6T6, STM32C051C6U6, STM32C051C8T6, STM32C051C8U6, STM32C051D8Y6TR, STM32C051F6P6, STM32C051F8P6, STM32C051G6U6, STM32C051G8U6, STM32C051K6T6, STM32C051K6U6, STM32C051K8T6, STM32C071C8T6, STM32C071C8T6N, STM32C071C8U6, STM32C071C8U6N, STM32C071CBT6, STM32C071CBT6N, STM32C071CBU6, STM32C071CBU6N, STM32C071F8P6, STM32C071F8P6N, STM32C071FBP6, STM32C071FBP6N, STM32C071FBY6TR, STM32C071G8U6, STM32C071G8U6N, STM32C071GBU6, STM32C071GBU6N, STM32C071K8T6, STM32C071K8T6N, STM32C071K8U6, STM32C071K8U6N, STM32C071KBT6, STM32C071KBT6N, STM32C071KBU6, STM32C071KBU6N, STM32C071R8T6, STM32C071R8T6N, STM32C071RBI6N, STM32C071RBT6, STM32C071RBT6N, STM32C091CBT6, STM32C091CBU6, STM32C091CCT6, STM32C091CCU6, STM32C091ECY6TR, STM32C091FBP6, STM32C091FCP6, STM32C091GBU6, STM32C091GCU6, STM32C091KBT6, STM32C091KBU6, STM32C091KCT6, STM32C091KCU6, STM32C091RBT6, STM32C091RCI6, STM32C091RCT6, STM32C092CBT6, STM32C092CBU6, STM32C092CCT6, STM32C092CCU6, STM32C092ECY6TR, STM32C092FBP6, STM32C092FCP6, STM32C092GBU6, STM32C092GCU6, STM32C092KBT6, STM32C092KBU6, STM32C092KCT6, STM32C092KCU6, STM32C092RBT6, STM32C092RCI6, STM32C092RCT6, STM32G071K8TXN, STM32G071K8UXN, STM32G081GBU6N, STM32G081KBT6N, STM32G081KBUXN, STM32G0B1CCT6N, STM32G0B1KCT6, STM32G0B1NEY6TR, STM32G0B1RCT6N, STM32G0C1CCT6, STM32G0C1CCT6N, STM32G0C1CCU6N, STM32G0C1CET6N, STM32G0C1CEU6N, STM32G0C1KCT6, STM32G0C1NEY6TR, STM32G0C1RCI6N, STM32G0C1RCT6N, STM32G0C1REI6N, STM32G0C1RET6N, STM32G0C1VCI6, STM32G0C1VEI6, STM32G411C6T3, STM32G411C6T6, STM32G411C6U3, STM32G411C6U6, STM32G411C8T3, STM32G411C8T6, STM32G411C8U3, STM32G411C8U6, STM32G411CBT3, STM32G411CBT6, STM32G411CBU3, STM32G411CBU6, STM32G411K6T3, STM32G411K6T6, STM32G411K6U3, STM32G411K6U6, STM32G411K8T3, STM32G411K8T6, STM32G411K8U3, STM32G411K8U6, STM32G411KBT3, STM32G411KBT6, STM32G411KBU3, STM32G411KBU6, STM32G411M6T3, STM32G411M6T6, STM32G411M8T3, STM32G411M8T6, STM32G411MBT3, STM32G411MBT6, STM32G411R6T3, STM32G411R6T6, STM32G411R8T3, STM32G411R8T6, STM32G411RBT3, STM32G411RBT6, STM32G414CBT3, STM32G414CBT6, STM32G414CBU3, STM32G414CBU6, STM32G414CCT3, STM32G414CCT6, STM32G414CCU3, STM32G414CCU6, STM32G414MBT3, STM32G414MBT6, STM32G414MCT3, STM32G414MCT6, STM32G414RBT3, STM32G414RBT6, STM32G414RCT3, STM32G414RCT6, STM32G414VBT3, STM32G414VBT6, STM32G414VCT3, STM32G414VCT6, STM32G431CBT3Z, STM32G431RBT3Z, STM32G471CCT6, STM32G471CCU6, STM32G471CET3, STM32G471CET6, STM32G471CEU3, STM32G471CEU6, STM32G471MCT6, STM32G471MET3, STM32G471MET6, STM32G471MEY6TR, STM32G471QCT6, STM32G471QET3, STM32G471RCT6, STM32G471RET3, STM32G471RET6, STM32G471VCH6, STM32G471VCI6, STM32G471VCT6, STM32G471VEH3, STM32G471VEH6, STM32G471VEI3, STM32G471VEI6, STM32G471VET3, STM32G471VET6, STM32G473QET3Z, STM32G473RET3Z, STM32G474CCT6, STM32G491RET3Z, STM32H503CBT6, STM32H503CBU6, STM32H503EBY6TR, STM32H503KBU6, STM32H503RBT6, STM32H523CCT6, STM32H523CCU6, STM32H523CET6, STM32H523CEU6, STM32H523HEY6TR, STM32H523RCT6, STM32H523RET6, STM32H523VCI6, STM32H523VCT6, STM32H523VEI6, STM32H523VET6, STM32H523ZCJ6, STM32H523ZCT6, STM32H523ZEJ6, STM32H523ZET6, STM32H533CET6, STM32H533CEU6, STM32H533HEY6TR, STM32H533RET6, STM32H533VEI6, STM32H533VET6, STM32H533ZEJ6, STM32H533ZET6, STM32H562AGI6, STM32H562AII6, STM32H562IGK6, STM32H562IGT6, STM32H562IIK6, STM32H562IIT6, STM32H562RGT6, STM32H562RGV6, STM32H562RIT6, STM32H562RIV6, STM32H562VGT6, STM32H562VIT6, STM32H562ZGT6, STM32H562ZIT6, STM32H563AGI6, STM32H563AII3Q, STM32H563AII6, STM32H563IGK6, STM32H563IGT6, STM32H563IIK3Q, STM32H563IIK6, STM32H563IIT3Q, STM32H563IIT6, STM32H563MIY3QTR, STM32H563RGT6, STM32H563RGV6, STM32H563RIT6, STM32H563RIV6, STM32H563VGT6, STM32H563VIT3Q, STM32H563VIT6, STM32H563ZGT6, STM32H563ZIT3Q, STM32H563ZIT6, STM32H573AII3Q, STM32H573AII6, STM32H573I-DK, STM32H573IIK3Q, STM32H573IIK6, STM32H573IIT3Q, STM32H573IIT6, STM32H573MIY3QTR, STM32H573RIT6, STM32H573RIV6, STM32H573VIT3Q, STM32H573VIT6, STM32H573ZIT3Q, STM32H573ZIT6, STM32H7R3A8I6, STM32H7R3I8K6, STM32H7R3I8T6, STM32H7R3L8H6, STM32H7R3L8H6H, STM32H7R3R8V6, STM32H7R3V8H6, STM32H7R3V8T6, STM32H7R3V8Y6TR, STM32H7R3Z8J6, STM32H7R3Z8T6, STM32H7R7A8I6, STM32H7R7I8K6, STM32H7R7I8T6, STM32H7R7L8H6, STM32H7R7L8H6H, STM32H7R7Z8J6, STM32H7S3A8I6, STM32H7S3I8K6, STM32H7S3I8T6, STM32H7S3L8H6, STM32H7S3L8H6H, STM32H7S3R8V6, STM32H7S3V8H6, STM32H7S3V8T6, STM32H7S3V8Y6TR, STM32H7S3Z8J6, STM32H7S3Z8T6, STM32H7S78-DK, STM32H7S7A8I6, STM32H7S7I8K6, STM32H7S7I8T6, STM32H7S7L8H6, STM32H7S7L8H6H, STM32H7S7Z8J6, STM32L4R5QGI6STR, STM32MP131AAE3, STM32MP131AAF3, STM32MP131AAG3, STM32MP131CAE3, STM32MP131CAF3, STM32MP131CAG3, STM32MP131DAE7, STM32MP131DAF7, STM32MP131DAG7, STM32MP131FAE7, STM32MP131FAF7, STM32MP131FAG7, STM32MP133AAE3, STM32MP133AAF3, STM32MP133AAG3, STM32MP133CAE3, STM32MP133CAF3, STM32MP133CAG3, STM32MP133DAE7, STM32MP133DAF7, STM32MP133DAG7, STM32MP133FAE7, STM32MP133FAF7, STM32MP133FAG7, STM32MP135AAE3, STM32MP135AAF3, STM32MP135AAG3, STM32MP135CAE3, STM32MP135CAF3, STM32MP135CAG3, STM32MP135DAE7, STM32MP135DAF7, STM32MP135DAG7, STM32MP135F-DK, STM32MP135FAE7, STM32MP135FAF7, STM32MP135FAF7T, STM32MP135FAF7U, STM32MP135FAG7, STM32MP211AAL3, STM32MP211AAM3, STM32MP211AAN3, STM32MP211AAO3, STM32MP211CAL3, STM32MP211CAM3, STM32MP211CAN3, STM32MP211CAO3, STM32MP211DAL3, STM32MP211DAM3, STM32MP211DAN3, STM32MP211DAO3, STM32MP211FAL3, STM32MP211FAM3, STM32MP211FAN3, STM32MP211FAO3, STM32MP213AAL3, STM32MP213AAM3, STM32MP213AAN3, STM32MP213AAO3, STM32MP213CAL3, STM32MP213CAM3, STM32MP213CAN3, STM32MP213CAO3, STM32MP213DAL3, STM32MP213DAM3, STM32MP213DAN3, STM32MP213DAO3, STM32MP213FAL3, STM32MP213FAM3, STM32MP213FAN3, STM32MP213FAO3, STM32MP215AAL3, STM32MP215AAM3, STM32MP215AAN3, STM32MP215AAO3, STM32MP215CAL3, STM32MP215CAM3, STM32MP215CAN3, STM32MP215CAO3, STM32MP215DAL3, STM32MP215DAM3, STM32MP215DAN3, STM32MP215DAO3, STM32MP215F-DK, STM32MP215FAL3, STM32MP215FAM3, STM32MP215FAN3, STM32MP215FAO3, STM32MP231AAJ3, STM32MP231AAK3, STM32MP231AAL3, STM32MP231CAJ3, STM32MP231CAK3, STM32MP231CAL3, STM32MP231DAJ3, STM32MP231DAK3, STM32MP231DAL3, STM32MP231FAJ3, STM32MP231FAK3, STM32MP231FAL3, STM32MP233AAJ3, STM32MP233AAK3, STM32MP233AAL3, STM32MP233CAJ3, STM32MP233CAK3, STM32MP233CAL3, STM32MP233DAJ3, STM32MP233DAK3, STM32MP233DAL3, STM32MP233FAJ3, STM32MP233FAK3, STM32MP233FAL3, STM32MP235AAJ3, STM32MP235AAK3, STM32MP235AAL3, STM32MP235CAJ3, STM32MP235CAK3, STM32MP235CAL3, STM32MP235DAJ3, STM32MP235DAK3, STM32MP235DAL3, STM32MP235FAJ3, STM32MP235FAK3, STM32MP235FAL3, STM32MP251AAI3, STM32MP251AAK3, STM32MP251AAL3, STM32MP251CAI3, STM32MP251CAK3, STM32MP251CAL3, STM32MP251DAI3, STM32MP251DAK3, STM32MP251DAL3, STM32MP251FAI3, STM32MP251FAK3, STM32MP251FAL3, STM32MP253AAI3, STM32MP253AAK3, STM32MP253AAL3, STM32MP253CAI3, STM32MP253CAK3, STM32MP253CAL3, STM32MP253DAI3, STM32MP253DAK3, STM32MP253DAL3, STM32MP253FAI3, STM32MP253FAK3, STM32MP253FAL3, STM32MP255AAI3, STM32MP255AAK3, STM32MP255AAL3, STM32MP255CAI3, STM32MP255CAK3, STM32MP255CAL3, STM32MP255DAI3, STM32MP255DAK3, STM32MP255DAL3, STM32MP255FAI3, STM32MP255FAK3, STM32MP255FAL3, STM32MP257AAI3, STM32MP257AAK3, STM32MP257AAL3, STM32MP257CAI3, STM32MP257CAK3, STM32MP257CAL3, STM32MP257DAI3, STM32MP257DAK3, STM32MP257DAL3, STM32MP257F-DK, STM32MP257F-EV1, STM32MP257FAI3, STM32MP257FAK3, STM32MP257FAL3, STM32N645A0H3Q, STM32N645B0H3Q, STM32N645I0H3Q, STM32N645L0H3Q, STM32N645X0H3Q, STM32N645Z0H3Q, STM32N647A0H3Q, STM32N647B0H3Q, STM32N647I0H3Q, STM32N647L0H3Q, STM32N647X0H3Q, STM32N647Z0H3Q, STM32N655A0H3Q, STM32N655B0H3Q, STM32N655I0H3Q, STM32N655L0H3Q, STM32N655X0H3Q, STM32N655Z0H3Q, STM32N6570-DK, STM32N657A0H3Q, STM32N657B0H3Q, STM32N657I0H3Q, STM32N657L0H3Q, STM32N657X0H3Q, STM32N657Z0H3Q, STM32U031C6T6, STM32U031C6U6, STM32U031C8T6, STM32U031C8U6, STM32U031F4P6, STM32U031F6P6, STM32U031F8P6, STM32U031G6Y6TR, STM32U031G8Y6TR, STM32U031K4U6, STM32U031K6U6, STM32U031K8U6, STM32U031R6I6, STM32U031R6T6, STM32U031R8I6, STM32U031R8T6, STM32U073C8T6, STM32U073C8U6, STM32U073CBT6, STM32U073CBU6, STM32U073CCT6, STM32U073CCU6, STM32U073H8Y6TR, STM32U073HBY6TR, STM32U073HCY6TR, STM32U073K8U6, STM32U073KBU6, STM32U073KCU6, STM32U073M8I6, STM32U073M8T6, STM32U073MBI6, STM32U073MBT6, STM32U073MCI6, STM32U073MCT6, STM32U073R8I6, STM32U073R8T6, STM32U073RBI6, STM32U073RBT6, STM32U073RCI6, STM32U073RCT6, STM32U083C-DK, STM32U083CCT6, STM32U083CCU6, STM32U083HCY6TR, STM32U083KCU6, STM32U083MCI6, STM32U083MCT6, STM32U083RCI6, STM32U083RCT6, STM32U375CET6, STM32U375CET6Q, STM32U375CEU6, STM32U375CEU6Q, STM32U375CEY6QTR, STM32U375CGT6, STM32U375CGT6Q, STM32U375CGU6, STM32U375CGU6Q, STM32U375CGY6QTR, STM32U375KEU6, STM32U375KGU6, STM32U375REI6, STM32U375REI6Q, STM32U375RET6, STM32U375RET6Q, STM32U375REY6GTR, STM32U375REY6QTR, STM32U375RGI6, STM32U375RGI6Q, STM32U375RGT6, STM32U375RGT6Q, STM32U375RGY6GTR, STM32U375RGY6QTR, STM32U375VEI6, STM32U375VEI6Q, STM32U375VET6, STM32U375VET6Q, STM32U375VGI6, STM32U375VGI6Q, STM32U375VGT6, STM32U375VGT6Q, STM32U385CGT6, STM32U385CGT6Q, STM32U385CGU6, STM32U385CGU6Q, STM32U385CGY6QTR, STM32U385KGU6, STM32U385RGI6, STM32U385RGI6Q, STM32U385RGT6, STM32U385RGT6Q, STM32U385RGY6GTR, STM32U385RGY6QTR, STM32U385VGI6, STM32U385VGI6Q, STM32U385VGT6, STM32U385VGT6Q, STM32U535CBT6, STM32U535CBT6Q, STM32U535CBU6, STM32U535CBU6Q, STM32U535CCT6, STM32U535CCT6Q, STM32U535CCU6, STM32U535CCU6Q, STM32U535CET6, STM32U535CET6Q, STM32U535CEU6, STM32U535CEU6Q, STM32U535JEY6QTR, STM32U535NCY6QTR, STM32U535NEY6QTR, STM32U535RBI6, STM32U535RBI6Q, STM32U535RBT6, STM32U535RBT6Q, STM32U535RCI6, STM32U535RCI6Q, STM32U535RCT6, STM32U535RCT6Q, STM32U535REI6, STM32U535REI6Q, STM32U535RET6, STM32U535RET6Q, STM32U535VCI6, STM32U535VCI6Q, STM32U535VCT6, STM32U535VCT6Q, STM32U535VEI6, STM32U535VEI6Q, STM32U535VET6, STM32U535VET6Q, STM32U545CET6, STM32U545CET6Q, STM32U545CEU6, STM32U545CEU6Q, STM32U545JEY6QTR, STM32U545NEY6QTR, STM32U545REI6, STM32U545REI6Q, STM32U545RET6, STM32U545RET6Q, STM32U545VEI6, STM32U545VEI6Q, STM32U545VET6, STM32U545VET6Q, STM32U595AIH6, STM32U595AIH6Q, STM32U595AJH6, STM32U595AJH6Q, STM32U595QII6, STM32U595QII6Q, STM32U595QJI6, STM32U595QJI6Q, STM32U595RIT6, STM32U595RIT6Q, STM32U595RJT6, STM32U595RJT6Q, STM32U595VIT6, STM32U595VIT6Q, STM32U595VJT6, STM32U595VJT6Q, STM32U595ZIT6, STM32U595ZIT6Q, STM32U595ZIY6QTR, STM32U595ZJT6, STM32U595ZJT6Q, STM32U595ZJY6QTR, STM32U599BJY6QTR, STM32U599NIH6Q, STM32U599NJH6Q, STM32U599VIT6Q, STM32U599VJT6, STM32U599VJT6Q, STM32U599ZIT6Q, STM32U599ZIY6QTR, STM32U599ZJT6Q, STM32U599ZJY6QTR, STM32U5A5AJH6, STM32U5A5AJH6Q, STM32U5A5QII3Q , STM32U5A5QJI6, STM32U5A5QJI6Q, STM32U5A5RJT6, STM32U5A5RJT6Q, STM32U5A5VJT6, STM32U5A5VJT6Q, STM32U5A5ZJT6, STM32U5A5ZJT6Q, STM32U5A5ZJY6QTR, STM32U5A9BJY6QTR, STM32U5A9J-DK, STM32U5A9NJH6Q, STM32U5A9VJT6Q, STM32U5A9ZJT6Q, STM32U5A9ZJY6QTR, STM32U5F7VIT6, STM32U5F7VIT6Q, STM32U5F7VJT6, STM32U5F7VJT6Q, STM32U5F9BJY6QTR, STM32U5F9NJH6Q, STM32U5F9VIT6Q, STM32U5F9VJT6Q, STM32U5F9ZIJ6QTR, STM32U5F9ZIT6Q, STM32U5F9ZJJ6QTR, STM32U5F9ZJT6Q, STM32U5G7VJT6, STM32U5G7VJT6Q, STM32U5G9BJY6QTR, STM32U5G9J-DK1, STM32U5G9J-DK2, STM32U5G9NJH6Q, STM32U5G9VJT6Q, STM32U5G9ZJJ6QTR, STM32U5G9ZJT6Q, STM32WB05KZV6TR, STM32WB05KZV7TR, STM32WB05TZF6TR, STM32WB05TZF7TR, STM32WB06CCF6TR, STM32WB06CCF7TR, STM32WB06CCV6TR, STM32WB06CCV7TR, STM32WB06KCV6TR, STM32WB06KCV7TR, STM32WB07CCF6TR, STM32WB07CCF7TR, STM32WB07CCV6TR, STM32WB07CCV7TR, STM32WB07KCV6TR, STM32WB07KCV7TR, STM32WB09KEV6TR, STM32WB09KEV7TR, STM32WB09TEF6TR, STM32WB09TEF7TR, STM32WB1MMCH6, STM32WBA50KGU6, STM32WBA50KGU6TR, STM32WBA52CEU6, STM32WBA52CEU6TR, STM32WBA52CEU7, STM32WBA52CEU7TR, STM32WBA52CGU6, STM32WBA52CGU6TR, STM32WBA52CGU6U, STM32WBA52CGU7, STM32WBA52CGU7TR, STM32WBA52KEU6, STM32WBA52KEU6TR, STM32WBA52KGU6, STM32WBA52KGU6TR, STM32WBA54CEU6, STM32WBA54CEU6TR, STM32WBA54CEU7, STM32WBA54CEU7TR, STM32WBA54CGU6, STM32WBA54CGU6TR, STM32WBA54CGU7, STM32WBA54CGU7TR, STM32WBA54KEU6, STM32WBA54KEU6TR, STM32WBA54KEU7, STM32WBA54KEU7TR, STM32WBA54KGU6, STM32WBA54KGU6TR, STM32WBA54KGU7, STM32WBA54KGU7TR, STM32WBA55CEU6, STM32WBA55CEU6TR, STM32WBA55CEU7, STM32WBA55CEU7TR, STM32WBA55CGU6, STM32WBA55CGU6TR, STM32WBA55CGU6U, STM32WBA55CGU7, STM32WBA55CGU7TR, STM32WBA55G-DK1, STM32WBA55HEF6, STM32WBA55HEF7, STM32WBA55HGF6, STM32WBA55HGF7, STM32WBA55UEI6, STM32WBA55UEI6TR, STM32WBA55UEI7, STM32WBA55UEI7TR, STM32WBA55UGI6, STM32WBA55UGI6TR, STM32WBA55UGI7, STM32WBA55UGI7TR, STM32WBA5MMGH6TR, STM32WBA62MGF6, STM32WBA62MIF6, STM32WBA65MGF7, STM32WBA65MIF6, STM32WBA65MIF7, STM32WL30K8V6, STM32WL30KBV6, STM32WL31C8V6, STM32WL31CBV6, STM32WL31K8V6, STM32WL31KBV6, STM32WL33C8V6, STM32WL33C8V6X, STM32WL33CBV6, STM32WL33CBV6X, STM32WL33CCV6, STM32WL33CCV6A, STM32WL33CCV6X, STM32WL33K8V7, STM32WL33K8V7X, STM32WL33KBV7 , STM32WL33KBV7X, STM32WL33KCV7, STM32WL33KCV7X, STM32WL5MOCH6, STM32WL5MOCH6TR]
2025-11-21 14:10:10,434 [INFO] DbMcus:218 - Found 4876 MCUs, 4876 are supported
2025-11-21 14:10:10,435 [INFO] ApiDb:423 - Load user favorites file C:\Users\chris/.stm32cubeide/favorites.mcus.txt: 0 item(s)
2025-11-21 14:10:10,435 [INFO] ApiDb:427 - User favorites MCUs=[]
2025-11-21 14:10:10,435 [INFO] DbMcus:224 - Set 0 / 0 favorites MCUs
2025-11-21 14:10:11,042 [INFO] BoardInfo:889 - No configuration file found for board P-NUCLEO-WB55
2025-11-21 14:10:11,043 [INFO] DbBoards:161 - Kit is not supported: P-NUCLEO-WB55
2025-11-21 14:10:11,049 [INFO] BoardInfo:889 - No configuration file found for board STEVAL-BFA001V1B
2025-11-21 14:10:11,051 [INFO] DbBoards:161 - Kit is not supported: STEVAL-BFA001V1B
2025-11-21 14:10:11,052 [INFO] BoardInfo:889 - No configuration file found for board STEVAL-BFA001V2B
2025-11-21 14:10:11,053 [INFO] DbBoards:161 - Kit is not supported: STEVAL-BFA001V2B
2025-11-21 14:10:11,244 [INFO] DbBoards:168 - Found 212 boards, 209 are supported
2025-11-21 14:10:11,244 [INFO] DbBoards:169 - Found 212 boards, 43 of them is supported for  Bsp
2025-11-21 14:10:11,248 [INFO] ApiDb:423 - Load user favorites file C:\Users\chris/.stm32cubeide/favorites.boards.txt: 0 item(s)
2025-11-21 14:10:11,248 [INFO] ApiDb:427 - User favorites Boards=[]
2025-11-21 14:10:11,248 [INFO] DbBoards:198 - Set 0 / 0 favorites Boards
2025-11-21 14:10:11,316 [INFO] UtilMem:75 - End LoadConfig() Used Memory: 424139576 Bytes (531628032)
2025-11-21 14:10:11,442 [WARN] ThirdParty:833 - waiting for thirdparty lock release [change project]
2025-11-21 14:10:11,442 [INFO] ThirdParty:835 - entering critical section [change project]
2025-11-21 14:10:11,442 [INFO] ThirdParty:1030 - CMSIS Pack Vendor :STMicroelectronics X-CUBE-PM33A1 1.0.0
2025-11-21 14:10:11,442 [INFO] ThirdParty:1030 - CMSIS Pack Vendor :STMicroelectronics USBPD 4.1
2025-11-21 14:10:11,442 [INFO] ThirdParty:1030 - CMSIS Pack Vendor :STMicroelectronics X-CUBE-NFC9 1.0.0
2025-11-21 14:10:11,442 [INFO] ThirdParty:1030 - CMSIS Pack Vendor :STMicroelectronics USB_HOST 2.0.0
2025-11-21 14:10:11,442 [INFO] ThirdParty:1030 - CMSIS Pack Vendor :STMicroelectronics X-CUBE-AZRTOS-F4 1.1.0
2025-11-21 14:10:11,442 [INFO] ThirdParty:1030 - CMSIS Pack Vendor :STMicroelectronics LIBJPEG 8.0.0
2025-11-21 14:10:11,442 [INFO] ThirdParty:1030 - CMSIS Pack Vendor :wolfSSL I-CUBE-wolfSSL 5.8.2
2025-11-21 14:10:11,442 [INFO] ThirdParty:1030 - CMSIS Pack Vendor :STMicroelectronics X-CUBE-SMBUS 2.1.0
2025-11-21 14:10:11,442 [INFO] ThirdParty:1030 - CMSIS Pack Vendor :wolfSSL I-CUBE-wolfMQTT 1.19.2
2025-11-21 14:10:11,442 [INFO] ThirdParty:1030 - CMSIS Pack Vendor :STMicroelectronics USB_DEVICE 3.0.0
2025-11-21 14:10:11,442 [INFO] ThirdParty:1030 - CMSIS Pack Vendor :STMicroelectronics X-CUBE-ISPU 2.1.0
2025-11-21 14:10:11,442 [INFO] ThirdParty:1030 - CMSIS Pack Vendor :STMicroelectronics X-CUBE-FREERTOS 1.4.0
2025-11-21 14:10:11,442 [INFO] ThirdParty:1030 - CMSIS Pack Vendor :STMicroelectronics X-CUBE-IPS 3.2.0
2025-11-21 14:10:11,442 [INFO] ThirdParty:1030 - CMSIS Pack Vendor :STMicroelectronics X-CUBE-AZRTOS-WB 2.0.0
2025-11-21 14:10:11,443 [INFO] ThirdParty:1030 - CMSIS Pack Vendor :STMicroelectronics X-CUBE-ST60 1.0.0
2025-11-21 14:10:11,443 [INFO] ThirdParty:1030 - CMSIS Pack Vendor :STMicroelectronics X-CUBE-GNSS1 7.0.1
2025-11-21 14:10:11,443 [INFO] ThirdParty:1030 - CMSIS Pack Vendor :STMicroelectronics X-CUBE-NFC12 1.0.0
2025-11-21 14:10:11,443 [INFO] ThirdParty:1030 - CMSIS Pack Vendor :STMicroelectronics X-CUBE-AZRTOS-F7 1.1.0
2025-11-21 14:10:11,443 [INFO] ThirdParty:1030 - CMSIS Pack Vendor :STMicroelectronics X-CUBE-AZRTOS-L5 2.0.0
2025-11-21 14:10:11,443 [INFO] ThirdParty:1030 - CMSIS Pack Vendor :STMicroelectronics X-CUBE-TOUCHGFX 4.25.0
2025-11-21 14:10:11,443 [INFO] ThirdParty:1030 - CMSIS Pack Vendor :STMicroelectronics USB_DEVICE 2.0.0
2025-11-21 14:10:11,443 [INFO] ThirdParty:1030 - CMSIS Pack Vendor :STMicroelectronics X-CUBE-NFC6 3.1.0
2025-11-21 14:10:11,443 [INFO] ThirdParty:1030 - CMSIS Pack Vendor :STMicroelectronics X-CUBE-ST67W61 1.1.0
2025-11-21 14:10:11,443 [INFO] ThirdParty:1030 - CMSIS Pack Vendor :Cesanta I-CUBE-Mongoose 7.19.0
2025-11-21 14:10:11,443 [INFO] ThirdParty:1030 - CMSIS Pack Vendor :quantropi X-CUBE-qispace-sdk-base 2.1.0
2025-11-21 14:10:11,443 [INFO] ThirdParty:1030 - CMSIS Pack Vendor :STMicroelectronics X-CUBE-MEMS1 12.0.0
2025-11-21 14:10:11,443 [INFO] ThirdParty:1030 - CMSIS Pack Vendor :STMicroelectronics FP-SNS-MOTENV1 5.1.0
2025-11-21 14:10:11,443 [INFO] ThirdParty:1030 - CMSIS Pack Vendor :STMicroelectronics FreeRTOS 0.0.1
2025-11-21 14:10:11,443 [INFO] ThirdParty:1030 - CMSIS Pack Vendor :STMicroelectronics X-CUBE-AZRTOS-G0 1.1.0
2025-11-21 14:10:11,443 [INFO] ThirdParty:1030 - CMSIS Pack Vendor :STMicroelectronics X-CUBE-SAFEA1 1.2.2
2025-11-21 14:10:11,443 [INFO] ThirdParty:1030 - CMSIS Pack Vendor :STMicroelectronics X-CUBE-NFC4 3.0.0
2025-11-21 14:10:11,443 [INFO] ThirdParty:1030 - CMSIS Pack Vendor :STMicroelectronics X-CUBE-SUBG2 5.0.0
2025-11-21 14:10:11,443 [INFO] ThirdParty:1030 - CMSIS Pack Vendor :STMicroelectronics X-CUBE-AZRTOS-H7RS 1.1.0
2025-11-21 14:10:11,443 [INFO] ThirdParty:1030 - CMSIS Pack Vendor :STMicroelectronics STM32_WPAN 1.0.0
2025-11-21 14:10:11,443 [INFO] ThirdParty:1030 - CMSIS Pack Vendor :EmbeddedOffice I-CUBE-FS-RTOS 1.0.1
2025-11-21 14:10:11,443 [INFO] ThirdParty:1030 - CMSIS Pack Vendor :STMicroelectronics lwIP 2.0.3
2025-11-21 14:10:11,443 [INFO] ThirdParty:1030 - CMSIS Pack Vendor :WES I-CUBE-Cesium 1.4.0
2025-11-21 14:10:11,443 [INFO] ThirdParty:1030 - CMSIS Pack Vendor :STMicroelectronics USB_HOST 1.0.0
2025-11-21 14:10:11,443 [INFO] ThirdParty:1030 - CMSIS Pack Vendor :Infineon AIROC-Wi-Fi-Bluetooth-STM32 1.7.1
2025-11-21 14:10:11,443 [INFO] ThirdParty:1030 - CMSIS Pack Vendor :STMicroelectronics X-CUBE-AZRTOS-G4 2.0.0
2025-11-21 14:10:11,443 [INFO] ThirdParty:1030 - CMSIS Pack Vendor :STMicroelectronics X-CUBE-WB05N 2.0.0
2025-11-21 14:10:11,443 [INFO] ThirdParty:1030 - CMSIS Pack Vendor :STMicroelectronics PDM2PCM 3.1.0
2025-11-21 14:10:11,443 [INFO] ThirdParty:1030 - CMSIS Pack Vendor :STMicroelectronics PDM2PCM 3.3.0
2025-11-21 14:10:11,443 [INFO] ThirdParty:1030 - CMSIS Pack Vendor :wolfSSL I-CUBE-wolfTPM 3.8.0
2025-11-21 14:10:11,443 [INFO] ThirdParty:1030 - CMSIS Pack Vendor :STMicroelectronics X-CUBE-AZRTOS-H7 3.4.0
2025-11-21 14:10:11,443 [INFO] ThirdParty:1030 - CMSIS Pack Vendor :STMicroelectronics X-CUBE-DISPLAY 3.0.0
2025-11-21 14:10:11,443 [INFO] ThirdParty:1030 - CMSIS Pack Vendor :wolfSSL I-CUBE-wolfSSH 1.4.20
2025-11-21 14:10:11,443 [INFO] ThirdParty:1030 - CMSIS Pack Vendor :STMicroelectronics X-CUBE-NFC7 2.0.0
2025-11-21 14:10:11,443 [INFO] ThirdParty:1030 - CMSIS Pack Vendor :STMicroelectronics X-CUBE-TCPP 4.2.0
2025-11-21 14:10:11,443 [INFO] ThirdParty:1030 - CMSIS Pack Vendor :RealThread X-CUBE-RT-Thread_Nano 4.1.1
2025-11-21 14:10:11,443 [INFO] ThirdParty:1030 - CMSIS Pack Vendor :STMicroelectronics FP-ATR-SIGFOX1 3.2.0
2025-11-21 14:10:11,443 [INFO] ThirdParty:1030 - CMSIS Pack Vendor :STMicroelectronics X-CUBE-NFC10 1.0.0
2025-11-21 14:10:11,443 [INFO] ThirdParty:1030 - CMSIS Pack Vendor :STMicroelectronics X-CUBE-FREERTOS 1.3.1
2025-11-21 14:10:11,443 [INFO] ThirdParty:1030 - CMSIS Pack Vendor :STMicroelectronics HAL Drivers 0.0.0
2025-11-21 14:10:11,443 [INFO] ThirdParty:1030 - CMSIS Pack Vendor :STMicroelectronics MBEDTLS 2.16.2
2025-11-21 14:10:11,443 [INFO] ThirdParty:1030 - CMSIS Pack Vendor :STMicroelectronics X-CUBE-ST60 1.1.0
2025-11-21 14:10:11,443 [INFO] ThirdParty:1030 - CMSIS Pack Vendor :STMicroelectronics X-CUBE-IPS 3.1.0
2025-11-21 14:10:11,443 [INFO] ThirdParty:1030 - CMSIS Pack Vendor :emotas I-CUBE-CANOPEN 1.3.0
2025-11-21 14:10:11,443 [INFO] ThirdParty:1030 - CMSIS Pack Vendor :STMicroelectronics MBEDTLS 2.14.1
2025-11-21 14:10:11,443 [INFO] ThirdParty:1030 - CMSIS Pack Vendor :STMicroelectronics X-CUBE-GNSS1 7.1.0
2025-11-21 14:10:11,443 [INFO] ThirdParty:1030 - CMSIS Pack Vendor :ITTIA_DB I-CUBE-ITTIADB 8.9.0
2025-11-21 14:10:11,443 [INFO] ThirdParty:1030 - CMSIS Pack Vendor :STMicroelectronics X-CUBE-TOUCHGFX 4.26.0
2025-11-21 14:10:11,443 [INFO] ThirdParty:1030 - CMSIS Pack Vendor :STMicroelectronics X-CUBE-STSE01 1.0.0
2025-11-21 14:10:11,443 [INFO] ThirdParty:1030 - CMSIS Pack Vendor :STMicroelectronics X-CUBE-ST67W61 1.0.0
2025-11-21 14:10:11,443 [INFO] ThirdParty:1030 - CMSIS Pack Vendor :STMicroelectronics ThreadX 1.0.0
2025-11-21 14:10:11,443 [INFO] ThirdParty:1030 - CMSIS Pack Vendor :STMicroelectronics FP-SNS-SMARTAG2 1.2.0
2025-11-21 14:10:11,443 [INFO] ThirdParty:1030 - CMSIS Pack Vendor :STMicroelectronics X-CUBE-AZRTOS-WL 2.0.0
2025-11-21 14:10:11,443 [INFO] ThirdParty:1030 - CMSIS Pack Vendor :SEGGER I-CUBE-embOS 1.3.1
2025-11-21 14:10:11,443 [INFO] ThirdParty:1030 - CMSIS Pack Vendor :STMicroelectronics X-CUBE-ALGOBUILD 1.4.0
2025-11-21 14:10:11,443 [INFO] ThirdParty:1030 - CMSIS Pack Vendor :STMicroelectronics X-CUBE-MEMS1 11.3.0
2025-11-21 14:10:11,443 [INFO] ThirdParty:1030 - CMSIS Pack Vendor :STMicroelectronics FP-SNS-MOTENV1 5.0.0
2025-11-21 14:10:11,443 [INFO] ThirdParty:1030 - CMSIS Pack Vendor :STMicroelectronics USB_DEVICE 1.0.0
2025-11-21 14:10:11,443 [INFO] ThirdParty:1030 - CMSIS Pack Vendor :STMicroelectronics X-CUBE-AZRTOS-H7RS 1.2.0
2025-11-21 14:10:11,443 [INFO] ThirdParty:1030 - CMSIS Pack Vendor :STMicroelectronics X-CUBE-AZRTOS-L4 2.0.0
2025-11-21 14:10:11,443 [INFO] ThirdParty:1030 - CMSIS Pack Vendor :STMicroelectronics ThreadX 0.0.2
2025-11-21 14:10:11,443 [INFO] ThirdParty:1030 - CMSIS Pack Vendor :STMicroelectronics lwIP 2.1.2
2025-11-21 14:10:11,443 [INFO] ThirdParty:1030 - CMSIS Pack Vendor :STMicroelectronics X-CUBE-SFXS2LP1 4.0.0
2025-11-21 14:10:11,443 [INFO] ThirdParty:1030 - CMSIS Pack Vendor :STMicroelectronics X-CUBE-BLE2 3.3.0
2025-11-21 14:10:11,444 [INFO] ThirdParty:1030 - CMSIS Pack Vendor :Avnet-IOTCONNECT X-CUBE-iotc-st67-sdk 1.0.0
2025-11-21 14:10:11,444 [INFO] ThirdParty:1030 - CMSIS Pack Vendor :STMicroelectronics X-CUBE-TOF1 3.4.3
2025-11-21 14:10:11,444 [INFO] ThirdParty:1030 - CMSIS Pack Vendor :STMicroelectronics PDM2PCM 3.2.0
2025-11-21 14:10:11,444 [INFO] ThirdParty:841 - exiting critical section [change project]
2025-11-21 14:10:12,243 [INFO] PinOutPanel:1589 - setPackage(No Configuration,No Configuration)
2025-11-21 14:10:12,245 [INFO] PinOutPanel:1589 - setPackage(STM32F767ZITx,LQFP144)
2025-11-21 14:10:13,098 [INFO] UtilMem:75 - Before build in PCC Used Memory: 272020888 Bytes (531628032)
2025-11-21 14:10:14,352 [INFO] UtilMem:75 - After build in PCC Used Memory: 339129752 Bytes (531628032)
2025-11-21 14:10:14,402 [INFO] IPUIPlugin:80 - create IPUIPlugin
2025-11-21 14:10:14,402 [INFO] IPUIPlugin:80 - create IPUIPlugin
2025-11-21 14:10:14,402 [INFO] IPUIPlugin:80 - create IPUIPlugin
2025-11-21 14:10:14,402 [INFO] IPUIPlugin:80 - create IPUIPlugin
2025-11-21 14:10:14,402 [INFO] IPUIPlugin:80 - create IPUIPlugin
2025-11-21 14:10:14,402 [INFO] IPUIPlugin:80 - create IPUIPlugin
2025-11-21 14:10:14,403 [INFO] IPUIPlugin:80 - create IPUIPlugin
2025-11-21 14:10:14,403 [INFO] IPUIPlugin:80 - create IPUIPlugin
2025-11-21 14:10:14,403 [INFO] IPUIPlugin:80 - create IPUIPlugin
2025-11-21 14:10:14,403 [INFO] IPUIPlugin:80 - create IPUIPlugin
2025-11-21 14:10:14,403 [INFO] IPUIPlugin:80 - create IPUIPlugin
2025-11-21 14:10:14,403 [INFO] IPUIPlugin:80 - create IPUIPlugin
2025-11-21 14:10:14,403 [INFO] IPUIPlugin:80 - create IPUIPlugin
2025-11-21 14:10:14,403 [INFO] IPUIPlugin:80 - create IPUIPlugin
2025-11-21 14:10:14,403 [INFO] IPUIPlugin:80 - create IPUIPlugin
2025-11-21 14:10:14,403 [INFO] IPUIPlugin:80 - create IPUIPlugin
2025-11-21 14:10:14,403 [INFO] IPUIPlugin:80 - create IPUIPlugin
2025-11-21 14:10:14,403 [INFO] IPUIPlugin:80 - create IPUIPlugin
2025-11-21 14:10:14,403 [INFO] IPUIPlugin:80 - create IPUIPlugin
2025-11-21 14:10:14,403 [INFO] IPUIPlugin:80 - create IPUIPlugin
2025-11-21 14:10:14,404 [INFO] IPUIPlugin:80 - create IPUIPlugin
2025-11-21 14:10:14,404 [INFO] IPUIPlugin:80 - create IPUIPlugin
2025-11-21 14:10:14,404 [INFO] IPUIPlugin:80 - create IPUIPlugin
2025-11-21 14:10:14,404 [INFO] IPUIPlugin:80 - create IPUIPlugin
2025-11-21 14:10:14,404 [INFO] IPUIPlugin:80 - create IPUIPlugin
2025-11-21 14:10:14,404 [INFO] IPUIPlugin:80 - create IPUIPlugin
2025-11-21 14:10:14,404 [INFO] IPUIPlugin:80 - create IPUIPlugin
2025-11-21 14:10:14,404 [INFO] IPUIPlugin:80 - create IPUIPlugin
2025-11-21 14:10:14,404 [INFO] IPUIPlugin:80 - create IPUIPlugin
2025-11-21 14:10:14,404 [INFO] IPUIPlugin:80 - create IPUIPlugin
2025-11-21 14:10:14,404 [INFO] IPUIPlugin:80 - create IPUIPlugin
2025-11-21 14:10:14,405 [INFO] IPUIPlugin:80 - create IPUIPlugin
2025-11-21 14:10:14,405 [INFO] IPUIPlugin:80 - create IPUIPlugin
2025-11-21 14:10:14,405 [INFO] IPUIPlugin:80 - create IPUIPlugin
2025-11-21 14:10:14,405 [INFO] IPUIPlugin:80 - create IPUIPlugin
2025-11-21 14:10:14,405 [INFO] IPUIPlugin:80 - create IPUIPlugin
2025-11-21 14:10:14,405 [INFO] IPUIPlugin:80 - create IPUIPlugin
2025-11-21 14:10:14,405 [INFO] IPUIPlugin:80 - create IPUIPlugin
2025-11-21 14:10:14,405 [INFO] IPUIPlugin:80 - create IPUIPlugin
2025-11-21 14:10:14,405 [INFO] IPUIPlugin:80 - create IPUIPlugin
2025-11-21 14:10:14,406 [INFO] IPUIPlugin:80 - create IPUIPlugin
2025-11-21 14:10:14,406 [INFO] IPUIPlugin:80 - create IPUIPlugin
2025-11-21 14:10:14,406 [INFO] IPUIPlugin:80 - create IPUIPlugin
2025-11-21 14:10:14,406 [INFO] IPUIPlugin:80 - create IPUIPlugin
2025-11-21 14:10:14,406 [INFO] IPUIPlugin:80 - create IPUIPlugin
2025-11-21 14:10:14,406 [INFO] IPUIPlugin:80 - create IPUIPlugin
2025-11-21 14:10:14,406 [INFO] IPUIPlugin:80 - create IPUIPlugin
2025-11-21 14:10:14,406 [INFO] IPUIPlugin:80 - create IPUIPlugin
2025-11-21 14:10:14,407 [INFO] IPUIPlugin:80 - create IPUIPlugin
2025-11-21 14:10:14,407 [INFO] IPUIPlugin:80 - create IPUIPlugin
2025-11-21 14:10:14,407 [INFO] IPUIPlugin:80 - create IPUIPlugin
2025-11-21 14:10:14,407 [INFO] IPUIPlugin:80 - create IPUIPlugin
2025-11-21 14:10:14,407 [INFO] IPUIPlugin:80 - create IPUIPlugin
2025-11-21 14:10:14,407 [INFO] IPUIPlugin:80 - create IPUIPlugin
2025-11-21 14:10:14,407 [INFO] IPUIPlugin:80 - create IPUIPlugin
2025-11-21 14:10:14,408 [INFO] IPUIPlugin:80 - create IPUIPlugin
2025-11-21 14:10:14,408 [INFO] IPUIPlugin:80 - create IPUIPlugin
2025-11-21 14:10:14,408 [INFO] IPUIPlugin:80 - create IPUIPlugin
2025-11-21 14:10:14,408 [INFO] IPUIPlugin:80 - create IPUIPlugin
2025-11-21 14:10:14,408 [INFO] IPUIPlugin:80 - create IPUIPlugin
2025-11-21 14:10:14,409 [INFO] IPUIPlugin:80 - create IPUIPlugin
2025-11-21 14:10:14,409 [INFO] IPUIPlugin:80 - create IPUIPlugin
2025-11-21 14:10:14,409 [INFO] IPUIPlugin:80 - create IPUIPlugin
2025-11-21 14:10:14,409 [INFO] IPUIPlugin:80 - create IPUIPlugin
2025-11-21 14:10:14,410 [INFO] IPUIPlugin:80 - create IPUIPlugin
2025-11-21 14:10:14,410 [INFO] IPUIPlugin:80 - create IPUIPlugin
2025-11-21 14:10:14,410 [INFO] IPUIPlugin:80 - create IPUIPlugin
2025-11-21 14:10:14,410 [INFO] IPUIPlugin:80 - create IPUIPlugin
2025-11-21 14:10:14,411 [INFO] IPUIPlugin:80 - create IPUIPlugin
2025-11-21 14:10:14,411 [INFO] IPUIPlugin:80 - create IPUIPlugin
2025-11-21 14:10:14,411 [INFO] IPUIPlugin:80 - create IPUIPlugin
2025-11-21 14:10:14,411 [INFO] IPUIPlugin:80 - create IPUIPlugin
2025-11-21 14:10:14,412 [INFO] IPUIPlugin:80 - create IPUIPlugin
2025-11-21 14:10:14,412 [INFO] IPUIPlugin:80 - create IPUIPlugin
2025-11-21 14:10:14,412 [INFO] IPUIPlugin:80 - create IPUIPlugin
2025-11-21 14:10:14,413 [INFO] IPUIPlugin:80 - create IPUIPlugin
2025-11-21 14:10:14,413 [INFO] IPUIPlugin:80 - create IPUIPlugin
2025-11-21 14:10:14,413 [INFO] IPUIPlugin:80 - create IPUIPlugin
2025-11-21 14:10:14,413 [INFO] IPUIPlugin:80 - create IPUIPlugin
2025-11-21 14:10:14,537 [INFO] ApiDbMcu:532 - Load IP Config File for PDM2PCM
2025-11-21 14:10:14,778 [INFO] CADModel:165 - CPN selected for project levelSTM32F767ZIT6
2025-11-21 14:10:14,779 [INFO] CADModel:114 - Register for checkConnection events
2025-11-21 14:10:14,844 [INFO] OpenFileManager:386 - Restore cursor
2025-11-21 14:10:15,205 [WARN] IP:2250 - Warning not found: check if there is a RefParameter without a condition.
2025-11-21 14:10:15,205 [WARN] IP:2250 - RxBufferAddress not found: check if there is a RefParameter without a condition.
2025-11-21 14:10:15,205 [WARN] IP:2250 - DESC_SIZE_UNIT not found: check if there is a RefParameter without a condition.
2025-11-21 14:10:15,208 [WARN] IP:2250 - Warning not found: check if there is a RefParameter without a condition.
2025-11-21 14:10:15,208 [WARN] IP:2250 - RxBufferAddress not found: check if there is a RefParameter without a condition.
2025-11-21 14:10:15,208 [WARN] IP:2250 - DESC_SIZE_UNIT not found: check if there is a RefParameter without a condition.
2025-11-21 14:11:39,227 [INFO] MainUpdater:2872 - connection check result : 10
2025-11-21 14:11:39,228 [INFO] McuFinderGlobals:76 - Set McuFinderConnectedMode to true
2025-11-21 14:11:39,523 [INFO] ServerAccessManage:452 - Complete download http(s) 200
2025-11-21 14:11:39,524 [INFO] ServerAccessManage:509 - Download File mcusAds.json._tmp_
2025-11-21 14:11:39,654 [INFO] LoadUrlFilesThread:156 - End of LoadUrlFiles Thread
2025-11-21 14:11:39,864 [INFO] ServerAccessManage:452 - Complete download http(s) 200
2025-11-21 14:11:39,866 [INFO] ServerAccessManage:509 - Download File cube-finder-db.zip
2025-11-21 14:11:41,935 [INFO] FileExtend:248 - Unzip File : cube-finder-db.zip
2025-11-21 14:11:41,936 [INFO] FileExtend:263 - Standard Zip Deflate
2025-11-21 14:11:42,553 [INFO] LoadUrlFilesThread:156 - End of LoadUrlFiles Thread
2025-11-21 14:11:43,424 [INFO] ServerAccessManage:452 - Complete download http(s) 200
2025-11-21 14:11:43,425 [INFO] ServerAccessManage:509 - Download File crdb.zip
2025-11-21 14:11:44,260 [INFO] FileExtend:248 - Unzip File : crdb.zip
2025-11-21 14:11:44,261 [INFO] FileExtend:263 - Standard Zip Deflate
2025-11-21 14:11:44,402 [INFO] LoadUrlFilesThread:156 - End of LoadUrlFiles Thread
2025-11-21 14:11:44,599 [INFO] ServerAccessManage:452 - Complete download http(s) 200
2025-11-21 14:11:44,600 [INFO] ServerAccessManage:509 - Download File tutoVideoDB.zip
2025-11-21 14:11:44,604 [INFO] FileExtend:248 - Unzip File : tutoVideoDB.zip
2025-11-21 14:11:44,604 [INFO] FileExtend:263 - Standard Zip Deflate
2025-11-21 14:11:44,735 [INFO] LoadUrlFilesThread:156 - End of LoadUrlFiles Thread
2025-11-21 14:11:44,739 [WARN] DbFile:41 - Overriding database path with different value: C:\Users\chris\.stmcufinder\plugins\mcufinder/ => C:\Users\chris\.stmcufinder\plugins\mcufinder
2025-11-21 14:11:44,879 [INFO] ServerAccessManage:452 - Complete download http(s) 200
2025-11-21 14:11:44,879 [INFO] ServerAccessManage:509 - Download File api_config.json
2025-11-21 14:11:45,011 [INFO] LoadUrlFilesThread:156 - End of LoadUrlFiles Thread
2025-11-21 14:11:45,011 [INFO] DbMcusAds:53 - JSON generation date=Mon Nov 10 02:43:01 PST 2025 (1762771381118)
2025-11-21 14:11:45,016 [INFO] ApiDb:448 - Save user favorites file C:\Users\chris/.stm32cubeide/favorites.mcus.txt: 0 item(s)
2025-11-21 14:11:45,017 [INFO] ApiDb:452 - User favorites MCUs=[]
2025-11-21 14:11:45,019 [INFO] ApiDb:581 - Connected to CubeFinder SQLite database (C:\Users\chris\.stmcufinder\plugins\mcufinder\mcu\cube-finder-db.db)
2025-11-21 14:11:45,069 [INFO] ApiDb:668 - CubeFinder database Data Model version=2.1
2025-11-21 14:11:45,069 [INFO] ApiDb:669 - CubeFinder database Configuration version=3.0.39
2025-11-21 14:11:45,069 [INFO] ApiDb:670 - CubeFinder database generation date=2025-11-05 (1762334721)
2025-11-21 14:11:45,069 [INFO] ApiDb:671 - CubeFinder database FW Pack versions=[FP-ATR-ASTRA1_V2.0.0, FP-SNS-FLIGHT1_V5.1.0, FP-SNS-MOTENV1_V5.1.0, FP-SNS-MOTENVWB1_V1.4.0, FP-SNS-SMARTAG2_V1.2.0, FP-SNS-STBOX1_V2.1.0, STM32Cube_FW_C0_V1.4.0, STM32Cube_FW_F4_V1.28.3, STM32Cube_FW_F7_V1.17.4, STM32Cube_FW_G0_V1.6.2, STM32Cube_FW_G4_V1.6.1, STM32Cube_FW_H5_V1.5.1, STM32Cube_FW_H7RS_V1.3.0, STM32Cube_FW_H7_V1.12.1, STM32Cube_FW_L0_V1.12.2, STM32Cube_FW_L4_V1.18.1, STM32Cube_FW_L5_V1.6.0, STM32Cube_FW_N6_V1.3.0, STM32Cube_FW_U0_V1.3.0, STM32Cube_FW_U3_V1.2.1, STM32Cube_FW_U5_V1.8.0, STM32Cube_FW_WB0_V1.4.0, STM32Cube_FW_WBA_V1.8.0, STM32Cube_FW_WB_V1.24.0, STM32Cube_FW_WL3_V1.3.0, STM32Cube_FW_WL_V1.4.0, X-CUBE-ALGOBUILD_V1.4.0, X-CUBE-ALS_V1.0.2, X-CUBE-AZRTOS-F4_V1.1.0, X-CUBE-AZRTOS-F7_V1.1.0, X-CUBE-AZRTOS-G0_V1.1.0, X-CUBE-AZRTOS-G4_V2.0.0, X-CUBE-AZRTOS-H7RS_V1.1.0, X-CUBE-AZRTOS-H7_V3.4.0, X-CUBE-AZRTOS-L4_V2.0.0, X-CUBE-AZRTOS-L5_V2.0.0, X-CUBE-AZRTOS-WB_V2.0.0, X-CUBE-AZRTOS-WL_V2.0.0, X-CUBE-BLE1_V7.1.0, X-CUBE-BLE2_V3.3.0, X-CUBE-BLEMGR_V4.1.0, X-CUBE-EEPRMA1_V5.2.0, X-CUBE-FREERTOS_V1.3.1, X-CUBE-GNSS1_V6.0.0, X-CUBE-MEMS1_V11.3.0, X-CUBE-NFC4_V3.0.0, X-CUBE-NFC7_V2.0.0, X-CUBE-SFXS2LP1_V4.0.0, X-CUBE-ST67W61_V1.1.0, X-CUBE-SUBG2_V5.0.0, X-CUBE-TOF1_V3.4.3]
2025-11-21 14:11:46,488 [INFO] ApiDb:240 - Found 880 in-development CPN: [B-G473E-ZEST1S, B-WB1M-WPAN1, B-WBA5M-WPAN, B-WL5M-SUBG1, NUCLEO-C031C6, NUCLEO-C051C8, NUCLEO-C071RB, NUCLEO-C092RC, NUCLEO-H503RB, NUCLEO-H533RE, NUCLEO-H563ZI, NUCLEO-H7S3L8, NUCLEO-N657X0-Q, NUCLEO-U031R8, NUCLEO-U083RC, NUCLEO-U385RG-Q, NUCLEO-U545RE-Q, NUCLEO-U5A5ZJ-Q, NUCLEO-WB05KZ, NUCLEO-WB07CC, NUCLEO-WB09KE, NUCLEO-WBA52CG, NUCLEO-WBA55CG, NUCLEO-WL33CC1, NUCLEO-WL33CC2, STEVAL-PROTEUS1, STEVAL-SMARTAG2, STEVAL-STWINBX1, STM320518-EVAL, STM32C0116-DK, STM32C011D6Y3TR, STM32C011D6Y6TR, STM32C011F4P3, STM32C011F4P6, STM32C011F4U3, STM32C011F4U6TR, STM32C011F6P3, STM32C011F6P6, STM32C011F6U3, STM32C011F6U6TR, STM32C011J4M3, STM32C011J4M6, STM32C011J6M3, STM32C011J6M6, STM32C0316-DK, STM32C031C4T3, STM32C031C4T6, STM32C031C4U3, STM32C031C4U6, STM32C031C6T3, STM32C031C6T6, STM32C031C6U3, STM32C031C6U6, STM32C031F4P3, STM32C031F4P6, STM32C031F6P3, STM32C031F6P6, STM32C031G4U3, STM32C031G4U6, STM32C031G6U3, STM32C031G6U6, STM32C031K4T3, STM32C031K4T6, STM32C031K4U3, STM32C031K4U6, STM32C031K6T3, STM32C031K6T6, STM32C031K6U3, STM32C031K6U6, STM32C051C6T6, STM32C051C6U6, STM32C051C8T6, STM32C051C8U6, STM32C051D8Y6TR, STM32C051F6P6, STM32C051F8P6, STM32C051G6U6, STM32C051G8U6, STM32C051K6T6, STM32C051K6U6, STM32C051K8T6, STM32C071C8T6, STM32C071C8T6N, STM32C071C8U6, STM32C071C8U6N, STM32C071CBT6, STM32C071CBT6N, STM32C071CBU6, STM32C071CBU6N, STM32C071F8P6, STM32C071F8P6N, STM32C071FBP6, STM32C071FBP6N, STM32C071FBY6TR, STM32C071G8U6, STM32C071G8U6N, STM32C071GBU6, STM32C071GBU6N, STM32C071K8T6, STM32C071K8T6N, STM32C071K8U6, STM32C071K8U6N, STM32C071KBT6, STM32C071KBT6N, STM32C071KBU6, STM32C071KBU6N, STM32C071R8T6, STM32C071R8T6N, STM32C071RBI6N, STM32C071RBT6, STM32C071RBT6N, STM32C091CBT6, STM32C091CBU6, STM32C091CCT6, STM32C091CCU6, STM32C091ECY6TR, STM32C091FBP6, STM32C091FCP6, STM32C091GBU6, STM32C091GCU6, STM32C091KBT6, STM32C091KBU6, STM32C091KCT6, STM32C091KCU6, STM32C091RBT6, STM32C091RCI6, STM32C091RCT6, STM32C092CBT6, STM32C092CBU6, STM32C092CCT6, STM32C092CCU6, STM32C092ECY6TR, STM32C092FBP6, STM32C092FCP6, STM32C092GBU6, STM32C092GCU6, STM32C092KBT6, STM32C092KBU6, STM32C092KCT6, STM32C092KCU6, STM32C092RBT6, STM32C092RCI6, STM32C092RCT6, STM32G071K8TXN, STM32G071K8UXN, STM32G081GBU6N, STM32G081KBT6N, STM32G081KBUXN, STM32G0B1CCT6N, STM32G0B1KCT6, STM32G0B1NEY6TR, STM32G0B1RCT6N, STM32G0C1CCT6, STM32G0C1CCT6N, STM32G0C1CCU6N, STM32G0C1CET6N, STM32G0C1CEU6N, STM32G0C1KCT6, STM32G0C1NEY6TR, STM32G0C1RCI6N, STM32G0C1RCT6N, STM32G0C1REI6N, STM32G0C1RET6N, STM32G0C1VCI6, STM32G0C1VEI6, STM32G411C6T3, STM32G411C6T6, STM32G411C6U3, STM32G411C6U6, STM32G411C8T3, STM32G411C8T6, STM32G411C8U3, STM32G411C8U6, STM32G411CBT3, STM32G411CBT6, STM32G411CBU3, STM32G411CBU6, STM32G411K6T3, STM32G411K6T6, STM32G411K6U3, STM32G411K6U6, STM32G411K8T3, STM32G411K8T6, STM32G411K8U3, STM32G411K8U6, STM32G411KBT3, STM32G411KBT6, STM32G411KBU3, STM32G411KBU6, STM32G411M6T3, STM32G411M6T6, STM32G411M8T3, STM32G411M8T6, STM32G411MBT3, STM32G411MBT6, STM32G411R6T3, STM32G411R6T6, STM32G411R8T3, STM32G411R8T6, STM32G411RBT3, STM32G411RBT6, STM32G414CBT3, STM32G414CBT6, STM32G414CBU3, STM32G414CBU6, STM32G414CCT3, STM32G414CCT6, STM32G414CCU3, STM32G414CCU6, STM32G414MBT3, STM32G414MBT6, STM32G414MCT3, STM32G414MCT6, STM32G414RBT3, STM32G414RBT6, STM32G414RCT3, STM32G414RCT6, STM32G414VBT3, STM32G414VBT6, STM32G414VCT3, STM32G414VCT6, STM32G431CBT3Z, STM32G431RBT3Z, STM32G471CCT6, STM32G471CCU6, STM32G471CET3, STM32G471CET6, STM32G471CEU3, STM32G471CEU6, STM32G471MCT6, STM32G471MET3, STM32G471MET6, STM32G471MEY6TR, STM32G471QCT6, STM32G471QET3, STM32G471RCT6, STM32G471RET3, STM32G471RET6, STM32G471VCH6, STM32G471VCI6, STM32G471VCT6, STM32G471VEH3, STM32G471VEH6, STM32G471VEI3, STM32G471VEI6, STM32G471VET3, STM32G471VET6, STM32G473QET3Z, STM32G473RET3Z, STM32G474CCT6, STM32G491RET3Z, STM32H503CBT6, STM32H503CBU6, STM32H503EBY6TR, STM32H503KBU6, STM32H503RBT6, STM32H523CCT6, STM32H523CCU6, STM32H523CET6, STM32H523CEU6, STM32H523HEY6TR, STM32H523RCT6, STM32H523RET6, STM32H523VCI6, STM32H523VCT6, STM32H523VEI6, STM32H523VET6, STM32H523ZCJ6, STM32H523ZCT6, STM32H523ZEJ6, STM32H523ZET6, STM32H533CET6, STM32H533CEU6, STM32H533HEY6TR, STM32H533RET6, STM32H533VEI6, STM32H533VET6, STM32H533ZEJ6, STM32H533ZET6, STM32H562AGI6, STM32H562AII6, STM32H562IGK6, STM32H562IGT6, STM32H562IIK6, STM32H562IIT6, STM32H562RGT6, STM32H562RGV6, STM32H562RIT6, STM32H562RIV6, STM32H562VGT6, STM32H562VIT6, STM32H562ZGT6, STM32H562ZIT6, STM32H563AGI6, STM32H563AII3Q, STM32H563AII6, STM32H563IGK6, STM32H563IGT6, STM32H563IIK3Q, STM32H563IIK6, STM32H563IIT3Q, STM32H563IIT6, STM32H563MIY3QTR, STM32H563RGT6, STM32H563RGV6, STM32H563RIT6, STM32H563RIV6, STM32H563VGT6, STM32H563VIT3Q, STM32H563VIT6, STM32H563ZGT6, STM32H563ZIT3Q, STM32H563ZIT6, STM32H573AII3Q, STM32H573AII6, STM32H573I-DK, STM32H573IIK3Q, STM32H573IIK6, STM32H573IIT3Q, STM32H573IIT6, STM32H573MIY3QTR, STM32H573RIT6, STM32H573RIV6, STM32H573VIT3Q, STM32H573VIT6, STM32H573ZIT3Q, STM32H573ZIT6, STM32H7R3A8I6, STM32H7R3I8K6, STM32H7R3I8T6, STM32H7R3L8H6, STM32H7R3L8H6H, STM32H7R3R8V6, STM32H7R3V8H6, STM32H7R3V8T6, STM32H7R3V8Y6TR, STM32H7R3Z8J6, STM32H7R3Z8T6, STM32H7R7A8I6, STM32H7R7I8K6, STM32H7R7I8T6, STM32H7R7L8H6, STM32H7R7L8H6H, STM32H7R7Z8J6, STM32H7S3A8I6, STM32H7S3I8K6, STM32H7S3I8T6, STM32H7S3L8H6, STM32H7S3L8H6H, STM32H7S3R8V6, STM32H7S3V8H6, STM32H7S3V8T6, STM32H7S3V8Y6TR, STM32H7S3Z8J6, STM32H7S3Z8T6, STM32H7S78-DK, STM32H7S7A8I6, STM32H7S7I8K6, STM32H7S7I8T6, STM32H7S7L8H6, STM32H7S7L8H6H, STM32H7S7Z8J6, STM32L4R5QGI6STR, STM32MP131AAE3, STM32MP131AAF3, STM32MP131AAG3, STM32MP131CAE3, STM32MP131CAF3, STM32MP131CAG3, STM32MP131DAE7, STM32MP131DAF7, STM32MP131DAG7, STM32MP131FAE7, STM32MP131FAF7, STM32MP131FAG7, STM32MP133AAE3, STM32MP133AAF3, STM32MP133AAG3, STM32MP133CAE3, STM32MP133CAF3, STM32MP133CAG3, STM32MP133DAE7, STM32MP133DAF7, STM32MP133DAG7, STM32MP133FAE7, STM32MP133FAF7, STM32MP133FAG7, STM32MP135AAE3, STM32MP135AAF3, STM32MP135AAG3, STM32MP135CAE3, STM32MP135CAF3, STM32MP135CAG3, STM32MP135DAE7, STM32MP135DAF7, STM32MP135DAG7, STM32MP135F-DK, STM32MP135FAE7, STM32MP135FAF7, STM32MP135FAF7T, STM32MP135FAF7U, STM32MP135FAG7, STM32MP211AAL3, STM32MP211AAM3, STM32MP211AAN3, STM32MP211AAO3, STM32MP211CAL3, STM32MP211CAM3, STM32MP211CAN3, STM32MP211CAO3, STM32MP211DAL3, STM32MP211DAM3, STM32MP211DAN3, STM32MP211DAO3, STM32MP211FAL3, STM32MP211FAM3, STM32MP211FAN3, STM32MP211FAO3, STM32MP213AAL3, STM32MP213AAM3, STM32MP213AAN3, STM32MP213AAO3, STM32MP213CAL3, STM32MP213CAM3, STM32MP213CAN3, STM32MP213CAO3, STM32MP213DAL3, STM32MP213DAM3, STM32MP213DAN3, STM32MP213DAO3, STM32MP213FAL3, STM32MP213FAM3, STM32MP213FAN3, STM32MP213FAO3, STM32MP215AAL3, STM32MP215AAM3, STM32MP215AAN3, STM32MP215AAO3, STM32MP215CAL3, STM32MP215CAM3, STM32MP215CAN3, STM32MP215CAO3, STM32MP215DAL3, STM32MP215DAM3, STM32MP215DAN3, STM32MP215DAO3, STM32MP215F-DK, STM32MP215FAL3, STM32MP215FAM3, STM32MP215FAN3, STM32MP215FAO3, STM32MP231AAJ3, STM32MP231AAK3, STM32MP231AAL3, STM32MP231CAJ3, STM32MP231CAK3, STM32MP231CAL3, STM32MP231DAJ3, STM32MP231DAK3, STM32MP231DAL3, STM32MP231FAJ3, STM32MP231FAK3, STM32MP231FAL3, STM32MP233AAJ3, STM32MP233AAK3, STM32MP233AAL3, STM32MP233CAJ3, STM32MP233CAK3, STM32MP233CAL3, STM32MP233DAJ3, STM32MP233DAK3, STM32MP233DAL3, STM32MP233FAJ3, STM32MP233FAK3, STM32MP233FAL3, STM32MP235AAJ3, STM32MP235AAK3, STM32MP235AAL3, STM32MP235CAJ3, STM32MP235CAK3, STM32MP235CAL3, STM32MP235DAJ3, STM32MP235DAK3, STM32MP235DAL3, STM32MP235FAJ3, STM32MP235FAK3, STM32MP235FAL3, STM32MP251AAI3, STM32MP251AAK3, STM32MP251AAL3, STM32MP251CAI3, STM32MP251CAK3, STM32MP251CAL3, STM32MP251DAI3, STM32MP251DAK3, STM32MP251DAL3, STM32MP251FAI3, STM32MP251FAK3, STM32MP251FAL3, STM32MP253AAI3, STM32MP253AAK3, STM32MP253AAL3, STM32MP253CAI3, STM32MP253CAK3, STM32MP253CAL3, STM32MP253DAI3, STM32MP253DAK3, STM32MP253DAL3, STM32MP253FAI3, STM32MP253FAK3, STM32MP253FAL3, STM32MP255AAI3, STM32MP255AAK3, STM32MP255AAL3, STM32MP255CAI3, STM32MP255CAK3, STM32MP255CAL3, STM32MP255DAI3, STM32MP255DAK3, STM32MP255DAL3, STM32MP255FAI3, STM32MP255FAK3, STM32MP255FAL3, STM32MP257AAI3, STM32MP257AAK3, STM32MP257AAL3, STM32MP257CAI3, STM32MP257CAK3, STM32MP257CAL3, STM32MP257DAI3, STM32MP257DAK3, STM32MP257DAL3, STM32MP257F-DK, STM32MP257F-EV1, STM32MP257FAI3, STM32MP257FAK3, STM32MP257FAL3, STM32N645A0H3Q, STM32N645B0H3Q, STM32N645I0H3Q, STM32N645L0H3Q, STM32N645X0H3Q, STM32N645Z0H3Q, STM32N647A0H3Q, STM32N647B0H3Q, STM32N647I0H3Q, STM32N647L0H3Q, STM32N647X0H3Q, STM32N647Z0H3Q, STM32N655A0H3Q, STM32N655B0H3Q, STM32N655I0H3Q, STM32N655L0H3Q, STM32N655X0H3Q, STM32N655Z0H3Q, STM32N6570-DK, STM32N657A0H3Q, STM32N657B0H3Q, STM32N657I0H3Q, STM32N657L0H3Q, STM32N657X0H3Q, STM32N657Z0H3Q, STM32U031C6T6, STM32U031C6U6, STM32U031C8T6, STM32U031C8U6, STM32U031F4P6, STM32U031F6P6, STM32U031F8P6, STM32U031G6Y6TR, STM32U031G8Y6TR, STM32U031K4U6, STM32U031K6U6, STM32U031K8U6, STM32U031R6I6, STM32U031R6T6, STM32U031R8I6, STM32U031R8T6, STM32U073C8T6, STM32U073C8U6, STM32U073CBT6, STM32U073CBU6, STM32U073CCT6, STM32U073CCU6, STM32U073H8Y6TR, STM32U073HBY6TR, STM32U073HCY6TR, STM32U073K8U6, STM32U073KBU6, STM32U073KCU6, STM32U073M8I6, STM32U073M8T6, STM32U073MBI6, STM32U073MBT6, STM32U073MCI6, STM32U073MCT6, STM32U073R8I6, STM32U073R8T6, STM32U073RBI6, STM32U073RBT6, STM32U073RCI6, STM32U073RCT6, STM32U083C-DK, STM32U083CCT6, STM32U083CCU6, STM32U083HCY6TR, STM32U083KCU6, STM32U083MCI6, STM32U083MCT6, STM32U083RCI6, STM32U083RCT6, STM32U375CET6, STM32U375CET6Q, STM32U375CEU6, STM32U375CEU6Q, STM32U375CEY6QTR, STM32U375CGT6, STM32U375CGT6Q, STM32U375CGU6, STM32U375CGU6Q, STM32U375CGY6QTR, STM32U375KEU6, STM32U375KGU6, STM32U375REI6, STM32U375REI6Q, STM32U375RET6, STM32U375RET6Q, STM32U375REY6GTR, STM32U375REY6QTR, STM32U375RGI6, STM32U375RGI6Q, STM32U375RGT6, STM32U375RGT6Q, STM32U375RGY6GTR, STM32U375RGY6QTR, STM32U375VEI6, STM32U375VEI6Q, STM32U375VET6, STM32U375VET6Q, STM32U375VGI6, STM32U375VGI6Q, STM32U375VGT6, STM32U375VGT6Q, STM32U385CGT6, STM32U385CGT6Q, STM32U385CGU6, STM32U385CGU6Q, STM32U385CGY6QTR, STM32U385KGU6, STM32U385RGI6, STM32U385RGI6Q, STM32U385RGT6, STM32U385RGT6Q, STM32U385RGY6GTR, STM32U385RGY6QTR, STM32U385VGI6, STM32U385VGI6Q, STM32U385VGT6, STM32U385VGT6Q, STM32U535CBT6, STM32U535CBT6Q, STM32U535CBU6, STM32U535CBU6Q, STM32U535CCT6, STM32U535CCT6Q, STM32U535CCU6, STM32U535CCU6Q, STM32U535CET6, STM32U535CET6Q, STM32U535CEU6, STM32U535CEU6Q, STM32U535JEY6QTR, STM32U535NCY6QTR, STM32U535NEY6QTR, STM32U535RBI6, STM32U535RBI6Q, STM32U535RBT6, STM32U535RBT6Q, STM32U535RCI6, STM32U535RCI6Q, STM32U535RCT6, STM32U535RCT6Q, STM32U535REI6, STM32U535REI6Q, STM32U535RET6, STM32U535RET6Q, STM32U535VCI6, STM32U535VCI6Q, STM32U535VCT6, STM32U535VCT6Q, STM32U535VEI6, STM32U535VEI6Q, STM32U535VET6, STM32U535VET6Q, STM32U545CET6, STM32U545CET6Q, STM32U545CEU6, STM32U545CEU6Q, STM32U545JEY6QTR, STM32U545NEY6QTR, STM32U545REI6, STM32U545REI6Q, STM32U545RET6, STM32U545RET6Q, STM32U545VEI6, STM32U545VEI6Q, STM32U545VET6, STM32U545VET6Q, STM32U595AIH6, STM32U595AIH6Q, STM32U595AJH6, STM32U595AJH6Q, STM32U595QII6, STM32U595QII6Q, STM32U595QJI6, STM32U595QJI6Q, STM32U595RIT6, STM32U595RIT6Q, STM32U595RJT6, STM32U595RJT6Q, STM32U595VIT6, STM32U595VIT6Q, STM32U595VJT6, STM32U595VJT6Q, STM32U595ZIT6, STM32U595ZIT6Q, STM32U595ZIY6QTR, STM32U595ZJT6, STM32U595ZJT6Q, STM32U595ZJY6QTR, STM32U599BJY6QTR, STM32U599NIH6Q, STM32U599NJH6Q, STM32U599VIT6Q, STM32U599VJT6, STM32U599VJT6Q, STM32U599ZIT6Q, STM32U599ZIY6QTR, STM32U599ZJT6Q, STM32U599ZJY6QTR, STM32U5A5AJH6, STM32U5A5AJH6Q, STM32U5A5QII3Q , STM32U5A5QJI6, STM32U5A5QJI6Q, STM32U5A5RJT6, STM32U5A5RJT6Q, STM32U5A5VJT6, STM32U5A5VJT6Q, STM32U5A5ZJT6, STM32U5A5ZJT6Q, STM32U5A5ZJY6QTR, STM32U5A9BJY6QTR, STM32U5A9J-DK, STM32U5A9NJH6Q, STM32U5A9VJT6Q, STM32U5A9ZJT6Q, STM32U5A9ZJY6QTR, STM32U5F7VIT6, STM32U5F7VIT6Q, STM32U5F7VJT6, STM32U5F7VJT6Q, STM32U5F9BJY6QTR, STM32U5F9NJH6Q, STM32U5F9VIT6Q, STM32U5F9VJT6Q, STM32U5F9ZIJ6QTR, STM32U5F9ZIT6Q, STM32U5F9ZJJ6QTR, STM32U5F9ZJT6Q, STM32U5G7VJT6, STM32U5G7VJT6Q, STM32U5G9BJY6QTR, STM32U5G9J-DK1, STM32U5G9J-DK2, STM32U5G9NJH6Q, STM32U5G9VJT6Q, STM32U5G9ZJJ6QTR, STM32U5G9ZJT6Q, STM32WB05KZV6TR, STM32WB05KZV7TR, STM32WB05TZF6TR, STM32WB05TZF7TR, STM32WB06CCF6TR, STM32WB06CCF7TR, STM32WB06CCV6TR, STM32WB06CCV7TR, STM32WB06KCV6TR, STM32WB06KCV7TR, STM32WB07CCF6TR, STM32WB07CCF7TR, STM32WB07CCV6TR, STM32WB07CCV7TR, STM32WB07KCV6TR, STM32WB07KCV7TR, STM32WB09KEV6TR, STM32WB09KEV7TR, STM32WB09TEF6TR, STM32WB09TEF7TR, STM32WB1MMCH6, STM32WBA50KGU6, STM32WBA50KGU6TR, STM32WBA52CEU6, STM32WBA52CEU6TR, STM32WBA52CEU7, STM32WBA52CEU7TR, STM32WBA52CGU6, STM32WBA52CGU6TR, STM32WBA52CGU6U, STM32WBA52CGU7, STM32WBA52CGU7TR, STM32WBA52KEU6, STM32WBA52KEU6TR, STM32WBA52KGU6, STM32WBA52KGU6TR, STM32WBA54CEU6, STM32WBA54CEU6TR, STM32WBA54CEU7, STM32WBA54CEU7TR, STM32WBA54CGU6, STM32WBA54CGU6TR, STM32WBA54CGU7, STM32WBA54CGU7TR, STM32WBA54KEU6, STM32WBA54KEU6TR, STM32WBA54KEU7, STM32WBA54KEU7TR, STM32WBA54KGU6, STM32WBA54KGU6TR, STM32WBA54KGU7, STM32WBA54KGU7TR, STM32WBA55CEU6, STM32WBA55CEU6TR, STM32WBA55CEU7, STM32WBA55CEU7TR, STM32WBA55CGU6, STM32WBA55CGU6TR, STM32WBA55CGU6U, STM32WBA55CGU7, STM32WBA55CGU7TR, STM32WBA55G-DK1, STM32WBA55HEF6, STM32WBA55HEF7, STM32WBA55HGF6, STM32WBA55HGF7, STM32WBA55UEI6, STM32WBA55UEI6TR, STM32WBA55UEI7, STM32WBA55UEI7TR, STM32WBA55UGI6, STM32WBA55UGI6TR, STM32WBA55UGI7, STM32WBA55UGI7TR, STM32WBA5MMGH6TR, STM32WBA62MGF6, STM32WBA62MIF6, STM32WBA65MGF7, STM32WBA65MIF6, STM32WBA65MIF7, STM32WL30K8V6, STM32WL30KBV6, STM32WL31C8V6, STM32WL31CBV6, STM32WL31K8V6, STM32WL31KBV6, STM32WL33C8V6, STM32WL33C8V6X, STM32WL33CBV6, STM32WL33CBV6X, STM32WL33CCV6, STM32WL33CCV6A, STM32WL33CCV6X, STM32WL33K8V7, STM32WL33K8V7X, STM32WL33KBV7 , STM32WL33KBV7X, STM32WL33KCV7, STM32WL33KCV7X, STM32WL5MOCH6, STM32WL5MOCH6TR]
2025-11-21 14:11:46,493 [INFO] DbMcus:218 - Found 4876 MCUs, 4876 are supported
2025-11-21 14:11:46,493 [INFO] ApiDb:423 - Load user favorites file C:\Users\chris/.stm32cubeide/favorites.mcus.txt: 0 item(s)
2025-11-21 14:11:46,493 [INFO] ApiDb:427 - User favorites MCUs=[]
2025-11-21 14:11:46,493 [INFO] DbMcus:224 - Set 0 / 0 favorites MCUs
2025-11-21 14:11:46,893 [INFO] ApiDb:448 - Save user favorites file C:\Users\chris/.stm32cubeide/favorites.boards.txt: 0 item(s)
2025-11-21 14:11:46,893 [INFO] ApiDb:452 - User favorites Boards=[]
2025-11-21 14:11:46,895 [INFO] ApiDb:581 - Connected to CubeFinder SQLite database (C:\Users\chris\.stmcufinder\plugins\mcufinder\mcu\cube-finder-db.db)
2025-11-21 14:11:46,941 [INFO] ApiDb:668 - CubeFinder database Data Model version=2.1
2025-11-21 14:11:46,941 [INFO] ApiDb:669 - CubeFinder database Configuration version=3.0.39
2025-11-21 14:11:46,942 [INFO] ApiDb:670 - CubeFinder database generation date=2025-11-05 (1762334721)
2025-11-21 14:11:46,942 [INFO] ApiDb:671 - CubeFinder database FW Pack versions=[FP-ATR-ASTRA1_V2.0.0, FP-SNS-FLIGHT1_V5.1.0, FP-SNS-MOTENV1_V5.1.0, FP-SNS-MOTENVWB1_V1.4.0, FP-SNS-SMARTAG2_V1.2.0, FP-SNS-STBOX1_V2.1.0, STM32Cube_FW_C0_V1.4.0, STM32Cube_FW_F4_V1.28.3, STM32Cube_FW_F7_V1.17.4, STM32Cube_FW_G0_V1.6.2, STM32Cube_FW_G4_V1.6.1, STM32Cube_FW_H5_V1.5.1, STM32Cube_FW_H7RS_V1.3.0, STM32Cube_FW_H7_V1.12.1, STM32Cube_FW_L0_V1.12.2, STM32Cube_FW_L4_V1.18.1, STM32Cube_FW_L5_V1.6.0, STM32Cube_FW_N6_V1.3.0, STM32Cube_FW_U0_V1.3.0, STM32Cube_FW_U3_V1.2.1, STM32Cube_FW_U5_V1.8.0, STM32Cube_FW_WB0_V1.4.0, STM32Cube_FW_WBA_V1.8.0, STM32Cube_FW_WB_V1.24.0, STM32Cube_FW_WL3_V1.3.0, STM32Cube_FW_WL_V1.4.0, X-CUBE-ALGOBUILD_V1.4.0, X-CUBE-ALS_V1.0.2, X-CUBE-AZRTOS-F4_V1.1.0, X-CUBE-AZRTOS-F7_V1.1.0, X-CUBE-AZRTOS-G0_V1.1.0, X-CUBE-AZRTOS-G4_V2.0.0, X-CUBE-AZRTOS-H7RS_V1.1.0, X-CUBE-AZRTOS-H7_V3.4.0, X-CUBE-AZRTOS-L4_V2.0.0, X-CUBE-AZRTOS-L5_V2.0.0, X-CUBE-AZRTOS-WB_V2.0.0, X-CUBE-AZRTOS-WL_V2.0.0, X-CUBE-BLE1_V7.1.0, X-CUBE-BLE2_V3.3.0, X-CUBE-BLEMGR_V4.1.0, X-CUBE-EEPRMA1_V5.2.0, X-CUBE-FREERTOS_V1.3.1, X-CUBE-GNSS1_V6.0.0, X-CUBE-MEMS1_V11.3.0, X-CUBE-NFC4_V3.0.0, X-CUBE-NFC7_V2.0.0, X-CUBE-SFXS2LP1_V4.0.0, X-CUBE-ST67W61_V1.1.0, X-CUBE-SUBG2_V5.0.0, X-CUBE-TOF1_V3.4.3]
2025-11-21 14:11:46,978 [INFO] DbBoardsSqlite:226 - include board P-NUCLEO-WB55-NUCLEO as a kit item of type 'Nucleo-64'
2025-11-21 14:11:46,979 [INFO] DbBoardsSqlite:226 - include board P-NUCLEO-WB55-USBDONGLE as a kit item of type 'Nucleo USB Dongle'
2025-11-21 14:11:46,980 [INFO] DbBoardsSqlite:226 - include board STEVAL-IDP005V1 as a kit item of type 'Evaluation Board'
2025-11-21 14:11:46,980 [INFO] DbBoardsSqlite:226 - include board STEVAL-IDP005V2 as a kit item of type 'Evaluation Board'
2025-11-21 14:11:47,028 [INFO] ApiDb:240 - Found 880 in-development CPN: [B-G473E-ZEST1S, B-WB1M-WPAN1, B-WBA5M-WPAN, B-WL5M-SUBG1, NUCLEO-C031C6, NUCLEO-C051C8, NUCLEO-C071RB, NUCLEO-C092RC, NUCLEO-H503RB, NUCLEO-H533RE, NUCLEO-H563ZI, NUCLEO-H7S3L8, NUCLEO-N657X0-Q, NUCLEO-U031R8, NUCLEO-U083RC, NUCLEO-U385RG-Q, NUCLEO-U545RE-Q, NUCLEO-U5A5ZJ-Q, NUCLEO-WB05KZ, NUCLEO-WB07CC, NUCLEO-WB09KE, NUCLEO-WBA52CG, NUCLEO-WBA55CG, NUCLEO-WL33CC1, NUCLEO-WL33CC2, STEVAL-PROTEUS1, STEVAL-SMARTAG2, STEVAL-STWINBX1, STM320518-EVAL, STM32C0116-DK, STM32C011D6Y3TR, STM32C011D6Y6TR, STM32C011F4P3, STM32C011F4P6, STM32C011F4U3, STM32C011F4U6TR, STM32C011F6P3, STM32C011F6P6, STM32C011F6U3, STM32C011F6U6TR, STM32C011J4M3, STM32C011J4M6, STM32C011J6M3, STM32C011J6M6, STM32C0316-DK, STM32C031C4T3, STM32C031C4T6, STM32C031C4U3, STM32C031C4U6, STM32C031C6T3, STM32C031C6T6, STM32C031C6U3, STM32C031C6U6, STM32C031F4P3, STM32C031F4P6, STM32C031F6P3, STM32C031F6P6, STM32C031G4U3, STM32C031G4U6, STM32C031G6U3, STM32C031G6U6, STM32C031K4T3, STM32C031K4T6, STM32C031K4U3, STM32C031K4U6, STM32C031K6T3, STM32C031K6T6, STM32C031K6U3, STM32C031K6U6, STM32C051C6T6, STM32C051C6U6, STM32C051C8T6, STM32C051C8U6, STM32C051D8Y6TR, STM32C051F6P6, STM32C051F8P6, STM32C051G6U6, STM32C051G8U6, STM32C051K6T6, STM32C051K6U6, STM32C051K8T6, STM32C071C8T6, STM32C071C8T6N, STM32C071C8U6, STM32C071C8U6N, STM32C071CBT6, STM32C071CBT6N, STM32C071CBU6, STM32C071CBU6N, STM32C071F8P6, STM32C071F8P6N, STM32C071FBP6, STM32C071FBP6N, STM32C071FBY6TR, STM32C071G8U6, STM32C071G8U6N, STM32C071GBU6, STM32C071GBU6N, STM32C071K8T6, STM32C071K8T6N, STM32C071K8U6, STM32C071K8U6N, STM32C071KBT6, STM32C071KBT6N, STM32C071KBU6, STM32C071KBU6N, STM32C071R8T6, STM32C071R8T6N, STM32C071RBI6N, STM32C071RBT6, STM32C071RBT6N, STM32C091CBT6, STM32C091CBU6, STM32C091CCT6, STM32C091CCU6, STM32C091ECY6TR, STM32C091FBP6, STM32C091FCP6, STM32C091GBU6, STM32C091GCU6, STM32C091KBT6, STM32C091KBU6, STM32C091KCT6, STM32C091KCU6, STM32C091RBT6, STM32C091RCI6, STM32C091RCT6, STM32C092CBT6, STM32C092CBU6, STM32C092CCT6, STM32C092CCU6, STM32C092ECY6TR, STM32C092FBP6, STM32C092FCP6, STM32C092GBU6, STM32C092GCU6, STM32C092KBT6, STM32C092KBU6, STM32C092KCT6, STM32C092KCU6, STM32C092RBT6, STM32C092RCI6, STM32C092RCT6, STM32G071K8TXN, STM32G071K8UXN, STM32G081GBU6N, STM32G081KBT6N, STM32G081KBUXN, STM32G0B1CCT6N, STM32G0B1KCT6, STM32G0B1NEY6TR, STM32G0B1RCT6N, STM32G0C1CCT6, STM32G0C1CCT6N, STM32G0C1CCU6N, STM32G0C1CET6N, STM32G0C1CEU6N, STM32G0C1KCT6, STM32G0C1NEY6TR, STM32G0C1RCI6N, STM32G0C1RCT6N, STM32G0C1REI6N, STM32G0C1RET6N, STM32G0C1VCI6, STM32G0C1VEI6, STM32G411C6T3, STM32G411C6T6, STM32G411C6U3, STM32G411C6U6, STM32G411C8T3, STM32G411C8T6, STM32G411C8U3, STM32G411C8U6, STM32G411CBT3, STM32G411CBT6, STM32G411CBU3, STM32G411CBU6, STM32G411K6T3, STM32G411K6T6, STM32G411K6U3, STM32G411K6U6, STM32G411K8T3, STM32G411K8T6, STM32G411K8U3, STM32G411K8U6, STM32G411KBT3, STM32G411KBT6, STM32G411KBU3, STM32G411KBU6, STM32G411M6T3, STM32G411M6T6, STM32G411M8T3, STM32G411M8T6, STM32G411MBT3, STM32G411MBT6, STM32G411R6T3, STM32G411R6T6, STM32G411R8T3, STM32G411R8T6, STM32G411RBT3, STM32G411RBT6, STM32G414CBT3, STM32G414CBT6, STM32G414CBU3, STM32G414CBU6, STM32G414CCT3, STM32G414CCT6, STM32G414CCU3, STM32G414CCU6, STM32G414MBT3, STM32G414MBT6, STM32G414MCT3, STM32G414MCT6, STM32G414RBT3, STM32G414RBT6, STM32G414RCT3, STM32G414RCT6, STM32G414VBT3, STM32G414VBT6, STM32G414VCT3, STM32G414VCT6, STM32G431CBT3Z, STM32G431RBT3Z, STM32G471CCT6, STM32G471CCU6, STM32G471CET3, STM32G471CET6, STM32G471CEU3, STM32G471CEU6, STM32G471MCT6, STM32G471MET3, STM32G471MET6, STM32G471MEY6TR, STM32G471QCT6, STM32G471QET3, STM32G471RCT6, STM32G471RET3, STM32G471RET6, STM32G471VCH6, STM32G471VCI6, STM32G471VCT6, STM32G471VEH3, STM32G471VEH6, STM32G471VEI3, STM32G471VEI6, STM32G471VET3, STM32G471VET6, STM32G473QET3Z, STM32G473RET3Z, STM32G474CCT6, STM32G491RET3Z, STM32H503CBT6, STM32H503CBU6, STM32H503EBY6TR, STM32H503KBU6, STM32H503RBT6, STM32H523CCT6, STM32H523CCU6, STM32H523CET6, STM32H523CEU6, STM32H523HEY6TR, STM32H523RCT6, STM32H523RET6, STM32H523VCI6, STM32H523VCT6, STM32H523VEI6, STM32H523VET6, STM32H523ZCJ6, STM32H523ZCT6, STM32H523ZEJ6, STM32H523ZET6, STM32H533CET6, STM32H533CEU6, STM32H533HEY6TR, STM32H533RET6, STM32H533VEI6, STM32H533VET6, STM32H533ZEJ6, STM32H533ZET6, STM32H562AGI6, STM32H562AII6, STM32H562IGK6, STM32H562IGT6, STM32H562IIK6, STM32H562IIT6, STM32H562RGT6, STM32H562RGV6, STM32H562RIT6, STM32H562RIV6, STM32H562VGT6, STM32H562VIT6, STM32H562ZGT6, STM32H562ZIT6, STM32H563AGI6, STM32H563AII3Q, STM32H563AII6, STM32H563IGK6, STM32H563IGT6, STM32H563IIK3Q, STM32H563IIK6, STM32H563IIT3Q, STM32H563IIT6, STM32H563MIY3QTR, STM32H563RGT6, STM32H563RGV6, STM32H563RIT6, STM32H563RIV6, STM32H563VGT6, STM32H563VIT3Q, STM32H563VIT6, STM32H563ZGT6, STM32H563ZIT3Q, STM32H563ZIT6, STM32H573AII3Q, STM32H573AII6, STM32H573I-DK, STM32H573IIK3Q, STM32H573IIK6, STM32H573IIT3Q, STM32H573IIT6, STM32H573MIY3QTR, STM32H573RIT6, STM32H573RIV6, STM32H573VIT3Q, STM32H573VIT6, STM32H573ZIT3Q, STM32H573ZIT6, STM32H7R3A8I6, STM32H7R3I8K6, STM32H7R3I8T6, STM32H7R3L8H6, STM32H7R3L8H6H, STM32H7R3R8V6, STM32H7R3V8H6, STM32H7R3V8T6, STM32H7R3V8Y6TR, STM32H7R3Z8J6, STM32H7R3Z8T6, STM32H7R7A8I6, STM32H7R7I8K6, STM32H7R7I8T6, STM32H7R7L8H6, STM32H7R7L8H6H, STM32H7R7Z8J6, STM32H7S3A8I6, STM32H7S3I8K6, STM32H7S3I8T6, STM32H7S3L8H6, STM32H7S3L8H6H, STM32H7S3R8V6, STM32H7S3V8H6, STM32H7S3V8T6, STM32H7S3V8Y6TR, STM32H7S3Z8J6, STM32H7S3Z8T6, STM32H7S78-DK, STM32H7S7A8I6, STM32H7S7I8K6, STM32H7S7I8T6, STM32H7S7L8H6, STM32H7S7L8H6H, STM32H7S7Z8J6, STM32L4R5QGI6STR, STM32MP131AAE3, STM32MP131AAF3, STM32MP131AAG3, STM32MP131CAE3, STM32MP131CAF3, STM32MP131CAG3, STM32MP131DAE7, STM32MP131DAF7, STM32MP131DAG7, STM32MP131FAE7, STM32MP131FAF7, STM32MP131FAG7, STM32MP133AAE3, STM32MP133AAF3, STM32MP133AAG3, STM32MP133CAE3, STM32MP133CAF3, STM32MP133CAG3, STM32MP133DAE7, STM32MP133DAF7, STM32MP133DAG7, STM32MP133FAE7, STM32MP133FAF7, STM32MP133FAG7, STM32MP135AAE3, STM32MP135AAF3, STM32MP135AAG3, STM32MP135CAE3, STM32MP135CAF3, STM32MP135CAG3, STM32MP135DAE7, STM32MP135DAF7, STM32MP135DAG7, STM32MP135F-DK, STM32MP135FAE7, STM32MP135FAF7, STM32MP135FAF7T, STM32MP135FAF7U, STM32MP135FAG7, STM32MP211AAL3, STM32MP211AAM3, STM32MP211AAN3, STM32MP211AAO3, STM32MP211CAL3, STM32MP211CAM3, STM32MP211CAN3, STM32MP211CAO3, STM32MP211DAL3, STM32MP211DAM3, STM32MP211DAN3, STM32MP211DAO3, STM32MP211FAL3, STM32MP211FAM3, STM32MP211FAN3, STM32MP211FAO3, STM32MP213AAL3, STM32MP213AAM3, STM32MP213AAN3, STM32MP213AAO3, STM32MP213CAL3, STM32MP213CAM3, STM32MP213CAN3, STM32MP213CAO3, STM32MP213DAL3, STM32MP213DAM3, STM32MP213DAN3, STM32MP213DAO3, STM32MP213FAL3, STM32MP213FAM3, STM32MP213FAN3, STM32MP213FAO3, STM32MP215AAL3, STM32MP215AAM3, STM32MP215AAN3, STM32MP215AAO3, STM32MP215CAL3, STM32MP215CAM3, STM32MP215CAN3, STM32MP215CAO3, STM32MP215DAL3, STM32MP215DAM3, STM32MP215DAN3, STM32MP215DAO3, STM32MP215F-DK, STM32MP215FAL3, STM32MP215FAM3, STM32MP215FAN3, STM32MP215FAO3, STM32MP231AAJ3, STM32MP231AAK3, STM32MP231AAL3, STM32MP231CAJ3, STM32MP231CAK3, STM32MP231CAL3, STM32MP231DAJ3, STM32MP231DAK3, STM32MP231DAL3, STM32MP231FAJ3, STM32MP231FAK3, STM32MP231FAL3, STM32MP233AAJ3, STM32MP233AAK3, STM32MP233AAL3, STM32MP233CAJ3, STM32MP233CAK3, STM32MP233CAL3, STM32MP233DAJ3, STM32MP233DAK3, STM32MP233DAL3, STM32MP233FAJ3, STM32MP233FAK3, STM32MP233FAL3, STM32MP235AAJ3, STM32MP235AAK3, STM32MP235AAL3, STM32MP235CAJ3, STM32MP235CAK3, STM32MP235CAL3, STM32MP235DAJ3, STM32MP235DAK3, STM32MP235DAL3, STM32MP235FAJ3, STM32MP235FAK3, STM32MP235FAL3, STM32MP251AAI3, STM32MP251AAK3, STM32MP251AAL3, STM32MP251CAI3, STM32MP251CAK3, STM32MP251CAL3, STM32MP251DAI3, STM32MP251DAK3, STM32MP251DAL3, STM32MP251FAI3, STM32MP251FAK3, STM32MP251FAL3, STM32MP253AAI3, STM32MP253AAK3, STM32MP253AAL3, STM32MP253CAI3, STM32MP253CAK3, STM32MP253CAL3, STM32MP253DAI3, STM32MP253DAK3, STM32MP253DAL3, STM32MP253FAI3, STM32MP253FAK3, STM32MP253FAL3, STM32MP255AAI3, STM32MP255AAK3, STM32MP255AAL3, STM32MP255CAI3, STM32MP255CAK3, STM32MP255CAL3, STM32MP255DAI3, STM32MP255DAK3, STM32MP255DAL3, STM32MP255FAI3, STM32MP255FAK3, STM32MP255FAL3, STM32MP257AAI3, STM32MP257AAK3, STM32MP257AAL3, STM32MP257CAI3, STM32MP257CAK3, STM32MP257CAL3, STM32MP257DAI3, STM32MP257DAK3, STM32MP257DAL3, STM32MP257F-DK, STM32MP257F-EV1, STM32MP257FAI3, STM32MP257FAK3, STM32MP257FAL3, STM32N645A0H3Q, STM32N645B0H3Q, STM32N645I0H3Q, STM32N645L0H3Q, STM32N645X0H3Q, STM32N645Z0H3Q, STM32N647A0H3Q, STM32N647B0H3Q, STM32N647I0H3Q, STM32N647L0H3Q, STM32N647X0H3Q, STM32N647Z0H3Q, STM32N655A0H3Q, STM32N655B0H3Q, STM32N655I0H3Q, STM32N655L0H3Q, STM32N655X0H3Q, STM32N655Z0H3Q, STM32N6570-DK, STM32N657A0H3Q, STM32N657B0H3Q, STM32N657I0H3Q, STM32N657L0H3Q, STM32N657X0H3Q, STM32N657Z0H3Q, STM32U031C6T6, STM32U031C6U6, STM32U031C8T6, STM32U031C8U6, STM32U031F4P6, STM32U031F6P6, STM32U031F8P6, STM32U031G6Y6TR, STM32U031G8Y6TR, STM32U031K4U6, STM32U031K6U6, STM32U031K8U6, STM32U031R6I6, STM32U031R6T6, STM32U031R8I6, STM32U031R8T6, STM32U073C8T6, STM32U073C8U6, STM32U073CBT6, STM32U073CBU6, STM32U073CCT6, STM32U073CCU6, STM32U073H8Y6TR, STM32U073HBY6TR, STM32U073HCY6TR, STM32U073K8U6, STM32U073KBU6, STM32U073KCU6, STM32U073M8I6, STM32U073M8T6, STM32U073MBI6, STM32U073MBT6, STM32U073MCI6, STM32U073MCT6, STM32U073R8I6, STM32U073R8T6, STM32U073RBI6, STM32U073RBT6, STM32U073RCI6, STM32U073RCT6, STM32U083C-DK, STM32U083CCT6, STM32U083CCU6, STM32U083HCY6TR, STM32U083KCU6, STM32U083MCI6, STM32U083MCT6, STM32U083RCI6, STM32U083RCT6, STM32U375CET6, STM32U375CET6Q, STM32U375CEU6, STM32U375CEU6Q, STM32U375CEY6QTR, STM32U375CGT6, STM32U375CGT6Q, STM32U375CGU6, STM32U375CGU6Q, STM32U375CGY6QTR, STM32U375KEU6, STM32U375KGU6, STM32U375REI6, STM32U375REI6Q, STM32U375RET6, STM32U375RET6Q, STM32U375REY6GTR, STM32U375REY6QTR, STM32U375RGI6, STM32U375RGI6Q, STM32U375RGT6, STM32U375RGT6Q, STM32U375RGY6GTR, STM32U375RGY6QTR, STM32U375VEI6, STM32U375VEI6Q, STM32U375VET6, STM32U375VET6Q, STM32U375VGI6, STM32U375VGI6Q, STM32U375VGT6, STM32U375VGT6Q, STM32U385CGT6, STM32U385CGT6Q, STM32U385CGU6, STM32U385CGU6Q, STM32U385CGY6QTR, STM32U385KGU6, STM32U385RGI6, STM32U385RGI6Q, STM32U385RGT6, STM32U385RGT6Q, STM32U385RGY6GTR, STM32U385RGY6QTR, STM32U385VGI6, STM32U385VGI6Q, STM32U385VGT6, STM32U385VGT6Q, STM32U535CBT6, STM32U535CBT6Q, STM32U535CBU6, STM32U535CBU6Q, STM32U535CCT6, STM32U535CCT6Q, STM32U535CCU6, STM32U535CCU6Q, STM32U535CET6, STM32U535CET6Q, STM32U535CEU6, STM32U535CEU6Q, STM32U535JEY6QTR, STM32U535NCY6QTR, STM32U535NEY6QTR, STM32U535RBI6, STM32U535RBI6Q, STM32U535RBT6, STM32U535RBT6Q, STM32U535RCI6, STM32U535RCI6Q, STM32U535RCT6, STM32U535RCT6Q, STM32U535REI6, STM32U535REI6Q, STM32U535RET6, STM32U535RET6Q, STM32U535VCI6, STM32U535VCI6Q, STM32U535VCT6, STM32U535VCT6Q, STM32U535VEI6, STM32U535VEI6Q, STM32U535VET6, STM32U535VET6Q, STM32U545CET6, STM32U545CET6Q, STM32U545CEU6, STM32U545CEU6Q, STM32U545JEY6QTR, STM32U545NEY6QTR, STM32U545REI6, STM32U545REI6Q, STM32U545RET6, STM32U545RET6Q, STM32U545VEI6, STM32U545VEI6Q, STM32U545VET6, STM32U545VET6Q, STM32U595AIH6, STM32U595AIH6Q, STM32U595AJH6, STM32U595AJH6Q, STM32U595QII6, STM32U595QII6Q, STM32U595QJI6, STM32U595QJI6Q, STM32U595RIT6, STM32U595RIT6Q, STM32U595RJT6, STM32U595RJT6Q, STM32U595VIT6, STM32U595VIT6Q, STM32U595VJT6, STM32U595VJT6Q, STM32U595ZIT6, STM32U595ZIT6Q, STM32U595ZIY6QTR, STM32U595ZJT6, STM32U595ZJT6Q, STM32U595ZJY6QTR, STM32U599BJY6QTR, STM32U599NIH6Q, STM32U599NJH6Q, STM32U599VIT6Q, STM32U599VJT6, STM32U599VJT6Q, STM32U599ZIT6Q, STM32U599ZIY6QTR, STM32U599ZJT6Q, STM32U599ZJY6QTR, STM32U5A5AJH6, STM32U5A5AJH6Q, STM32U5A5QII3Q , STM32U5A5QJI6, STM32U5A5QJI6Q, STM32U5A5RJT6, STM32U5A5RJT6Q, STM32U5A5VJT6, STM32U5A5VJT6Q, STM32U5A5ZJT6, STM32U5A5ZJT6Q, STM32U5A5ZJY6QTR, STM32U5A9BJY6QTR, STM32U5A9J-DK, STM32U5A9NJH6Q, STM32U5A9VJT6Q, STM32U5A9ZJT6Q, STM32U5A9ZJY6QTR, STM32U5F7VIT6, STM32U5F7VIT6Q, STM32U5F7VJT6, STM32U5F7VJT6Q, STM32U5F9BJY6QTR, STM32U5F9NJH6Q, STM32U5F9VIT6Q, STM32U5F9VJT6Q, STM32U5F9ZIJ6QTR, STM32U5F9ZIT6Q, STM32U5F9ZJJ6QTR, STM32U5F9ZJT6Q, STM32U5G7VJT6, STM32U5G7VJT6Q, STM32U5G9BJY6QTR, STM32U5G9J-DK1, STM32U5G9J-DK2, STM32U5G9NJH6Q, STM32U5G9VJT6Q, STM32U5G9ZJJ6QTR, STM32U5G9ZJT6Q, STM32WB05KZV6TR, STM32WB05KZV7TR, STM32WB05TZF6TR, STM32WB05TZF7TR, STM32WB06CCF6TR, STM32WB06CCF7TR, STM32WB06CCV6TR, STM32WB06CCV7TR, STM32WB06KCV6TR, STM32WB06KCV7TR, STM32WB07CCF6TR, STM32WB07CCF7TR, STM32WB07CCV6TR, STM32WB07CCV7TR, STM32WB07KCV6TR, STM32WB07KCV7TR, STM32WB09KEV6TR, STM32WB09KEV7TR, STM32WB09TEF6TR, STM32WB09TEF7TR, STM32WB1MMCH6, STM32WBA50KGU6, STM32WBA50KGU6TR, STM32WBA52CEU6, STM32WBA52CEU6TR, STM32WBA52CEU7, STM32WBA52CEU7TR, STM32WBA52CGU6, STM32WBA52CGU6TR, STM32WBA52CGU6U, STM32WBA52CGU7, STM32WBA52CGU7TR, STM32WBA52KEU6, STM32WBA52KEU6TR, STM32WBA52KGU6, STM32WBA52KGU6TR, STM32WBA54CEU6, STM32WBA54CEU6TR, STM32WBA54CEU7, STM32WBA54CEU7TR, STM32WBA54CGU6, STM32WBA54CGU6TR, STM32WBA54CGU7, STM32WBA54CGU7TR, STM32WBA54KEU6, STM32WBA54KEU6TR, STM32WBA54KEU7, STM32WBA54KEU7TR, STM32WBA54KGU6, STM32WBA54KGU6TR, STM32WBA54KGU7, STM32WBA54KGU7TR, STM32WBA55CEU6, STM32WBA55CEU6TR, STM32WBA55CEU7, STM32WBA55CEU7TR, STM32WBA55CGU6, STM32WBA55CGU6TR, STM32WBA55CGU6U, STM32WBA55CGU7, STM32WBA55CGU7TR, STM32WBA55G-DK1, STM32WBA55HEF6, STM32WBA55HEF7, STM32WBA55HGF6, STM32WBA55HGF7, STM32WBA55UEI6, STM32WBA55UEI6TR, STM32WBA55UEI7, STM32WBA55UEI7TR, STM32WBA55UGI6, STM32WBA55UGI6TR, STM32WBA55UGI7, STM32WBA55UGI7TR, STM32WBA5MMGH6TR, STM32WBA62MGF6, STM32WBA62MIF6, STM32WBA65MGF7, STM32WBA65MIF6, STM32WBA65MIF7, STM32WL30K8V6, STM32WL30KBV6, STM32WL31C8V6, STM32WL31CBV6, STM32WL31K8V6, STM32WL31KBV6, STM32WL33C8V6, STM32WL33C8V6X, STM32WL33CBV6, STM32WL33CBV6X, STM32WL33CCV6, STM32WL33CCV6A, STM32WL33CCV6X, STM32WL33K8V7, STM32WL33K8V7X, STM32WL33KBV7 , STM32WL33KBV7X, STM32WL33KCV7, STM32WL33KCV7X, STM32WL5MOCH6, STM32WL5MOCH6TR]
2025-11-21 14:11:47,271 [INFO] BoardInfo:889 - No configuration file found for board P-NUCLEO-WB55
2025-11-21 14:11:47,272 [INFO] DbBoards:161 - Kit is not supported: P-NUCLEO-WB55
2025-11-21 14:11:47,283 [INFO] BoardInfo:889 - No configuration file found for board STEVAL-BFA001V1B
2025-11-21 14:11:47,284 [INFO] DbBoards:161 - Kit is not supported: STEVAL-BFA001V1B
2025-11-21 14:11:47,284 [INFO] BoardInfo:889 - No configuration file found for board STEVAL-BFA001V2B
2025-11-21 14:11:47,285 [INFO] DbBoards:161 - Kit is not supported: STEVAL-BFA001V2B
2025-11-21 14:11:47,556 [INFO] DbBoards:168 - Found 212 boards, 209 are supported
2025-11-21 14:11:47,556 [INFO] DbBoards:169 - Found 212 boards, 43 of them is supported for  Bsp
2025-11-21 14:11:47,560 [INFO] ApiDb:423 - Load user favorites file C:\Users\chris/.stm32cubeide/favorites.boards.txt: 0 item(s)
2025-11-21 14:11:47,560 [INFO] ApiDb:427 - User favorites Boards=[]
2025-11-21 14:11:47,560 [INFO] DbBoards:198 - Set 0 / 0 favorites Boards
2025-11-21 14:11:47,585 [INFO] LoadUrlFilesThread:185 - End of LoadServerUrlFiles without Thread
2025-11-21 14:11:47,585 [INFO] TargetSelectorAdapter:259 - Refresh data is successful
2025-11-21 14:11:47,592 [INFO] ApiDb:668 - CubeFinder database Data Model version=2.1
2025-11-21 14:11:47,592 [INFO] ApiDb:669 - CubeFinder database Configuration version=3.0.39
2025-11-21 14:11:47,592 [INFO] ApiDb:670 - CubeFinder database generation date=2025-11-05 (1762334721)
2025-11-21 14:11:47,592 [INFO] ApiDb:671 - CubeFinder database FW Pack versions=[FP-ATR-ASTRA1_V2.0.0, FP-SNS-FLIGHT1_V5.1.0, FP-SNS-MOTENV1_V5.1.0, FP-SNS-MOTENVWB1_V1.4.0, FP-SNS-SMARTAG2_V1.2.0, FP-SNS-STBOX1_V2.1.0, STM32Cube_FW_C0_V1.4.0, STM32Cube_FW_F4_V1.28.3, STM32Cube_FW_F7_V1.17.4, STM32Cube_FW_G0_V1.6.2, STM32Cube_FW_G4_V1.6.1, STM32Cube_FW_H5_V1.5.1, STM32Cube_FW_H7RS_V1.3.0, STM32Cube_FW_H7_V1.12.1, STM32Cube_FW_L0_V1.12.2, STM32Cube_FW_L4_V1.18.1, STM32Cube_FW_L5_V1.6.0, STM32Cube_FW_N6_V1.3.0, STM32Cube_FW_U0_V1.3.0, STM32Cube_FW_U3_V1.2.1, STM32Cube_FW_U5_V1.8.0, STM32Cube_FW_WB0_V1.4.0, STM32Cube_FW_WBA_V1.8.0, STM32Cube_FW_WB_V1.24.0, STM32Cube_FW_WL3_V1.3.0, STM32Cube_FW_WL_V1.4.0, X-CUBE-ALGOBUILD_V1.4.0, X-CUBE-ALS_V1.0.2, X-CUBE-AZRTOS-F4_V1.1.0, X-CUBE-AZRTOS-F7_V1.1.0, X-CUBE-AZRTOS-G0_V1.1.0, X-CUBE-AZRTOS-G4_V2.0.0, X-CUBE-AZRTOS-H7RS_V1.1.0, X-CUBE-AZRTOS-H7_V3.4.0, X-CUBE-AZRTOS-L4_V2.0.0, X-CUBE-AZRTOS-L5_V2.0.0, X-CUBE-AZRTOS-WB_V2.0.0, X-CUBE-AZRTOS-WL_V2.0.0, X-CUBE-BLE1_V7.1.0, X-CUBE-BLE2_V3.3.0, X-CUBE-BLEMGR_V4.1.0, X-CUBE-EEPRMA1_V5.2.0, X-CUBE-FREERTOS_V1.3.1, X-CUBE-GNSS1_V6.0.0, X-CUBE-MEMS1_V11.3.0, X-CUBE-NFC4_V3.0.0, X-CUBE-NFC7_V2.0.0, X-CUBE-SFXS2LP1_V4.0.0, X-CUBE-ST67W61_V1.1.0, X-CUBE-SUBG2_V5.0.0, X-CUBE-TOF1_V3.4.3]
2025-11-21 14:11:48,119 [ERROR] DbExamplesSqlite:437 - Missing JSON key: board_cpn
2025-11-21 14:11:48,119 [ERROR] DbExamplesSqlite:437 - Missing JSON key: board_cpn
2025-11-21 14:11:48,120 [ERROR] DbExamplesSqlite:437 - Missing JSON key: board_cpn
2025-11-21 14:11:48,120 [ERROR] DbExamplesSqlite:437 - Missing JSON key: board_cpn
2025-11-21 14:11:48,334 [ERROR] DbExamplesSqlite:437 - Missing JSON key: board_cpn
2025-11-21 14:11:48,334 [ERROR] DbExamplesSqlite:437 - Missing JSON key: board_cpn
2025-11-21 14:11:48,344 [INFO] DbExamplesSqlite:395 - Ignored 42 examples not supported by CubeIDE
2025-11-21 14:11:48,345 [INFO] DbExamplesSqlite:396 - Found 10883 examples active
2025-11-21 14:11:48,345 [INFO] DbExamplesSqlite:397 - Found 0 examples obsolete
2025-11-21 14:11:48,345 [INFO] DbExamplesSqlite:398 - Found 0 examples under development
2025-11-21 14:11:48,345 [INFO] DbExamplesSqlite:399 - Found 85 examples not building
2025-11-21 14:11:48,349 [INFO] DbExamples:125 - Found 10926 examples
2025-11-21 14:11:48,388 [ERROR] DbExamples:208 - Found 73 examples with invalid data (board or MCU)
2025-11-21 14:11:48,388 [INFO] DbExamples:222 - Found 134 boards with related examples
2025-11-21 14:11:48,389 [INFO] DbExamples:235 - Found 111 MCUs with related examples
2025-11-21 14:11:48,418 [INFO] ApiDb:423 - Load user favorites file C:\Users\chris/.stm32cubeide/favorites.examples.txt: 0 item(s)
2025-11-21 14:11:48,418 [INFO] ApiDb:427 - User favorites Examples=[]
2025-11-21 14:11:48,419 [INFO] DbExamples:250 - Set 0 / 0 favorites Examples
2025-11-21 14:11:48,596 [INFO] McuFinderGlobals:76 - Set McuFinderConnectedMode to true
2025-11-21 14:11:48,609 [INFO] MultiScanPanel:200 - Auto-refresh data requested => check proxy status ongoing
2025-11-21 14:11:48,619 [INFO] FinderPluginLoader:96 - Searching for filters in installed packs
2025-11-21 14:11:50,709 [INFO] LoadUrlFilesThread:185 - End of LoadServerUrlFiles without Thread
2025-11-21 14:11:50,734 [INFO] DetailPanel:341 - Set advertising image to C:/Users/chris/STM32Cube/Repository/\en.mcu-finder-preevent.jpg
2025-11-21 14:14:11,247 [INFO] MainUpdater:2872 - connection check result : 10
2025-11-21 14:14:11,247 [INFO] MainUpdater:2872 - connection check result : 10
2025-11-21 14:15:28,338 [INFO] MicroXplorer:468 - Change Database Path : 
2025-11-21 14:15:28,339 [INFO] MicroXplorer:498 - Change Database Version : DB.6.0.150
2025-11-21 14:15:28,416 [ERROR] ProjectManagerView:395 - 
java.lang.NullPointerException: Cannot invoke "javax.swing.JTextField.getText()" because the return value of "java.util.List.get(int)" is null
	at com.st.microxplorer.plugins.projectmanager.gui.ProjectChoiceTab$9.caretUpdate(ProjectChoiceTab.java:2706) ~[filemanager.jar:?]
	at javax.swing.text.JTextComponent.fireCaretUpdate(JTextComponent.java:408) ~[?:?]
	at javax.swing.text.JTextComponent$MutableCaretEvent.fire(JTextComponent.java:4484) ~[?:?]
	at javax.swing.text.JTextComponent$MutableCaretEvent.stateChanged(JTextComponent.java:4506) ~[?:?]
	at javax.swing.text.DefaultCaret.fireStateChanged(DefaultCaret.java:857) ~[?:?]
	at javax.swing.text.DefaultCaret.changeCaretPosition(DefaultCaret.java:1343) ~[?:?]
	at javax.swing.text.DefaultCaret.handleSetDot(DefaultCaret.java:1242) ~[?:?]
	at javax.swing.text.DefaultCaret.setDot(DefaultCaret.java:1223) ~[?:?]
	at javax.swing.text.DefaultCaret$Handler.insertUpdate(DefaultCaret.java:1819) ~[?:?]
	at javax.swing.text.AbstractDocument.fireInsertUpdate(AbstractDocument.java:227) ~[?:?]
	at javax.swing.text.AbstractDocument.handleInsertString(AbstractDocument.java:781) ~[?:?]
	at javax.swing.text.AbstractDocument.insertString(AbstractDocument.java:740) ~[?:?]
	at javax.swing.text.PlainDocument.insertString(PlainDocument.java:131) ~[?:?]
	at javax.swing.text.AbstractDocument.replace(AbstractDocument.java:699) ~[?:?]
	at javax.swing.text.JTextComponent.setText(JTextComponent.java:1725) ~[?:?]
	at com.st.microxplorer.plugins.projectmanager.gui.ProjectChoiceTab.createHeapStackFields(ProjectChoiceTab.java:993) ~[filemanager.jar:?]
	at com.st.microxplorer.plugins.projectmanager.gui.ProjectChoiceTab.buildLinkSettingsPanel(ProjectChoiceTab.java:3813) ~[filemanager.jar:?]
	at com.st.microxplorer.plugins.projectmanager.gui.ProjectChoiceTab.defineWindowsFields(ProjectChoiceTab.java:1987) ~[filemanager.jar:?]
	at com.st.microxplorer.plugins.projectmanager.gui.ProjectChoiceTab.updateSettings(ProjectChoiceTab.java:558) ~[filemanager.jar:?]
	at com.st.microxplorer.plugins.projectmanager.gui.ProjectSettingsPanel.UpdateDialog(ProjectSettingsPanel.java:247) ~[filemanager.jar:?]
	at com.st.microxplorer.plugins.projectmanager.ProjectManagerView.propertyChange(ProjectManagerView.java:392) ~[filemanager.jar:?]
	at java.beans.PropertyChangeSupport.fire(PropertyChangeSupport.java:343) ~[?:?]
	at java.beans.PropertyChangeSupport.firePropertyChange(PropertyChangeSupport.java:335) ~[?:?]
	at java.beans.PropertyChangeSupport.firePropertyChange(PropertyChangeSupport.java:268) ~[?:?]
	at com.st.microxplorer.util.MXPropertyChangeSupport.firePropertyChange(MXPropertyChangeSupport.java:54) ~[STM32CubeMX.jar:?]
	at com.st.microxplorer.mxsystem.MxSystem.closeConfig(MxSystem.java:899) ~[STM32CubeMX.jar:?]
	at com.st.microxplorer.maingui.MainPanel.closeConfig(MainPanel.java:792) ~[STM32CubeMX.jar:?]
	at com.st.microxplorer.plugins.filemanager.engine.OpenFileManager.loadConfigurationFile(OpenFileManager.java:288) ~[filemanager.jar:?]
	at com.st.microxplorer.plugins.filemanager.engine.MainFileManager.userLoadConfig(MainFileManager.java:364) ~[filemanager.jar:?]
	at com.st.microxplorer.plugins.filemanager.engine.MainFileManager.userLoadConfig(MainFileManager.java:342) ~[filemanager.jar:?]
	at com.st.microxplorer.plugins.filemanager.FileManagerView.getSpecificTask(FileManagerView.java:264) ~[filemanager.jar:?]
	at com.st.stm32cube.common.mx.editor.CubeMxEditor.getMxTabbedPaneInstance(CubeMxEditor.java:1198) ~[com.st.stm32cube.common.mx_6.15.0.202507011659/:?]
	at com.st.stm32cube.common.mx.editor.CubeMxEditor$12$1.createSwingComponent(CubeMxEditor.java:1068) ~[com.st.stm32cube.common.mx_6.15.0.202507011659/:?]
	at com.st.stm32cube.common.mx.oss.core.awtswtbridge.EmbeddedSwingComposite.doComponentCreation(EmbeddedSwingComposite.java:492) ~[com.st.stm32cube.common.mx.oss_6.15.0.202507011659/:?]
	at com.st.stm32cube.common.mx.oss.core.awtswtbridge.EmbeddedSwingComposite$4.run(EmbeddedSwingComposite.java:291) ~[com.st.stm32cube.common.mx.oss_6.15.0.202507011659/:?]
	at com.st.stm32cube.common.mx.oss.core.awtswtbridge.AwtEnvironment$2.run(AwtEnvironment.java:166) ~[com.st.stm32cube.common.mx.oss_6.15.0.202507011659/:?]
	at java.awt.event.InvocationEvent.dispatch(InvocationEvent.java:318) ~[?:?]
	at java.awt.EventQueue.dispatchEventImpl(EventQueue.java:773) ~[?:?]
	at java.awt.EventQueue$4.run(EventQueue.java:720) ~[?:?]
	at java.awt.EventQueue$4.run(EventQueue.java:714) ~[?:?]
	at java.security.AccessController.doPrivileged(AccessController.java:400) ~[?:?]
	at java.security.ProtectionDomain$JavaSecurityAccessImpl.doIntersectionPrivilege(ProtectionDomain.java:87) ~[?:?]
	at java.awt.EventQueue.dispatchEvent(EventQueue.java:742) ~[?:?]
	at java.awt.EventDispatchThread.pumpOneEventForFilters(EventDispatchThread.java:203) ~[?:?]
	at java.awt.EventDispatchThread.pumpEventsForFilter(EventDispatchThread.java:124) ~[?:?]
	at java.awt.EventDispatchThread.pumpEventsForHierarchy(EventDispatchThread.java:113) ~[?:?]
	at java.awt.EventDispatchThread.pumpEvents(EventDispatchThread.java:109) ~[?:?]
	at java.awt.EventDispatchThread.pumpEvents(EventDispatchThread.java:101) ~[?:?]
	at java.awt.EventDispatchThread.run(EventDispatchThread.java:90) ~[?:?]
2025-11-21 14:15:28,440 [WARN] ThirdParty:871 - waiting for thirdparty lock release [close project]
2025-11-21 14:15:28,440 [INFO] ThirdParty:873 - entering critical section [close project]
2025-11-21 14:15:28,441 [INFO] ThirdParty:883 - exiting critical section [close project]
2025-11-21 14:15:28,445 [INFO] PinOutPanel:1589 - setPackage(No Configuration,No Configuration)
2025-11-21 14:15:28,484 [WARN] IpParametersView:155 - Warning: This peripheral hasn't parameters
2025-11-21 14:15:28,525 [WARN] MainPanel:289 - <html><b><center>Warning: This peripheral has no parameters to be configured<br></b></html>
2025-11-21 14:15:28,546 [INFO] UtilMem:75 - Begin LoadConfig() Used Memory: 826277888 Bytes (1073741824)
2025-11-21 14:15:28,547 [INFO] MicroXplorer:468 - Change Database Path : 
2025-11-21 14:15:28,547 [INFO] MicroXplorer:498 - Change Database Version : DB.6.0.150
2025-11-21 14:15:28,547 [INFO] OpenFileManager:355 - Change cursor
2025-11-21 14:15:28,563 [INFO] Mcu:2029 - Initializing MCU STM32F767ZITx STM32F767ZITx STM32F767ZIT6
2025-11-21 14:15:31,037 [INFO] Context:786 - Trying to add GPIOservice into a context  which must be forbidden
2025-11-21 14:15:31,951 [INFO] ImportTextPane:234 - (OptionalMessage_ERROR) Unable to find key (Mcu.ThirdPartyNb) in loaded IOC file
2025-11-21 14:15:31,951 [INFO] ImportTextPane:234 - (OptionalMessage_ERROR) Unable to find key (Mcu.PinsNb) in loaded IOC file
2025-11-21 14:15:31,952 [INFO] ImportTextPane:234 - (OptionalMessage_ERROR) Pin0 (VP_RIF_VS_RIF1) cannot be retrieved for this MCU
2025-11-21 14:15:31,952 [INFO] ImportTextPane:234 - (OptionalMessage_ERROR) Unable to find key (Mcu.IPNb) in loaded IOC file
2025-11-21 14:15:32,188 [INFO] RtosManager:558 - Registered RTOS mode: class=CMSIS, group=RTOS, mode=CMSIS_V1, owner=FREERTOS
2025-11-21 14:15:32,188 [INFO] RtosManager:558 - Registered RTOS mode: class=CMSIS, group=RTOS2, mode=CMSIS_V2, owner=FREERTOS
2025-11-21 14:15:32,188 [INFO] RtosManager:558 - Registered RTOS mode: class=RTOS, group=Core, mode=CMSIS_V1, owner=FREERTOS
2025-11-21 14:15:32,188 [INFO] RtosManager:558 - Registered RTOS mode: class=RTOS, group=Core, mode=CMSIS_V2, owner=FREERTOS
2025-11-21 14:15:32,188 [WARN] ModelIntegratedComponent:184 - Missing modes for component STMicroelectronics:FreeRTOS:0.0.1:STMicroelectronics:RTOS:FreeRTOS:Core:::10.2.0:
2025-11-21 14:15:32,202 [WARN] ModelIntegratedComponent:63 - No mode defined for component null
2025-11-21 14:15:32,202 [WARN] ModelIntegratedComponent:63 - No mode defined for component null
2025-11-21 14:15:32,202 [WARN] ModelIntegratedComponent:63 - No mode defined for component null
2025-11-21 14:15:32,202 [WARN] ModelIntegratedComponent:63 - No mode defined for component null
2025-11-21 14:15:32,202 [WARN] ModelIntegratedComponent:63 - No mode defined for component null
2025-11-21 14:15:32,202 [WARN] ModelIntegratedComponent:63 - No mode defined for component null
2025-11-21 14:15:32,202 [WARN] ModelIntegratedComponent:63 - No mode defined for component null
2025-11-21 14:15:32,202 [WARN] ModelIntegratedComponent:63 - No mode defined for component null
2025-11-21 14:15:32,202 [WARN] ModelIntegratedComponent:63 - No mode defined for component null
2025-11-21 14:15:32,202 [WARN] ModelIntegratedComponent:63 - No mode defined for component null
2025-11-21 14:15:32,202 [WARN] ModelIntegratedComponent:63 - No mode defined for component null
2025-11-21 14:15:32,202 [WARN] ModelIntegratedComponent:63 - No mode defined for component null
2025-11-21 14:15:32,202 [WARN] ModelIntegratedComponent:63 - No mode defined for component null
2025-11-21 14:15:32,203 [WARN] ModelIntegratedComponent:63 - No mode defined for component null
2025-11-21 14:15:32,203 [WARN] ModelIntegratedComponent:63 - No mode defined for component null
2025-11-21 14:15:32,203 [WARN] ModelIntegratedComponent:63 - No mode defined for component null
2025-11-21 14:15:32,203 [WARN] ModelIntegratedComponent:63 - No mode defined for component null
2025-11-21 14:15:32,203 [WARN] ModelIntegratedComponent:63 - No mode defined for component null
2025-11-21 14:15:32,203 [WARN] ModelIntegratedComponent:63 - No mode defined for component null
2025-11-21 14:15:32,203 [WARN] ModelIntegratedComponent:63 - No mode defined for component null
2025-11-21 14:15:32,203 [WARN] ModelIntegratedComponent:63 - No mode defined for component null
2025-11-21 14:15:32,203 [WARN] ModelIntegratedComponent:63 - No mode defined for component null
2025-11-21 14:15:32,203 [WARN] ModelIntegratedComponent:63 - No mode defined for component null
2025-11-21 14:15:32,203 [WARN] ModelIntegratedComponent:63 - No mode defined for component null
2025-11-21 14:15:32,203 [WARN] ModelIntegratedComponent:63 - No mode defined for component null
2025-11-21 14:15:32,203 [WARN] ModelIntegratedComponent:63 - No mode defined for component null
2025-11-21 14:15:32,203 [WARN] ModelIntegratedComponent:63 - No mode defined for component null
2025-11-21 14:15:32,203 [WARN] ModelIntegratedComponent:63 - No mode defined for component null
2025-11-21 14:15:32,203 [WARN] ModelIntegratedComponent:63 - No mode defined for component null
2025-11-21 14:15:32,203 [WARN] ModelIntegratedComponent:63 - No mode defined for component null
2025-11-21 14:15:32,203 [WARN] ModelIntegratedComponent:63 - No mode defined for component null
2025-11-21 14:15:32,203 [WARN] ModelIntegratedComponent:63 - No mode defined for component null
2025-11-21 14:15:32,203 [WARN] ModelIntegratedComponent:63 - No mode defined for component null
2025-11-21 14:15:32,203 [WARN] ModelIntegratedComponent:63 - No mode defined for component null
2025-11-21 14:15:32,203 [WARN] ModelIntegratedComponent:63 - No mode defined for component null
2025-11-21 14:15:32,203 [WARN] ModelPack:524 - Component already loaded: STMicroelectronics:HAL Drivers:0.0.0:STMicroelectronics:Device:STMicro_Driver:XSPI:HAL::0.0.1:HAL_XSPI
2025-11-21 14:15:32,304 [INFO] ThirdPartyModel:298 - Start build external matchings
2025-11-21 14:15:32,860 [INFO] ThirdPartyModel:316 - End build external matchings
2025-11-21 14:15:33,420 [INFO] UtilMem:75 - End LoadConfig() Used Memory: 793630256 Bytes (1073741824)
2025-11-21 14:15:33,454 [WARN] ThirdParty:833 - waiting for thirdparty lock release [change project]
2025-11-21 14:15:33,455 [INFO] ThirdParty:835 - entering critical section [change project]
2025-11-21 14:15:33,455 [INFO] ThirdParty:1030 - CMSIS Pack Vendor :STMicroelectronics X-CUBE-PM33A1 1.0.0
2025-11-21 14:15:33,455 [INFO] ThirdParty:1030 - CMSIS Pack Vendor :STMicroelectronics USBPD 4.1
2025-11-21 14:15:33,455 [INFO] ThirdParty:1030 - CMSIS Pack Vendor :STMicroelectronics X-CUBE-NFC9 1.0.0
2025-11-21 14:15:33,455 [INFO] ThirdParty:1030 - CMSIS Pack Vendor :STMicroelectronics USB_HOST 2.0.0
2025-11-21 14:15:33,456 [INFO] ThirdParty:1030 - CMSIS Pack Vendor :STMicroelectronics X-CUBE-AZRTOS-F4 1.1.0
2025-11-21 14:15:33,456 [INFO] ThirdParty:1030 - CMSIS Pack Vendor :STMicroelectronics LIBJPEG 8.0.0
2025-11-21 14:15:33,456 [INFO] ThirdParty:1030 - CMSIS Pack Vendor :wolfSSL I-CUBE-wolfSSL 5.8.2
2025-11-21 14:15:33,456 [INFO] ThirdParty:1030 - CMSIS Pack Vendor :STMicroelectronics X-CUBE-SMBUS 2.1.0
2025-11-21 14:15:33,456 [INFO] ThirdParty:1030 - CMSIS Pack Vendor :wolfSSL I-CUBE-wolfMQTT 1.19.2
2025-11-21 14:15:33,456 [INFO] ThirdParty:1030 - CMSIS Pack Vendor :STMicroelectronics USB_DEVICE 3.0.0
2025-11-21 14:15:33,456 [INFO] ThirdParty:1030 - CMSIS Pack Vendor :STMicroelectronics X-CUBE-ISPU 2.1.0
2025-11-21 14:15:33,456 [INFO] ThirdParty:1030 - CMSIS Pack Vendor :STMicroelectronics X-CUBE-FREERTOS 1.4.0
2025-11-21 14:15:33,456 [INFO] ThirdParty:1030 - CMSIS Pack Vendor :STMicroelectronics X-CUBE-IPS 3.2.0
2025-11-21 14:15:33,456 [INFO] ThirdParty:1030 - CMSIS Pack Vendor :STMicroelectronics X-CUBE-AZRTOS-WB 2.0.0
2025-11-21 14:15:33,456 [INFO] ThirdParty:1030 - CMSIS Pack Vendor :STMicroelectronics X-CUBE-ST60 1.0.0
2025-11-21 14:15:33,456 [INFO] ThirdParty:1030 - CMSIS Pack Vendor :STMicroelectronics X-CUBE-GNSS1 7.0.1
2025-11-21 14:15:33,456 [INFO] ThirdParty:1030 - CMSIS Pack Vendor :STMicroelectronics X-CUBE-NFC12 1.0.0
2025-11-21 14:15:33,456 [INFO] ThirdParty:1030 - CMSIS Pack Vendor :STMicroelectronics X-CUBE-AZRTOS-F7 1.1.0
2025-11-21 14:15:33,456 [INFO] ThirdParty:1030 - CMSIS Pack Vendor :STMicroelectronics X-CUBE-AZRTOS-L5 2.0.0
2025-11-21 14:15:33,456 [INFO] ThirdParty:1030 - CMSIS Pack Vendor :STMicroelectronics X-CUBE-TOUCHGFX 4.25.0
2025-11-21 14:15:33,456 [INFO] ThirdParty:1030 - CMSIS Pack Vendor :STMicroelectronics USB_DEVICE 2.0.0
2025-11-21 14:15:33,456 [INFO] ThirdParty:1030 - CMSIS Pack Vendor :STMicroelectronics X-CUBE-NFC6 3.1.0
2025-11-21 14:15:33,456 [INFO] ThirdParty:1030 - CMSIS Pack Vendor :STMicroelectronics X-CUBE-ST67W61 1.1.0
2025-11-21 14:15:33,456 [INFO] ThirdParty:1030 - CMSIS Pack Vendor :Cesanta I-CUBE-Mongoose 7.19.0
2025-11-21 14:15:33,456 [INFO] ThirdParty:1030 - CMSIS Pack Vendor :quantropi X-CUBE-qispace-sdk-base 2.1.0
2025-11-21 14:15:33,456 [INFO] ThirdParty:1030 - CMSIS Pack Vendor :STMicroelectronics X-CUBE-MEMS1 12.0.0
2025-11-21 14:15:33,456 [INFO] ThirdParty:1030 - CMSIS Pack Vendor :STMicroelectronics FP-SNS-MOTENV1 5.1.0
2025-11-21 14:15:33,456 [INFO] ThirdParty:1030 - CMSIS Pack Vendor :STMicroelectronics FreeRTOS 0.0.1
2025-11-21 14:15:33,456 [INFO] ThirdParty:1030 - CMSIS Pack Vendor :STMicroelectronics X-CUBE-AZRTOS-G0 1.1.0
2025-11-21 14:15:33,457 [INFO] ThirdParty:1030 - CMSIS Pack Vendor :STMicroelectronics X-CUBE-SAFEA1 1.2.2
2025-11-21 14:15:33,457 [INFO] ThirdParty:1030 - CMSIS Pack Vendor :STMicroelectronics X-CUBE-NFC4 3.0.0
2025-11-21 14:15:33,457 [INFO] ThirdParty:1030 - CMSIS Pack Vendor :STMicroelectronics X-CUBE-SUBG2 5.0.0
2025-11-21 14:15:33,457 [INFO] ThirdParty:1030 - CMSIS Pack Vendor :STMicroelectronics X-CUBE-AZRTOS-H7RS 1.1.0
2025-11-21 14:15:33,457 [INFO] ThirdParty:1030 - CMSIS Pack Vendor :STMicroelectronics STM32_WPAN 1.0.0
2025-11-21 14:15:33,457 [INFO] ThirdParty:1030 - CMSIS Pack Vendor :EmbeddedOffice I-CUBE-FS-RTOS 1.0.1
2025-11-21 14:15:33,457 [INFO] ThirdParty:1030 - CMSIS Pack Vendor :STMicroelectronics lwIP 2.0.3
2025-11-21 14:15:33,457 [INFO] ThirdParty:1030 - CMSIS Pack Vendor :WES I-CUBE-Cesium 1.4.0
2025-11-21 14:15:33,457 [INFO] ThirdParty:1030 - CMSIS Pack Vendor :STMicroelectronics USB_HOST 1.0.0
2025-11-21 14:15:33,457 [INFO] ThirdParty:1030 - CMSIS Pack Vendor :Infineon AIROC-Wi-Fi-Bluetooth-STM32 1.7.1
2025-11-21 14:15:33,457 [INFO] ThirdParty:1030 - CMSIS Pack Vendor :STMicroelectronics X-CUBE-AZRTOS-G4 2.0.0
2025-11-21 14:15:33,457 [INFO] ThirdParty:1030 - CMSIS Pack Vendor :STMicroelectronics X-CUBE-WB05N 2.0.0
2025-11-21 14:15:33,457 [INFO] ThirdParty:1030 - CMSIS Pack Vendor :STMicroelectronics PDM2PCM 3.1.0
2025-11-21 14:15:33,457 [INFO] ThirdParty:1030 - CMSIS Pack Vendor :STMicroelectronics PDM2PCM 3.3.0
2025-11-21 14:15:33,457 [INFO] ThirdParty:1030 - CMSIS Pack Vendor :wolfSSL I-CUBE-wolfTPM 3.8.0
2025-11-21 14:15:33,457 [INFO] ThirdParty:1030 - CMSIS Pack Vendor :STMicroelectronics X-CUBE-AZRTOS-H7 3.4.0
2025-11-21 14:15:33,457 [INFO] ThirdParty:1030 - CMSIS Pack Vendor :STMicroelectronics X-CUBE-DISPLAY 3.0.0
2025-11-21 14:15:33,457 [INFO] ThirdParty:1030 - CMSIS Pack Vendor :wolfSSL I-CUBE-wolfSSH 1.4.20
2025-11-21 14:15:33,457 [INFO] ThirdParty:1030 - CMSIS Pack Vendor :STMicroelectronics X-CUBE-NFC7 2.0.0
2025-11-21 14:15:33,457 [INFO] ThirdParty:1030 - CMSIS Pack Vendor :STMicroelectronics X-CUBE-TCPP 4.2.0
2025-11-21 14:15:33,457 [INFO] ThirdParty:1030 - CMSIS Pack Vendor :RealThread X-CUBE-RT-Thread_Nano 4.1.1
2025-11-21 14:15:33,457 [INFO] ThirdParty:1030 - CMSIS Pack Vendor :STMicroelectronics FP-ATR-SIGFOX1 3.2.0
2025-11-21 14:15:33,457 [INFO] ThirdParty:1030 - CMSIS Pack Vendor :STMicroelectronics X-CUBE-NFC10 1.0.0
2025-11-21 14:15:33,457 [INFO] ThirdParty:1030 - CMSIS Pack Vendor :STMicroelectronics X-CUBE-FREERTOS 1.3.1
2025-11-21 14:15:33,457 [INFO] ThirdParty:1030 - CMSIS Pack Vendor :STMicroelectronics HAL Drivers 0.0.0
2025-11-21 14:15:33,457 [INFO] ThirdParty:1030 - CMSIS Pack Vendor :STMicroelectronics MBEDTLS 2.16.2
2025-11-21 14:15:33,457 [INFO] ThirdParty:1030 - CMSIS Pack Vendor :STMicroelectronics X-CUBE-ST60 1.1.0
2025-11-21 14:15:33,457 [INFO] ThirdParty:1030 - CMSIS Pack Vendor :STMicroelectronics X-CUBE-IPS 3.1.0
2025-11-21 14:15:33,457 [INFO] ThirdParty:1030 - CMSIS Pack Vendor :emotas I-CUBE-CANOPEN 1.3.0
2025-11-21 14:15:33,457 [INFO] ThirdParty:1030 - CMSIS Pack Vendor :STMicroelectronics MBEDTLS 2.14.1
2025-11-21 14:15:33,457 [INFO] ThirdParty:1030 - CMSIS Pack Vendor :STMicroelectronics X-CUBE-GNSS1 7.1.0
2025-11-21 14:15:33,457 [INFO] ThirdParty:1030 - CMSIS Pack Vendor :ITTIA_DB I-CUBE-ITTIADB 8.9.0
2025-11-21 14:15:33,457 [INFO] ThirdParty:1030 - CMSIS Pack Vendor :STMicroelectronics X-CUBE-TOUCHGFX 4.26.0
2025-11-21 14:15:33,457 [INFO] ThirdParty:1030 - CMSIS Pack Vendor :STMicroelectronics X-CUBE-STSE01 1.0.0
2025-11-21 14:15:33,458 [INFO] ThirdParty:1030 - CMSIS Pack Vendor :STMicroelectronics X-CUBE-ST67W61 1.0.0
2025-11-21 14:15:33,458 [INFO] ThirdParty:1030 - CMSIS Pack Vendor :STMicroelectronics ThreadX 1.0.0
2025-11-21 14:15:33,458 [INFO] ThirdParty:1030 - CMSIS Pack Vendor :STMicroelectronics FP-SNS-SMARTAG2 1.2.0
2025-11-21 14:15:33,458 [INFO] ThirdParty:1030 - CMSIS Pack Vendor :STMicroelectronics X-CUBE-AZRTOS-WL 2.0.0
2025-11-21 14:15:33,458 [INFO] ThirdParty:1030 - CMSIS Pack Vendor :SEGGER I-CUBE-embOS 1.3.1
2025-11-21 14:15:33,458 [INFO] ThirdParty:1030 - CMSIS Pack Vendor :STMicroelectronics X-CUBE-ALGOBUILD 1.4.0
2025-11-21 14:15:33,458 [INFO] ThirdParty:1030 - CMSIS Pack Vendor :STMicroelectronics X-CUBE-MEMS1 11.3.0
2025-11-21 14:15:33,458 [INFO] ThirdParty:1030 - CMSIS Pack Vendor :STMicroelectronics FP-SNS-MOTENV1 5.0.0
2025-11-21 14:15:33,458 [INFO] ThirdParty:1030 - CMSIS Pack Vendor :STMicroelectronics USB_DEVICE 1.0.0
2025-11-21 14:15:33,458 [INFO] ThirdParty:1030 - CMSIS Pack Vendor :STMicroelectronics X-CUBE-AZRTOS-H7RS 1.2.0
2025-11-21 14:15:33,458 [INFO] ThirdParty:1030 - CMSIS Pack Vendor :STMicroelectronics X-CUBE-AZRTOS-L4 2.0.0
2025-11-21 14:15:33,458 [INFO] ThirdParty:1030 - CMSIS Pack Vendor :STMicroelectronics ThreadX 0.0.2
2025-11-21 14:15:33,458 [INFO] ThirdParty:1030 - CMSIS Pack Vendor :STMicroelectronics lwIP 2.1.2
2025-11-21 14:15:33,458 [INFO] ThirdParty:1030 - CMSIS Pack Vendor :STMicroelectronics X-CUBE-SFXS2LP1 4.0.0
2025-11-21 14:15:33,458 [INFO] ThirdParty:1030 - CMSIS Pack Vendor :STMicroelectronics X-CUBE-BLE2 3.3.0
2025-11-21 14:15:33,458 [INFO] ThirdParty:1030 - CMSIS Pack Vendor :Avnet-IOTCONNECT X-CUBE-iotc-st67-sdk 1.0.0
2025-11-21 14:15:33,458 [INFO] ThirdParty:1030 - CMSIS Pack Vendor :STMicroelectronics X-CUBE-TOF1 3.4.3
2025-11-21 14:15:33,458 [INFO] ThirdParty:1030 - CMSIS Pack Vendor :STMicroelectronics PDM2PCM 3.2.0
2025-11-21 14:15:33,458 [INFO] ThirdParty:841 - exiting critical section [change project]
2025-11-21 14:15:33,827 [INFO] PinOutPanel:1589 - setPackage(No Configuration,No Configuration)
2025-11-21 14:15:33,828 [INFO] PinOutPanel:1589 - setPackage(STM32F767ZITx,LQFP144)
2025-11-21 14:15:34,295 [INFO] UtilMem:75 - Before build in PCC Used Memory: 777020736 Bytes (1073741824)
2025-11-21 14:15:34,624 [INFO] UtilMem:75 - After build in PCC Used Memory: 828923200 Bytes (1073741824)
2025-11-21 14:15:34,655 [INFO] IPUIPlugin:80 - create IPUIPlugin
2025-11-21 14:15:34,655 [INFO] IPUIPlugin:80 - create IPUIPlugin
2025-11-21 14:15:34,655 [INFO] IPUIPlugin:80 - create IPUIPlugin
2025-11-21 14:15:34,655 [INFO] IPUIPlugin:80 - create IPUIPlugin
2025-11-21 14:15:34,655 [INFO] IPUIPlugin:80 - create IPUIPlugin
2025-11-21 14:15:34,655 [INFO] IPUIPlugin:80 - create IPUIPlugin
2025-11-21 14:15:34,655 [INFO] IPUIPlugin:80 - create IPUIPlugin
2025-11-21 14:15:34,655 [INFO] IPUIPlugin:80 - create IPUIPlugin
2025-11-21 14:15:34,655 [INFO] IPUIPlugin:80 - create IPUIPlugin
2025-11-21 14:15:34,655 [INFO] IPUIPlugin:80 - create IPUIPlugin
2025-11-21 14:15:34,655 [INFO] IPUIPlugin:80 - create IPUIPlugin
2025-11-21 14:15:34,655 [INFO] IPUIPlugin:80 - create IPUIPlugin
2025-11-21 14:15:34,655 [INFO] IPUIPlugin:80 - create IPUIPlugin
2025-11-21 14:15:34,656 [INFO] IPUIPlugin:80 - create IPUIPlugin
2025-11-21 14:15:34,656 [INFO] IPUIPlugin:80 - create IPUIPlugin
2025-11-21 14:15:34,656 [INFO] IPUIPlugin:80 - create IPUIPlugin
2025-11-21 14:15:34,656 [INFO] IPUIPlugin:80 - create IPUIPlugin
2025-11-21 14:15:34,656 [INFO] IPUIPlugin:80 - create IPUIPlugin
2025-11-21 14:15:34,656 [INFO] IPUIPlugin:80 - create IPUIPlugin
2025-11-21 14:15:34,656 [INFO] IPUIPlugin:80 - create IPUIPlugin
2025-11-21 14:15:34,656 [INFO] IPUIPlugin:80 - create IPUIPlugin
2025-11-21 14:15:34,656 [INFO] IPUIPlugin:80 - create IPUIPlugin
2025-11-21 14:15:34,656 [INFO] IPUIPlugin:80 - create IPUIPlugin
2025-11-21 14:15:34,656 [INFO] IPUIPlugin:80 - create IPUIPlugin
2025-11-21 14:15:34,656 [INFO] IPUIPlugin:80 - create IPUIPlugin
2025-11-21 14:15:34,657 [INFO] IPUIPlugin:80 - create IPUIPlugin
2025-11-21 14:15:34,657 [INFO] IPUIPlugin:80 - create IPUIPlugin
2025-11-21 14:15:34,657 [INFO] IPUIPlugin:80 - create IPUIPlugin
2025-11-21 14:15:34,657 [INFO] IPUIPlugin:80 - create IPUIPlugin
2025-11-21 14:15:34,658 [INFO] IPUIPlugin:80 - create IPUIPlugin
2025-11-21 14:15:34,658 [INFO] IPUIPlugin:80 - create IPUIPlugin
2025-11-21 14:15:34,658 [INFO] IPUIPlugin:80 - create IPUIPlugin
2025-11-21 14:15:34,658 [INFO] IPUIPlugin:80 - create IPUIPlugin
2025-11-21 14:15:34,658 [INFO] IPUIPlugin:80 - create IPUIPlugin
2025-11-21 14:15:34,658 [INFO] IPUIPlugin:80 - create IPUIPlugin
2025-11-21 14:15:34,658 [INFO] IPUIPlugin:80 - create IPUIPlugin
2025-11-21 14:15:34,659 [INFO] IPUIPlugin:80 - create IPUIPlugin
2025-11-21 14:15:34,659 [INFO] IPUIPlugin:80 - create IPUIPlugin
2025-11-21 14:15:34,659 [INFO] IPUIPlugin:80 - create IPUIPlugin
2025-11-21 14:15:34,659 [INFO] IPUIPlugin:80 - create IPUIPlugin
2025-11-21 14:15:34,659 [INFO] IPUIPlugin:80 - create IPUIPlugin
2025-11-21 14:15:34,659 [INFO] IPUIPlugin:80 - create IPUIPlugin
2025-11-21 14:15:34,659 [INFO] IPUIPlugin:80 - create IPUIPlugin
2025-11-21 14:15:34,659 [INFO] IPUIPlugin:80 - create IPUIPlugin
2025-11-21 14:15:34,660 [INFO] IPUIPlugin:80 - create IPUIPlugin
2025-11-21 14:15:34,660 [INFO] IPUIPlugin:80 - create IPUIPlugin
2025-11-21 14:15:34,660 [INFO] IPUIPlugin:80 - create IPUIPlugin
2025-11-21 14:15:34,660 [INFO] IPUIPlugin:80 - create IPUIPlugin
2025-11-21 14:15:34,660 [INFO] IPUIPlugin:80 - create IPUIPlugin
2025-11-21 14:15:34,660 [INFO] IPUIPlugin:80 - create IPUIPlugin
2025-11-21 14:15:34,660 [INFO] IPUIPlugin:80 - create IPUIPlugin
2025-11-21 14:15:34,661 [INFO] IPUIPlugin:80 - create IPUIPlugin
2025-11-21 14:15:34,661 [INFO] IPUIPlugin:80 - create IPUIPlugin
2025-11-21 14:15:34,661 [INFO] IPUIPlugin:80 - create IPUIPlugin
2025-11-21 14:15:34,661 [INFO] IPUIPlugin:80 - create IPUIPlugin
2025-11-21 14:15:34,661 [INFO] IPUIPlugin:80 - create IPUIPlugin
2025-11-21 14:15:34,661 [INFO] IPUIPlugin:80 - create IPUIPlugin
2025-11-21 14:15:34,661 [INFO] IPUIPlugin:80 - create IPUIPlugin
2025-11-21 14:15:34,661 [INFO] IPUIPlugin:80 - create IPUIPlugin
2025-11-21 14:15:34,662 [INFO] IPUIPlugin:80 - create IPUIPlugin
2025-11-21 14:15:34,662 [INFO] IPUIPlugin:80 - create IPUIPlugin
2025-11-21 14:15:34,662 [INFO] IPUIPlugin:80 - create IPUIPlugin
2025-11-21 14:15:34,662 [INFO] IPUIPlugin:80 - create IPUIPlugin
2025-11-21 14:15:34,662 [INFO] IPUIPlugin:80 - create IPUIPlugin
2025-11-21 14:15:34,662 [INFO] IPUIPlugin:80 - create IPUIPlugin
2025-11-21 14:15:34,662 [INFO] IPUIPlugin:80 - create IPUIPlugin
2025-11-21 14:15:34,663 [INFO] IPUIPlugin:80 - create IPUIPlugin
2025-11-21 14:15:34,663 [INFO] IPUIPlugin:80 - create IPUIPlugin
2025-11-21 14:15:34,663 [INFO] IPUIPlugin:80 - create IPUIPlugin
2025-11-21 14:15:34,663 [INFO] IPUIPlugin:80 - create IPUIPlugin
2025-11-21 14:15:34,663 [INFO] IPUIPlugin:80 - create IPUIPlugin
2025-11-21 14:15:34,664 [INFO] IPUIPlugin:80 - create IPUIPlugin
2025-11-21 14:15:34,664 [INFO] IPUIPlugin:80 - create IPUIPlugin
2025-11-21 14:15:34,664 [INFO] IPUIPlugin:80 - create IPUIPlugin
2025-11-21 14:15:34,664 [INFO] IPUIPlugin:80 - create IPUIPlugin
2025-11-21 14:15:34,664 [INFO] IPUIPlugin:80 - create IPUIPlugin
2025-11-21 14:15:34,665 [INFO] IPUIPlugin:80 - create IPUIPlugin
2025-11-21 14:15:34,665 [INFO] IPUIPlugin:80 - create IPUIPlugin
2025-11-21 14:15:34,665 [INFO] IPUIPlugin:80 - create IPUIPlugin
2025-11-21 14:15:34,676 [INFO] ApiDbMcu:532 - Load IP Config File for PDM2PCM
2025-11-21 14:15:34,705 [INFO] CADModel:165 - CPN selected for project levelSTM32F767ZIT6
2025-11-21 14:15:34,705 [INFO] CADModel:114 - Register for checkConnection events
2025-11-21 14:15:34,769 [INFO] OpenFileManager:386 - Restore cursor
2025-11-21 14:15:35,461 [INFO] UtilMem:75 - End SaveConfig() Used Memory: 738100088 Bytes (1073741824)
2025-11-21 14:15:35,551 [INFO] UtilMem:75 - End SaveConfig() Used Memory: 769552672 Bytes (1073741824)
2025-11-21 14:15:36,042 [INFO] BlockDiagram:2775 - set Specific Code input for plugin: RCC
2025-11-21 14:15:36,042 [INFO] BlockDiagram:2775 - set Specific Code input for plugin: NVIC
2025-11-21 14:15:36,042 [INFO] BlockDiagram:2775 - set Specific Code input for plugin: CORTEX_M7
2025-11-21 14:15:36,044 [INFO] CodeGenerator:892 - code generatio: config db path: C:\ST\STM32CubeIDE_1.14.1\STM32CubeIDE\plugins\com.st.stm32cube.common.mx_6.15.0.202507011659\\db\
2025-11-21 14:15:36,165 [INFO] CodeEngine:265 - oldGeneratedFile, C:\Users\chris\STM32CubeIDE\workspace_1.14.1\ngcp_ugv_controls_mcu_\MXTmpFiles\license.tmp_save
2025-11-21 14:15:36,531 [INFO] CodeEngine:289 - Generated code: C:\Users\chris\STM32CubeIDE\workspace_1.14.1\ngcp_ugv_controls_mcu_\MXTmpFiles\license.tmp
2025-11-21 14:15:36,645 [INFO] CodeEngine:265 - oldGeneratedFile, C:\Users\chris\STM32CubeIDE\workspace_1.14.1\ngcp_ugv_controls_mcu_\MXTmpFiles\cortex.tmp_save
2025-11-21 14:15:36,794 [INFO] CodeEngine:289 - Generated code: C:\Users\chris\STM32CubeIDE\workspace_1.14.1\ngcp_ugv_controls_mcu_\MXTmpFiles\cortex.tmp
2025-11-21 14:15:36,808 [INFO] CodeEngine:265 - oldGeneratedFile, C:\Users\chris\STM32CubeIDE\workspace_1.14.1\ngcp_ugv_controls_mcu_\Core\Src\stm32f7xx_it.c_save
2025-11-21 14:15:36,968 [INFO] CodeEngine:289 - Generated code: C:\Users\chris\STM32CubeIDE\workspace_1.14.1\ngcp_ugv_controls_mcu_\Core\Src\stm32f7xx_it.c
2025-11-21 14:15:36,975 [INFO] CodeEngine:265 - oldGeneratedFile, C:\Users\chris\STM32CubeIDE\workspace_1.14.1\ngcp_ugv_controls_mcu_\Core\Inc\stm32f7xx_it.h_save
2025-11-21 14:15:37,069 [INFO] CodeEngine:289 - Generated code: C:\Users\chris\STM32CubeIDE\workspace_1.14.1\ngcp_ugv_controls_mcu_\Core\Inc\stm32f7xx_it.h
2025-11-21 14:15:37,116 [INFO] CodeEngine:265 - oldGeneratedFile, C:\Users\chris\STM32CubeIDE\workspace_1.14.1\ngcp_ugv_controls_mcu_\Core\Src\stm32f7xx_hal_msp.c_save
2025-11-21 14:15:37,249 [INFO] CodeEngine:289 - Generated code: C:\Users\chris\STM32CubeIDE\workspace_1.14.1\ngcp_ugv_controls_mcu_\Core\Src\stm32f7xx_hal_msp.c
2025-11-21 14:15:37,255 [INFO] CodeEngine:265 - oldGeneratedFile, C:\Users\chris\STM32CubeIDE\workspace_1.14.1\ngcp_ugv_controls_mcu_\MXTmpFiles\system.tmp_save
2025-11-21 14:15:37,372 [INFO] CodeEngine:289 - Generated code: C:\Users\chris\STM32CubeIDE\workspace_1.14.1\ngcp_ugv_controls_mcu_\MXTmpFiles\system.tmp
2025-11-21 14:15:37,389 [INFO] CodeEngine:321 - oldGeneratedFile, C:\Users\chris\STM32CubeIDE\workspace_1.14.1\ngcp_ugv_controls_mcu_\Core\Inc\stm32f7xx_hal_conf.h_save
2025-11-21 14:15:37,484 [INFO] CodeEngine:345 - Generated code: C:\Users\chris\STM32CubeIDE\workspace_1.14.1\ngcp_ugv_controls_mcu_\Core\Inc\stm32f7xx_hal_conf.h
2025-11-21 14:15:37,543 [INFO] ApiDbMcu:532 - Load IP Config File for RCC
2025-11-21 14:15:37,554 [INFO] CodeEngine:265 - oldGeneratedFile, C:\Users\chris\STM32CubeIDE\workspace_1.14.1\ngcp_ugv_controls_mcu_\Core\Inc\main.h_save
2025-11-21 14:15:37,675 [INFO] CodeEngine:289 - Generated code: C:\Users\chris\STM32CubeIDE\workspace_1.14.1\ngcp_ugv_controls_mcu_\Core\Inc\main.h
2025-11-21 14:15:37,681 [INFO] CodeEngine:265 - oldGeneratedFile, C:\Users\chris\STM32CubeIDE\workspace_1.14.1\ngcp_ugv_controls_mcu_\Core\Src\main.c_save
2025-11-21 14:15:37,821 [INFO] CodeEngine:289 - Generated code: C:\Users\chris\STM32CubeIDE\workspace_1.14.1\ngcp_ugv_controls_mcu_\Core\Src\main.c
2025-11-21 14:15:38,288 [INFO] ProjectBuilder:3606 - Time for Copy HAL[1] : 237mS.
2025-11-21 14:15:38,302 [INFO] ProjectBuilder:5216 - Project Generator version: 4.7.0-B52
2025-11-21 14:15:38,407 [INFO] ConfigFileManager:1595 - The Die is : DIE451
2025-11-21 14:15:38,416 [INFO] ApiDbMcu:532 - Load IP Config File for FATFS
2025-11-21 14:15:38,424 [INFO] ApiDbMcu:532 - Load IP Config File for FREERTOS
2025-11-21 14:15:38,427 [INFO] ApiDbMcu:532 - Load IP Config File for LIBJPEG
2025-11-21 14:15:38,432 [INFO] ApiDbMcu:532 - Load IP Config File for LWIP
2025-11-21 14:15:38,438 [INFO] ApiDbMcu:532 - Load IP Config File for MBEDTLS
2025-11-21 14:15:38,447 [INFO] ApiDbMcu:532 - Load IP Config File for USB_DEVICE
2025-11-21 14:15:38,453 [INFO] ApiDbMcu:532 - Load IP Config File for USB_HOST
2025-11-21 14:15:38,931 [INFO] LogOutputStream:77 - [STDOUT_REDIRECT] 
2025-11-21 14:15:42,173 [INFO] ProjectBuilder:5496 - Time for Generating toolchain IDE Files: 3869mS.
2025-11-21 14:15:42,174 [INFO] ProjectBuilder:3463 - Time for Copy CMSIS : 0mS.
2025-11-21 14:15:42,176 [INFO] ProjectBuilder:3463 - Time for Copy CMSIS : 0mS.
2025-11-21 14:15:43,336 [INFO] McuFinderGlobals:76 - Set McuFinderConnectedMode to true
2025-11-21 14:15:43,341 [INFO] ApiDb:448 - Save user favorites file C:\Users\chris/.stm32cubeide/favorites.mcus.txt: 0 item(s)
2025-11-21 14:15:43,342 [INFO] ApiDb:452 - User favorites MCUs=[]
2025-11-21 14:38:06,283 [INFO] UtilMem:75 - End SaveConfig() Used Memory: 912688696 Bytes (1073741824)
2025-11-21 14:38:06,414 [INFO] UtilMem:75 - End SaveConfig() Used Memory: 943091024 Bytes (1073741824)
2025-11-21 14:38:07,927 [INFO] UtilMem:75 - End SaveConfig() Used Memory: 772678544 Bytes (1073741824)
2025-11-21 14:38:08,592 [INFO] BlockDiagram:2775 - set Specific Code input for plugin: TIM1_8F77
2025-11-21 14:38:08,592 [INFO] BlockDiagram:2775 - set Specific Code input for plugin: TIM1_8F77
2025-11-21 14:38:08,592 [INFO] BlockDiagram:2775 - set Specific Code input for plugin: SYS
2025-11-21 14:38:08,592 [INFO] BlockDiagram:2775 - set Specific Code input for plugin: RCC
2025-11-21 14:38:08,592 [INFO] BlockDiagram:2775 - set Specific Code input for plugin: NVIC
2025-11-21 14:38:08,592 [INFO] BlockDiagram:2775 - set Specific Code input for plugin: USART
2025-11-21 14:38:08,592 [INFO] BlockDiagram:2775 - set Specific Code input for plugin: TIM1_8F77
2025-11-21 14:38:08,592 [INFO] BlockDiagram:2775 - set Specific Code input for plugin: TIM1_8F77
2025-11-21 14:38:08,592 [INFO] BlockDiagram:2775 - set Specific Code input for plugin: CORTEX_M7
2025-11-21 14:38:08,592 [INFO] BlockDiagram:2775 - set Specific Code input for plugin: TIM1_8F77
2025-11-21 14:38:08,592 [INFO] BlockDiagram:2775 - set Specific Code input for plugin: UART
2025-11-21 14:38:08,592 [INFO] BlockDiagram:2775 - set Specific Code input for plugin: UART
2025-11-21 14:38:08,592 [INFO] BlockDiagram:2775 - set Specific Code input for plugin: UART
2025-11-21 14:38:08,593 [INFO] BlockDiagram:2775 - set Specific Code input for plugin: GPIO
2025-11-21 14:38:08,594 [INFO] CodeGenerator:892 - code generatio: config db path: C:\ST\STM32CubeIDE_1.14.1\STM32CubeIDE\plugins\com.st.stm32cube.common.mx_6.15.0.202507011659\\db\
2025-11-21 14:38:08,750 [INFO] CodeEngine:265 - oldGeneratedFile, C:\Users\chris\STM32CubeIDE\workspace_1.14.1\ngcp_ugv_controls_mcu_\MXTmpFiles\license.tmp_save
2025-11-21 14:38:09,006 [INFO] CodeEngine:289 - Generated code: C:\Users\chris\STM32CubeIDE\workspace_1.14.1\ngcp_ugv_controls_mcu_\MXTmpFiles\license.tmp
2025-11-21 14:38:09,082 [INFO] CodeEngine:265 - oldGeneratedFile, C:\Users\chris\STM32CubeIDE\workspace_1.14.1\ngcp_ugv_controls_mcu_\MXTmpFiles\gpio.tmp_save
2025-11-21 14:38:09,220 [INFO] CodeEngine:289 - Generated code: C:\Users\chris\STM32CubeIDE\workspace_1.14.1\ngcp_ugv_controls_mcu_\MXTmpFiles\gpio.tmp
2025-11-21 14:38:10,011 [INFO] CodeEngine:265 - oldGeneratedFile, C:\Users\chris\STM32CubeIDE\workspace_1.14.1\ngcp_ugv_controls_mcu_\MXTmpFiles\cortex.tmp_save
2025-11-21 14:38:10,128 [INFO] CodeEngine:289 - Generated code: C:\Users\chris\STM32CubeIDE\workspace_1.14.1\ngcp_ugv_controls_mcu_\MXTmpFiles\cortex.tmp
2025-11-21 14:38:10,146 [INFO] CodeEngine:265 - oldGeneratedFile, C:\Users\chris\STM32CubeIDE\workspace_1.14.1\ngcp_ugv_controls_mcu_\Core\Src\stm32f7xx_it.c_save
2025-11-21 14:38:10,373 [INFO] CodeEngine:289 - Generated code: C:\Users\chris\STM32CubeIDE\workspace_1.14.1\ngcp_ugv_controls_mcu_\Core\Src\stm32f7xx_it.c
2025-11-21 14:38:10,382 [INFO] CodeEngine:265 - oldGeneratedFile, C:\Users\chris\STM32CubeIDE\workspace_1.14.1\ngcp_ugv_controls_mcu_\Core\Inc\stm32f7xx_it.h_save
2025-11-21 14:38:10,445 [INFO] CodeEngine:289 - Generated code: C:\Users\chris\STM32CubeIDE\workspace_1.14.1\ngcp_ugv_controls_mcu_\Core\Inc\stm32f7xx_it.h
2025-11-21 14:38:10,465 [INFO] CodeEngine:265 - oldGeneratedFile, C:\Users\chris\STM32CubeIDE\workspace_1.14.1\ngcp_ugv_controls_mcu_\Core\Src\stm32f7xx_hal_msp.c_save
2025-11-21 14:38:10,639 [INFO] CodeEngine:289 - Generated code: C:\Users\chris\STM32CubeIDE\workspace_1.14.1\ngcp_ugv_controls_mcu_\Core\Src\stm32f7xx_hal_msp.c
2025-11-21 14:38:10,646 [INFO] CodeEngine:265 - oldGeneratedFile, C:\Users\chris\STM32CubeIDE\workspace_1.14.1\ngcp_ugv_controls_mcu_\MXTmpFiles\system.tmp_save
2025-11-21 14:38:10,716 [INFO] CodeEngine:289 - Generated code: C:\Users\chris\STM32CubeIDE\workspace_1.14.1\ngcp_ugv_controls_mcu_\MXTmpFiles\system.tmp
2025-11-21 14:38:10,730 [INFO] CodeEngine:321 - oldGeneratedFile, C:\Users\chris\STM32CubeIDE\workspace_1.14.1\ngcp_ugv_controls_mcu_\Core\Inc\stm32f7xx_hal_conf.h_save
2025-11-21 14:38:10,806 [INFO] CodeEngine:345 - Generated code: C:\Users\chris\STM32CubeIDE\workspace_1.14.1\ngcp_ugv_controls_mcu_\Core\Inc\stm32f7xx_hal_conf.h
2025-11-21 14:38:10,843 [INFO] ApiDbMcu:532 - Load IP Config File for TIM3
2025-11-21 14:38:10,852 [INFO] ApiDbMcu:532 - Load IP Config File for TIM4
2025-11-21 14:38:10,871 [INFO] ApiDbMcu:532 - Load IP Config File for TIM10
2025-11-21 14:38:10,884 [INFO] ApiDbMcu:532 - Load IP Config File for TIM11
2025-11-21 14:38:10,896 [INFO] ApiDbMcu:532 - Load IP Config File for TIM13
2025-11-21 14:38:10,905 [INFO] ApiDbMcu:532 - Load IP Config File for UART4
2025-11-21 14:38:10,916 [INFO] ApiDbMcu:532 - Load IP Config File for UART5
2025-11-21 14:38:10,922 [INFO] ApiDbMcu:532 - Load IP Config File for UART7
2025-11-21 14:38:10,928 [INFO] ApiDbMcu:532 - Load IP Config File for USART2
2025-11-21 14:38:10,930 [WARN] IPConfigManager:3811 - IP not found : TIM
2025-11-21 14:38:10,931 [WARN] CodeGenerator:4259 - IP not found : null
2025-11-21 14:38:10,940 [INFO] CodeEngine:265 - oldGeneratedFile, C:\Users\chris\STM32CubeIDE\workspace_1.14.1\ngcp_ugv_controls_mcu_\Core\Inc\main.h_save
2025-11-21 14:38:11,087 [INFO] CodeEngine:289 - Generated code: C:\Users\chris\STM32CubeIDE\workspace_1.14.1\ngcp_ugv_controls_mcu_\Core\Inc\main.h
2025-11-21 14:38:11,102 [INFO] CodeEngine:265 - oldGeneratedFile, C:\Users\chris\STM32CubeIDE\workspace_1.14.1\ngcp_ugv_controls_mcu_\Core\Src\main.c_save
2025-11-21 14:38:11,373 [INFO] CodeEngine:289 - Generated code: C:\Users\chris\STM32CubeIDE\workspace_1.14.1\ngcp_ugv_controls_mcu_\Core\Src\main.c
2025-11-21 14:38:11,715 [INFO] ProjectBuilder:3606 - Time for Copy HAL[1] : 163mS.
2025-11-21 14:38:11,718 [INFO] ProjectBuilder:5216 - Project Generator version: 4.7.0-B52
2025-11-21 14:38:11,799 [INFO] ConfigFileManager:1595 - The Die is : DIE451
2025-11-21 14:38:13,093 [INFO] ProjectBuilder:5496 - Time for Generating toolchain IDE Files: 1375mS.
2025-11-21 14:38:13,094 [INFO] ProjectBuilder:3463 - Time for Copy CMSIS : 1mS.
2025-11-21 14:38:13,097 [INFO] ProjectBuilder:3463 - Time for Copy CMSIS : 0mS.
2025-11-21 14:39:08,633 [WARN] IP:2250 - Warning not found: check if there is a RefParameter without a condition.
2025-11-21 14:39:08,633 [WARN] IP:2250 - RxBufferAddress not found: check if there is a RefParameter without a condition.
2025-11-21 14:39:08,633 [WARN] IP:2250 - DESC_SIZE_UNIT not found: check if there is a RefParameter without a condition.
2025-11-21 14:39:08,634 [WARN] IP:2250 - Warning not found: check if there is a RefParameter without a condition.
2025-11-21 14:39:08,634 [WARN] IP:2250 - RxBufferAddress not found: check if there is a RefParameter without a condition.
2025-11-21 14:39:08,634 [WARN] IP:2250 - DESC_SIZE_UNIT not found: check if there is a RefParameter without a condition.
2025-11-21 14:39:08,782 [WARN] IP:2250 - Warning not found: check if there is a RefParameter without a condition.
2025-11-21 14:39:08,783 [WARN] IP:2250 - RxBufferAddress not found: check if there is a RefParameter without a condition.
2025-11-21 14:39:08,783 [WARN] IP:2250 - DESC_SIZE_UNIT not found: check if there is a RefParameter without a condition.
2025-11-21 14:39:27,192 [INFO] UtilMem:75 - End SaveConfig() Used Memory: 933831112 Bytes (1073741824)
2025-11-21 14:39:27,286 [INFO] UtilMem:75 - End SaveConfig() Used Memory: 979968456 Bytes (1073741824)
2025-11-21 14:39:27,914 [INFO] UtilMem:75 - End SaveConfig() Used Memory: 716842272 Bytes (1073741824)
2025-11-21 14:39:28,048 [INFO] ProjectBuilder:2380 - IP not ready for code generation: Clock
2025-11-21 14:39:31,872 [INFO] BlockDiagram:2775 - set Specific Code input for plugin: TIM1_8F77
2025-11-21 14:39:31,872 [INFO] BlockDiagram:2775 - set Specific Code input for plugin: TIM1_8F77
2025-11-21 14:39:31,872 [INFO] BlockDiagram:2775 - set Specific Code input for plugin: SYS
2025-11-21 14:39:31,872 [INFO] BlockDiagram:2775 - set Specific Code input for plugin: RCC
2025-11-21 14:39:31,872 [INFO] BlockDiagram:2775 - set Specific Code input for plugin: NVIC
2025-11-21 14:39:31,873 [INFO] BlockDiagram:2775 - set Specific Code input for plugin: USART
2025-11-21 14:39:31,873 [INFO] BlockDiagram:2775 - set Specific Code input for plugin: TIM1_8F77
2025-11-21 14:39:31,873 [INFO] BlockDiagram:2775 - set Specific Code input for plugin: TIM1_8F77
2025-11-21 14:39:31,873 [INFO] BlockDiagram:2775 - set Specific Code input for plugin: CORTEX_M7
2025-11-21 14:39:31,873 [INFO] BlockDiagram:2775 - set Specific Code input for plugin: TIM1_8F77
2025-11-21 14:39:31,873 [INFO] BlockDiagram:2775 - set Specific Code input for plugin: UART
2025-11-21 14:39:31,873 [INFO] BlockDiagram:2775 - set Specific Code input for plugin: UART
2025-11-21 14:39:31,873 [INFO] BlockDiagram:2775 - set Specific Code input for plugin: UART
2025-11-21 14:39:31,873 [INFO] BlockDiagram:2775 - set Specific Code input for plugin: GPIO
2025-11-21 14:39:31,873 [INFO] BlockDiagram:2775 - set Specific Code input for plugin: ETH
2025-11-21 14:39:31,874 [INFO] CodeGenerator:892 - code generatio: config db path: C:\ST\STM32CubeIDE_1.14.1\STM32CubeIDE\plugins\com.st.stm32cube.common.mx_6.15.0.202507011659\\db\
2025-11-21 14:39:31,877 [WARN] IP:2250 - Warning not found: check if there is a RefParameter without a condition.
2025-11-21 14:39:31,877 [WARN] IP:2250 - RxBufferAddress not found: check if there is a RefParameter without a condition.
2025-11-21 14:39:31,877 [WARN] IP:2250 - DESC_SIZE_UNIT not found: check if there is a RefParameter without a condition.
2025-11-21 14:39:31,977 [INFO] CodeEngine:265 - oldGeneratedFile, C:\Users\chris\STM32CubeIDE\workspace_1.14.1\ngcp_ugv_controls_mcu_\MXTmpFiles\license.tmp_save
2025-11-21 14:39:32,022 [INFO] CodeEngine:289 - Generated code: C:\Users\chris\STM32CubeIDE\workspace_1.14.1\ngcp_ugv_controls_mcu_\MXTmpFiles\license.tmp
2025-11-21 14:39:32,104 [INFO] CodeEngine:265 - oldGeneratedFile, C:\Users\chris\STM32CubeIDE\workspace_1.14.1\ngcp_ugv_controls_mcu_\MXTmpFiles\gpio.tmp_save
2025-11-21 14:39:32,167 [INFO] CodeEngine:289 - Generated code: C:\Users\chris\STM32CubeIDE\workspace_1.14.1\ngcp_ugv_controls_mcu_\MXTmpFiles\gpio.tmp
2025-11-21 14:39:33,118 [INFO] CodeEngine:265 - oldGeneratedFile, C:\Users\chris\STM32CubeIDE\workspace_1.14.1\ngcp_ugv_controls_mcu_\MXTmpFiles\cortex.tmp_save
2025-11-21 14:39:33,187 [INFO] CodeEngine:289 - Generated code: C:\Users\chris\STM32CubeIDE\workspace_1.14.1\ngcp_ugv_controls_mcu_\MXTmpFiles\cortex.tmp
2025-11-21 14:39:33,209 [INFO] CodeEngine:265 - oldGeneratedFile, C:\Users\chris\STM32CubeIDE\workspace_1.14.1\ngcp_ugv_controls_mcu_\Core\Src\stm32f7xx_it.c_save
2025-11-21 14:39:33,284 [INFO] CodeEngine:289 - Generated code: C:\Users\chris\STM32CubeIDE\workspace_1.14.1\ngcp_ugv_controls_mcu_\Core\Src\stm32f7xx_it.c
2025-11-21 14:39:33,295 [INFO] CodeEngine:265 - oldGeneratedFile, C:\Users\chris\STM32CubeIDE\workspace_1.14.1\ngcp_ugv_controls_mcu_\Core\Inc\stm32f7xx_it.h_save
2025-11-21 14:39:33,366 [INFO] CodeEngine:289 - Generated code: C:\Users\chris\STM32CubeIDE\workspace_1.14.1\ngcp_ugv_controls_mcu_\Core\Inc\stm32f7xx_it.h
2025-11-21 14:39:33,385 [INFO] CodeEngine:265 - oldGeneratedFile, C:\Users\chris\STM32CubeIDE\workspace_1.14.1\ngcp_ugv_controls_mcu_\Core\Src\stm32f7xx_hal_msp.c_save
2025-11-21 14:39:33,533 [INFO] CodeEngine:289 - Generated code: C:\Users\chris\STM32CubeIDE\workspace_1.14.1\ngcp_ugv_controls_mcu_\Core\Src\stm32f7xx_hal_msp.c
2025-11-21 14:39:33,538 [INFO] CodeEngine:265 - oldGeneratedFile, C:\Users\chris\STM32CubeIDE\workspace_1.14.1\ngcp_ugv_controls_mcu_\MXTmpFiles\system.tmp_save
2025-11-21 14:39:33,589 [INFO] CodeEngine:289 - Generated code: C:\Users\chris\STM32CubeIDE\workspace_1.14.1\ngcp_ugv_controls_mcu_\MXTmpFiles\system.tmp
2025-11-21 14:39:33,609 [INFO] CodeEngine:321 - oldGeneratedFile, C:\Users\chris\STM32CubeIDE\workspace_1.14.1\ngcp_ugv_controls_mcu_\Core\Inc\stm32f7xx_hal_conf.h_save
2025-11-21 14:39:33,659 [INFO] CodeEngine:345 - Generated code: C:\Users\chris\STM32CubeIDE\workspace_1.14.1\ngcp_ugv_controls_mcu_\Core\Inc\stm32f7xx_hal_conf.h
2025-11-21 14:39:33,692 [INFO] ApiDbMcu:532 - Load IP Config File for ETH
2025-11-21 14:39:33,694 [WARN] IPConfigManager:3811 - IP not found : TIM
2025-11-21 14:39:33,695 [WARN] CodeGenerator:4259 - IP not found : null
2025-11-21 14:39:33,705 [INFO] CodeEngine:265 - oldGeneratedFile, C:\Users\chris\STM32CubeIDE\workspace_1.14.1\ngcp_ugv_controls_mcu_\Core\Inc\main.h_save
2025-11-21 14:39:33,774 [INFO] CodeEngine:289 - Generated code: C:\Users\chris\STM32CubeIDE\workspace_1.14.1\ngcp_ugv_controls_mcu_\Core\Inc\main.h
2025-11-21 14:39:33,788 [INFO] CodeEngine:265 - oldGeneratedFile, C:\Users\chris\STM32CubeIDE\workspace_1.14.1\ngcp_ugv_controls_mcu_\Core\Src\main.c_save
2025-11-21 14:39:33,935 [INFO] CodeEngine:289 - Generated code: C:\Users\chris\STM32CubeIDE\workspace_1.14.1\ngcp_ugv_controls_mcu_\Core\Src\main.c
2025-11-21 14:39:34,179 [INFO] ProjectBuilder:3606 - Time for Copy HAL[1] : 99mS.
2025-11-21 14:39:34,182 [INFO] ProjectBuilder:5216 - Project Generator version: 4.7.0-B52
2025-11-21 14:39:34,233 [INFO] ConfigFileManager:1595 - The Die is : DIE451
2025-11-21 14:39:35,199 [INFO] ProjectBuilder:5496 - Time for Generating toolchain IDE Files: 1016mS.
2025-11-21 14:39:35,200 [INFO] ProjectBuilder:3463 - Time for Copy CMSIS : 1mS.
2025-11-21 14:39:35,215 [INFO] ProjectBuilder:3463 - Time for Copy CMSIS : 1mS.
2025-11-21 14:39:49,645 [ERROR] LogOutputStream:75 - [STDERR_REDIRECT] Exception in thread "AWT-EventQueue-0" java.lang.ClassCastException: class sun.awt.windows.WEmbeddedFrame cannot be cast to class javax.swing.JFrame (sun.awt.windows.WEmbeddedFrame and javax.swing.JFrame are in module java.desktop of loader 'bootstrap')
2025-11-21 14:39:49,646 [ERROR] LogOutputStream:75 - [STDERR_REDIRECT] 	at com.st.microxplorer.plugins.clock.ClockConfigurationView.activatePlugin(ClockConfigurationView.java:424)
2025-11-21 14:39:49,646 [ERROR] LogOutputStream:75 - [STDERR_REDIRECT] 	at com.st.microxplorer.maingui.MainPanel$1.stateChanged(MainPanel.java:385)
2025-11-21 14:39:49,647 [ERROR] LogOutputStream:75 - [STDERR_REDIRECT] 	at java.desktop/javax.swing.JTabbedPane.fireStateChanged(JTabbedPane.java:446)
2025-11-21 14:39:49,647 [ERROR] LogOutputStream:75 - [STDERR_REDIRECT] 	at java.desktop/javax.swing.JTabbedPane$ModelListener.stateChanged(JTabbedPane.java:297)
2025-11-21 14:39:49,648 [ERROR] LogOutputStream:75 - [STDERR_REDIRECT] 	at java.desktop/javax.swing.DefaultSingleSelectionModel.fireStateChanged(DefaultSingleSelectionModel.java:148)
2025-11-21 14:39:49,649 [ERROR] LogOutputStream:75 - [STDERR_REDIRECT] 	at java.desktop/javax.swing.DefaultSingleSelectionModel.setSelectedIndex(DefaultSingleSelectionModel.java:79)
2025-11-21 14:39:49,649 [ERROR] LogOutputStream:75 - [STDERR_REDIRECT] 	at java.desktop/javax.swing.JTabbedPane.setSelectedIndexImpl(JTabbedPane.java:650)
2025-11-21 14:39:49,650 [ERROR] LogOutputStream:75 - [STDERR_REDIRECT] 	at java.desktop/javax.swing.JTabbedPane.setSelectedIndex(JTabbedPane.java:625)
2025-11-21 14:39:49,651 [ERROR] LogOutputStream:75 - [STDERR_REDIRECT] 	at java.desktop/javax.swing.plaf.basic.BasicTabbedPaneUI$Handler.mousePressed(BasicTabbedPaneUI.java:4140)
2025-11-21 14:39:49,651 [ERROR] LogOutputStream:75 - [STDERR_REDIRECT] 	at java.desktop/java.awt.Component.processMouseEvent(Component.java:6618)
2025-11-21 14:39:49,652 [ERROR] LogOutputStream:75 - [STDERR_REDIRECT] 	at java.desktop/javax.swing.JComponent.processMouseEvent(JComponent.java:3398)
2025-11-21 14:39:49,652 [ERROR] LogOutputStream:75 - [STDERR_REDIRECT] 	at java.desktop/java.awt.Component.processEvent(Component.java:6386)
2025-11-21 14:39:49,653 [ERROR] LogOutputStream:75 - [STDERR_REDIRECT] 	at java.desktop/java.awt.Container.processEvent(Container.java:2266)
2025-11-21 14:39:49,653 [ERROR] LogOutputStream:75 - [STDERR_REDIRECT] 	at java.desktop/java.awt.Component.dispatchEventImpl(Component.java:4996)
2025-11-21 14:39:49,654 [ERROR] LogOutputStream:75 - [STDERR_REDIRECT] 	at java.desktop/java.awt.Container.dispatchEventImpl(Container.java:2324)
2025-11-21 14:39:49,654 [ERROR] LogOutputStream:75 - [STDERR_REDIRECT] 	at java.desktop/java.awt.Component.dispatchEvent(Component.java:4828)
2025-11-21 14:39:49,655 [ERROR] LogOutputStream:75 - [STDERR_REDIRECT] 	at java.desktop/java.awt.LightweightDispatcher.retargetMouseEvent(Container.java:4948)
2025-11-21 14:39:49,656 [ERROR] LogOutputStream:75 - [STDERR_REDIRECT] 	at java.desktop/java.awt.LightweightDispatcher.processMouseEvent(Container.java:4572)
2025-11-21 14:39:49,656 [ERROR] LogOutputStream:75 - [STDERR_REDIRECT] 	at java.desktop/java.awt.LightweightDispatcher.dispatchEvent(Container.java:4516)
2025-11-21 14:39:49,657 [ERROR] LogOutputStream:75 - [STDERR_REDIRECT] 	at java.desktop/java.awt.Container.dispatchEventImpl(Container.java:2310)
2025-11-21 14:39:49,657 [ERROR] LogOutputStream:75 - [STDERR_REDIRECT] 	at java.desktop/java.awt.Component.dispatchEvent(Component.java:4828)
2025-11-21 14:39:49,657 [ERROR] LogOutputStream:75 - [STDERR_REDIRECT] 	at java.desktop/java.awt.EventQueue.dispatchEventImpl(EventQueue.java:775)
2025-11-21 14:39:49,659 [ERROR] LogOutputStream:75 - [STDERR_REDIRECT] 	at java.desktop/java.awt.EventQueue$4.run(EventQueue.java:720)
2025-11-21 14:39:49,660 [ERROR] LogOutputStream:75 - [STDERR_REDIRECT] 	at java.desktop/java.awt.EventQueue$4.run(EventQueue.java:714)
2025-11-21 14:39:49,661 [ERROR] LogOutputStream:75 - [STDERR_REDIRECT] 	at java.base/java.security.AccessController.doPrivileged(AccessController.java:400)
2025-11-21 14:39:49,662 [ERROR] LogOutputStream:75 - [STDERR_REDIRECT] 	at java.base/java.security.ProtectionDomain$JavaSecurityAccessImpl.doIntersectionPrivilege(ProtectionDomain.java:87)
2025-11-21 14:39:49,664 [ERROR] LogOutputStream:75 - [STDERR_REDIRECT] 	at java.base/java.security.ProtectionDomain$JavaSecurityAccessImpl.doIntersectionPrivilege(ProtectionDomain.java:98)
2025-11-21 14:39:49,664 [ERROR] LogOutputStream:75 - [STDERR_REDIRECT] 	at java.desktop/java.awt.EventQueue$5.run(EventQueue.java:747)
2025-11-21 14:39:49,665 [ERROR] LogOutputStream:75 - [STDERR_REDIRECT] 	at java.desktop/java.awt.EventQueue$5.run(EventQueue.java:745)
2025-11-21 14:39:49,666 [ERROR] LogOutputStream:75 - [STDERR_REDIRECT] 	at java.base/java.security.AccessController.doPrivileged(AccessController.java:400)
2025-11-21 14:39:49,666 [ERROR] LogOutputStream:75 - [STDERR_REDIRECT] 	at java.base/java.security.ProtectionDomain$JavaSecurityAccessImpl.doIntersectionPrivilege(ProtectionDomain.java:87)
2025-11-21 14:39:49,667 [ERROR] LogOutputStream:75 - [STDERR_REDIRECT] 	at java.desktop/java.awt.EventQueue.dispatchEvent(EventQueue.java:744)
2025-11-21 14:39:49,667 [ERROR] LogOutputStream:75 - [STDERR_REDIRECT] 	at java.desktop/java.awt.EventDispatchThread.pumpOneEventForFilters(EventDispatchThread.java:203)
2025-11-21 14:39:49,668 [ERROR] LogOutputStream:75 - [STDERR_REDIRECT] 	at java.desktop/java.awt.EventDispatchThread.pumpEventsForFilter(EventDispatchThread.java:124)
2025-11-21 14:39:49,669 [ERROR] LogOutputStream:75 - [STDERR_REDIRECT] 	at java.desktop/java.awt.EventDispatchThread.pumpEventsForHierarchy(EventDispatchThread.java:113)
2025-11-21 14:39:49,669 [ERROR] LogOutputStream:75 - [STDERR_REDIRECT] 	at java.desktop/java.awt.EventDispatchThread.pumpEvents(EventDispatchThread.java:109)
2025-11-21 14:39:49,670 [ERROR] LogOutputStream:75 - [STDERR_REDIRECT] 	at java.desktop/java.awt.EventDispatchThread.pumpEvents(EventDispatchThread.java:101)
2025-11-21 14:39:49,670 [ERROR] LogOutputStream:75 - [STDERR_REDIRECT] 	at java.desktop/java.awt.EventDispatchThread.run(EventDispatchThread.java:90)
2025-11-21 14:39:58,944 [WARN] IP:2250 - Warning not found: check if there is a RefParameter without a condition.
2025-11-21 14:39:58,945 [WARN] IP:2250 - RxBufferAddress not found: check if there is a RefParameter without a condition.
2025-11-21 14:39:58,945 [WARN] IP:2250 - DESC_SIZE_UNIT not found: check if there is a RefParameter without a condition.
2025-11-21 14:39:58,946 [WARN] IP:2250 - Warning not found: check if there is a RefParameter without a condition.
2025-11-21 14:39:58,946 [WARN] IP:2250 - RxBufferAddress not found: check if there is a RefParameter without a condition.
2025-11-21 14:39:58,946 [WARN] IP:2250 - DESC_SIZE_UNIT not found: check if there is a RefParameter without a condition.
2025-11-21 14:39:59,229 [WARN] IP:2250 - Warning not found: check if there is a RefParameter without a condition.
2025-11-21 14:39:59,229 [WARN] IP:2250 - RxBufferAddress not found: check if there is a RefParameter without a condition.
2025-11-21 14:39:59,229 [WARN] IP:2250 - DESC_SIZE_UNIT not found: check if there is a RefParameter without a condition.
2025-11-21 14:39:59,229 [WARN] IP:2250 - Warning not found: check if there is a RefParameter without a condition.
2025-11-21 14:39:59,230 [WARN] IP:2250 - RxBufferAddress not found: check if there is a RefParameter without a condition.
2025-11-21 14:39:59,230 [WARN] IP:2250 - DESC_SIZE_UNIT not found: check if there is a RefParameter without a condition.
2025-11-21 14:39:59,437 [WARN] IP:2250 - Warning not found: check if there is a RefParameter without a condition.
2025-11-21 14:39:59,437 [WARN] IP:2250 - RxBufferAddress not found: check if there is a RefParameter without a condition.
2025-11-21 14:39:59,437 [WARN] IP:2250 - DESC_SIZE_UNIT not found: check if there is a RefParameter without a condition.
2025-11-21 14:39:59,437 [WARN] IP:2250 - Warning not found: check if there is a RefParameter without a condition.
2025-11-21 14:39:59,437 [WARN] IP:2250 - RxBufferAddress not found: check if there is a RefParameter without a condition.
2025-11-21 14:39:59,437 [WARN] IP:2250 - DESC_SIZE_UNIT not found: check if there is a RefParameter without a condition.
2025-11-21 14:39:59,604 [WARN] IP:2250 - Warning not found: check if there is a RefParameter without a condition.
2025-11-21 14:39:59,604 [WARN] IP:2250 - RxBufferAddress not found: check if there is a RefParameter without a condition.
2025-11-21 14:39:59,605 [WARN] IP:2250 - DESC_SIZE_UNIT not found: check if there is a RefParameter without a condition.
2025-11-21 14:39:59,605 [WARN] IP:2250 - Warning not found: check if there is a RefParameter without a condition.
2025-11-21 14:39:59,605 [WARN] IP:2250 - RxBufferAddress not found: check if there is a RefParameter without a condition.
2025-11-21 14:39:59,605 [WARN] IP:2250 - DESC_SIZE_UNIT not found: check if there is a RefParameter without a condition.
2025-11-21 14:40:19,022 [INFO] UtilMem:75 - End SaveConfig() Used Memory: 820247056 Bytes (1073741824)
2025-11-21 14:40:19,112 [INFO] UtilMem:75 - End SaveConfig() Used Memory: 849607184 Bytes (1073741824)
2025-11-21 14:40:19,692 [INFO] UtilMem:75 - End SaveConfig() Used Memory: 898368016 Bytes (1073741824)
2025-11-21 14:40:19,815 [INFO] ProjectBuilder:2380 - IP not ready for code generation: Clock
2025-11-21 14:40:21,779 [INFO] BlockDiagram:2775 - set Specific Code input for plugin: TIM1_8F77
2025-11-21 14:40:21,780 [INFO] BlockDiagram:2775 - set Specific Code input for plugin: TIM1_8F77
2025-11-21 14:40:21,780 [INFO] BlockDiagram:2775 - set Specific Code input for plugin: SYS
2025-11-21 14:40:21,780 [INFO] BlockDiagram:2775 - set Specific Code input for plugin: RCC
2025-11-21 14:40:21,780 [INFO] BlockDiagram:2775 - set Specific Code input for plugin: NVIC
2025-11-21 14:40:21,780 [INFO] BlockDiagram:2775 - set Specific Code input for plugin: USART
2025-11-21 14:40:21,780 [INFO] BlockDiagram:2775 - set Specific Code input for plugin: TIM1_8F77
2025-11-21 14:40:21,780 [INFO] BlockDiagram:2775 - set Specific Code input for plugin: TIM1_8F77
2025-11-21 14:40:21,780 [INFO] BlockDiagram:2775 - set Specific Code input for plugin: CORTEX_M7
2025-11-21 14:40:21,780 [INFO] BlockDiagram:2775 - set Specific Code input for plugin: TIM1_8F77
2025-11-21 14:40:21,780 [INFO] BlockDiagram:2775 - set Specific Code input for plugin: UART
2025-11-21 14:40:21,780 [INFO] BlockDiagram:2775 - set Specific Code input for plugin: UART
2025-11-21 14:40:21,780 [INFO] BlockDiagram:2775 - set Specific Code input for plugin: UART
2025-11-21 14:40:21,781 [INFO] BlockDiagram:2775 - set Specific Code input for plugin: GPIO
2025-11-21 14:40:21,781 [INFO] BlockDiagram:2775 - set Specific Code input for plugin: ETH
2025-11-21 14:40:21,781 [INFO] CodeGenerator:892 - code generatio: config db path: C:\ST\STM32CubeIDE_1.14.1\STM32CubeIDE\plugins\com.st.stm32cube.common.mx_6.15.0.202507011659\\db\
2025-11-21 14:40:21,785 [WARN] IP:2250 - Warning not found: check if there is a RefParameter without a condition.
2025-11-21 14:40:21,785 [WARN] IP:2250 - RxBufferAddress not found: check if there is a RefParameter without a condition.
2025-11-21 14:40:21,785 [WARN] IP:2250 - DESC_SIZE_UNIT not found: check if there is a RefParameter without a condition.
2025-11-21 14:40:21,889 [INFO] CodeEngine:265 - oldGeneratedFile, C:\Users\chris\STM32CubeIDE\workspace_1.14.1\ngcp_ugv_controls_mcu_\MXTmpFiles\license.tmp_save
2025-11-21 14:40:21,933 [INFO] CodeEngine:289 - Generated code: C:\Users\chris\STM32CubeIDE\workspace_1.14.1\ngcp_ugv_controls_mcu_\MXTmpFiles\license.tmp
2025-11-21 14:40:21,982 [INFO] CodeEngine:265 - oldGeneratedFile, C:\Users\chris\STM32CubeIDE\workspace_1.14.1\ngcp_ugv_controls_mcu_\MXTmpFiles\gpio.tmp_save
2025-11-21 14:40:22,043 [INFO] CodeEngine:289 - Generated code: C:\Users\chris\STM32CubeIDE\workspace_1.14.1\ngcp_ugv_controls_mcu_\MXTmpFiles\gpio.tmp
2025-11-21 14:40:22,734 [INFO] CodeEngine:265 - oldGeneratedFile, C:\Users\chris\STM32CubeIDE\workspace_1.14.1\ngcp_ugv_controls_mcu_\MXTmpFiles\cortex.tmp_save
2025-11-21 14:40:22,805 [INFO] CodeEngine:289 - Generated code: C:\Users\chris\STM32CubeIDE\workspace_1.14.1\ngcp_ugv_controls_mcu_\MXTmpFiles\cortex.tmp
2025-11-21 14:40:22,857 [INFO] CodeEngine:265 - oldGeneratedFile, C:\Users\chris\STM32CubeIDE\workspace_1.14.1\ngcp_ugv_controls_mcu_\Core\Src\stm32f7xx_it.c_save
2025-11-21 14:40:22,933 [INFO] CodeEngine:289 - Generated code: C:\Users\chris\STM32CubeIDE\workspace_1.14.1\ngcp_ugv_controls_mcu_\Core\Src\stm32f7xx_it.c
2025-11-21 14:40:22,939 [INFO] CodeEngine:265 - oldGeneratedFile, C:\Users\chris\STM32CubeIDE\workspace_1.14.1\ngcp_ugv_controls_mcu_\Core\Inc\stm32f7xx_it.h_save
2025-11-21 14:40:22,982 [INFO] CodeEngine:289 - Generated code: C:\Users\chris\STM32CubeIDE\workspace_1.14.1\ngcp_ugv_controls_mcu_\Core\Inc\stm32f7xx_it.h
2025-11-21 14:40:22,996 [INFO] CodeEngine:265 - oldGeneratedFile, C:\Users\chris\STM32CubeIDE\workspace_1.14.1\ngcp_ugv_controls_mcu_\Core\Src\stm32f7xx_hal_msp.c_save
2025-11-21 14:40:23,060 [INFO] CodeEngine:289 - Generated code: C:\Users\chris\STM32CubeIDE\workspace_1.14.1\ngcp_ugv_controls_mcu_\Core\Src\stm32f7xx_hal_msp.c
2025-11-21 14:40:23,064 [INFO] CodeEngine:265 - oldGeneratedFile, C:\Users\chris\STM32CubeIDE\workspace_1.14.1\ngcp_ugv_controls_mcu_\MXTmpFiles\system.tmp_save
2025-11-21 14:40:23,106 [INFO] CodeEngine:289 - Generated code: C:\Users\chris\STM32CubeIDE\workspace_1.14.1\ngcp_ugv_controls_mcu_\MXTmpFiles\system.tmp
2025-11-21 14:40:23,116 [INFO] CodeEngine:321 - oldGeneratedFile, C:\Users\chris\STM32CubeIDE\workspace_1.14.1\ngcp_ugv_controls_mcu_\Core\Inc\stm32f7xx_hal_conf.h_save
2025-11-21 14:40:23,162 [INFO] CodeEngine:345 - Generated code: C:\Users\chris\STM32CubeIDE\workspace_1.14.1\ngcp_ugv_controls_mcu_\Core\Inc\stm32f7xx_hal_conf.h
2025-11-21 14:40:23,177 [WARN] IPConfigManager:3811 - IP not found : TIM
2025-11-21 14:40:23,178 [WARN] CodeGenerator:4259 - IP not found : null
2025-11-21 14:40:23,184 [INFO] CodeEngine:265 - oldGeneratedFile, C:\Users\chris\STM32CubeIDE\workspace_1.14.1\ngcp_ugv_controls_mcu_\Core\Inc\main.h_save
2025-11-21 14:40:23,226 [INFO] CodeEngine:289 - Generated code: C:\Users\chris\STM32CubeIDE\workspace_1.14.1\ngcp_ugv_controls_mcu_\Core\Inc\main.h
2025-11-21 14:40:23,231 [INFO] CodeEngine:265 - oldGeneratedFile, C:\Users\chris\STM32CubeIDE\workspace_1.14.1\ngcp_ugv_controls_mcu_\Core\Src\main.c_save
2025-11-21 14:40:23,323 [INFO] CodeEngine:289 - Generated code: C:\Users\chris\STM32CubeIDE\workspace_1.14.1\ngcp_ugv_controls_mcu_\Core\Src\main.c
2025-11-21 14:40:23,537 [INFO] ProjectBuilder:3606 - Time for Copy HAL[1] : 96mS.
2025-11-21 14:40:23,539 [INFO] ProjectBuilder:5216 - Project Generator version: 4.7.0-B52
2025-11-21 14:40:23,592 [INFO] ConfigFileManager:1595 - The Die is : DIE451
2025-11-21 14:40:24,330 [INFO] ProjectBuilder:5496 - Time for Generating toolchain IDE Files: 791mS.
2025-11-21 14:40:24,334 [INFO] ProjectBuilder:3463 - Time for Copy CMSIS : 2mS.
2025-11-21 14:40:24,338 [INFO] ProjectBuilder:3463 - Time for Copy CMSIS : 0mS.
2025-11-21 14:40:30,445 [ERROR] LogOutputStream:75 - [STDERR_REDIRECT] Exception in thread "AWT-EventQueue-0" java.lang.ClassCastException: class sun.awt.windows.WEmbeddedFrame cannot be cast to class javax.swing.JFrame (sun.awt.windows.WEmbeddedFrame and javax.swing.JFrame are in module java.desktop of loader 'bootstrap')
2025-11-21 14:40:30,446 [ERROR] LogOutputStream:75 - [STDERR_REDIRECT] 	at com.st.microxplorer.plugins.clock.ClockConfigurationView.activatePlugin(ClockConfigurationView.java:424)
2025-11-21 14:40:30,446 [ERROR] LogOutputStream:75 - [STDERR_REDIRECT] 	at com.st.microxplorer.maingui.MainPanel$1.stateChanged(MainPanel.java:385)
2025-11-21 14:40:30,447 [ERROR] LogOutputStream:75 - [STDERR_REDIRECT] 	at java.desktop/javax.swing.JTabbedPane.fireStateChanged(JTabbedPane.java:446)
2025-11-21 14:40:30,448 [ERROR] LogOutputStream:75 - [STDERR_REDIRECT] 	at java.desktop/javax.swing.JTabbedPane$ModelListener.stateChanged(JTabbedPane.java:297)
2025-11-21 14:40:30,449 [ERROR] LogOutputStream:75 - [STDERR_REDIRECT] 	at java.desktop/javax.swing.DefaultSingleSelectionModel.fireStateChanged(DefaultSingleSelectionModel.java:148)
2025-11-21 14:40:30,450 [ERROR] LogOutputStream:75 - [STDERR_REDIRECT] 	at java.desktop/javax.swing.DefaultSingleSelectionModel.setSelectedIndex(DefaultSingleSelectionModel.java:79)
2025-11-21 14:40:30,450 [ERROR] LogOutputStream:75 - [STDERR_REDIRECT] 	at java.desktop/javax.swing.JTabbedPane.setSelectedIndexImpl(JTabbedPane.java:650)
2025-11-21 14:40:30,451 [ERROR] LogOutputStream:75 - [STDERR_REDIRECT] 	at java.desktop/javax.swing.JTabbedPane.setSelectedIndex(JTabbedPane.java:625)
2025-11-21 14:40:30,452 [ERROR] LogOutputStream:75 - [STDERR_REDIRECT] 	at java.desktop/javax.swing.plaf.basic.BasicTabbedPaneUI$Handler.mousePressed(BasicTabbedPaneUI.java:4140)
2025-11-21 14:40:30,452 [ERROR] LogOutputStream:75 - [STDERR_REDIRECT] 	at java.desktop/java.awt.Component.processMouseEvent(Component.java:6618)
2025-11-21 14:40:30,453 [ERROR] LogOutputStream:75 - [STDERR_REDIRECT] 	at java.desktop/javax.swing.JComponent.processMouseEvent(JComponent.java:3398)
2025-11-21 14:40:30,454 [ERROR] LogOutputStream:75 - [STDERR_REDIRECT] 	at java.desktop/java.awt.Component.processEvent(Component.java:6386)
2025-11-21 14:40:30,455 [ERROR] LogOutputStream:75 - [STDERR_REDIRECT] 	at java.desktop/java.awt.Container.processEvent(Container.java:2266)
2025-11-21 14:40:30,455 [ERROR] LogOutputStream:75 - [STDERR_REDIRECT] 	at java.desktop/java.awt.Component.dispatchEventImpl(Component.java:4996)
2025-11-21 14:40:30,458 [ERROR] LogOutputStream:75 - [STDERR_REDIRECT] 	at java.desktop/java.awt.Container.dispatchEventImpl(Container.java:2324)
2025-11-21 14:40:30,459 [ERROR] LogOutputStream:75 - [STDERR_REDIRECT] 	at java.desktop/java.awt.Component.dispatchEvent(Component.java:4828)
2025-11-21 14:40:30,459 [ERROR] LogOutputStream:75 - [STDERR_REDIRECT] 	at java.desktop/java.awt.LightweightDispatcher.retargetMouseEvent(Container.java:4948)
2025-11-21 14:40:30,460 [ERROR] LogOutputStream:75 - [STDERR_REDIRECT] 	at java.desktop/java.awt.LightweightDispatcher.processMouseEvent(Container.java:4572)
2025-11-21 14:40:30,460 [ERROR] LogOutputStream:75 - [STDERR_REDIRECT] 	at java.desktop/java.awt.LightweightDispatcher.dispatchEvent(Container.java:4516)
2025-11-21 14:40:30,461 [ERROR] LogOutputStream:75 - [STDERR_REDIRECT] 	at java.desktop/java.awt.Container.dispatchEventImpl(Container.java:2310)
2025-11-21 14:40:30,461 [ERROR] LogOutputStream:75 - [STDERR_REDIRECT] 	at java.desktop/java.awt.Component.dispatchEvent(Component.java:4828)
2025-11-21 14:40:30,462 [ERROR] LogOutputStream:75 - [STDERR_REDIRECT] 	at java.desktop/java.awt.EventQueue.dispatchEventImpl(EventQueue.java:775)
2025-11-21 14:40:30,462 [ERROR] LogOutputStream:75 - [STDERR_REDIRECT] 	at java.desktop/java.awt.EventQueue$4.run(EventQueue.java:720)
2025-11-21 14:40:30,463 [ERROR] LogOutputStream:75 - [STDERR_REDIRECT] 	at java.desktop/java.awt.EventQueue$4.run(EventQueue.java:714)
2025-11-21 14:40:30,464 [ERROR] LogOutputStream:75 - [STDERR_REDIRECT] 	at java.base/java.security.AccessController.doPrivileged(AccessController.java:400)
2025-11-21 14:40:30,465 [ERROR] LogOutputStream:75 - [STDERR_REDIRECT] 	at java.base/java.security.ProtectionDomain$JavaSecurityAccessImpl.doIntersectionPrivilege(ProtectionDomain.java:87)
2025-11-21 14:40:30,466 [ERROR] LogOutputStream:75 - [STDERR_REDIRECT] 	at java.base/java.security.ProtectionDomain$JavaSecurityAccessImpl.doIntersectionPrivilege(ProtectionDomain.java:98)
2025-11-21 14:40:30,466 [ERROR] LogOutputStream:75 - [STDERR_REDIRECT] 	at java.desktop/java.awt.EventQueue$5.run(EventQueue.java:747)
2025-11-21 14:40:30,467 [ERROR] LogOutputStream:75 - [STDERR_REDIRECT] 	at java.desktop/java.awt.EventQueue$5.run(EventQueue.java:745)
2025-11-21 14:40:30,467 [ERROR] LogOutputStream:75 - [STDERR_REDIRECT] 	at java.base/java.security.AccessController.doPrivileged(AccessController.java:400)
2025-11-21 14:40:30,468 [ERROR] LogOutputStream:75 - [STDERR_REDIRECT] 	at java.base/java.security.ProtectionDomain$JavaSecurityAccessImpl.doIntersectionPrivilege(ProtectionDomain.java:87)
2025-11-21 14:40:30,468 [ERROR] LogOutputStream:75 - [STDERR_REDIRECT] 	at java.desktop/java.awt.EventQueue.dispatchEvent(EventQueue.java:744)
2025-11-21 14:40:30,470 [ERROR] LogOutputStream:75 - [STDERR_REDIRECT] 	at java.desktop/java.awt.EventDispatchThread.pumpOneEventForFilters(EventDispatchThread.java:203)
2025-11-21 14:40:30,470 [ERROR] LogOutputStream:75 - [STDERR_REDIRECT] 	at java.desktop/java.awt.EventDispatchThread.pumpEventsForFilter(EventDispatchThread.java:124)
2025-11-21 14:40:30,471 [ERROR] LogOutputStream:75 - [STDERR_REDIRECT] 	at java.desktop/java.awt.EventDispatchThread.pumpEventsForHierarchy(EventDispatchThread.java:113)
2025-11-21 14:40:30,472 [ERROR] LogOutputStream:75 - [STDERR_REDIRECT] 	at java.desktop/java.awt.EventDispatchThread.pumpEvents(EventDispatchThread.java:109)
2025-11-21 14:40:30,472 [ERROR] LogOutputStream:75 - [STDERR_REDIRECT] 	at java.desktop/java.awt.EventDispatchThread.pumpEvents(EventDispatchThread.java:101)
2025-11-21 14:40:30,473 [ERROR] LogOutputStream:75 - [STDERR_REDIRECT] 	at java.desktop/java.awt.EventDispatchThread.run(EventDispatchThread.java:90)
2025-11-21 14:40:41,353 [WARN] IP:2250 - Warning not found: check if there is a RefParameter without a condition.
2025-11-21 14:40:41,354 [WARN] IP:2250 - RxBufferAddress not found: check if there is a RefParameter without a condition.
2025-11-21 14:40:41,355 [WARN] IP:2250 - DESC_SIZE_UNIT not found: check if there is a RefParameter without a condition.
2025-11-21 14:40:41,355 [WARN] IP:2250 - Warning not found: check if there is a RefParameter without a condition.
2025-11-21 14:40:41,355 [WARN] IP:2250 - RxBufferAddress not found: check if there is a RefParameter without a condition.
2025-11-21 14:40:41,355 [WARN] IP:2250 - DESC_SIZE_UNIT not found: check if there is a RefParameter without a condition.
2025-11-21 14:40:49,059 [WARN] IP:2250 - Warning not found: check if there is a RefParameter without a condition.
2025-11-21 14:40:49,060 [WARN] IP:2250 - RxBufferAddress not found: check if there is a RefParameter without a condition.
2025-11-21 14:40:49,060 [WARN] IP:2250 - DESC_SIZE_UNIT not found: check if there is a RefParameter without a condition.
2025-11-21 14:40:49,060 [WARN] IP:2250 - Warning not found: check if there is a RefParameter without a condition.
2025-11-21 14:40:49,061 [WARN] IP:2250 - RxBufferAddress not found: check if there is a RefParameter without a condition.
2025-11-21 14:40:49,061 [WARN] IP:2250 - DESC_SIZE_UNIT not found: check if there is a RefParameter without a condition.
2025-11-21 14:40:49,247 [WARN] IP:2250 - Warning not found: check if there is a RefParameter without a condition.
2025-11-21 14:40:49,248 [WARN] IP:2250 - RxBufferAddress not found: check if there is a RefParameter without a condition.
2025-11-21 14:40:49,248 [WARN] IP:2250 - DESC_SIZE_UNIT not found: check if there is a RefParameter without a condition.
2025-11-21 14:40:49,248 [WARN] IP:2250 - Warning not found: check if there is a RefParameter without a condition.
2025-11-21 14:40:49,248 [WARN] IP:2250 - RxBufferAddress not found: check if there is a RefParameter without a condition.
2025-11-21 14:40:49,248 [WARN] IP:2250 - DESC_SIZE_UNIT not found: check if there is a RefParameter without a condition.
2025-11-21 14:40:49,408 [WARN] IP:2250 - Warning not found: check if there is a RefParameter without a condition.
2025-11-21 14:40:49,408 [WARN] IP:2250 - RxBufferAddress not found: check if there is a RefParameter without a condition.
2025-11-21 14:40:49,408 [WARN] IP:2250 - DESC_SIZE_UNIT not found: check if there is a RefParameter without a condition.
2025-11-21 14:40:49,409 [WARN] IP:2250 - Warning not found: check if there is a RefParameter without a condition.
2025-11-21 14:40:49,409 [WARN] IP:2250 - RxBufferAddress not found: check if there is a RefParameter without a condition.
2025-11-21 14:40:49,409 [WARN] IP:2250 - DESC_SIZE_UNIT not found: check if there is a RefParameter without a condition.
2025-11-21 14:40:49,560 [WARN] IP:2250 - Warning not found: check if there is a RefParameter without a condition.
2025-11-21 14:40:49,561 [WARN] IP:2250 - RxBufferAddress not found: check if there is a RefParameter without a condition.
2025-11-21 14:40:49,561 [WARN] IP:2250 - DESC_SIZE_UNIT not found: check if there is a RefParameter without a condition.
2025-11-21 14:40:49,561 [WARN] IP:2250 - Warning not found: check if there is a RefParameter without a condition.
2025-11-21 14:40:49,561 [WARN] IP:2250 - RxBufferAddress not found: check if there is a RefParameter without a condition.
2025-11-21 14:40:49,561 [WARN] IP:2250 - DESC_SIZE_UNIT not found: check if there is a RefParameter without a condition.
2025-11-21 14:40:49,839 [WARN] IP:2250 - Warning not found: check if there is a RefParameter without a condition.
2025-11-21 14:40:49,839 [WARN] IP:2250 - RxBufferAddress not found: check if there is a RefParameter without a condition.
2025-11-21 14:40:49,839 [WARN] IP:2250 - DESC_SIZE_UNIT not found: check if there is a RefParameter without a condition.
2025-11-21 14:40:49,840 [WARN] IP:2250 - Warning not found: check if there is a RefParameter without a condition.
2025-11-21 14:40:49,840 [WARN] IP:2250 - RxBufferAddress not found: check if there is a RefParameter without a condition.
2025-11-21 14:40:49,840 [WARN] IP:2250 - DESC_SIZE_UNIT not found: check if there is a RefParameter without a condition.
2025-11-21 14:41:02,901 [WARN] IP:2250 - Warning not found: check if there is a RefParameter without a condition.
2025-11-21 14:41:02,902 [WARN] IP:2250 - RxBufferAddress not found: check if there is a RefParameter without a condition.
2025-11-21 14:41:02,902 [WARN] IP:2250 - DESC_SIZE_UNIT not found: check if there is a RefParameter without a condition.
2025-11-21 14:41:02,902 [WARN] IP:2250 - Warning not found: check if there is a RefParameter without a condition.
2025-11-21 14:41:02,902 [WARN] IP:2250 - RxBufferAddress not found: check if there is a RefParameter without a condition.
2025-11-21 14:41:02,902 [WARN] IP:2250 - DESC_SIZE_UNIT not found: check if there is a RefParameter without a condition.
2025-11-21 14:41:10,892 [WARN] IP:2250 - Warning not found: check if there is a RefParameter without a condition.
2025-11-21 14:41:10,892 [WARN] IP:2250 - RxBufferAddress not found: check if there is a RefParameter without a condition.
2025-11-21 14:41:10,892 [WARN] IP:2250 - DESC_SIZE_UNIT not found: check if there is a RefParameter without a condition.
2025-11-21 14:41:10,892 [WARN] IP:2250 - Warning not found: check if there is a RefParameter without a condition.
2025-11-21 14:41:10,892 [WARN] IP:2250 - RxBufferAddress not found: check if there is a RefParameter without a condition.
2025-11-21 14:41:10,892 [WARN] IP:2250 - DESC_SIZE_UNIT not found: check if there is a RefParameter without a condition.
2025-11-21 14:41:11,103 [WARN] IP:2250 - Warning not found: check if there is a RefParameter without a condition.
2025-11-21 14:41:11,103 [WARN] IP:2250 - RxBufferAddress not found: check if there is a RefParameter without a condition.
2025-11-21 14:41:11,103 [WARN] IP:2250 - DESC_SIZE_UNIT not found: check if there is a RefParameter without a condition.
2025-11-21 14:41:11,104 [WARN] IP:2250 - Warning not found: check if there is a RefParameter without a condition.
2025-11-21 14:41:11,104 [WARN] IP:2250 - RxBufferAddress not found: check if there is a RefParameter without a condition.
2025-11-21 14:41:11,104 [WARN] IP:2250 - DESC_SIZE_UNIT not found: check if there is a RefParameter without a condition.
2025-11-21 14:41:11,261 [WARN] IP:2250 - Warning not found: check if there is a RefParameter without a condition.
2025-11-21 14:41:11,261 [WARN] IP:2250 - RxBufferAddress not found: check if there is a RefParameter without a condition.
2025-11-21 14:41:11,261 [WARN] IP:2250 - DESC_SIZE_UNIT not found: check if there is a RefParameter without a condition.
2025-11-21 14:41:11,261 [WARN] IP:2250 - Warning not found: check if there is a RefParameter without a condition.
2025-11-21 14:41:11,261 [WARN] IP:2250 - RxBufferAddress not found: check if there is a RefParameter without a condition.
2025-11-21 14:41:11,261 [WARN] IP:2250 - DESC_SIZE_UNIT not found: check if there is a RefParameter without a condition.
2025-11-21 14:41:11,551 [WARN] IP:2250 - Warning not found: check if there is a RefParameter without a condition.
2025-11-21 14:41:11,551 [WARN] IP:2250 - RxBufferAddress not found: check if there is a RefParameter without a condition.
2025-11-21 14:41:11,551 [WARN] IP:2250 - DESC_SIZE_UNIT not found: check if there is a RefParameter without a condition.
2025-11-21 14:41:11,552 [WARN] IP:2250 - Warning not found: check if there is a RefParameter without a condition.
2025-11-21 14:41:11,552 [WARN] IP:2250 - RxBufferAddress not found: check if there is a RefParameter without a condition.
2025-11-21 14:41:11,552 [WARN] IP:2250 - DESC_SIZE_UNIT not found: check if there is a RefParameter without a condition.
2025-11-21 14:41:13,798 [INFO] UtilMem:75 - End SaveConfig() Used Memory: 758611152 Bytes (1073741824)
2025-11-21 14:41:13,903 [INFO] UtilMem:75 - End SaveConfig() Used Memory: 789542096 Bytes (1073741824)
2025-11-21 14:41:14,115 [INFO] UtilMem:75 - End SaveConfig() Used Memory: 827290832 Bytes (1073741824)
2025-11-21 14:41:14,275 [INFO] BlockDiagram:2775 - set Specific Code input for plugin: TIM1_8F77
2025-11-21 14:41:14,275 [INFO] BlockDiagram:2775 - set Specific Code input for plugin: TIM1_8F77
2025-11-21 14:41:14,275 [INFO] BlockDiagram:2775 - set Specific Code input for plugin: SYS
2025-11-21 14:41:14,275 [INFO] BlockDiagram:2775 - set Specific Code input for plugin: RCC
2025-11-21 14:41:14,275 [INFO] BlockDiagram:2775 - set Specific Code input for plugin: NVIC
2025-11-21 14:41:14,275 [INFO] BlockDiagram:2775 - set Specific Code input for plugin: USART
2025-11-21 14:41:14,275 [INFO] BlockDiagram:2775 - set Specific Code input for plugin: TIM1_8F77
2025-11-21 14:41:14,275 [INFO] BlockDiagram:2775 - set Specific Code input for plugin: TIM1_8F77
2025-11-21 14:41:14,275 [INFO] BlockDiagram:2775 - set Specific Code input for plugin: CORTEX_M7
2025-11-21 14:41:14,275 [INFO] BlockDiagram:2775 - set Specific Code input for plugin: TIM1_8F77
2025-11-21 14:41:14,275 [INFO] BlockDiagram:2775 - set Specific Code input for plugin: UART
2025-11-21 14:41:14,275 [INFO] BlockDiagram:2775 - set Specific Code input for plugin: UART
2025-11-21 14:41:14,275 [INFO] BlockDiagram:2775 - set Specific Code input for plugin: UART
2025-11-21 14:41:14,275 [INFO] BlockDiagram:2775 - set Specific Code input for plugin: GPIO
2025-11-21 14:41:14,275 [INFO] BlockDiagram:2775 - set Specific Code input for plugin: ETH
2025-11-21 14:41:14,276 [INFO] CodeGenerator:892 - code generatio: config db path: C:\ST\STM32CubeIDE_1.14.1\STM32CubeIDE\plugins\com.st.stm32cube.common.mx_6.15.0.202507011659\\db\
2025-11-21 14:41:14,280 [WARN] IP:2250 - Warning not found: check if there is a RefParameter without a condition.
2025-11-21 14:41:14,280 [WARN] IP:2250 - RxBufferAddress not found: check if there is a RefParameter without a condition.
2025-11-21 14:41:14,280 [WARN] IP:2250 - DESC_SIZE_UNIT not found: check if there is a RefParameter without a condition.
2025-11-21 14:41:14,371 [INFO] CodeEngine:265 - oldGeneratedFile, C:\Users\chris\STM32CubeIDE\workspace_1.14.1\ngcp_ugv_controls_mcu_\MXTmpFiles\license.tmp_save
2025-11-21 14:41:14,416 [INFO] CodeEngine:289 - Generated code: C:\Users\chris\STM32CubeIDE\workspace_1.14.1\ngcp_ugv_controls_mcu_\MXTmpFiles\license.tmp
2025-11-21 14:41:14,454 [INFO] CodeEngine:265 - oldGeneratedFile, C:\Users\chris\STM32CubeIDE\workspace_1.14.1\ngcp_ugv_controls_mcu_\MXTmpFiles\gpio.tmp_save
2025-11-21 14:41:14,491 [INFO] CodeEngine:289 - Generated code: C:\Users\chris\STM32CubeIDE\workspace_1.14.1\ngcp_ugv_controls_mcu_\MXTmpFiles\gpio.tmp
2025-11-21 14:41:15,098 [INFO] CodeEngine:265 - oldGeneratedFile, C:\Users\chris\STM32CubeIDE\workspace_1.14.1\ngcp_ugv_controls_mcu_\MXTmpFiles\cortex.tmp_save
2025-11-21 14:41:15,143 [INFO] CodeEngine:289 - Generated code: C:\Users\chris\STM32CubeIDE\workspace_1.14.1\ngcp_ugv_controls_mcu_\MXTmpFiles\cortex.tmp
2025-11-21 14:41:15,166 [INFO] CodeEngine:265 - oldGeneratedFile, C:\Users\chris\STM32CubeIDE\workspace_1.14.1\ngcp_ugv_controls_mcu_\Core\Src\stm32f7xx_it.c_save
2025-11-21 14:41:15,217 [INFO] CodeEngine:289 - Generated code: C:\Users\chris\STM32CubeIDE\workspace_1.14.1\ngcp_ugv_controls_mcu_\Core\Src\stm32f7xx_it.c
2025-11-21 14:41:15,223 [INFO] CodeEngine:265 - oldGeneratedFile, C:\Users\chris\STM32CubeIDE\workspace_1.14.1\ngcp_ugv_controls_mcu_\Core\Inc\stm32f7xx_it.h_save
2025-11-21 14:41:15,263 [INFO] CodeEngine:289 - Generated code: C:\Users\chris\STM32CubeIDE\workspace_1.14.1\ngcp_ugv_controls_mcu_\Core\Inc\stm32f7xx_it.h
2025-11-21 14:41:15,274 [INFO] CodeEngine:265 - oldGeneratedFile, C:\Users\chris\STM32CubeIDE\workspace_1.14.1\ngcp_ugv_controls_mcu_\Core\Src\stm32f7xx_hal_msp.c_save
2025-11-21 14:41:15,338 [INFO] CodeEngine:289 - Generated code: C:\Users\chris\STM32CubeIDE\workspace_1.14.1\ngcp_ugv_controls_mcu_\Core\Src\stm32f7xx_hal_msp.c
2025-11-21 14:41:15,343 [INFO] CodeEngine:265 - oldGeneratedFile, C:\Users\chris\STM32CubeIDE\workspace_1.14.1\ngcp_ugv_controls_mcu_\MXTmpFiles\system.tmp_save
2025-11-21 14:41:15,386 [INFO] CodeEngine:289 - Generated code: C:\Users\chris\STM32CubeIDE\workspace_1.14.1\ngcp_ugv_controls_mcu_\MXTmpFiles\system.tmp
2025-11-21 14:41:15,395 [INFO] CodeEngine:321 - oldGeneratedFile, C:\Users\chris\STM32CubeIDE\workspace_1.14.1\ngcp_ugv_controls_mcu_\Core\Inc\stm32f7xx_hal_conf.h_save
2025-11-21 14:41:15,436 [INFO] CodeEngine:345 - Generated code: C:\Users\chris\STM32CubeIDE\workspace_1.14.1\ngcp_ugv_controls_mcu_\Core\Inc\stm32f7xx_hal_conf.h
2025-11-21 14:41:15,449 [WARN] IPConfigManager:3811 - IP not found : TIM
2025-11-21 14:41:15,449 [WARN] CodeGenerator:4259 - IP not found : null
2025-11-21 14:41:15,457 [INFO] CodeEngine:265 - oldGeneratedFile, C:\Users\chris\STM32CubeIDE\workspace_1.14.1\ngcp_ugv_controls_mcu_\Core\Inc\main.h_save
2025-11-21 14:41:15,501 [INFO] CodeEngine:289 - Generated code: C:\Users\chris\STM32CubeIDE\workspace_1.14.1\ngcp_ugv_controls_mcu_\Core\Inc\main.h
2025-11-21 14:41:15,506 [INFO] CodeEngine:265 - oldGeneratedFile, C:\Users\chris\STM32CubeIDE\workspace_1.14.1\ngcp_ugv_controls_mcu_\Core\Src\main.c_save
2025-11-21 14:41:15,588 [INFO] CodeEngine:289 - Generated code: C:\Users\chris\STM32CubeIDE\workspace_1.14.1\ngcp_ugv_controls_mcu_\Core\Src\main.c
2025-11-21 14:41:15,773 [INFO] ProjectBuilder:3606 - Time for Copy HAL[1] : 96mS.
2025-11-21 14:41:15,776 [INFO] ProjectBuilder:5216 - Project Generator version: 4.7.0-B52
2025-11-21 14:41:15,818 [INFO] ConfigFileManager:1595 - The Die is : DIE451
2025-11-21 14:41:16,519 [INFO] ProjectBuilder:5496 - Time for Generating toolchain IDE Files: 742mS.
2025-11-21 14:41:16,520 [INFO] ProjectBuilder:3463 - Time for Copy CMSIS : 1mS.
2025-11-21 14:41:16,527 [INFO] ProjectBuilder:3463 - Time for Copy CMSIS : 0mS.
2025-11-21 14:49:01,174 [INFO] RtosManager:1018 - Current active RTOS is FREERTOS [Cortex-M7NS]
2025-11-21 14:49:02,691 [ERROR] RtosPanel:558 - Can not restore the selected Tab for FREERTOS(A reason can be that the tab is no more available.)
2025-11-21 14:49:02,751 [ERROR] RtosPanel:558 - Can not restore the selected Tab for FREERTOS(A reason can be that the tab is no more available.)
2025-11-21 14:50:28,968 [INFO] TasksAndQueuesTab:757 - Dynamic
2025-11-21 14:50:28,969 [WARN] TasksAndQueuesTab:763 - 256 256
2025-11-21 14:50:28,969 [WARN] TasksAndQueuesTab:775 - max value is: 3840.0
2025-11-21 14:50:32,377 [INFO] TasksAndQueuesTab:757 - Dynamic
2025-11-21 14:50:32,377 [WARN] TasksAndQueuesTab:763 - 256 256
2025-11-21 14:50:32,377 [WARN] TasksAndQueuesTab:775 - max value is: 3840.0
2025-11-21 14:50:59,051 [INFO] UtilMem:75 - End SaveConfig() Used Memory: 888497760 Bytes (1073741824)
2025-11-21 14:50:59,186 [INFO] UtilMem:75 - End SaveConfig() Used Memory: 765720840 Bytes (1073741824)
2025-11-21 14:51:00,028 [INFO] UtilMem:75 - End SaveConfig() Used Memory: 878377528 Bytes (1073741824)
2025-11-21 14:51:02,537 [INFO] BlockDiagram:2775 - set Specific Code input for plugin: FREERTOS
2025-11-21 14:51:02,537 [INFO] BlockDiagram:2775 - set Specific Code input for plugin: TIM1_8F77
2025-11-21 14:51:02,537 [INFO] BlockDiagram:2775 - set Specific Code input for plugin: TIM1_8F77
2025-11-21 14:51:02,537 [INFO] BlockDiagram:2775 - set Specific Code input for plugin: SYS
2025-11-21 14:51:02,537 [INFO] BlockDiagram:2775 - set Specific Code input for plugin: RCC
2025-11-21 14:51:02,537 [INFO] BlockDiagram:2775 - set Specific Code input for plugin: NVIC
2025-11-21 14:51:02,537 [INFO] BlockDiagram:2775 - set Specific Code input for plugin: USART
2025-11-21 14:51:02,537 [INFO] BlockDiagram:2775 - set Specific Code input for plugin: TIM1_8F77
2025-11-21 14:51:02,538 [INFO] BlockDiagram:2775 - set Specific Code input for plugin: TIM1_8F77
2025-11-21 14:51:02,538 [INFO] BlockDiagram:2775 - set Specific Code input for plugin: CORTEX_M7
2025-11-21 14:51:02,538 [INFO] BlockDiagram:2775 - set Specific Code input for plugin: TIM1_8F77
2025-11-21 14:51:02,538 [INFO] BlockDiagram:2775 - set Specific Code input for plugin: UART
2025-11-21 14:51:02,538 [INFO] BlockDiagram:2775 - set Specific Code input for plugin: UART
2025-11-21 14:51:02,538 [INFO] BlockDiagram:2775 - set Specific Code input for plugin: UART
2025-11-21 14:51:02,538 [INFO] BlockDiagram:2775 - set Specific Code input for plugin: GPIO
2025-11-21 14:51:02,538 [INFO] BlockDiagram:2775 - set Specific Code input for plugin: ETH
2025-11-21 14:51:02,539 [INFO] CodeGenerator:892 - code generatio: config db path: C:\ST\STM32CubeIDE_1.14.1\STM32CubeIDE\plugins\com.st.stm32cube.common.mx_6.15.0.202507011659\\db\
2025-11-21 14:51:02,542 [WARN] IP:2250 - Warning not found: check if there is a RefParameter without a condition.
2025-11-21 14:51:02,542 [WARN] IP:2250 - RxBufferAddress not found: check if there is a RefParameter without a condition.
2025-11-21 14:51:02,542 [WARN] IP:2250 - DESC_SIZE_UNIT not found: check if there is a RefParameter without a condition.
2025-11-21 14:51:02,639 [INFO] CodeEngine:265 - oldGeneratedFile, C:\Users\chris\STM32CubeIDE\workspace_1.14.1\ngcp_ugv_controls_mcu_\MXTmpFiles\license.tmp_save
2025-11-21 14:51:02,957 [INFO] CodeEngine:289 - Generated code: C:\Users\chris\STM32CubeIDE\workspace_1.14.1\ngcp_ugv_controls_mcu_\MXTmpFiles\license.tmp
2025-11-21 14:51:03,020 [INFO] CodeEngine:265 - oldGeneratedFile, C:\Users\chris\STM32CubeIDE\workspace_1.14.1\ngcp_ugv_controls_mcu_\MXTmpFiles\gpio.tmp_save
2025-11-21 14:51:03,205 [INFO] CodeEngine:289 - Generated code: C:\Users\chris\STM32CubeIDE\workspace_1.14.1\ngcp_ugv_controls_mcu_\MXTmpFiles\gpio.tmp
2025-11-21 14:51:04,309 [INFO] Middleware:1452 - No code input for Bsp Dependency
2025-11-21 14:51:04,318 [INFO] CodeEngine:265 - oldGeneratedFile, C:\Users\chris\STM32CubeIDE\workspace_1.14.1\ngcp_ugv_controls_mcu_\MXTmpFiles\rtos_inc.tmp_save
2025-11-21 14:51:04,408 [INFO] CodeEngine:289 - Generated code: C:\Users\chris\STM32CubeIDE\workspace_1.14.1\ngcp_ugv_controls_mcu_\MXTmpFiles\rtos_inc.tmp
2025-11-21 14:51:04,415 [INFO] CodeEngine:265 - oldGeneratedFile, C:\Users\chris\STM32CubeIDE\workspace_1.14.1\ngcp_ugv_controls_mcu_\MXTmpFiles\rtos_vars.tmp_save
2025-11-21 14:51:04,505 [INFO] CodeEngine:289 - Generated code: C:\Users\chris\STM32CubeIDE\workspace_1.14.1\ngcp_ugv_controls_mcu_\MXTmpFiles\rtos_vars.tmp
2025-11-21 14:51:04,512 [INFO] CodeEngine:265 - oldGeneratedFile, C:\Users\chris\STM32CubeIDE\workspace_1.14.1\ngcp_ugv_controls_mcu_\MXTmpFiles\rtos_pfp.tmp_save
2025-11-21 14:51:04,587 [INFO] CodeEngine:289 - Generated code: C:\Users\chris\STM32CubeIDE\workspace_1.14.1\ngcp_ugv_controls_mcu_\MXTmpFiles\rtos_pfp.tmp
2025-11-21 14:51:04,593 [INFO] CodeEngine:265 - oldGeneratedFile, C:\Users\chris\STM32CubeIDE\workspace_1.14.1\ngcp_ugv_controls_mcu_\MXTmpFiles\rtos_obj_creat.tmp_save
2025-11-21 14:51:04,689 [INFO] CodeEngine:289 - Generated code: C:\Users\chris\STM32CubeIDE\workspace_1.14.1\ngcp_ugv_controls_mcu_\MXTmpFiles\rtos_obj_creat.tmp
2025-11-21 14:51:04,699 [INFO] CodeEngine:265 - oldGeneratedFile, C:\Users\chris\STM32CubeIDE\workspace_1.14.1\ngcp_ugv_controls_mcu_\MXTmpFiles\rtos_kernelStart.tmp_save
2025-11-21 14:51:04,777 [INFO] CodeEngine:289 - Generated code: C:\Users\chris\STM32CubeIDE\workspace_1.14.1\ngcp_ugv_controls_mcu_\MXTmpFiles\rtos_kernelStart.tmp
2025-11-21 14:51:04,787 [INFO] CodeEngine:265 - oldGeneratedFile, C:\Users\chris\STM32CubeIDE\workspace_1.14.1\ngcp_ugv_controls_mcu_\MXTmpFiles\rtos_default_thread.tmp_save
2025-11-21 14:51:04,861 [INFO] CodeEngine:289 - Generated code: C:\Users\chris\STM32CubeIDE\workspace_1.14.1\ngcp_ugv_controls_mcu_\MXTmpFiles\rtos_default_thread.tmp
2025-11-21 14:51:04,870 [INFO] CodeEngine:265 - oldGeneratedFile, C:\Users\chris\STM32CubeIDE\workspace_1.14.1\ngcp_ugv_controls_mcu_\MXTmpFiles\rtos_threads.tmp_save
2025-11-21 14:51:04,943 [INFO] CodeEngine:289 - Generated code: C:\Users\chris\STM32CubeIDE\workspace_1.14.1\ngcp_ugv_controls_mcu_\MXTmpFiles\rtos_threads.tmp
2025-11-21 14:51:04,975 [INFO] Middleware:1452 - No code input for Bsp Dependency
2025-11-21 14:51:04,983 [INFO] CodeEngine:265 - oldGeneratedFile, C:\Users\chris\STM32CubeIDE\workspace_1.14.1\ngcp_ugv_controls_mcu_\MXTmpFiles\rtos_inc.tmp_save
2025-11-21 14:51:05,048 [INFO] CodeEngine:289 - Generated code: C:\Users\chris\STM32CubeIDE\workspace_1.14.1\ngcp_ugv_controls_mcu_\MXTmpFiles\rtos_inc.tmp
2025-11-21 14:51:05,056 [INFO] CodeEngine:265 - oldGeneratedFile, C:\Users\chris\STM32CubeIDE\workspace_1.14.1\ngcp_ugv_controls_mcu_\MXTmpFiles\rtos_vars.tmp_save
2025-11-21 14:51:05,123 [INFO] CodeEngine:289 - Generated code: C:\Users\chris\STM32CubeIDE\workspace_1.14.1\ngcp_ugv_controls_mcu_\MXTmpFiles\rtos_vars.tmp
2025-11-21 14:51:05,131 [INFO] CodeEngine:265 - oldGeneratedFile, C:\Users\chris\STM32CubeIDE\workspace_1.14.1\ngcp_ugv_controls_mcu_\MXTmpFiles\rtos_pfp.tmp_save
2025-11-21 14:51:05,190 [INFO] CodeEngine:289 - Generated code: C:\Users\chris\STM32CubeIDE\workspace_1.14.1\ngcp_ugv_controls_mcu_\MXTmpFiles\rtos_pfp.tmp
2025-11-21 14:51:05,202 [INFO] CodeEngine:265 - oldGeneratedFile, C:\Users\chris\STM32CubeIDE\workspace_1.14.1\ngcp_ugv_controls_mcu_\MXTmpFiles\rtos_obj_creat.tmp_save
2025-11-21 14:51:05,263 [INFO] CodeEngine:289 - Generated code: C:\Users\chris\STM32CubeIDE\workspace_1.14.1\ngcp_ugv_controls_mcu_\MXTmpFiles\rtos_obj_creat.tmp
2025-11-21 14:51:05,274 [INFO] CodeEngine:265 - oldGeneratedFile, C:\Users\chris\STM32CubeIDE\workspace_1.14.1\ngcp_ugv_controls_mcu_\MXTmpFiles\rtos_kernelStart.tmp_save
2025-11-21 14:51:05,338 [INFO] CodeEngine:289 - Generated code: C:\Users\chris\STM32CubeIDE\workspace_1.14.1\ngcp_ugv_controls_mcu_\MXTmpFiles\rtos_kernelStart.tmp
2025-11-21 14:51:05,349 [INFO] CodeEngine:265 - oldGeneratedFile, C:\Users\chris\STM32CubeIDE\workspace_1.14.1\ngcp_ugv_controls_mcu_\MXTmpFiles\rtos_default_thread.tmp_save
2025-11-21 14:51:05,409 [INFO] CodeEngine:289 - Generated code: C:\Users\chris\STM32CubeIDE\workspace_1.14.1\ngcp_ugv_controls_mcu_\MXTmpFiles\rtos_default_thread.tmp
2025-11-21 14:51:05,427 [INFO] CodeEngine:265 - oldGeneratedFile, C:\Users\chris\STM32CubeIDE\workspace_1.14.1\ngcp_ugv_controls_mcu_\MXTmpFiles\rtos_threads.tmp_save
2025-11-21 14:51:05,503 [INFO] CodeEngine:289 - Generated code: C:\Users\chris\STM32CubeIDE\workspace_1.14.1\ngcp_ugv_controls_mcu_\MXTmpFiles\rtos_threads.tmp
2025-11-21 14:51:05,510 [INFO] CodeEngine:265 - oldGeneratedFile, C:\Users\chris\STM32CubeIDE\workspace_1.14.1\ngcp_ugv_controls_mcu_\Core\Inc\FreeRTOSConfig.h_save
2025-11-21 14:51:05,618 [INFO] CodeEngine:289 - Generated code: C:\Users\chris\STM32CubeIDE\workspace_1.14.1\ngcp_ugv_controls_mcu_\Core\Inc\FreeRTOSConfig.h
2025-11-21 14:51:05,624 [INFO] CodeEngine:265 - oldGeneratedFile, C:\Users\chris\STM32CubeIDE\workspace_1.14.1\ngcp_ugv_controls_mcu_\Core\Src\freertos.c_save
2025-11-21 14:51:05,699 [INFO] CodeEngine:289 - Generated code: C:\Users\chris\STM32CubeIDE\workspace_1.14.1\ngcp_ugv_controls_mcu_\Core\Src\freertos.c
2025-11-21 14:51:05,710 [INFO] CodeEngine:265 - oldGeneratedFile, C:\Users\chris\STM32CubeIDE\workspace_1.14.1\ngcp_ugv_controls_mcu_\MXTmpFiles\cortex.tmp_save
2025-11-21 14:51:05,806 [INFO] CodeEngine:289 - Generated code: C:\Users\chris\STM32CubeIDE\workspace_1.14.1\ngcp_ugv_controls_mcu_\MXTmpFiles\cortex.tmp
2025-11-21 14:51:05,833 [INFO] CodeEngine:265 - oldGeneratedFile, C:\Users\chris\STM32CubeIDE\workspace_1.14.1\ngcp_ugv_controls_mcu_\Core\Src\stm32f7xx_it.c_save
2025-11-21 14:51:06,041 [INFO] CodeEngine:289 - Generated code: C:\Users\chris\STM32CubeIDE\workspace_1.14.1\ngcp_ugv_controls_mcu_\Core\Src\stm32f7xx_it.c
2025-11-21 14:51:06,046 [INFO] CodeEngine:265 - oldGeneratedFile, C:\Users\chris\STM32CubeIDE\workspace_1.14.1\ngcp_ugv_controls_mcu_\Core\Inc\stm32f7xx_it.h_save
2025-11-21 14:51:06,117 [INFO] CodeEngine:289 - Generated code: C:\Users\chris\STM32CubeIDE\workspace_1.14.1\ngcp_ugv_controls_mcu_\Core\Inc\stm32f7xx_it.h
2025-11-21 14:51:06,147 [INFO] CodeEngine:265 - oldGeneratedFile, C:\Users\chris\STM32CubeIDE\workspace_1.14.1\ngcp_ugv_controls_mcu_\Core\Src\stm32f7xx_hal_msp.c_save
2025-11-21 14:51:06,319 [INFO] CodeEngine:289 - Generated code: C:\Users\chris\STM32CubeIDE\workspace_1.14.1\ngcp_ugv_controls_mcu_\Core\Src\stm32f7xx_hal_msp.c
2025-11-21 14:51:06,324 [INFO] CodeEngine:265 - oldGeneratedFile, C:\Users\chris\STM32CubeIDE\workspace_1.14.1\ngcp_ugv_controls_mcu_\MXTmpFiles\system.tmp_save
2025-11-21 14:51:06,388 [INFO] CodeEngine:289 - Generated code: C:\Users\chris\STM32CubeIDE\workspace_1.14.1\ngcp_ugv_controls_mcu_\MXTmpFiles\system.tmp
2025-11-21 14:51:06,402 [INFO] CodeEngine:321 - oldGeneratedFile, C:\Users\chris\STM32CubeIDE\workspace_1.14.1\ngcp_ugv_controls_mcu_\Core\Inc\stm32f7xx_hal_conf.h_save
2025-11-21 14:51:06,485 [INFO] CodeEngine:345 - Generated code: C:\Users\chris\STM32CubeIDE\workspace_1.14.1\ngcp_ugv_controls_mcu_\Core\Inc\stm32f7xx_hal_conf.h
2025-11-21 14:51:06,524 [WARN] IPConfigManager:3811 - IP not found : TIM
2025-11-21 14:51:06,525 [WARN] CodeGenerator:4259 - IP not found : null
2025-11-21 14:51:06,536 [INFO] CodeEngine:265 - oldGeneratedFile, C:\Users\chris\STM32CubeIDE\workspace_1.14.1\ngcp_ugv_controls_mcu_\Core\Inc\main.h_save
2025-11-21 14:51:06,631 [INFO] CodeEngine:289 - Generated code: C:\Users\chris\STM32CubeIDE\workspace_1.14.1\ngcp_ugv_controls_mcu_\Core\Inc\main.h
2025-11-21 14:51:06,641 [INFO] CodeEngine:265 - oldGeneratedFile, C:\Users\chris\STM32CubeIDE\workspace_1.14.1\ngcp_ugv_controls_mcu_\Core\Src\main.c_save
2025-11-21 14:51:06,791 [INFO] CodeEngine:289 - Generated code: C:\Users\chris\STM32CubeIDE\workspace_1.14.1\ngcp_ugv_controls_mcu_\Core\Src\main.c
2025-11-21 14:51:07,250 [INFO] ProjectBuilder:3606 - Time for Copy HAL[1] : 274mS.
2025-11-21 14:51:07,255 [INFO] ProjectBuilder:5216 - Project Generator version: 4.7.0-B52
2025-11-21 14:51:07,328 [INFO] ConfigFileManager:1595 - The Die is : DIE451
2025-11-21 14:51:08,430 [INFO] ProjectBuilder:5496 - Time for Generating toolchain IDE Files: 1174mS.
2025-11-21 14:51:08,431 [INFO] ProjectBuilder:3463 - Time for Copy CMSIS : 1mS.
2025-11-21 14:51:08,440 [INFO] ProjectBuilder:3463 - Time for Copy CMSIS : 0mS.
2025-11-21 15:02:21,463 [INFO] WebApp:194 - Connection lost
2025-11-21 15:02:21,561 [INFO] WebApp:191 - Connection restablished
2025-11-21 15:04:41,440 [INFO] WebApp:194 - Connection lost
2025-11-21 15:04:41,545 [INFO] WebApp:191 - Connection restablished
2025-11-21 15:27:36,042 [INFO] WebApp:194 - Connection lost
2025-11-21 15:27:36,171 [INFO] WebApp:191 - Connection restablished
2025-11-21 15:34:43,989 [INFO] WebApp:194 - Connection lost
2025-11-21 15:34:44,101 [INFO] WebApp:191 - Connection restablished
2025-11-21 16:09:24,506 [INFO] WebApp:194 - Connection lost
2025-11-21 16:09:24,622 [INFO] WebApp:191 - Connection restablished
2025-11-21 16:19:48,973 [INFO] WebApp:194 - Connection lost
2025-11-21 16:19:49,091 [INFO] WebApp:191 - Connection restablished
2025-11-21 17:06:44,270 [INFO] WebApp:194 - Connection lost
2025-11-21 17:31:40,095 [INFO] WebApp:191 - Connection restablished
2025-11-21 17:31:42,492 [INFO] WebApp:194 - Connection lost
2025-11-21 17:31:42,588 [INFO] WebApp:191 - Connection restablished
2025-11-21 17:53:11,972 [INFO] WebApp:194 - Connection lost
2025-11-21 17:53:12,083 [INFO] WebApp:191 - Connection restablished
2025-11-21 17:53:22,099 [ERROR] LogOutputStream:75 - [STDERR_REDIRECT] 
