2025-09-26 16:12:49,668 [INFO] Activator:176 - 


2025-09-26 16:12:49,676 [INFO] Activator:177 - !SESSION log4j initialized
2025-09-26 16:12:58,265 [INFO] LogOutputStream:77 - [STDOUT_REDIRECT] 
2025-09-26 16:13:00,330 [INFO] ApplicationProperties:184 - Using Application install path: C:\ST\STM32CubeIDE_1.14.1\STM32CubeIDE\plugins\com.st.stm32cube.common.mx_6.15.0.202507011659
2025-09-26 16:13:00,407 [INFO] DbMcusXml:78 - Set database path to: C:\ST\STM32CubeIDE_1.14.1\STM32CubeIDE\plugins\com.st.stm32cube.common.mx_6.15.0.202507011659\\db\/mcu/
2025-09-26 16:13:00,408 [INFO] ApiDb:274 - Set plugin database path to: C:\ST\STM32CubeIDE_1.14.1\STM32CubeIDE\plugins\com.st.stm32cube.common.mx_6.15.0.202507011659\\db\/plugins/boardmanager/
2025-09-26 16:13:00,410 [WARN] ApiDb:259 - Overriding images path with different value:  => C:\ST\STM32CubeIDE_1.14.1\STM32CubeIDE\plugins\com.st.stm32cube.common.mx_6.15.0.202507011659\\db\/plugins/mcufinder/images/
2025-09-26 16:13:00,444 [INFO] ApiDb:250 - Set database path to: C:\Users\chris\.stmcufinder\plugins\mcufinder//mcu/
2025-09-26 16:13:00,451 [INFO] DbMcusAds:125 - Set database path to: C:\Users\chris\.stmcufinder\plugins\mcufinder//mcu/
2025-09-26 16:13:00,487 [INFO] CrossReferenceDbSqlite:203 - Set database path to: C:\Users\chris\.stmcufinder\plugins\mcufinder//mcu/cs/
2025-09-26 16:13:01,152 [INFO] RulesReader:64 - Compatibility file has been processed (317 Rules)
2025-09-26 16:13:01,319 [INFO] DbMcusXml:78 - Set database path to: C:\ST\STM32CubeIDE_1.14.1\STM32CubeIDE\plugins\com.st.stm32cube.common.mx_6.15.0.202507011659\\db\/mcu/
2025-09-26 16:13:01,319 [INFO] ApiDb:274 - Set plugin database path to: C:\ST\STM32CubeIDE_1.14.1\STM32CubeIDE\plugins\com.st.stm32cube.common.mx_6.15.0.202507011659\\db\/plugins/boardmanager/
2025-09-26 16:13:01,320 [INFO] ApiDb:261 - Set plugin images path to: C:\ST\STM32CubeIDE_1.14.1\STM32CubeIDE\plugins\com.st.stm32cube.common.mx_6.15.0.202507011659\\db\/plugins/mcufinder/images/
2025-09-26 16:13:01,320 [WARN] DbFile:41 - Overriding database path with different value: C:\Users\chris\.stmcufinder\plugins\mcufinder/ => C:\Users\chris\.stmcufinder\plugins\mcufinder
2025-09-26 16:13:01,321 [INFO] ApiDb:250 - Set database path to: C:\Users\chris\.stmcufinder\plugins\mcufinder//mcu/
2025-09-26 16:13:01,321 [WARN] DbFile:41 - Overriding database path with different value: C:\Users\chris\.stmcufinder\plugins\mcufinder/ => C:\Users\chris\.stmcufinder\plugins\mcufinder
2025-09-26 16:13:01,321 [INFO] DbMcusAds:125 - Set database path to: C:\Users\chris\.stmcufinder\plugins\mcufinder//mcu/
2025-09-26 16:13:01,321 [WARN] DbFile:41 - Overriding database path with different value: C:\Users\chris\.stmcufinder\plugins\mcufinder/ => C:\Users\chris\.stmcufinder\plugins\mcufinder
2025-09-26 16:13:01,321 [WARN] DbFile:41 - Overriding database path with different value: C:\Users\chris\.stmcufinder\plugins\mcufinder/ => C:\Users\chris\.stmcufinder\plugins\mcufinder
2025-09-26 16:13:01,321 [INFO] CrossReferenceDbSqlite:203 - Set database path to: C:\Users\chris\.stmcufinder\plugins\mcufinder//mcu/cs/
2025-09-26 16:13:01,439 [INFO] MainPanel:274 - HeapMemory: 268435456
2025-09-26 16:13:01,604 [INFO] DbMcusXml:78 - Set database path to: C:\ST\STM32CubeIDE_1.14.1\STM32CubeIDE\plugins\com.st.stm32cube.common.mx_6.15.0.202507011659\\db\/mcu/
2025-09-26 16:13:01,604 [INFO] ApiDb:274 - Set plugin database path to: C:\ST\STM32CubeIDE_1.14.1\STM32CubeIDE\plugins\com.st.stm32cube.common.mx_6.15.0.202507011659\\db\/plugins/boardmanager/
2025-09-26 16:13:01,604 [INFO] ApiDb:261 - Set plugin images path to: C:\ST\STM32CubeIDE_1.14.1\STM32CubeIDE\plugins\com.st.stm32cube.common.mx_6.15.0.202507011659\\db\/plugins/mcufinder/images/
2025-09-26 16:13:01,605 [WARN] DbFile:41 - Overriding database path with different value: C:\Users\chris\.stmcufinder\plugins\mcufinder/ => C:\Users\chris\.stmcufinder\plugins\mcufinder
2025-09-26 16:13:01,605 [INFO] ApiDb:250 - Set database path to: C:\Users\chris\.stmcufinder\plugins\mcufinder//mcu/
2025-09-26 16:13:01,605 [WARN] DbFile:41 - Overriding database path with different value: C:\Users\chris\.stmcufinder\plugins\mcufinder/ => C:\Users\chris\.stmcufinder\plugins\mcufinder
2025-09-26 16:13:01,605 [INFO] DbMcusAds:125 - Set database path to: C:\Users\chris\.stmcufinder\plugins\mcufinder//mcu/
2025-09-26 16:13:01,605 [WARN] DbFile:41 - Overriding database path with different value: C:\Users\chris\.stmcufinder\plugins\mcufinder/ => C:\Users\chris\.stmcufinder\plugins\mcufinder
2025-09-26 16:13:01,605 [WARN] DbFile:41 - Overriding database path with different value: C:\Users\chris\.stmcufinder\plugins\mcufinder/ => C:\Users\chris\.stmcufinder\plugins\mcufinder
2025-09-26 16:13:01,605 [INFO] CrossReferenceDbSqlite:203 - Set database path to: C:\Users\chris\.stmcufinder\plugins\mcufinder//mcu/cs/
2025-09-26 16:13:01,632 [INFO] ApplicationProperties:184 - Using Application install path: C:\ST\STM32CubeIDE_1.14.1\STM32CubeIDE\plugins\com.st.stm32cube.common.mx_6.15.0.202507011659
2025-09-26 16:13:01,634 [INFO] PluginManage:196 - Search for loadable plugins [exclusion list=, ]
2025-09-26 16:13:01,636 [INFO] PluginManage:310 - Check plugin analytics
2025-09-26 16:13:01,919 [INFO] AnalyticsPlugin:253 - Accepted Software Licenses: 
2025-09-26 16:13:01,919 [INFO] AnalyticsPlugin:255 - Accepted CMSIS Pack Licenses: 
2025-09-26 16:13:01,919 [INFO] AnalyticsPlugin:257 - Accepted Firmware Licenses: FW.F7.1.17.0,FW.H7.1.11.0
2025-09-26 16:13:01,923 [INFO] PluginManage:359 - Loaded plugin analytics (category:tool,tabindex:-1)
2025-09-26 16:13:01,924 [INFO] PluginManage:310 - Check plugin cadmodel
2025-09-26 16:13:01,934 [INFO] CADModel:105 - Init CAD model plugin
2025-09-26 16:13:01,934 [INFO] PluginManage:359 - Loaded plugin cadmodel (category:power,tabindex:5)
2025-09-26 16:13:01,934 [INFO] PluginManage:310 - Check plugin clock
2025-09-26 16:13:01,948 [INFO] PluginManage:359 - Loaded plugin clock (category:base,tabindex:2)
2025-09-26 16:13:01,948 [INFO] PluginManage:310 - Check plugin ddr
2025-09-26 16:13:01,951 [INFO] PluginManage:359 - Loaded plugin ddr (category:tool,tabindex:6)
2025-09-26 16:13:01,952 [INFO] PluginManage:310 - Check plugin filemanager
2025-09-26 16:13:02,165 [INFO] PluginManage:359 - Loaded plugin filemanager (category:base,tabindex:10)
2025-09-26 16:13:02,165 [INFO] PluginManage:310 - Check plugin ipmanager
2025-09-26 16:13:02,176 [INFO] PluginManage:359 - Loaded plugin ipmanager (category:base,tabindex:5)
2025-09-26 16:13:02,176 [INFO] PluginManage:310 - Check plugin lpbam
2025-09-26 16:13:02,188 [INFO] PluginManage:359 - Loaded plugin lpbam (category:base,tabindex:0)
2025-09-26 16:13:02,188 [INFO] PluginManage:310 - Check plugin memorymap
2025-09-26 16:13:02,207 [INFO] PluginManage:359 - Loaded plugin memorymap (category:base,tabindex:4)
2025-09-26 16:13:02,207 [INFO] PluginManage:310 - Check plugin pinoutandconfiguration
2025-09-26 16:13:02,219 [INFO] PluginManage:359 - Loaded plugin pinoutandconfiguration (category:base,tabindex:1)
2025-09-26 16:13:02,219 [INFO] PluginManage:310 - Check plugin pinoutconfig
2025-09-26 16:13:02,344 [WARN] SupportedApi:132 - Cannot load RTOS API schema: s4s-elt-must-match.1: The content of 'definitions' must match (annotation?, (simpleType | complexType)?, (unique | key | keyref)*)). A problem was found starting at: attribute.
2025-09-26 16:13:02,526 [INFO] PluginManage:359 - Loaded plugin pinoutconfig (category:base,tabindex:0)
2025-09-26 16:13:02,526 [INFO] PluginManage:310 - Check plugin power
2025-09-26 16:13:02,542 [INFO] PluginManage:359 - Loaded plugin power (category:power,tabindex:4)
2025-09-26 16:13:02,542 [INFO] PluginManage:310 - Check plugin projectmanager
2025-09-26 16:13:02,575 [INFO] PluginManage:359 - Loaded plugin projectmanager (category:projectmanager,tabindex:4)
2025-09-26 16:13:02,576 [INFO] PluginManage:310 - Check plugin rif
2025-09-26 16:13:02,590 [INFO] PluginManage:359 - Loaded plugin rif (category:base,tabindex:3)
2025-09-26 16:13:02,590 [INFO] PluginManage:310 - Check plugin thirdparty
2025-09-26 16:13:02,836 [INFO] PluginManage:359 - Loaded plugin thirdparty (category:base,tabindex:-1)
2025-09-26 16:13:02,836 [INFO] PluginManage:310 - Check plugin tools
2025-09-26 16:13:02,836 [WARN] IntegrityCheckThread:84 - waiting for thirdparty lock release [integrity check]
2025-09-26 16:13:02,837 [INFO] IntegrityCheckThread:86 - entering critical section [integrity check]
2025-09-26 16:13:02,837 [INFO] ThirdPartyUpdaterWithRetryManager:70 - Updater plugin not ready yet. [1/15]
2025-09-26 16:13:02,844 [INFO] PluginManage:359 - Loaded plugin tools (category:base,tabindex:7)
2025-09-26 16:13:02,844 [INFO] PluginManage:310 - Check plugin tutovideos
2025-09-26 16:13:03,188 [INFO] PluginManage:359 - Loaded plugin tutovideos (category:base,tabindex:-1)
2025-09-26 16:13:03,188 [INFO] PluginManage:310 - Check plugin updater
2025-09-26 16:13:03,260 [INFO] PluginManage:359 - Loaded plugin updater (category:base,tabindex:12)
2025-09-26 16:13:03,261 [INFO] PluginManage:310 - Check plugin userauth
2025-09-26 16:13:03,270 [INFO] UserAuth:118 - Init User Auth plugin
2025-09-26 16:13:03,274 [INFO] PluginManage:359 - Loaded plugin userauth (category:base,tabindex:14)
2025-09-26 16:13:03,275 [INFO] PluginManage:283 - PluginManage : Loaded plugins [18]
2025-09-26 16:13:03,612 [INFO] PinOutPanel:1589 - setPackage(No Configuration,No Configuration)
2025-09-26 16:13:03,733 [INFO] CADModel:165 - CPN selected for project level
2025-09-26 16:13:03,733 [INFO] CADModel:114 - Register for checkConnection events
2025-09-26 16:13:03,755 [INFO] IPUIPlugin:80 - create IPUIPlugin
2025-09-26 16:13:03,756 [INFO] PluginManager:220 - loadIPPluginJar : add adc
2025-09-26 16:13:03,760 [INFO] IPUIPlugin:80 - create IPUIPlugin
2025-09-26 16:13:03,761 [INFO] PluginManager:220 - loadIPPluginJar : add aes
2025-09-26 16:13:03,764 [INFO] IPUIPlugin:80 - create IPUIPlugin
2025-09-26 16:13:03,765 [INFO] PluginManager:220 - loadIPPluginJar : add can
2025-09-26 16:13:03,767 [INFO] IPUIPlugin:80 - create IPUIPlugin
2025-09-26 16:13:03,767 [INFO] PluginManager:220 - loadIPPluginJar : add comp
2025-09-26 16:13:03,771 [INFO] IPUIPlugin:80 - create IPUIPlugin
2025-09-26 16:13:03,771 [INFO] PluginManager:220 - loadIPPluginJar : add cryp
2025-09-26 16:13:03,774 [INFO] IPUIPlugin:80 - create IPUIPlugin
2025-09-26 16:13:03,774 [INFO] PluginManager:220 - loadIPPluginJar : add ddr_ctrl_phy
2025-09-26 16:13:03,778 [INFO] IPUIPlugin:80 - create IPUIPlugin
2025-09-26 16:13:03,778 [INFO] PluginManager:220 - loadIPPluginJar : add dfsdm
2025-09-26 16:13:03,785 [INFO] IPUIPlugin:80 - create IPUIPlugin
2025-09-26 16:13:03,786 [INFO] PluginManager:220 - loadIPPluginJar : add dma
2025-09-26 16:13:03,789 [INFO] IPUIPlugin:80 - create IPUIPlugin
2025-09-26 16:13:03,789 [INFO] PluginManager:220 - loadIPPluginJar : add dma3
2025-09-26 16:13:03,793 [INFO] IPUIPlugin:80 - create IPUIPlugin
2025-09-26 16:13:03,793 [INFO] PluginManager:220 - loadIPPluginJar : add extmemmanager
2025-09-26 16:13:03,795 [INFO] IPUIPlugin:80 - create IPUIPlugin
2025-09-26 16:13:03,795 [INFO] PluginManager:220 - loadIPPluginJar : add fatfs
2025-09-26 16:13:03,802 [INFO] IPUIPlugin:80 - create IPUIPlugin
2025-09-26 16:13:03,802 [INFO] PluginManager:220 - loadIPPluginJar : add fmc
2025-09-26 16:13:03,811 [INFO] IPUIPlugin:80 - create IPUIPlugin
2025-09-26 16:13:03,812 [INFO] PluginManager:220 - loadIPPluginJar : add freertos
2025-09-26 16:13:03,814 [INFO] IPUIPlugin:80 - create IPUIPlugin
2025-09-26 16:13:03,814 [INFO] PluginManager:220 - loadIPPluginJar : add genericplugin
2025-09-26 16:13:03,818 [INFO] IPUIPlugin:80 - create IPUIPlugin
2025-09-26 16:13:03,818 [INFO] PluginManager:220 - loadIPPluginJar : add gfxmmu
2025-09-26 16:13:03,825 [INFO] IPUIPlugin:80 - create IPUIPlugin
2025-09-26 16:13:03,825 [INFO] PluginManager:220 - loadIPPluginJar : add gic
2025-09-26 16:13:03,831 [INFO] IPUIPlugin:80 - create IPUIPlugin
2025-09-26 16:13:03,831 [INFO] PluginManager:220 - loadIPPluginJar : add gpio
2025-09-26 16:13:03,835 [INFO] IPUIPlugin:80 - create IPUIPlugin
2025-09-26 16:13:03,835 [INFO] PluginManager:220 - loadIPPluginJar : add gtzc
2025-09-26 16:13:03,838 [INFO] IPUIPlugin:80 - create IPUIPlugin
2025-09-26 16:13:03,838 [INFO] PluginManager:220 - loadIPPluginJar : add hash
2025-09-26 16:13:03,842 [INFO] IPUIPlugin:80 - create IPUIPlugin
2025-09-26 16:13:03,842 [INFO] PluginManager:220 - loadIPPluginJar : add i2c
2025-09-26 16:13:03,846 [INFO] IPUIPlugin:80 - create IPUIPlugin
2025-09-26 16:13:03,846 [INFO] PluginManager:220 - loadIPPluginJar : add i2s
2025-09-26 16:13:03,849 [INFO] IPUIPlugin:80 - create IPUIPlugin
2025-09-26 16:13:03,850 [INFO] PluginManager:220 - loadIPPluginJar : add i3c
2025-09-26 16:13:03,855 [INFO] IPUIPlugin:80 - create IPUIPlugin
2025-09-26 16:13:03,855 [INFO] PluginManager:220 - loadIPPluginJar : add ipddr
2025-09-26 16:13:03,865 [INFO] IPUIPlugin:80 - create IPUIPlugin
2025-09-26 16:13:03,865 [INFO] PluginManager:220 - loadIPPluginJar : add linkedlist
2025-09-26 16:13:03,873 [INFO] IPUIPlugin:80 - create IPUIPlugin
2025-09-26 16:13:03,874 [INFO] PluginManager:220 - loadIPPluginJar : add lorawan
2025-09-26 16:13:03,877 [INFO] IPUIPlugin:80 - create IPUIPlugin
2025-09-26 16:13:03,877 [INFO] PluginManager:220 - loadIPPluginJar : add ltdc
2025-09-26 16:13:03,885 [INFO] IPUIPlugin:80 - create IPUIPlugin
2025-09-26 16:13:03,885 [INFO] PluginManager:220 - loadIPPluginJar : add mdma
2025-09-26 16:13:03,889 [INFO] IPUIPlugin:80 - create IPUIPlugin
2025-09-26 16:13:03,889 [INFO] PluginManager:220 - loadIPPluginJar : add nvic
2025-09-26 16:13:03,893 [INFO] IPUIPlugin:80 - create IPUIPlugin
2025-09-26 16:13:03,894 [INFO] PluginManager:220 - loadIPPluginJar : add opamp
2025-09-26 16:13:03,899 [INFO] IPUIPlugin:80 - create IPUIPlugin
2025-09-26 16:13:03,899 [INFO] PluginManager:220 - loadIPPluginJar : add openamp
2025-09-26 16:13:03,904 [INFO] IPUIPlugin:80 - create IPUIPlugin
2025-09-26 16:13:03,904 [INFO] PluginManager:220 - loadIPPluginJar : add pdm2pcm
2025-09-26 16:13:03,911 [INFO] IPUIPlugin:80 - create IPUIPlugin
2025-09-26 16:13:03,916 [INFO] PluginManager:220 - loadIPPluginJar : add plateformsettings
2025-09-26 16:13:03,920 [INFO] IPUIPlugin:80 - create IPUIPlugin
2025-09-26 16:13:03,920 [INFO] PluginManager:220 - loadIPPluginJar : add quadspi
2025-09-26 16:13:03,923 [INFO] IPUIPlugin:80 - create IPUIPlugin
2025-09-26 16:13:03,924 [INFO] PluginManager:220 - loadIPPluginJar : add radio
2025-09-26 16:13:03,929 [INFO] IPUIPlugin:80 - create IPUIPlugin
2025-09-26 16:13:03,930 [INFO] PluginManager:220 - loadIPPluginJar : add resmgrutility
2025-09-26 16:13:03,933 [INFO] IPUIPlugin:80 - create IPUIPlugin
2025-09-26 16:13:03,933 [INFO] PluginManager:220 - loadIPPluginJar : add sai
2025-09-26 16:13:03,936 [INFO] IPUIPlugin:80 - create IPUIPlugin
2025-09-26 16:13:03,937 [INFO] PluginManager:220 - loadIPPluginJar : add spi
2025-09-26 16:13:03,944 [INFO] IPUIPlugin:80 - create IPUIPlugin
2025-09-26 16:13:03,944 [INFO] PluginManager:220 - loadIPPluginJar : add stm32_wpan
2025-09-26 16:13:03,946 [INFO] IPUIPlugin:80 - create IPUIPlugin
2025-09-26 16:13:03,946 [INFO] PluginManager:220 - loadIPPluginJar : add tim
2025-09-26 16:13:03,949 [INFO] IPUIPlugin:80 - create IPUIPlugin
2025-09-26 16:13:03,950 [INFO] PluginManager:220 - loadIPPluginJar : add touchsensing
2025-09-26 16:13:03,952 [INFO] IPUIPlugin:80 - create IPUIPlugin
2025-09-26 16:13:03,952 [INFO] PluginManager:220 - loadIPPluginJar : add tracer_emb
2025-09-26 16:13:03,954 [INFO] IPUIPlugin:80 - create IPUIPlugin
2025-09-26 16:13:03,954 [INFO] PluginManager:220 - loadIPPluginJar : add ts
2025-09-26 16:13:03,956 [INFO] IPUIPlugin:80 - create IPUIPlugin
2025-09-26 16:13:03,956 [INFO] PluginManager:220 - loadIPPluginJar : add tsc
2025-09-26 16:13:03,958 [INFO] IPUIPlugin:80 - create IPUIPlugin
2025-09-26 16:13:03,959 [INFO] PluginManager:220 - loadIPPluginJar : add ucpd
2025-09-26 16:13:03,962 [INFO] IPUIPlugin:80 - create IPUIPlugin
2025-09-26 16:13:03,962 [INFO] PluginManager:220 - loadIPPluginJar : add usart
2025-09-26 16:13:03,965 [INFO] IPUIPlugin:80 - create IPUIPlugin
2025-09-26 16:13:03,966 [INFO] PluginManager:220 - loadIPPluginJar : add usbx
2025-09-26 16:13:04,113 [FATAL] Updater:351 - Updater called before beeing initialized
2025-09-26 16:13:04,171 [INFO] RulesReader:64 - Compatibility file has been processed (317 Rules)
2025-09-26 16:13:04,191 [INFO] RulesReader:64 - Compatibility file has been processed (317 Rules)
2025-09-26 16:13:04,254 [INFO] CADModel:165 - CPN selected for project level
2025-09-26 16:13:04,254 [INFO] CADModel:114 - Register for checkConnection events
2025-09-26 16:13:04,256 [FATAL] Updater:351 - Updater called before beeing initialized
2025-09-26 16:13:04,256 [ERROR] CADModel:125 - Updater not yet initialized, retry later 
2025-09-26 16:13:04,642 [FATAL] Updater:351 - Updater called before beeing initialized
2025-09-26 16:13:04,646 [INFO] CADModel:165 - CPN selected for project level
2025-09-26 16:13:04,646 [INFO] CADModel:114 - Register for checkConnection events
2025-09-26 16:13:04,646 [FATAL] Updater:351 - Updater called before beeing initialized
2025-09-26 16:13:04,647 [ERROR] CADModel:125 - Updater not yet initialized, retry later 
2025-09-26 16:13:04,652 [FATAL] Updater:351 - Updater called before beeing initialized
2025-09-26 16:13:04,933 [FATAL] Updater:351 - Updater called before beeing initialized
2025-09-26 16:13:04,961 [INFO] DbMcusAds:53 - JSON generation date=Tue Jul 08 01:14:23 PDT 2025 (1751962463582)
2025-09-26 16:13:04,962 [FATAL] Updater:351 - Updater called before beeing initialized
2025-09-26 16:13:05,046 [WARN] DetailPanel:346 - Failed to get advertising image, set to default
2025-09-26 16:13:05,243 [FATAL] Updater:351 - Updater called before beeing initialized
2025-09-26 16:13:05,248 [FATAL] Updater:351 - Updater called before beeing initialized
2025-09-26 16:13:05,249 [FATAL] Updater:351 - Updater called before beeing initialized
2025-09-26 16:13:05,249 [WARN] DetailPanel:346 - Failed to get advertising image, set to default
2025-09-26 16:13:05,252 [FATAL] Updater:351 - Updater called before beeing initialized
2025-09-26 16:13:05,388 [ERROR] Updater:1198 - MainUpdater not yet initialized. External WinMGr cannot be set.
2025-09-26 16:13:05,398 [INFO] Updater:1134 - Updater Version found : 6.15.0
2025-09-26 16:13:05,466 [INFO] ApplicationProperties:184 - Using Application install path: C:\ST\STM32CubeIDE_1.14.1\STM32CubeIDE\plugins\com.st.stm32cube.common.mx_6.15.0.202507011659
2025-09-26 16:13:05,838 [INFO] ThirdPartyUpdaterWithRetryManager:70 - Updater plugin not ready yet. [2/15]
2025-09-26 16:13:07,078 [ERROR] LogOutputStream:75 - [STDERR_REDIRECT] Sep 26, 2025 4:13:07 PM java.util.prefs.WindowsPreferences <init>
2025-09-26 16:13:07,079 [ERROR] LogOutputStream:75 - [STDERR_REDIRECT] WARNING: Could not open/create prefs root node Software\JavaSoft\Prefs at root 0xffffffff80000002. Windows RegCreateKeyEx(...) returned error code 5.
2025-09-26 16:13:07,080 [ERROR] LogOutputStream:75 - [STDERR_REDIRECT] 
2025-09-26 16:13:07,658 [INFO] MainUpdater:2872 - connection check result : 10
2025-09-26 16:13:07,659 [INFO] MainUpdater:3604 - Updater definition file requires update
2025-09-26 16:13:07,660 [INFO] MainUpdater:289 - Updater Check For Update Now.
2025-09-26 16:13:07,660 [INFO] MicroXplorer:498 - Change Database Version : DB.6.0.150
2025-09-26 16:13:07,668 [INFO] McuFinderGlobals:63 - Set McuFinder mode to 2 (CubeIDE integrated)
2025-09-26 16:13:07,670 [INFO] UserAuth:487 - Internet connection configuration mode: 1
2025-09-26 16:13:07,703 [INFO] JxBrowserEngine:152 - Initiate JxBrowser Engine with user profile folder
2025-09-26 16:13:07,727 [INFO] ServerAccessManage:452 - Complete download http(s) 200
2025-09-26 16:13:07,729 [INFO] ServerAccessManage:509 - Download File updaters.zip
2025-09-26 16:13:07,819 [INFO] FileExtend:248 - Unzip File : updaters.zip
2025-09-26 16:13:07,820 [INFO] FileExtend:263 - Standard Zip Deflate
2025-09-26 16:13:08,261 [INFO] ServerAccessManage:452 - Complete download http(s) 200
2025-09-26 16:13:08,262 [INFO] ServerAccessManage:509 - Download File PacksControlFlags.xml
2025-09-26 16:13:08,321 [INFO] ServerAccessManage:452 - Complete download http(s) 200
2025-09-26 16:13:08,321 [INFO] ServerAccessManage:509 - Download File cubemx.pidx
2025-09-26 16:13:08,840 [WARN] MainUpdater:1193 - Updater busy. Cannot search thirdparties
2025-09-26 16:13:08,840 [INFO] ThirdPartyUpdaterWithRetryManager:96 - Updater plugin is busy. [1/15]
2025-09-26 16:13:09,061 [INFO] ServerAccessManage:452 - Complete download http(s) 200
2025-09-26 16:13:09,062 [INFO] ServerAccessManage:509 - Download File STMicroelectronics.X-CUBE-ISPU.pdsc
2025-09-26 16:13:09,253 [INFO] ServerAccessManage:452 - Complete download http(s) 200
2025-09-26 16:13:09,253 [INFO] ServerAccessManage:509 - Download File STMicroelectronics.X-CUBE-IPS.pdsc
2025-09-26 16:13:09,439 [INFO] ServerAccessManage:452 - Complete download http(s) 200
2025-09-26 16:13:09,439 [INFO] ServerAccessManage:509 - Download File STMicroelectronics.X-CUBE-MEMS1.pdsc
2025-09-26 16:13:10,350 [INFO] WebApp:169 - Instantiating new browser for Auth
2025-09-26 16:13:10,663 [INFO] ServerAccessManage:452 - Complete download http(s) 200
2025-09-26 16:13:10,664 [INFO] ServerAccessManage:509 - Download File STMicroelectronics.X-CUBE-NFC4.pdsc
2025-09-26 16:13:11,222 [INFO] ServerAccessManage:452 - Complete download http(s) 200
2025-09-26 16:13:11,223 [INFO] ServerAccessManage:509 - Download File STMicroelectronics.X-CUBE-NFC6.pdsc
2025-09-26 16:13:11,573 [INFO] WebApp:463 - Apply proxy settings
2025-09-26 16:13:11,574 [INFO] WebApp:548 - Chromium requires no authentication
2025-09-26 16:13:11,598 [INFO] WebApp:491 - Direct internet connection detected
2025-09-26 16:13:11,635 [INFO] WebApp:900 - Register for checkConnection events
2025-09-26 16:13:11,636 [INFO] WebApp:463 - Apply proxy settings
2025-09-26 16:13:11,636 [INFO] WebApp:548 - Chromium requires no authentication
2025-09-26 16:13:11,637 [INFO] WebApp:491 - Direct internet connection detected
2025-09-26 16:13:11,706 [INFO] ServerAccessManage:452 - Complete download http(s) 200
2025-09-26 16:13:11,706 [INFO] ServerAccessManage:509 - Download File STMicroelectronics.X-CUBE-NFC7.pdsc
2025-09-26 16:13:11,821 [INFO] WebApp:191 - Connection restablished
2025-09-26 16:13:11,841 [WARN] MainUpdater:1193 - Updater busy. Cannot search thirdparties
2025-09-26 16:13:11,842 [INFO] ThirdPartyUpdaterWithRetryManager:96 - Updater plugin is busy. [2/15]
2025-09-26 16:13:11,981 [INFO] ServerAccessManage:452 - Complete download http(s) 200
2025-09-26 16:13:11,981 [INFO] ServerAccessManage:509 - Download File STMicroelectronics.X-CUBE-NFC9.pdsc
2025-09-26 16:13:12,006 [INFO] WebApp:225 - Starting web application
2025-09-26 16:13:12,006 [INFO] WebApp:593 - Web application path used C:\ST\STM32CubeIDE_1.14.1\STM32CubeIDE\plugins\com.st.stm32cube.common.mx_6.15.0.202507011659\db\plugins\mcufinder\reactClient1\index.html
2025-09-26 16:13:12,074 [INFO] ServerAccessManage:452 - Complete download http(s) 200
2025-09-26 16:13:12,075 [INFO] ServerAccessManage:509 - Download File STMicroelectronics.X-CUBE-NFC10.pdsc
2025-09-26 16:13:12,186 [INFO] ServerAccessManage:452 - Complete download http(s) 200
2025-09-26 16:13:12,187 [INFO] ServerAccessManage:509 - Download File STMicroelectronics.X-CUBE-NFC12.pdsc
2025-09-26 16:13:12,279 [INFO] UserAuth:487 - Internet connection configuration mode: 1
2025-09-26 16:13:12,287 [INFO] ServerAccessManage:452 - Complete download http(s) 200
2025-09-26 16:13:12,288 [INFO] ServerAccessManage:509 - Download File STMicroelectronics.X-CUBE-SFXS2LP1.pdsc
2025-09-26 16:13:12,669 [INFO] ServerAccessManage:452 - Complete download http(s) 200
2025-09-26 16:13:12,669 [INFO] ServerAccessManage:509 - Download File STMicroelectronics.X-CUBE-SAFEA1.pdsc
2025-09-26 16:13:12,775 [INFO] ServerAccessManage:452 - Complete download http(s) 200
2025-09-26 16:13:12,775 [INFO] ServerAccessManage:509 - Download File STMicroelectronics.X-CUBE-SUBG2.pdsc
2025-09-26 16:13:13,223 [INFO] ServerAccessManage:452 - Complete download http(s) 200
2025-09-26 16:13:13,224 [INFO] ServerAccessManage:509 - Download File STMicroelectronics.X-CUBE-SMBUS.pdsc
2025-09-26 16:13:13,788 [ERROR] ServerAccessManage:1212 - Problem, file not found on Server
2025-09-26 16:13:13,832 [INFO] ServerAccessManage:452 - Complete download http(s) 200
2025-09-26 16:13:13,832 [INFO] ServerAccessManage:509 - Download File STMicroelectronics.X-CUBE-ST60.pdsc
2025-09-26 16:13:13,913 [INFO] ServerAccessManage:452 - Complete download http(s) 200
2025-09-26 16:13:13,913 [INFO] ServerAccessManage:509 - Download File STMicroelectronics.X-CUBE-ST67W61.pdsc
2025-09-26 16:13:13,985 [INFO] ServerAccessManage:452 - Complete download http(s) 200
2025-09-26 16:13:13,985 [INFO] ServerAccessManage:509 - Download File STMicroelectronics.X-CUBE-STSE01.pdsc
2025-09-26 16:13:14,048 [INFO] ServerAccessManage:452 - Complete download http(s) 200
2025-09-26 16:13:14,050 [INFO] ServerAccessManage:509 - Download File STMicroelectronics.X-CUBE-PM33A1.pdsc
2025-09-26 16:13:14,136 [INFO] ServerAccessManage:452 - Complete download http(s) 200
2025-09-26 16:13:14,137 [INFO] ServerAccessManage:509 - Download File STMicroelectronics.X-CUBE-TCPP.pdsc
2025-09-26 16:13:14,289 [INFO] ServerAccessManage:452 - Complete download http(s) 200
2025-09-26 16:13:14,290 [INFO] ServerAccessManage:509 - Download File STMicroelectronics.X-CUBE-TOF1.pdsc
2025-09-26 16:13:14,843 [WARN] MainUpdater:1193 - Updater busy. Cannot search thirdparties
2025-09-26 16:13:14,843 [INFO] ThirdPartyUpdaterWithRetryManager:96 - Updater plugin is busy. [3/15]
2025-09-26 16:13:15,200 [ERROR] ServerAccessManage:1212 - Problem, file not found on Server
2025-09-26 16:13:15,281 [INFO] ServerAccessManage:452 - Complete download http(s) 200
2025-09-26 16:13:15,282 [INFO] ServerAccessManage:509 - Download File STMicroelectronics.X-CUBE-TOUCHGFX.pdsc
2025-09-26 16:13:16,739 [INFO] ServerAccessManage:452 - Complete download http(s) 200
2025-09-26 16:13:16,740 [INFO] ServerAccessManage:509 - Download File STMicroelectronics.X-CUBE-ALGOBUILD.pdsc
2025-09-26 16:13:17,019 [INFO] ServerAccessManage:452 - Complete download http(s) 200
2025-09-26 16:13:17,019 [INFO] ServerAccessManage:509 - Download File STMicroelectronics.X-CUBE-AZRTOS-H7.pdsc
2025-09-26 16:13:17,407 [INFO] ServerAccessManage:452 - Complete download http(s) 200
2025-09-26 16:13:17,408 [INFO] ServerAccessManage:509 - Download File STMicroelectronics.X-CUBE-AZRTOS-H7RS.pdsc
2025-09-26 16:13:17,557 [INFO] ServerAccessManage:452 - Complete download http(s) 200
2025-09-26 16:13:17,557 [INFO] ServerAccessManage:509 - Download File STMicroelectronics.X-CUBE-AZRTOS-F4.pdsc
2025-09-26 16:13:17,688 [INFO] ServerAccessManage:452 - Complete download http(s) 200
2025-09-26 16:13:17,688 [INFO] ServerAccessManage:509 - Download File STMicroelectronics.X-CUBE-AZRTOS-F7.pdsc
2025-09-26 16:13:17,845 [WARN] MainUpdater:1193 - Updater busy. Cannot search thirdparties
2025-09-26 16:13:17,845 [INFO] ThirdPartyUpdaterWithRetryManager:96 - Updater plugin is busy. [4/15]
2025-09-26 16:13:17,902 [INFO] ServerAccessManage:452 - Complete download http(s) 200
2025-09-26 16:13:17,903 [INFO] ServerAccessManage:509 - Download File STMicroelectronics.X-CUBE-AZRTOS-L4.pdsc
2025-09-26 16:13:18,334 [INFO] ServerAccessManage:452 - Complete download http(s) 200
2025-09-26 16:13:18,334 [INFO] ServerAccessManage:509 - Download File STMicroelectronics.X-CUBE-AZRTOS-L5.pdsc
2025-09-26 16:13:18,474 [INFO] ServerAccessManage:452 - Complete download http(s) 200
2025-09-26 16:13:18,474 [INFO] ServerAccessManage:509 - Download File STMicroelectronics.X-CUBE-AZRTOS-G0.pdsc
2025-09-26 16:13:18,612 [INFO] ServerAccessManage:452 - Complete download http(s) 200
2025-09-26 16:13:18,612 [INFO] ServerAccessManage:509 - Download File STMicroelectronics.X-CUBE-AZRTOS-G4.pdsc
2025-09-26 16:13:18,771 [INFO] ServerAccessManage:452 - Complete download http(s) 200
2025-09-26 16:13:18,771 [INFO] ServerAccessManage:509 - Download File STMicroelectronics.X-CUBE-AZRTOS-WB.pdsc
2025-09-26 16:13:18,899 [INFO] ServerAccessManage:452 - Complete download http(s) 200
2025-09-26 16:13:18,899 [INFO] ServerAccessManage:509 - Download File STMicroelectronics.X-CUBE-AZRTOS-WL.pdsc
2025-09-26 16:13:19,031 [INFO] ServerAccessManage:452 - Complete download http(s) 200
2025-09-26 16:13:19,031 [INFO] ServerAccessManage:509 - Download File STMicroelectronics.X-CUBE-WB05N.pdsc
2025-09-26 16:13:19,566 [INFO] ServerAccessManage:452 - Complete download http(s) 200
2025-09-26 16:13:19,566 [INFO] ServerAccessManage:509 - Download File wolfSSL.I-CUBE-wolfSSL.pdsc
2025-09-26 16:13:20,846 [WARN] MainUpdater:1193 - Updater busy. Cannot search thirdparties
2025-09-26 16:13:20,847 [INFO] ThirdPartyUpdaterWithRetryManager:96 - Updater plugin is busy. [5/15]
2025-09-26 16:13:21,517 [ERROR] ServerAccessManage:1212 - Problem, file not found on Server
2025-09-26 16:13:21,641 [ERROR] ServerAccessManage:1212 - Problem, file not found on Server
2025-09-26 16:13:21,765 [ERROR] ServerAccessManage:1212 - Problem, file not found on Server
2025-09-26 16:13:21,833 [INFO] ServerAccessManage:452 - Complete download http(s) 200
2025-09-26 16:13:21,833 [INFO] ServerAccessManage:509 - Download File wolfSSL.I-CUBE-wolfMQTT.pdsc
2025-09-26 16:13:22,284 [ERROR] ServerAccessManage:1212 - Problem, file not found on Server
2025-09-26 16:13:22,353 [INFO] ServerAccessManage:452 - Complete download http(s) 200
2025-09-26 16:13:22,354 [INFO] ServerAccessManage:509 - Download File wolfSSL.I-CUBE-wolfTPM.pdsc
2025-09-26 16:13:22,982 [INFO] ServerAccessManage:452 - Complete download http(s) 200
2025-09-26 16:13:22,983 [INFO] ServerAccessManage:509 - Download File wolfSSL.I-CUBE-wolfSSH.pdsc
2025-09-26 16:13:23,847 [WARN] MainUpdater:1193 - Updater busy. Cannot search thirdparties
2025-09-26 16:13:23,847 [INFO] ThirdPartyUpdaterWithRetryManager:96 - Updater plugin is busy. [6/15]
2025-09-26 16:13:24,180 [INFO] ServerAccessManage:452 - Complete download http(s) 200
2025-09-26 16:13:24,180 [INFO] ServerAccessManage:509 - Download File RealThread.X-CUBE-RT-Thread_Nano.pdsc
2025-09-26 16:13:26,114 [INFO] ServerAccessManage:452 - Complete download http(s) 200
2025-09-26 16:13:26,118 [INFO] ServerAccessManage:509 - Download File SEGGER.I-CUBE-embOS.pdsc
2025-09-26 16:13:26,853 [WARN] MainUpdater:1193 - Updater busy. Cannot search thirdparties
2025-09-26 16:13:26,854 [INFO] ThirdPartyUpdaterWithRetryManager:96 - Updater plugin is busy. [7/15]
2025-09-26 16:13:29,265 [INFO] ServerAccessManage:452 - Complete download http(s) 200
2025-09-26 16:13:29,265 [INFO] ServerAccessManage:509 - Download File emotas.I-CUBE-CANOPEN.pdsc
2025-09-26 16:13:29,872 [WARN] MainUpdater:1193 - Updater busy. Cannot search thirdparties
2025-09-26 16:13:29,873 [INFO] ThirdPartyUpdaterWithRetryManager:96 - Updater plugin is busy. [8/15]
2025-09-26 16:13:30,404 [INFO] ServerAccessManage:452 - Complete download http(s) 200
2025-09-26 16:13:30,404 [INFO] ServerAccessManage:509 - Download File WES.I-CUBE-Cesium.pdsc
2025-09-26 16:13:30,787 [ERROR] ServerAccessManage:1212 - Problem, file not found on Server
2025-09-26 16:13:30,946 [ERROR] ServerAccessManage:1212 - Problem, file not found on Server
2025-09-26 16:13:31,474 [INFO] ServerAccessManage:452 - Complete download http(s) 200
2025-09-26 16:13:31,474 [INFO] ServerAccessManage:509 - Download File ITTIA_DB.I-CUBE-ITTIADB.pdsc
2025-09-26 16:13:32,799 [INFO] ServerAccessManage:452 - Complete download http(s) 200
2025-09-26 16:13:32,799 [INFO] ServerAccessManage:509 - Download File Infineon.AIROC-Wi-Fi-Bluetooth-STM32.pdsc
2025-09-26 16:13:32,878 [WARN] MainUpdater:1193 - Updater busy. Cannot search thirdparties
2025-09-26 16:13:32,878 [INFO] ThirdPartyUpdaterWithRetryManager:96 - Updater plugin is busy. [9/15]
2025-09-26 16:13:35,886 [WARN] MainUpdater:1193 - Updater busy. Cannot search thirdparties
2025-09-26 16:13:35,886 [INFO] ThirdPartyUpdaterWithRetryManager:96 - Updater plugin is busy. [10/15]
2025-09-26 16:13:36,886 [INFO] ServerAccessManage:452 - Complete download http(s) 200
2025-09-26 16:13:36,886 [INFO] ServerAccessManage:509 - Download File Cesanta.I-CUBE-Mongoose.pdsc
2025-09-26 16:13:38,890 [WARN] MainUpdater:1193 - Updater busy. Cannot search thirdparties
2025-09-26 16:13:38,891 [INFO] ThirdPartyUpdaterWithRetryManager:96 - Updater plugin is busy. [11/15]
2025-09-26 16:13:39,845 [INFO] ServerAccessManage:452 - Complete download http(s) 200
2025-09-26 16:13:39,845 [INFO] ServerAccessManage:509 - Download File EmbeddedOffice.I-CUBE-FS-RTOS.pdsc
2025-09-26 16:13:41,116 [INFO] ServerAccessManage:452 - Complete download http(s) 200
2025-09-26 16:13:41,116 [INFO] ServerAccessManage:509 - Download File quantropi.X-CUBE-qispace-sdk-base.pdsc
2025-09-26 16:13:41,905 [WARN] MainUpdater:1193 - Updater busy. Cannot search thirdparties
2025-09-26 16:13:41,910 [INFO] ThirdPartyUpdaterWithRetryManager:96 - Updater plugin is busy. [12/15]
2025-09-26 16:13:41,928 [INFO] CheckServerUpdateThread:120 - End of CheckServer Thread
2025-09-26 16:13:41,989 [WARN] PackLoader:240 - Cannot read IP mode file for STMicroelectronics.X-CUBE-ISPU.2.1.0
2025-09-26 16:13:42,056 [WARN] PackLoader:240 - Cannot read IP mode file for STMicroelectronics.X-CUBE-IPS.3.1.0
2025-09-26 16:13:42,349 [WARN] PackLoader:240 - Cannot read IP mode file for STMicroelectronics.X-CUBE-MEMS1.11.3.0
2025-09-26 16:13:42,833 [WARN] PackLoader:240 - Cannot read IP mode file for STMicroelectronics.X-CUBE-NFC4.3.0.0
2025-09-26 16:13:42,859 [WARN] PackLoader:240 - Cannot read IP mode file for STMicroelectronics.X-CUBE-NFC6.3.1.0
2025-09-26 16:13:42,877 [WARN] PackLoader:240 - Cannot read IP mode file for STMicroelectronics.X-CUBE-NFC7.2.0.0
2025-09-26 16:13:42,898 [WARN] PackLoader:240 - Cannot read IP mode file for STMicroelectronics.X-CUBE-NFC9.1.0.0
2025-09-26 16:13:42,921 [WARN] PackLoader:240 - Cannot read IP mode file for STMicroelectronics.X-CUBE-NFC10.1.0.0
2025-09-26 16:13:42,943 [WARN] PackLoader:240 - Cannot read IP mode file for STMicroelectronics.X-CUBE-NFC12.1.0.0
2025-09-26 16:13:42,973 [WARN] PackLoader:240 - Cannot read IP mode file for STMicroelectronics.X-CUBE-SFXS2LP1.4.0.0
2025-09-26 16:13:42,992 [WARN] PackLoader:240 - Cannot read IP mode file for STMicroelectronics.X-CUBE-SAFEA1.1.2.2
2025-09-26 16:13:43,023 [WARN] PackLoader:240 - Cannot read IP mode file for STMicroelectronics.X-CUBE-SUBG2.5.0.0
2025-09-26 16:13:43,094 [WARN] PackLoader:240 - Cannot read IP mode file for STMicroelectronics.X-CUBE-SMBUS.2.1.0
2025-09-26 16:13:43,114 [WARN] PackLoader:240 - Cannot read IP mode file for STMicroelectronics.X-CUBE-ST60.1.0.0
2025-09-26 16:13:43,154 [WARN] PackLoader:240 - Cannot read IP mode file for STMicroelectronics.X-CUBE-ST67W61.1.0.0
2025-09-26 16:13:43,174 [WARN] PackLoader:240 - Cannot read IP mode file for STMicroelectronics.X-CUBE-STSE01.1.0.0
2025-09-26 16:13:43,196 [WARN] PackLoader:240 - Cannot read IP mode file for STMicroelectronics.X-CUBE-PM33A1.1.0.0
2025-09-26 16:13:43,223 [WARN] PackLoader:240 - Cannot read IP mode file for STMicroelectronics.X-CUBE-TCPP.4.2.0
2025-09-26 16:13:43,266 [WARN] PackLoader:240 - Cannot read IP mode file for STMicroelectronics.X-CUBE-TOF1.3.4.3
2025-09-26 16:13:43,316 [WARN] PackLoader:240 - Cannot read IP mode file for STMicroelectronics.X-CUBE-TOUCHGFX.4.25.0
2025-09-26 16:13:43,337 [WARN] PackLoader:240 - Cannot read IP mode file for STMicroelectronics.X-CUBE-ALGOBUILD.1.4.0
2025-09-26 16:13:43,395 [WARN] PackLoader:240 - Cannot read IP mode file for STMicroelectronics.X-CUBE-AZRTOS-H7.3.4.0
2025-09-26 16:13:43,451 [WARN] PackLoader:240 - Cannot read IP mode file for STMicroelectronics.X-CUBE-AZRTOS-H7RS.1.1.0
2025-09-26 16:13:43,502 [WARN] PackLoader:240 - Cannot read IP mode file for STMicroelectronics.X-CUBE-AZRTOS-F4.1.1.0
2025-09-26 16:13:43,549 [WARN] PackLoader:240 - Cannot read IP mode file for STMicroelectronics.X-CUBE-AZRTOS-F7.1.1.0
2025-09-26 16:13:43,601 [WARN] ConditionMgr:438 - getConditionDescription Invalid condition id : LAN8742 Phy interface Condition cause : null
2025-09-26 16:13:43,606 [WARN] PackLoader:240 - Cannot read IP mode file for STMicroelectronics.X-CUBE-AZRTOS-L4.2.0.0
2025-09-26 16:13:43,611 [WARN] ConditionMgr:1044 - genDependencies : Invalid condition id : LAN8742 Phy interface Condition cause : null
2025-09-26 16:13:43,611 [WARN] ConditionMgr:1044 - genDependencies : Invalid condition id : LAN8742 Phy interface Condition cause : null
2025-09-26 16:13:43,614 [WARN] ConditionMgr:1044 - genDependencies : Invalid condition id : LAN8742 Phy interface Condition cause : null
2025-09-26 16:13:43,656 [WARN] PackLoader:240 - Cannot read IP mode file for STMicroelectronics.X-CUBE-AZRTOS-L5.2.0.0
2025-09-26 16:13:43,714 [WARN] PackLoader:240 - Cannot read IP mode file for STMicroelectronics.X-CUBE-AZRTOS-G0.1.1.0
2025-09-26 16:13:43,781 [WARN] PackLoader:240 - Cannot read IP mode file for STMicroelectronics.X-CUBE-AZRTOS-G4.2.0.0
2025-09-26 16:13:43,827 [WARN] ConditionMgr:438 - getConditionDescription Invalid condition id : UX DEVICE CLASS RTOS Condition cause : null
2025-09-26 16:13:43,829 [WARN] ConditionMgr:438 - getConditionDescription Invalid condition id : UX DEVICE CLASS RTOS Condition cause : null
2025-09-26 16:13:43,833 [WARN] PackLoader:240 - Cannot read IP mode file for STMicroelectronics.X-CUBE-AZRTOS-WB.2.0.0
2025-09-26 16:13:43,833 [WARN] ConditionMgr:1044 - genDependencies : Invalid condition id : UX DEVICE CLASS RTOS Condition cause : null
2025-09-26 16:13:43,835 [WARN] ConditionMgr:1044 - genDependencies : Invalid condition id : UX DEVICE CLASS RTOS Condition cause : null
2025-09-26 16:13:43,836 [WARN] ConditionMgr:1044 - genDependencies : Invalid condition id : UX DEVICE CLASS RTOS Condition cause : null
2025-09-26 16:13:43,836 [WARN] ConditionMgr:1044 - genDependencies : Invalid condition id : UX DEVICE CLASS RTOS Condition cause : null
2025-09-26 16:13:43,836 [WARN] ConditionMgr:1044 - genDependencies : Invalid condition id : UX DEVICE CLASS RTOS Condition cause : null
2025-09-26 16:13:43,869 [INFO] LogOutputStream:77 - [STDOUT_REDIRECT] 1 : Invalid condition id : UX_CORESTACK_Condition cause : null
2025-09-26 16:13:43,874 [INFO] LogOutputStream:77 - [STDOUT_REDIRECT] 1 : Invalid condition id : UX_CORESTACK_Condition cause : null
2025-09-26 16:13:43,882 [INFO] LogOutputStream:77 - [STDOUT_REDIRECT] 1 : Invalid condition id : UX_CORESTACK_Condition cause : null
2025-09-26 16:13:43,891 [INFO] LogOutputStream:77 - [STDOUT_REDIRECT] 1 : Invalid condition id : UX_CORESTACK_Condition cause : null
2025-09-26 16:13:43,901 [INFO] LogOutputStream:77 - [STDOUT_REDIRECT] 1 : Invalid condition id : UX_CORESTACK_Condition cause : null
2025-09-26 16:13:43,907 [WARN] PackLoader:240 - Cannot read IP mode file for STMicroelectronics.X-CUBE-AZRTOS-WL.2.0.0
2025-09-26 16:13:43,930 [WARN] PackLoader:240 - Cannot read IP mode file for STMicroelectronics.X-CUBE-WB05N.2.0.0
2025-09-26 16:13:43,945 [WARN] PackLoader:240 - Cannot read IP mode file for wolfSSL.I-CUBE-wolfSSL.5.8.2
2025-09-26 16:13:43,959 [WARN] PackLoader:240 - Cannot read IP mode file for wolfSSL.I-CUBE-wolfMQTT.1.19.2
2025-09-26 16:13:43,971 [WARN] PackLoader:240 - Cannot read IP mode file for wolfSSL.I-CUBE-wolfTPM.3.8.0
2025-09-26 16:13:43,979 [WARN] PackLoader:240 - Cannot read IP mode file for wolfSSL.I-CUBE-wolfSSH.1.4.20
2025-09-26 16:13:44,015 [WARN] PackLoader:240 - Cannot read IP mode file for RealThread.X-CUBE-RT-Thread_Nano.4.1.1
2025-09-26 16:13:44,128 [WARN] PackLoader:240 - Cannot read IP mode file for SEGGER.I-CUBE-embOS.1.3.1
2025-09-26 16:13:44,325 [WARN] PackLoader:240 - Cannot read IP mode file for emotas.I-CUBE-CANOPEN.1.3.0
2025-09-26 16:13:44,350 [WARN] PackLoader:240 - Cannot read IP mode file for WES.I-CUBE-Cesium.1.4.0
2025-09-26 16:13:44,369 [WARN] PackLoader:240 - Cannot read IP mode file for ITTIA_DB.I-CUBE-ITTIADB.8.9.0
2025-09-26 16:13:44,407 [WARN] PackLoader:240 - Cannot read IP mode file for Infineon.AIROC-Wi-Fi-Bluetooth-STM32.1.7.1
2025-09-26 16:13:44,431 [WARN] PackLoader:240 - Cannot read IP mode file for Cesanta.I-CUBE-Mongoose.7.19.0
2025-09-26 16:13:44,451 [WARN] PackLoader:240 - Cannot read IP mode file for EmbeddedOffice.I-CUBE-FS-RTOS.1.0.1
2025-09-26 16:13:44,468 [WARN] ConditionMgr:438 - getConditionDescription Invalid condition id : Cortex-A Device cause : null
2025-09-26 16:13:44,519 [WARN] ConditionMgr:1044 - genDependencies : Invalid condition id : Cortex-A Device cause : null
2025-09-26 16:13:44,519 [WARN] ConditionMgr:1044 - genDependencies : Invalid condition id : Cortex-A Device cause : null
2025-09-26 16:13:44,519 [WARN] ConditionMgr:1044 - genDependencies : Invalid condition id : Cortex-A Device cause : null
2025-09-26 16:13:44,519 [INFO] PopulateThirdPartyThread:66 - Ending populate Thread
2025-09-26 16:13:44,528 [INFO] ThirdParty:1030 - CMSIS Pack Vendor :wolfSSL I-CUBE-wolfTPM 3.8.0
2025-09-26 16:13:44,528 [INFO] ThirdParty:1030 - CMSIS Pack Vendor :STMicroelectronics X-CUBE-PM33A1 1.0.0
2025-09-26 16:13:44,528 [INFO] ThirdParty:1030 - CMSIS Pack Vendor :STMicroelectronics X-CUBE-AZRTOS-H7 3.4.0
2025-09-26 16:13:44,528 [INFO] ThirdParty:1030 - CMSIS Pack Vendor :STMicroelectronics X-CUBE-NFC9 1.0.0
2025-09-26 16:13:44,528 [INFO] ThirdParty:1030 - CMSIS Pack Vendor :wolfSSL I-CUBE-wolfSSH 1.4.20
2025-09-26 16:13:44,528 [INFO] ThirdParty:1030 - CMSIS Pack Vendor :STMicroelectronics X-CUBE-NFC7 2.0.0
2025-09-26 16:13:44,528 [INFO] ThirdParty:1030 - CMSIS Pack Vendor :STMicroelectronics X-CUBE-TCPP 4.2.0
2025-09-26 16:13:44,528 [INFO] ThirdParty:1030 - CMSIS Pack Vendor :RealThread X-CUBE-RT-Thread_Nano 4.1.1
2025-09-26 16:13:44,528 [INFO] ThirdParty:1030 - CMSIS Pack Vendor :STMicroelectronics X-CUBE-AZRTOS-F4 1.1.0
2025-09-26 16:13:44,528 [INFO] ThirdParty:1030 - CMSIS Pack Vendor :wolfSSL I-CUBE-wolfSSL 5.8.2
2025-09-26 16:13:44,528 [INFO] ThirdParty:1030 - CMSIS Pack Vendor :STMicroelectronics X-CUBE-NFC10 1.0.0
2025-09-26 16:13:44,528 [INFO] ThirdParty:1030 - CMSIS Pack Vendor :STMicroelectronics X-CUBE-SMBUS 2.1.0
2025-09-26 16:13:44,528 [INFO] ThirdParty:1030 - CMSIS Pack Vendor :wolfSSL I-CUBE-wolfMQTT 1.19.2
2025-09-26 16:13:44,528 [INFO] ThirdParty:1030 - CMSIS Pack Vendor :STMicroelectronics X-CUBE-ISPU 2.1.0
2025-09-26 16:13:44,528 [INFO] ThirdParty:1030 - CMSIS Pack Vendor :STMicroelectronics X-CUBE-IPS 3.1.0
2025-09-26 16:13:44,528 [INFO] ThirdParty:1030 - CMSIS Pack Vendor :STMicroelectronics X-CUBE-AZRTOS-WB 2.0.0
2025-09-26 16:13:44,528 [INFO] ThirdParty:1030 - CMSIS Pack Vendor :emotas I-CUBE-CANOPEN 1.3.0
2025-09-26 16:13:44,528 [INFO] ThirdParty:1030 - CMSIS Pack Vendor :STMicroelectronics X-CUBE-ST60 1.0.0
2025-09-26 16:13:44,528 [INFO] ThirdParty:1030 - CMSIS Pack Vendor :ITTIA_DB I-CUBE-ITTIADB 8.9.0
2025-09-26 16:13:44,528 [INFO] ThirdParty:1030 - CMSIS Pack Vendor :STMicroelectronics X-CUBE-NFC12 1.0.0
2025-09-26 16:13:44,528 [INFO] ThirdParty:1030 - CMSIS Pack Vendor :STMicroelectronics X-CUBE-STSE01 1.0.0
2025-09-26 16:13:44,528 [INFO] ThirdParty:1030 - CMSIS Pack Vendor :STMicroelectronics X-CUBE-TOUCHGFX 4.25.0
2025-09-26 16:13:44,528 [INFO] ThirdParty:1030 - CMSIS Pack Vendor :STMicroelectronics X-CUBE-AZRTOS-F7 1.1.0
2025-09-26 16:13:44,528 [INFO] ThirdParty:1030 - CMSIS Pack Vendor :STMicroelectronics X-CUBE-AZRTOS-L5 2.0.0
2025-09-26 16:13:44,528 [INFO] ThirdParty:1030 - CMSIS Pack Vendor :STMicroelectronics X-CUBE-NFC6 3.1.0
2025-09-26 16:13:44,528 [INFO] ThirdParty:1030 - CMSIS Pack Vendor :STMicroelectronics X-CUBE-ST67W61 1.0.0
2025-09-26 16:13:44,528 [INFO] ThirdParty:1030 - CMSIS Pack Vendor :Cesanta I-CUBE-Mongoose 7.19.0
2025-09-26 16:13:44,528 [INFO] ThirdParty:1030 - CMSIS Pack Vendor :quantropi X-CUBE-qispace-sdk-base 2.1.0
2025-09-26 16:13:44,528 [INFO] ThirdParty:1030 - CMSIS Pack Vendor :STMicroelectronics X-CUBE-AZRTOS-WL 2.0.0
2025-09-26 16:13:44,528 [INFO] ThirdParty:1030 - CMSIS Pack Vendor :SEGGER I-CUBE-embOS 1.3.1
2025-09-26 16:13:44,528 [INFO] ThirdParty:1030 - CMSIS Pack Vendor :STMicroelectronics X-CUBE-ALGOBUILD 1.4.0
2025-09-26 16:13:44,528 [INFO] ThirdParty:1030 - CMSIS Pack Vendor :STMicroelectronics X-CUBE-MEMS1 11.3.0
2025-09-26 16:13:44,528 [INFO] ThirdParty:1030 - CMSIS Pack Vendor :STMicroelectronics X-CUBE-AZRTOS-G0 1.1.0
2025-09-26 16:13:44,528 [INFO] ThirdParty:1030 - CMSIS Pack Vendor :STMicroelectronics X-CUBE-NFC4 3.0.0
2025-09-26 16:13:44,528 [INFO] ThirdParty:1030 - CMSIS Pack Vendor :STMicroelectronics X-CUBE-SAFEA1 1.2.2
2025-09-26 16:13:44,528 [INFO] ThirdParty:1030 - CMSIS Pack Vendor :STMicroelectronics X-CUBE-SUBG2 5.0.0
2025-09-26 16:13:44,528 [INFO] ThirdParty:1030 - CMSIS Pack Vendor :STMicroelectronics X-CUBE-AZRTOS-H7RS 1.1.0
2025-09-26 16:13:44,528 [INFO] ThirdParty:1030 - CMSIS Pack Vendor :STMicroelectronics X-CUBE-AZRTOS-L4 2.0.0
2025-09-26 16:13:44,528 [INFO] ThirdParty:1030 - CMSIS Pack Vendor :EmbeddedOffice I-CUBE-FS-RTOS 1.0.1
2025-09-26 16:13:44,528 [INFO] ThirdParty:1030 - CMSIS Pack Vendor :STMicroelectronics X-CUBE-SFXS2LP1 4.0.0
2025-09-26 16:13:44,528 [INFO] ThirdParty:1030 - CMSIS Pack Vendor :WES I-CUBE-Cesium 1.4.0
2025-09-26 16:13:44,528 [INFO] ThirdParty:1030 - CMSIS Pack Vendor :STMicroelectronics X-CUBE-TOF1 3.4.3
2025-09-26 16:13:44,528 [INFO] ThirdParty:1030 - CMSIS Pack Vendor :STMicroelectronics X-CUBE-AZRTOS-G4 2.0.0
2025-09-26 16:13:44,528 [INFO] ThirdParty:1030 - CMSIS Pack Vendor :Infineon AIROC-Wi-Fi-Bluetooth-STM32 1.7.1
2025-09-26 16:13:44,528 [INFO] ThirdParty:1030 - CMSIS Pack Vendor :STMicroelectronics X-CUBE-WB05N 2.0.0
2025-09-26 16:13:44,535 [INFO] LoadServerUpdatesThread:375 - End of LoadServerUpdate Thread
2025-09-26 16:13:45,625 [WARN] PackLoader:240 - Cannot read IP mode file for STMicroelectronics.X-CUBE-SMBUS.2.1.0
2025-09-26 16:13:45,634 [WARN] PackLoader:240 - Cannot read IP mode file for STMicroelectronics.X-CUBE-ST60.1.0.0
2025-09-26 16:13:45,661 [WARN] PackLoader:240 - Cannot read IP mode file for STMicroelectronics.X-CUBE-AZRTOS-F7.1.1.0
2025-09-26 16:13:45,677 [WARN] PackLoader:240 - Cannot read IP mode file for Cesanta.I-CUBE-Mongoose.7.19.0
2025-09-26 16:13:45,696 [WARN] PackLoader:240 - Cannot read IP mode file for WES.I-CUBE-Cesium.1.4.0
2025-09-26 16:13:45,733 [WARN] PackLoader:240 - Cannot read IP mode file for Infineon.AIROC-Wi-Fi-Bluetooth-STM32.1.7.1
2025-09-26 16:13:45,782 [WARN] PackLoader:240 - Cannot read IP mode file for STMicroelectronics.X-CUBE-AZRTOS-H7.3.4.0
2025-09-26 16:13:45,807 [WARN] PackLoader:240 - Cannot read IP mode file for STMicroelectronics.X-CUBE-DISPLAY.3.0.0
2025-09-26 16:13:45,839 [WARN] PackLoader:240 - Cannot read IP mode file for STMicroelectronics.X-CUBE-NFC10.1.0.0
2025-09-26 16:13:45,856 [WARN] PackLoader:240 - Cannot read IP mode file for emotas.I-CUBE-CANOPEN.1.3.0
2025-09-26 16:13:45,884 [WARN] PackLoader:240 - Cannot read IP mode file for STMicroelectronics.FP-SNS-SMARTAG2.1.2.0
2025-09-26 16:13:45,909 [INFO] LogOutputStream:77 - [STDOUT_REDIRECT] 1 : Invalid condition id : UX_CORESTACK_Condition cause : null
2025-09-26 16:13:45,913 [INFO] LogOutputStream:77 - [STDOUT_REDIRECT] 1 : Invalid condition id : UX_CORESTACK_Condition cause : null
2025-09-26 16:13:45,917 [INFO] LogOutputStream:77 - [STDOUT_REDIRECT] 1 : Invalid condition id : UX_CORESTACK_Condition cause : null
2025-09-26 16:13:45,923 [INFO] LogOutputStream:77 - [STDOUT_REDIRECT] 1 : Invalid condition id : UX_CORESTACK_Condition cause : null
2025-09-26 16:13:45,927 [INFO] LogOutputStream:77 - [STDOUT_REDIRECT] 1 : Invalid condition id : UX_CORESTACK_Condition cause : null
2025-09-26 16:13:45,932 [WARN] PackLoader:240 - Cannot read IP mode file for STMicroelectronics.X-CUBE-AZRTOS-WL.2.0.0
2025-09-26 16:13:45,946 [WARN] PackLoader:240 - Cannot read IP mode file for STMicroelectronics.X-CUBE-BLE2.3.3.0
2025-09-26 16:13:45,965 [WARN] PackLoader:240 - Cannot read IP mode file for STMicroelectronics.X-CUBE-NFC9.1.0.0
2025-09-26 16:13:45,982 [WARN] PackLoader:240 - Cannot read IP mode file for wolfSSL.I-CUBE-wolfSSL.5.8.2
2025-09-26 16:13:45,993 [WARN] PackLoader:240 - Cannot read IP mode file for wolfSSL.I-CUBE-wolfMQTT.1.19.2
2025-09-26 16:13:46,035 [WARN] PackLoader:240 - Cannot read IP mode file for STMicroelectronics.X-CUBE-AZRTOS-G0.1.1.0
2025-09-26 16:13:46,049 [WARN] PackLoader:240 - Cannot read IP mode file for STMicroelectronics.X-CUBE-SAFEA1.1.2.2
2025-09-26 16:13:46,061 [WARN] PackLoader:240 - Cannot read IP mode file for STMicroelectronics.X-CUBE-NFC4.3.0.0
2025-09-26 16:13:46,081 [WARN] PackLoader:240 - Cannot read IP mode file for EmbeddedOffice.I-CUBE-FS-RTOS.1.0.1
2025-09-26 16:13:46,099 [WARN] PackLoader:240 - Cannot read IP mode file for STMicroelectronics.X-CUBE-WB05N.2.0.0
2025-09-26 16:13:46,120 [WARN] PackLoader:240 - Cannot read IP mode file for wolfSSL.I-CUBE-wolfTPM.3.8.0
2025-09-26 16:13:46,138 [WARN] PackLoader:240 - Cannot read IP mode file for STMicroelectronics.X-CUBE-TCPP.4.2.0
2025-09-26 16:13:46,157 [WARN] PackLoader:240 - Cannot read IP mode file for RealThread.X-CUBE-RT-Thread_Nano.4.1.1
2025-09-26 16:13:46,173 [WARN] PackLoader:240 - Cannot read IP mode file for STMicroelectronics.FP-ATR-SIGFOX1.3.2.0
2025-09-26 16:13:46,188 [WARN] PackLoader:240 - Cannot read IP mode file for ITTIA_DB.I-CUBE-ITTIADB.8.9.0
2025-09-26 16:13:46,200 [WARN] PackLoader:240 - Cannot read IP mode file for STMicroelectronics.X-CUBE-ST67W61.1.0.0
2025-09-26 16:13:46,241 [WARN] PackLoader:240 - Cannot read IP mode file for SEGGER.I-CUBE-embOS.1.3.1
2025-09-26 16:13:46,314 [WARN] PackLoader:240 - Cannot read IP mode file for STMicroelectronics.X-CUBE-ALGOBUILD.1.4.0
2025-09-26 16:13:46,389 [WARN] PackLoader:240 - Cannot read IP mode file for STMicroelectronics.X-CUBE-MEMS1.11.3.0
2025-09-26 16:13:46,620 [WARN] PackLoader:240 - Cannot read IP mode file for STMicroelectronics.X-CUBE-PM33A1.1.0.0
2025-09-26 16:13:46,649 [WARN] PackLoader:240 - Cannot read IP mode file for STMicroelectronics.X-CUBE-AZRTOS-F4.1.1.0
2025-09-26 16:13:46,679 [WARN] PackLoader:240 - Cannot read IP mode file for STMicroelectronics.X-CUBE-ISPU.2.1.0
2025-09-26 16:13:46,699 [WARN] PackLoader:240 - Cannot read IP mode file for STMicroelectronics.X-CUBE-NFC12.1.0.0
2025-09-26 16:13:46,759 [WARN] PackLoader:240 - Cannot read IP mode file for STMicroelectronics.X-CUBE-AZRTOS-L5.2.0.0
2025-09-26 16:13:46,785 [WARN] PackLoader:240 - Cannot read IP mode file for STMicroelectronics.X-CUBE-NFC6.3.1.0
2025-09-26 16:13:46,846 [WARN] ConditionMgr:438 - getConditionDescription Invalid condition id : LAN8742 Phy interface Condition cause : null
2025-09-26 16:13:46,847 [WARN] PackLoader:240 - Cannot read IP mode file for STMicroelectronics.X-CUBE-AZRTOS-L4.2.0.0
2025-09-26 16:13:46,849 [WARN] ConditionMgr:1044 - genDependencies : Invalid condition id : LAN8742 Phy interface Condition cause : null
2025-09-26 16:13:46,851 [WARN] ConditionMgr:1044 - genDependencies : Invalid condition id : LAN8742 Phy interface Condition cause : null
2025-09-26 16:13:46,851 [WARN] ConditionMgr:1044 - genDependencies : Invalid condition id : LAN8742 Phy interface Condition cause : null
2025-09-26 16:13:46,873 [WARN] PackLoader:240 - Cannot read IP mode file for STMicroelectronics.X-CUBE-SFXS2LP1.4.0.0
2025-09-26 16:13:46,903 [WARN] ConditionMgr:438 - getConditionDescription Invalid condition id : UX DEVICE CLASS RTOS Condition cause : null
2025-09-26 16:13:46,904 [WARN] ConditionMgr:438 - getConditionDescription Invalid condition id : UX DEVICE CLASS RTOS Condition cause : null
2025-09-26 16:13:46,906 [WARN] PackLoader:240 - Cannot read IP mode file for STMicroelectronics.X-CUBE-AZRTOS-WB.2.0.0
2025-09-26 16:13:46,906 [WARN] ConditionMgr:1044 - genDependencies : Invalid condition id : UX DEVICE CLASS RTOS Condition cause : null
2025-09-26 16:13:46,908 [WARN] ConditionMgr:1044 - genDependencies : Invalid condition id : UX DEVICE CLASS RTOS Condition cause : null
2025-09-26 16:13:46,908 [WARN] ConditionMgr:1044 - genDependencies : Invalid condition id : UX DEVICE CLASS RTOS Condition cause : null
2025-09-26 16:13:46,908 [WARN] ConditionMgr:1044 - genDependencies : Invalid condition id : UX DEVICE CLASS RTOS Condition cause : null
2025-09-26 16:13:46,908 [WARN] ConditionMgr:1044 - genDependencies : Invalid condition id : UX DEVICE CLASS RTOS Condition cause : null
2025-09-26 16:13:47,090 [WARN] PackLoader:240 - Cannot read IP mode file for STMicroelectronics.X-CUBE-TOUCHGFX.4.25.0
2025-09-26 16:13:47,176 [WARN] ConditionMgr:438 - getConditionDescription Invalid condition id : Cortex-A Device cause : null
2025-09-26 16:13:47,195 [WARN] ConditionMgr:1044 - genDependencies : Invalid condition id : Cortex-A Device cause : null
2025-09-26 16:13:47,197 [WARN] ConditionMgr:1044 - genDependencies : Invalid condition id : Cortex-A Device cause : null
2025-09-26 16:13:47,197 [WARN] ConditionMgr:1044 - genDependencies : Invalid condition id : Cortex-A Device cause : null
2025-09-26 16:13:47,214 [WARN] PackLoader:240 - Cannot read IP mode file for STMicroelectronics.X-CUBE-SUBG2.5.0.0
2025-09-26 16:13:47,261 [WARN] PackLoader:240 - Cannot read IP mode file for STMicroelectronics.X-CUBE-AZRTOS-H7RS.1.1.0
2025-09-26 16:13:47,293 [WARN] PackLoader:240 - Cannot read IP mode file for STMicroelectronics.X-CUBE-AZRTOS-G4.2.0.0
2025-09-26 16:13:47,310 [WARN] PackLoader:240 - Cannot read IP mode file for wolfSSL.I-CUBE-wolfSSH.1.4.20
2025-09-26 16:13:47,318 [WARN] PackLoader:240 - Cannot read IP mode file for STMicroelectronics.X-CUBE-NFC7.2.0.0
2025-09-26 16:13:47,343 [WARN] PackLoader:240 - Cannot read IP mode file for STMicroelectronics.X-CUBE-IPS.3.1.0
2025-09-26 16:13:47,366 [WARN] PackLoader:240 - Cannot read IP mode file for STMicroelectronics.X-CUBE-STSE01.1.0.0
2025-09-26 16:13:47,394 [WARN] PackLoader:240 - Cannot read IP mode file for STMicroelectronics.X-CUBE-TOF1.3.4.3
2025-09-26 16:13:47,410 [INFO] ThirdParty:978 - Integrity check success = true
2025-09-26 16:13:47,410 [INFO] IntegrityCheckThread:100 - exiting critical section [integrity check]
2025-09-26 16:13:47,410 [INFO] IntegrityCheckThread:103 - End integrity checks thread
2025-09-26 16:16:49,056 [ERROR] LogOutputStream:75 - [STDERR_REDIRECT] 
2025-09-26 16:17:15,734 [INFO] Activator:176 - 


2025-09-26 16:17:15,734 [INFO] Activator:177 - !SESSION log4j initialized
2025-09-26 16:17:21,702 [INFO] LogOutputStream:77 - [STDOUT_REDIRECT] 
2025-09-26 16:17:23,155 [INFO] ApplicationProperties:184 - Using Application install path: C:\ST\STM32CubeIDE_1.14.1\STM32CubeIDE\plugins\com.st.stm32cube.common.mx_6.15.0.202507011659
2025-09-26 16:17:23,180 [INFO] DbMcusXml:78 - Set database path to: C:\ST\STM32CubeIDE_1.14.1\STM32CubeIDE\plugins\com.st.stm32cube.common.mx_6.15.0.202507011659\\db\/mcu/
2025-09-26 16:17:23,180 [INFO] ApiDb:274 - Set plugin database path to: C:\ST\STM32CubeIDE_1.14.1\STM32CubeIDE\plugins\com.st.stm32cube.common.mx_6.15.0.202507011659\\db\/plugins/boardmanager/
2025-09-26 16:17:23,180 [WARN] ApiDb:259 - Overriding images path with different value:  => C:\ST\STM32CubeIDE_1.14.1\STM32CubeIDE\plugins\com.st.stm32cube.common.mx_6.15.0.202507011659\\db\/plugins/mcufinder/images/
2025-09-26 16:17:23,191 [INFO] ApiDb:250 - Set database path to: C:\Users\chris\.stmcufinder\plugins\mcufinder//mcu/
2025-09-26 16:17:23,191 [INFO] DbMcusAds:125 - Set database path to: C:\Users\chris\.stmcufinder\plugins\mcufinder//mcu/
2025-09-26 16:17:23,196 [INFO] CrossReferenceDbSqlite:203 - Set database path to: C:\Users\chris\.stmcufinder\plugins\mcufinder//mcu/cs/
2025-09-26 16:17:23,387 [INFO] RulesReader:64 - Compatibility file has been processed (317 Rules)
2025-09-26 16:17:23,542 [INFO] DbMcusXml:78 - Set database path to: C:\ST\STM32CubeIDE_1.14.1\STM32CubeIDE\plugins\com.st.stm32cube.common.mx_6.15.0.202507011659\\db\/mcu/
2025-09-26 16:17:23,550 [INFO] ApiDb:274 - Set plugin database path to: C:\ST\STM32CubeIDE_1.14.1\STM32CubeIDE\plugins\com.st.stm32cube.common.mx_6.15.0.202507011659\\db\/plugins/boardmanager/
2025-09-26 16:17:23,550 [INFO] ApiDb:261 - Set plugin images path to: C:\ST\STM32CubeIDE_1.14.1\STM32CubeIDE\plugins\com.st.stm32cube.common.mx_6.15.0.202507011659\\db\/plugins/mcufinder/images/
2025-09-26 16:17:23,550 [WARN] DbFile:41 - Overriding database path with different value: C:\Users\chris\.stmcufinder\plugins\mcufinder/ => C:\Users\chris\.stmcufinder\plugins\mcufinder
2025-09-26 16:17:23,550 [INFO] ApiDb:250 - Set database path to: C:\Users\chris\.stmcufinder\plugins\mcufinder//mcu/
2025-09-26 16:17:23,550 [WARN] DbFile:41 - Overriding database path with different value: C:\Users\chris\.stmcufinder\plugins\mcufinder/ => C:\Users\chris\.stmcufinder\plugins\mcufinder
2025-09-26 16:17:23,550 [INFO] DbMcusAds:125 - Set database path to: C:\Users\chris\.stmcufinder\plugins\mcufinder//mcu/
2025-09-26 16:17:23,550 [WARN] DbFile:41 - Overriding database path with different value: C:\Users\chris\.stmcufinder\plugins\mcufinder/ => C:\Users\chris\.stmcufinder\plugins\mcufinder
2025-09-26 16:17:23,550 [WARN] DbFile:41 - Overriding database path with different value: C:\Users\chris\.stmcufinder\plugins\mcufinder/ => C:\Users\chris\.stmcufinder\plugins\mcufinder
2025-09-26 16:17:23,550 [INFO] CrossReferenceDbSqlite:203 - Set database path to: C:\Users\chris\.stmcufinder\plugins\mcufinder//mcu/cs/
2025-09-26 16:17:23,642 [INFO] MainPanel:274 - HeapMemory: 268435456
2025-09-26 16:17:23,781 [INFO] DbMcusXml:78 - Set database path to: C:\ST\STM32CubeIDE_1.14.1\STM32CubeIDE\plugins\com.st.stm32cube.common.mx_6.15.0.202507011659\\db\/mcu/
2025-09-26 16:17:23,781 [INFO] ApiDb:274 - Set plugin database path to: C:\ST\STM32CubeIDE_1.14.1\STM32CubeIDE\plugins\com.st.stm32cube.common.mx_6.15.0.202507011659\\db\/plugins/boardmanager/
2025-09-26 16:17:23,781 [INFO] ApiDb:261 - Set plugin images path to: C:\ST\STM32CubeIDE_1.14.1\STM32CubeIDE\plugins\com.st.stm32cube.common.mx_6.15.0.202507011659\\db\/plugins/mcufinder/images/
2025-09-26 16:17:23,781 [WARN] DbFile:41 - Overriding database path with different value: C:\Users\chris\.stmcufinder\plugins\mcufinder/ => C:\Users\chris\.stmcufinder\plugins\mcufinder
2025-09-26 16:17:23,781 [INFO] ApiDb:250 - Set database path to: C:\Users\chris\.stmcufinder\plugins\mcufinder//mcu/
2025-09-26 16:17:23,781 [WARN] DbFile:41 - Overriding database path with different value: C:\Users\chris\.stmcufinder\plugins\mcufinder/ => C:\Users\chris\.stmcufinder\plugins\mcufinder
2025-09-26 16:17:23,781 [INFO] DbMcusAds:125 - Set database path to: C:\Users\chris\.stmcufinder\plugins\mcufinder//mcu/
2025-09-26 16:17:23,781 [WARN] DbFile:41 - Overriding database path with different value: C:\Users\chris\.stmcufinder\plugins\mcufinder/ => C:\Users\chris\.stmcufinder\plugins\mcufinder
2025-09-26 16:17:23,781 [WARN] DbFile:41 - Overriding database path with different value: C:\Users\chris\.stmcufinder\plugins\mcufinder/ => C:\Users\chris\.stmcufinder\plugins\mcufinder
2025-09-26 16:17:23,781 [INFO] CrossReferenceDbSqlite:203 - Set database path to: C:\Users\chris\.stmcufinder\plugins\mcufinder//mcu/cs/
2025-09-26 16:17:23,805 [INFO] ApplicationProperties:184 - Using Application install path: C:\ST\STM32CubeIDE_1.14.1\STM32CubeIDE\plugins\com.st.stm32cube.common.mx_6.15.0.202507011659
2025-09-26 16:17:23,805 [INFO] PluginManage:196 - Search for loadable plugins [exclusion list=, ]
2025-09-26 16:17:23,805 [INFO] PluginManage:310 - Check plugin analytics
2025-09-26 16:17:24,068 [INFO] AnalyticsPlugin:253 - Accepted Software Licenses: 
2025-09-26 16:17:24,068 [INFO] AnalyticsPlugin:255 - Accepted CMSIS Pack Licenses: 
2025-09-26 16:17:24,068 [INFO] AnalyticsPlugin:257 - Accepted Firmware Licenses: FW.F7.1.17.0,FW.H7.1.11.0
2025-09-26 16:17:24,075 [INFO] PluginManage:359 - Loaded plugin analytics (category:tool,tabindex:-1)
2025-09-26 16:17:24,075 [INFO] PluginManage:310 - Check plugin cadmodel
2025-09-26 16:17:24,080 [INFO] CADModel:105 - Init CAD model plugin
2025-09-26 16:17:24,080 [INFO] PluginManage:359 - Loaded plugin cadmodel (category:power,tabindex:5)
2025-09-26 16:17:24,080 [INFO] PluginManage:310 - Check plugin clock
2025-09-26 16:17:24,093 [INFO] PluginManage:359 - Loaded plugin clock (category:base,tabindex:2)
2025-09-26 16:17:24,093 [INFO] PluginManage:310 - Check plugin ddr
2025-09-26 16:17:24,093 [INFO] PluginManage:359 - Loaded plugin ddr (category:tool,tabindex:6)
2025-09-26 16:17:24,093 [INFO] PluginManage:310 - Check plugin filemanager
2025-09-26 16:17:24,308 [INFO] PluginManage:359 - Loaded plugin filemanager (category:base,tabindex:10)
2025-09-26 16:17:24,308 [INFO] PluginManage:310 - Check plugin ipmanager
2025-09-26 16:17:24,321 [INFO] PluginManage:359 - Loaded plugin ipmanager (category:base,tabindex:5)
2025-09-26 16:17:24,321 [INFO] PluginManage:310 - Check plugin lpbam
2025-09-26 16:17:24,330 [INFO] PluginManage:359 - Loaded plugin lpbam (category:base,tabindex:0)
2025-09-26 16:17:24,330 [INFO] PluginManage:310 - Check plugin memorymap
2025-09-26 16:17:24,346 [INFO] PluginManage:359 - Loaded plugin memorymap (category:base,tabindex:4)
2025-09-26 16:17:24,346 [INFO] PluginManage:310 - Check plugin pinoutandconfiguration
2025-09-26 16:17:24,353 [INFO] PluginManage:359 - Loaded plugin pinoutandconfiguration (category:base,tabindex:1)
2025-09-26 16:17:24,353 [INFO] PluginManage:310 - Check plugin pinoutconfig
2025-09-26 16:17:24,491 [WARN] SupportedApi:132 - Cannot load RTOS API schema: s4s-elt-must-match.1: The content of 'definitions' must match (annotation?, (simpleType | complexType)?, (unique | key | keyref)*)). A problem was found starting at: attribute.
2025-09-26 16:17:24,657 [INFO] PluginManage:359 - Loaded plugin pinoutconfig (category:base,tabindex:0)
2025-09-26 16:17:24,657 [INFO] PluginManage:310 - Check plugin power
2025-09-26 16:17:24,673 [INFO] PluginManage:359 - Loaded plugin power (category:power,tabindex:4)
2025-09-26 16:17:24,673 [INFO] PluginManage:310 - Check plugin projectmanager
2025-09-26 16:17:24,698 [INFO] PluginManage:359 - Loaded plugin projectmanager (category:projectmanager,tabindex:4)
2025-09-26 16:17:24,698 [INFO] PluginManage:310 - Check plugin rif
2025-09-26 16:17:24,707 [INFO] PluginManage:359 - Loaded plugin rif (category:base,tabindex:3)
2025-09-26 16:17:24,707 [INFO] PluginManage:310 - Check plugin thirdparty
2025-09-26 16:17:24,907 [INFO] PluginManage:359 - Loaded plugin thirdparty (category:base,tabindex:-1)
2025-09-26 16:17:24,907 [WARN] IntegrityCheckThread:84 - waiting for thirdparty lock release [integrity check]
2025-09-26 16:17:24,912 [INFO] IntegrityCheckThread:86 - entering critical section [integrity check]
2025-09-26 16:17:24,912 [INFO] PluginManage:310 - Check plugin tools
2025-09-26 16:17:24,912 [INFO] ThirdPartyUpdaterWithRetryManager:70 - Updater plugin not ready yet. [1/15]
2025-09-26 16:17:24,912 [INFO] PluginManage:359 - Loaded plugin tools (category:base,tabindex:7)
2025-09-26 16:17:24,912 [INFO] PluginManage:310 - Check plugin tutovideos
2025-09-26 16:17:25,191 [INFO] PluginManage:359 - Loaded plugin tutovideos (category:base,tabindex:-1)
2025-09-26 16:17:25,191 [INFO] PluginManage:310 - Check plugin updater
2025-09-26 16:17:25,238 [INFO] PluginManage:359 - Loaded plugin updater (category:base,tabindex:12)
2025-09-26 16:17:25,238 [INFO] PluginManage:310 - Check plugin userauth
2025-09-26 16:17:25,246 [INFO] UserAuth:118 - Init User Auth plugin
2025-09-26 16:17:25,247 [INFO] PluginManage:359 - Loaded plugin userauth (category:base,tabindex:14)
2025-09-26 16:17:25,247 [INFO] PluginManage:283 - PluginManage : Loaded plugins [18]
2025-09-26 16:17:25,552 [INFO] PinOutPanel:1589 - setPackage(No Configuration,No Configuration)
2025-09-26 16:17:25,684 [INFO] CADModel:165 - CPN selected for project level
2025-09-26 16:17:25,684 [INFO] CADModel:114 - Register for checkConnection events
2025-09-26 16:17:25,708 [INFO] IPUIPlugin:80 - create IPUIPlugin
2025-09-26 16:17:25,708 [INFO] PluginManager:220 - loadIPPluginJar : add adc
2025-09-26 16:17:25,708 [INFO] IPUIPlugin:80 - create IPUIPlugin
2025-09-26 16:17:25,717 [INFO] PluginManager:220 - loadIPPluginJar : add aes
2025-09-26 16:17:25,717 [INFO] IPUIPlugin:80 - create IPUIPlugin
2025-09-26 16:17:25,717 [INFO] PluginManager:220 - loadIPPluginJar : add can
2025-09-26 16:17:25,725 [INFO] IPUIPlugin:80 - create IPUIPlugin
2025-09-26 16:17:25,725 [INFO] PluginManager:220 - loadIPPluginJar : add comp
2025-09-26 16:17:25,725 [INFO] IPUIPlugin:80 - create IPUIPlugin
2025-09-26 16:17:25,725 [INFO] PluginManager:220 - loadIPPluginJar : add cryp
2025-09-26 16:17:25,725 [INFO] IPUIPlugin:80 - create IPUIPlugin
2025-09-26 16:17:25,725 [INFO] PluginManager:220 - loadIPPluginJar : add ddr_ctrl_phy
2025-09-26 16:17:25,734 [INFO] IPUIPlugin:80 - create IPUIPlugin
2025-09-26 16:17:25,734 [INFO] PluginManager:220 - loadIPPluginJar : add dfsdm
2025-09-26 16:17:25,741 [INFO] IPUIPlugin:80 - create IPUIPlugin
2025-09-26 16:17:25,742 [INFO] PluginManager:220 - loadIPPluginJar : add dma
2025-09-26 16:17:25,742 [INFO] IPUIPlugin:80 - create IPUIPlugin
2025-09-26 16:17:25,742 [INFO] PluginManager:220 - loadIPPluginJar : add dma3
2025-09-26 16:17:25,742 [INFO] IPUIPlugin:80 - create IPUIPlugin
2025-09-26 16:17:25,742 [INFO] PluginManager:220 - loadIPPluginJar : add extmemmanager
2025-09-26 16:17:25,750 [INFO] IPUIPlugin:80 - create IPUIPlugin
2025-09-26 16:17:25,750 [INFO] PluginManager:220 - loadIPPluginJar : add fatfs
2025-09-26 16:17:25,750 [INFO] IPUIPlugin:80 - create IPUIPlugin
2025-09-26 16:17:25,757 [INFO] PluginManager:220 - loadIPPluginJar : add fmc
2025-09-26 16:17:25,758 [INFO] IPUIPlugin:80 - create IPUIPlugin
2025-09-26 16:17:25,758 [INFO] PluginManager:220 - loadIPPluginJar : add freertos
2025-09-26 16:17:25,766 [INFO] IPUIPlugin:80 - create IPUIPlugin
2025-09-26 16:17:25,766 [INFO] PluginManager:220 - loadIPPluginJar : add genericplugin
2025-09-26 16:17:25,766 [INFO] IPUIPlugin:80 - create IPUIPlugin
2025-09-26 16:17:25,766 [INFO] PluginManager:220 - loadIPPluginJar : add gfxmmu
2025-09-26 16:17:25,774 [INFO] IPUIPlugin:80 - create IPUIPlugin
2025-09-26 16:17:25,774 [INFO] PluginManager:220 - loadIPPluginJar : add gic
2025-09-26 16:17:25,774 [INFO] IPUIPlugin:80 - create IPUIPlugin
2025-09-26 16:17:25,774 [INFO] PluginManager:220 - loadIPPluginJar : add gpio
2025-09-26 16:17:25,774 [INFO] IPUIPlugin:80 - create IPUIPlugin
2025-09-26 16:17:25,774 [INFO] PluginManager:220 - loadIPPluginJar : add gtzc
2025-09-26 16:17:25,783 [INFO] IPUIPlugin:80 - create IPUIPlugin
2025-09-26 16:17:25,783 [INFO] PluginManager:220 - loadIPPluginJar : add hash
2025-09-26 16:17:25,783 [INFO] IPUIPlugin:80 - create IPUIPlugin
2025-09-26 16:17:25,783 [INFO] PluginManager:220 - loadIPPluginJar : add i2c
2025-09-26 16:17:25,783 [INFO] IPUIPlugin:80 - create IPUIPlugin
2025-09-26 16:17:25,783 [INFO] PluginManager:220 - loadIPPluginJar : add i2s
2025-09-26 16:17:25,791 [INFO] IPUIPlugin:80 - create IPUIPlugin
2025-09-26 16:17:25,791 [INFO] PluginManager:220 - loadIPPluginJar : add i3c
2025-09-26 16:17:25,791 [INFO] IPUIPlugin:80 - create IPUIPlugin
2025-09-26 16:17:25,791 [INFO] PluginManager:220 - loadIPPluginJar : add ipddr
2025-09-26 16:17:25,807 [INFO] IPUIPlugin:80 - create IPUIPlugin
2025-09-26 16:17:25,807 [INFO] PluginManager:220 - loadIPPluginJar : add linkedlist
2025-09-26 16:17:25,807 [INFO] IPUIPlugin:80 - create IPUIPlugin
2025-09-26 16:17:25,807 [INFO] PluginManager:220 - loadIPPluginJar : add lorawan
2025-09-26 16:17:25,815 [INFO] IPUIPlugin:80 - create IPUIPlugin
2025-09-26 16:17:25,815 [INFO] PluginManager:220 - loadIPPluginJar : add ltdc
2025-09-26 16:17:25,823 [INFO] IPUIPlugin:80 - create IPUIPlugin
2025-09-26 16:17:25,823 [INFO] PluginManager:220 - loadIPPluginJar : add mdma
2025-09-26 16:17:25,824 [INFO] IPUIPlugin:80 - create IPUIPlugin
2025-09-26 16:17:25,824 [INFO] PluginManager:220 - loadIPPluginJar : add nvic
2025-09-26 16:17:25,833 [INFO] IPUIPlugin:80 - create IPUIPlugin
2025-09-26 16:17:25,833 [INFO] PluginManager:220 - loadIPPluginJar : add opamp
2025-09-26 16:17:25,833 [INFO] IPUIPlugin:80 - create IPUIPlugin
2025-09-26 16:17:25,833 [INFO] PluginManager:220 - loadIPPluginJar : add openamp
2025-09-26 16:17:25,840 [INFO] IPUIPlugin:80 - create IPUIPlugin
2025-09-26 16:17:25,840 [INFO] PluginManager:220 - loadIPPluginJar : add pdm2pcm
2025-09-26 16:17:25,849 [INFO] IPUIPlugin:80 - create IPUIPlugin
2025-09-26 16:17:25,849 [INFO] PluginManager:220 - loadIPPluginJar : add plateformsettings
2025-09-26 16:17:25,849 [INFO] IPUIPlugin:80 - create IPUIPlugin
2025-09-26 16:17:25,849 [INFO] PluginManager:220 - loadIPPluginJar : add quadspi
2025-09-26 16:17:25,857 [INFO] IPUIPlugin:80 - create IPUIPlugin
2025-09-26 16:17:25,858 [INFO] PluginManager:220 - loadIPPluginJar : add radio
2025-09-26 16:17:25,858 [INFO] IPUIPlugin:80 - create IPUIPlugin
2025-09-26 16:17:25,858 [INFO] PluginManager:220 - loadIPPluginJar : add resmgrutility
2025-09-26 16:17:25,865 [INFO] IPUIPlugin:80 - create IPUIPlugin
2025-09-26 16:17:25,865 [INFO] PluginManager:220 - loadIPPluginJar : add sai
2025-09-26 16:17:25,865 [INFO] IPUIPlugin:80 - create IPUIPlugin
2025-09-26 16:17:25,865 [INFO] PluginManager:220 - loadIPPluginJar : add spi
2025-09-26 16:17:25,873 [INFO] IPUIPlugin:80 - create IPUIPlugin
2025-09-26 16:17:25,873 [INFO] PluginManager:220 - loadIPPluginJar : add stm32_wpan
2025-09-26 16:17:25,881 [INFO] IPUIPlugin:80 - create IPUIPlugin
2025-09-26 16:17:25,881 [INFO] PluginManager:220 - loadIPPluginJar : add tim
2025-09-26 16:17:25,881 [INFO] IPUIPlugin:80 - create IPUIPlugin
2025-09-26 16:17:25,881 [INFO] PluginManager:220 - loadIPPluginJar : add touchsensing
2025-09-26 16:17:25,881 [INFO] IPUIPlugin:80 - create IPUIPlugin
2025-09-26 16:17:25,881 [INFO] PluginManager:220 - loadIPPluginJar : add tracer_emb
2025-09-26 16:17:25,890 [INFO] IPUIPlugin:80 - create IPUIPlugin
2025-09-26 16:17:25,890 [INFO] PluginManager:220 - loadIPPluginJar : add ts
2025-09-26 16:17:25,890 [INFO] IPUIPlugin:80 - create IPUIPlugin
2025-09-26 16:17:25,890 [INFO] PluginManager:220 - loadIPPluginJar : add tsc
2025-09-26 16:17:25,890 [INFO] IPUIPlugin:80 - create IPUIPlugin
2025-09-26 16:17:25,890 [INFO] PluginManager:220 - loadIPPluginJar : add ucpd
2025-09-26 16:17:25,890 [INFO] IPUIPlugin:80 - create IPUIPlugin
2025-09-26 16:17:25,890 [INFO] PluginManager:220 - loadIPPluginJar : add usart
2025-09-26 16:17:25,898 [INFO] IPUIPlugin:80 - create IPUIPlugin
2025-09-26 16:17:25,898 [INFO] PluginManager:220 - loadIPPluginJar : add usbx
2025-09-26 16:17:26,042 [FATAL] Updater:351 - Updater called before beeing initialized
2025-09-26 16:17:26,108 [INFO] RulesReader:64 - Compatibility file has been processed (317 Rules)
2025-09-26 16:17:26,126 [INFO] RulesReader:64 - Compatibility file has been processed (317 Rules)
2025-09-26 16:17:26,172 [INFO] CADModel:165 - CPN selected for project level
2025-09-26 16:17:26,172 [INFO] CADModel:114 - Register for checkConnection events
2025-09-26 16:17:26,179 [FATAL] Updater:351 - Updater called before beeing initialized
2025-09-26 16:17:26,179 [ERROR] CADModel:125 - Updater not yet initialized, retry later 
2025-09-26 16:17:26,382 [FATAL] Updater:351 - Updater called before beeing initialized
2025-09-26 16:17:26,385 [INFO] CADModel:165 - CPN selected for project level
2025-09-26 16:17:26,385 [INFO] CADModel:114 - Register for checkConnection events
2025-09-26 16:17:26,385 [FATAL] Updater:351 - Updater called before beeing initialized
2025-09-26 16:17:26,385 [ERROR] CADModel:125 - Updater not yet initialized, retry later 
2025-09-26 16:17:26,391 [FATAL] Updater:351 - Updater called before beeing initialized
2025-09-26 16:17:26,540 [FATAL] Updater:351 - Updater called before beeing initialized
2025-09-26 16:17:26,548 [INFO] DbMcusAds:53 - JSON generation date=Tue Jul 08 01:14:23 PDT 2025 (1751962463582)
2025-09-26 16:17:26,548 [FATAL] Updater:351 - Updater called before beeing initialized
2025-09-26 16:17:26,589 [WARN] DetailPanel:346 - Failed to get advertising image, set to default
2025-09-26 16:17:26,695 [FATAL] Updater:351 - Updater called before beeing initialized
2025-09-26 16:17:26,704 [FATAL] Updater:351 - Updater called before beeing initialized
2025-09-26 16:17:26,704 [FATAL] Updater:351 - Updater called before beeing initialized
2025-09-26 16:17:26,704 [WARN] DetailPanel:346 - Failed to get advertising image, set to default
2025-09-26 16:17:26,707 [FATAL] Updater:351 - Updater called before beeing initialized
2025-09-26 16:17:26,790 [ERROR] Updater:1198 - MainUpdater not yet initialized. External WinMGr cannot be set.
2025-09-26 16:17:26,793 [INFO] Updater:1134 - Updater Version found : 6.15.0
2025-09-26 16:17:26,825 [INFO] ApplicationProperties:184 - Using Application install path: C:\ST\STM32CubeIDE_1.14.1\STM32CubeIDE\plugins\com.st.stm32cube.common.mx_6.15.0.202507011659
2025-09-26 16:17:27,918 [INFO] ThirdPartyUpdaterWithRetryManager:70 - Updater plugin not ready yet. [2/15]
2025-09-26 16:17:28,431 [ERROR] LogOutputStream:75 - [STDERR_REDIRECT] Sep 26, 2025 4:17:28 PM java.util.prefs.WindowsPreferences <init>
2025-09-26 16:17:28,433 [ERROR] LogOutputStream:75 - [STDERR_REDIRECT] WARNING: Could not open/create prefs root node Software\JavaSoft\Prefs at root 0xffffffff80000002. Windows RegCreateKeyEx(...) returned error code 5.
2025-09-26 16:17:28,433 [ERROR] LogOutputStream:75 - [STDERR_REDIRECT] 
2025-09-26 16:17:29,161 [INFO] MainUpdater:2872 - connection check result : 10
2025-09-26 16:17:29,161 [INFO] MainUpdater:289 - Updater Check For Update Now.
2025-09-26 16:17:29,161 [INFO] MicroXplorer:498 - Change Database Version : DB.6.0.150
2025-09-26 16:17:29,180 [INFO] McuFinderGlobals:63 - Set McuFinder mode to 2 (CubeIDE integrated)
2025-09-26 16:17:29,180 [INFO] UserAuth:487 - Internet connection configuration mode: 1
2025-09-26 16:17:29,279 [INFO] JxBrowserEngine:152 - Initiate JxBrowser Engine with user profile folder
2025-09-26 16:17:29,427 [INFO] CheckServerUpdateThread:120 - End of CheckServer Thread
2025-09-26 16:17:30,131 [INFO] WebApp:169 - Instantiating new browser for Auth
2025-09-26 16:17:31,014 [INFO] WebApp:463 - Apply proxy settings
2025-09-26 16:17:31,015 [INFO] WebApp:548 - Chromium requires no authentication
2025-09-26 16:17:31,108 [INFO] WebApp:491 - Direct internet connection detected
2025-09-26 16:17:31,174 [INFO] WebApp:900 - Register for checkConnection events
2025-09-26 16:17:31,174 [INFO] WebApp:463 - Apply proxy settings
2025-09-26 16:17:31,174 [INFO] WebApp:548 - Chromium requires no authentication
2025-09-26 16:17:31,174 [INFO] WebApp:491 - Direct internet connection detected
2025-09-26 16:17:31,292 [WARN] PackLoader:240 - Cannot read IP mode file for STMicroelectronics.X-CUBE-SMBUS.2.1.0
2025-09-26 16:17:31,308 [WARN] PackLoader:240 - Cannot read IP mode file for STMicroelectronics.X-CUBE-ST60.1.0.0
2025-09-26 16:17:31,353 [INFO] WebApp:191 - Connection restablished
2025-09-26 16:17:31,429 [WARN] PackLoader:240 - Cannot read IP mode file for STMicroelectronics.X-CUBE-AZRTOS-F7.1.1.0
2025-09-26 16:17:31,438 [WARN] PackLoader:240 - Cannot read IP mode file for Cesanta.I-CUBE-Mongoose.7.19.0
2025-09-26 16:17:31,470 [WARN] PackLoader:240 - Cannot read IP mode file for WES.I-CUBE-Cesium.1.4.0
2025-09-26 16:17:31,514 [WARN] PackLoader:240 - Cannot read IP mode file for Infineon.AIROC-Wi-Fi-Bluetooth-STM32.1.7.1
2025-09-26 16:17:31,568 [WARN] PackLoader:240 - Cannot read IP mode file for STMicroelectronics.X-CUBE-AZRTOS-H7.3.4.0
2025-09-26 16:17:31,598 [WARN] PackLoader:240 - Cannot read IP mode file for STMicroelectronics.X-CUBE-DISPLAY.3.0.0
2025-09-26 16:17:31,636 [WARN] PackLoader:240 - Cannot read IP mode file for STMicroelectronics.X-CUBE-NFC10.1.0.0
2025-09-26 16:17:31,651 [WARN] PackLoader:240 - Cannot read IP mode file for emotas.I-CUBE-CANOPEN.1.3.0
2025-09-26 16:17:31,658 [WARN] PackLoader:240 - Cannot read IP mode file for STMicroelectronics.FP-SNS-SMARTAG2.1.2.0
2025-09-26 16:17:31,672 [INFO] LogOutputStream:77 - [STDOUT_REDIRECT] 1 : Invalid condition id : UX_CORESTACK_Condition cause : null
2025-09-26 16:17:31,674 [INFO] LogOutputStream:77 - [STDOUT_REDIRECT] 1 : Invalid condition id : UX_CORESTACK_Condition cause : null
2025-09-26 16:17:31,676 [INFO] LogOutputStream:77 - [STDOUT_REDIRECT] 1 : Invalid condition id : UX_CORESTACK_Condition cause : null
2025-09-26 16:17:31,676 [INFO] LogOutputStream:77 - [STDOUT_REDIRECT] 1 : Invalid condition id : UX_CORESTACK_Condition cause : null
2025-09-26 16:17:31,683 [INFO] LogOutputStream:77 - [STDOUT_REDIRECT] 1 : Invalid condition id : UX_CORESTACK_Condition cause : null
2025-09-26 16:17:31,683 [WARN] PackLoader:240 - Cannot read IP mode file for STMicroelectronics.X-CUBE-AZRTOS-WL.2.0.0
2025-09-26 16:17:31,708 [WARN] PackLoader:240 - Cannot read IP mode file for STMicroelectronics.X-CUBE-BLE2.3.3.0
2025-09-26 16:17:31,718 [WARN] PackLoader:240 - Cannot read IP mode file for STMicroelectronics.X-CUBE-NFC9.1.0.0
2025-09-26 16:17:31,726 [WARN] PackLoader:240 - Cannot read IP mode file for wolfSSL.I-CUBE-wolfSSL.5.8.2
2025-09-26 16:17:31,733 [WARN] PackLoader:240 - Cannot read IP mode file for wolfSSL.I-CUBE-wolfMQTT.1.19.2
2025-09-26 16:17:31,760 [WARN] PackLoader:240 - Cannot read IP mode file for STMicroelectronics.X-CUBE-AZRTOS-G0.1.1.0
2025-09-26 16:17:31,774 [WARN] PackLoader:240 - Cannot read IP mode file for STMicroelectronics.X-CUBE-SAFEA1.1.2.2
2025-09-26 16:17:31,781 [WARN] PackLoader:240 - Cannot read IP mode file for STMicroelectronics.X-CUBE-NFC4.3.0.0
2025-09-26 16:17:31,793 [WARN] PackLoader:240 - Cannot read IP mode file for EmbeddedOffice.I-CUBE-FS-RTOS.1.0.1
2025-09-26 16:17:31,798 [WARN] PackLoader:240 - Cannot read IP mode file for STMicroelectronics.X-CUBE-WB05N.2.0.0
2025-09-26 16:17:31,808 [WARN] PackLoader:240 - Cannot read IP mode file for wolfSSL.I-CUBE-wolfTPM.3.8.0
2025-09-26 16:17:31,812 [WARN] PackLoader:240 - Cannot read IP mode file for STMicroelectronics.X-CUBE-TCPP.4.2.0
2025-09-26 16:17:31,820 [WARN] PackLoader:240 - Cannot read IP mode file for RealThread.X-CUBE-RT-Thread_Nano.4.1.1
2025-09-26 16:17:31,828 [WARN] PackLoader:240 - Cannot read IP mode file for STMicroelectronics.FP-ATR-SIGFOX1.3.2.0
2025-09-26 16:17:31,837 [WARN] PackLoader:240 - Cannot read IP mode file for ITTIA_DB.I-CUBE-ITTIADB.8.9.0
2025-09-26 16:17:31,853 [WARN] PackLoader:240 - Cannot read IP mode file for STMicroelectronics.X-CUBE-ST67W61.1.0.0
2025-09-26 16:17:31,877 [WARN] PackLoader:240 - Cannot read IP mode file for SEGGER.I-CUBE-embOS.1.3.1
2025-09-26 16:17:31,986 [WARN] PackLoader:240 - Cannot read IP mode file for STMicroelectronics.X-CUBE-ALGOBUILD.1.4.0
2025-09-26 16:17:32,033 [WARN] PackLoader:240 - Cannot read IP mode file for STMicroelectronics.X-CUBE-MEMS1.11.3.0
2025-09-26 16:17:32,239 [WARN] PackLoader:240 - Cannot read IP mode file for STMicroelectronics.X-CUBE-PM33A1.1.0.0
2025-09-26 16:17:32,255 [WARN] PackLoader:240 - Cannot read IP mode file for STMicroelectronics.X-CUBE-AZRTOS-F4.1.1.0
2025-09-26 16:17:32,264 [WARN] PackLoader:240 - Cannot read IP mode file for STMicroelectronics.X-CUBE-ISPU.2.1.0
2025-09-26 16:17:32,272 [WARN] PackLoader:240 - Cannot read IP mode file for STMicroelectronics.X-CUBE-NFC12.1.0.0
2025-09-26 16:17:32,288 [WARN] PackLoader:240 - Cannot read IP mode file for STMicroelectronics.X-CUBE-AZRTOS-L5.2.0.0
2025-09-26 16:17:32,299 [WARN] PackLoader:240 - Cannot read IP mode file for STMicroelectronics.X-CUBE-NFC6.3.1.0
2025-09-26 16:17:32,321 [WARN] ConditionMgr:438 - getConditionDescription Invalid condition id : LAN8742 Phy interface Condition cause : null
2025-09-26 16:17:32,321 [WARN] PackLoader:240 - Cannot read IP mode file for STMicroelectronics.X-CUBE-AZRTOS-L4.2.0.0
2025-09-26 16:17:32,321 [WARN] ConditionMgr:1044 - genDependencies : Invalid condition id : LAN8742 Phy interface Condition cause : null
2025-09-26 16:17:32,321 [WARN] ConditionMgr:1044 - genDependencies : Invalid condition id : LAN8742 Phy interface Condition cause : null
2025-09-26 16:17:32,321 [WARN] ConditionMgr:1044 - genDependencies : Invalid condition id : LAN8742 Phy interface Condition cause : null
2025-09-26 16:17:32,337 [WARN] PackLoader:240 - Cannot read IP mode file for STMicroelectronics.X-CUBE-SFXS2LP1.4.0.0
2025-09-26 16:17:32,345 [WARN] ConditionMgr:438 - getConditionDescription Invalid condition id : UX DEVICE CLASS RTOS Condition cause : null
2025-09-26 16:17:32,345 [WARN] ConditionMgr:438 - getConditionDescription Invalid condition id : UX DEVICE CLASS RTOS Condition cause : null
2025-09-26 16:17:32,354 [WARN] PackLoader:240 - Cannot read IP mode file for STMicroelectronics.X-CUBE-AZRTOS-WB.2.0.0
2025-09-26 16:17:32,354 [WARN] ConditionMgr:1044 - genDependencies : Invalid condition id : UX DEVICE CLASS RTOS Condition cause : null
2025-09-26 16:17:32,354 [WARN] ConditionMgr:1044 - genDependencies : Invalid condition id : UX DEVICE CLASS RTOS Condition cause : null
2025-09-26 16:17:32,354 [WARN] ConditionMgr:1044 - genDependencies : Invalid condition id : UX DEVICE CLASS RTOS Condition cause : null
2025-09-26 16:17:32,354 [WARN] ConditionMgr:1044 - genDependencies : Invalid condition id : UX DEVICE CLASS RTOS Condition cause : null
2025-09-26 16:17:32,354 [WARN] ConditionMgr:1044 - genDependencies : Invalid condition id : UX DEVICE CLASS RTOS Condition cause : null
2025-09-26 16:17:32,362 [WARN] PackLoader:240 - Cannot read IP mode file for STMicroelectronics.X-CUBE-TOUCHGFX.4.25.0
2025-09-26 16:17:32,370 [WARN] ConditionMgr:438 - getConditionDescription Invalid condition id : Cortex-A Device cause : null
2025-09-26 16:17:32,396 [WARN] ConditionMgr:1044 - genDependencies : Invalid condition id : Cortex-A Device cause : null
2025-09-26 16:17:32,396 [WARN] ConditionMgr:1044 - genDependencies : Invalid condition id : Cortex-A Device cause : null
2025-09-26 16:17:32,396 [WARN] ConditionMgr:1044 - genDependencies : Invalid condition id : Cortex-A Device cause : null
2025-09-26 16:17:32,412 [WARN] PackLoader:240 - Cannot read IP mode file for STMicroelectronics.X-CUBE-SUBG2.5.0.0
2025-09-26 16:17:32,437 [WARN] PackLoader:240 - Cannot read IP mode file for STMicroelectronics.X-CUBE-AZRTOS-H7RS.1.1.0
2025-09-26 16:17:32,486 [WARN] PackLoader:240 - Cannot read IP mode file for STMicroelectronics.X-CUBE-AZRTOS-G4.2.0.0
2025-09-26 16:17:32,495 [WARN] PackLoader:240 - Cannot read IP mode file for wolfSSL.I-CUBE-wolfSSH.1.4.20
2025-09-26 16:17:32,503 [WARN] PackLoader:240 - Cannot read IP mode file for STMicroelectronics.X-CUBE-NFC7.2.0.0
2025-09-26 16:17:32,515 [WARN] PackLoader:240 - Cannot read IP mode file for STMicroelectronics.X-CUBE-IPS.3.1.0
2025-09-26 16:17:32,527 [WARN] PackLoader:240 - Cannot read IP mode file for STMicroelectronics.X-CUBE-STSE01.1.0.0
2025-09-26 16:17:32,535 [WARN] PackLoader:240 - Cannot read IP mode file for STMicroelectronics.X-CUBE-TOF1.3.4.3
2025-09-26 16:17:32,553 [INFO] ThirdParty:978 - Integrity check success = true
2025-09-26 16:17:32,553 [INFO] IntegrityCheckThread:100 - exiting critical section [integrity check]
2025-09-26 16:17:32,553 [INFO] IntegrityCheckThread:103 - End integrity checks thread
2025-09-26 16:17:33,304 [INFO] WebApp:225 - Starting web application
2025-09-26 16:17:33,304 [INFO] WebApp:593 - Web application path used C:\ST\STM32CubeIDE_1.14.1\STM32CubeIDE\plugins\com.st.stm32cube.common.mx_6.15.0.202507011659\db\plugins\mcufinder\reactClient1\index.html
2025-09-26 16:17:33,510 [INFO] UserAuth:487 - Internet connection configuration mode: 1
2025-09-26 16:18:02,230 [INFO] McuFinderGlobals:63 - Set McuFinder mode to 2 (CubeIDE integrated)
2025-09-26 16:18:02,260 [INFO] MainUpdater:2872 - connection check result : 10
2025-09-26 16:18:02,265 [INFO] MainUpdater:2872 - connection check result : 10
2025-09-26 16:18:02,383 [INFO] MicroXplorer:468 - Change Database Path : 
2025-09-26 16:18:02,383 [INFO] MicroXplorer:498 - Change Database Version : DB.6.0.150
2025-09-26 16:18:02,397 [WARN] ThirdParty:871 - waiting for thirdparty lock release [close project]
2025-09-26 16:18:02,397 [INFO] ThirdParty:873 - entering critical section [close project]
2025-09-26 16:18:02,403 [INFO] ThirdParty:883 - exiting critical section [close project]
2025-09-26 16:18:02,415 [INFO] PinOutPanel:1589 - setPackage(No Configuration,No Configuration)
2025-09-26 16:18:02,419 [INFO] UtilMem:75 - Begin LoadConfig() Used Memory: 378452456 Bytes (462422016)
2025-09-26 16:18:02,429 [INFO] MicroXplorer:468 - Change Database Path : 
2025-09-26 16:18:02,429 [INFO] MicroXplorer:498 - Change Database Version : DB.6.0.150
2025-09-26 16:18:02,429 [INFO] OpenFileManager:355 - Change cursor
2025-09-26 16:18:02,582 [INFO] Mcu:2029 - Initializing MCU STM32F767ZITx STM32F767ZITx STM32F767ZIT6
2025-09-26 16:18:09,114 [INFO] Context:786 - Trying to add GPIOservice into a context  which must be forbidden
2025-09-26 16:18:10,483 [INFO] ImportTextPane:234 - (OptionalMessage_ERROR) Pin32 (VP_RIF_VS_RIF1) cannot be retrieved for this MCU
2025-09-26 16:18:10,858 [INFO] RtosManager:558 - Registered RTOS mode: class=CMSIS, group=RTOS, mode=CMSIS_V1, owner=FREERTOS
2025-09-26 16:18:10,859 [INFO] RtosManager:558 - Registered RTOS mode: class=CMSIS, group=RTOS2, mode=CMSIS_V2, owner=FREERTOS
2025-09-26 16:18:10,859 [INFO] RtosManager:558 - Registered RTOS mode: class=RTOS, group=Core, mode=CMSIS_V1, owner=FREERTOS
2025-09-26 16:18:10,859 [INFO] RtosManager:558 - Registered RTOS mode: class=RTOS, group=Core, mode=CMSIS_V2, owner=FREERTOS
2025-09-26 16:18:10,859 [WARN] ModelIntegratedComponent:184 - Missing modes for component STMicroelectronics:FreeRTOS:0.0.1:STMicroelectronics:RTOS:FreeRTOS:Core:::10.2.0:
2025-09-26 16:18:10,905 [WARN] ModelIntegratedComponent:63 - No mode defined for component null
2025-09-26 16:18:10,905 [WARN] ModelIntegratedComponent:63 - No mode defined for component null
2025-09-26 16:18:10,905 [WARN] ModelIntegratedComponent:63 - No mode defined for component null
2025-09-26 16:18:10,905 [WARN] ModelIntegratedComponent:63 - No mode defined for component null
2025-09-26 16:18:10,905 [WARN] ModelIntegratedComponent:63 - No mode defined for component null
2025-09-26 16:18:10,905 [WARN] ModelIntegratedComponent:63 - No mode defined for component null
2025-09-26 16:18:10,905 [WARN] ModelIntegratedComponent:63 - No mode defined for component null
2025-09-26 16:18:10,905 [WARN] ModelIntegratedComponent:63 - No mode defined for component null
2025-09-26 16:18:10,905 [WARN] ModelIntegratedComponent:63 - No mode defined for component null
2025-09-26 16:18:10,905 [WARN] ModelIntegratedComponent:63 - No mode defined for component null
2025-09-26 16:18:10,905 [WARN] ModelIntegratedComponent:63 - No mode defined for component null
2025-09-26 16:18:10,905 [WARN] ModelIntegratedComponent:63 - No mode defined for component null
2025-09-26 16:18:10,905 [WARN] ModelIntegratedComponent:63 - No mode defined for component null
2025-09-26 16:18:10,905 [WARN] ModelIntegratedComponent:63 - No mode defined for component null
2025-09-26 16:18:10,905 [WARN] ModelIntegratedComponent:63 - No mode defined for component null
2025-09-26 16:18:10,905 [WARN] ModelIntegratedComponent:63 - No mode defined for component null
2025-09-26 16:18:10,905 [WARN] ModelIntegratedComponent:63 - No mode defined for component null
2025-09-26 16:18:10,906 [WARN] ModelIntegratedComponent:63 - No mode defined for component null
2025-09-26 16:18:10,906 [WARN] ModelIntegratedComponent:63 - No mode defined for component null
2025-09-26 16:18:10,906 [WARN] ModelIntegratedComponent:63 - No mode defined for component null
2025-09-26 16:18:10,906 [WARN] ModelIntegratedComponent:63 - No mode defined for component null
2025-09-26 16:18:10,906 [WARN] ModelIntegratedComponent:63 - No mode defined for component null
2025-09-26 16:18:10,906 [WARN] ModelIntegratedComponent:63 - No mode defined for component null
2025-09-26 16:18:10,906 [WARN] ModelIntegratedComponent:63 - No mode defined for component null
2025-09-26 16:18:10,906 [WARN] ModelIntegratedComponent:63 - No mode defined for component null
2025-09-26 16:18:10,906 [WARN] ModelIntegratedComponent:63 - No mode defined for component null
2025-09-26 16:18:10,906 [WARN] ModelIntegratedComponent:63 - No mode defined for component null
2025-09-26 16:18:10,906 [WARN] ModelIntegratedComponent:63 - No mode defined for component null
2025-09-26 16:18:10,906 [WARN] ModelIntegratedComponent:63 - No mode defined for component null
2025-09-26 16:18:10,906 [WARN] ModelIntegratedComponent:63 - No mode defined for component null
2025-09-26 16:18:10,906 [WARN] ModelIntegratedComponent:63 - No mode defined for component null
2025-09-26 16:18:10,906 [WARN] ModelIntegratedComponent:63 - No mode defined for component null
2025-09-26 16:18:10,906 [WARN] ModelIntegratedComponent:63 - No mode defined for component null
2025-09-26 16:18:10,906 [WARN] ModelIntegratedComponent:63 - No mode defined for component null
2025-09-26 16:18:10,906 [WARN] ModelIntegratedComponent:63 - No mode defined for component null
2025-09-26 16:18:10,906 [WARN] ModelPack:524 - Component already loaded: STMicroelectronics:HAL Drivers:0.0.0:STMicroelectronics:Device:STMicro_Driver:XSPI:HAL::0.0.1:HAL_XSPI
2025-09-26 16:18:11,087 [INFO] ThirdPartyModel:298 - Start build external matchings
2025-09-26 16:18:11,333 [INFO] ThirdPartyModel:316 - End build external matchings
2025-09-26 16:18:11,357 [INFO] ImportTextPane:234 - (OptionalMessage_ERROR) IP (RCC) : Invalid parameter (48MHZClocksFreq_Value)
2025-09-26 16:18:11,357 [INFO] ImportTextPane:234 - (OptionalMessage_ERROR) IP (RCC) : Invalid parameter (ADC12outputFreq_Value)
2025-09-26 16:18:11,357 [INFO] ImportTextPane:234 - (OptionalMessage_ERROR) IP (RCC) : Invalid parameter (ADC34outputFreq_Value)
2025-09-26 16:18:11,360 [INFO] ImportTextPane:234 - (OptionalMessage_ERROR) IP (RCC) : Invalid parameter (FamilyName)
2025-09-26 16:18:11,361 [INFO] ImportTextPane:234 - (OptionalMessage_ERROR) IP (RCC) : Invalid parameter (I2SClocksFreq_Value)
2025-09-26 16:18:11,361 [INFO] ImportTextPane:234 - (OptionalMessage_ERROR) IP (RCC) : Invalid parameter (LCDTFToutputFreq_Value)
2025-09-26 16:18:11,361 [INFO] ImportTextPane:234 - (OptionalMessage_ERROR) IP (RCC) : Invalid parameter (MCOFreq_Value)
2025-09-26 16:18:11,362 [INFO] ImportTextPane:234 - (OptionalMessage_ERROR) IP (RCC) : Invalid parameter (PLLMCOFreq_Value)
2025-09-26 16:18:11,362 [INFO] ImportTextPane:234 - (OptionalMessage_ERROR) IP (RCC) : Invalid parameter (PLLMUL)
2025-09-26 16:18:11,362 [INFO] ImportTextPane:234 - (OptionalMessage_ERROR) IP (RCC) : Invalid parameter (PRESCALERUSB)
2025-09-26 16:18:11,362 [INFO] ImportTextPane:234 - (OptionalMessage_ERROR) IP (RCC) : Parameter (RNGFreq_Value) has invalid value (144000000)
2025-09-26 16:18:11,363 [INFO] ImportTextPane:234 - (OptionalMessage_ERROR) IP (RCC) : Invalid parameter (RTCHSEDivFreq_Value)
2025-09-26 16:18:11,363 [INFO] ImportTextPane:234 - (OptionalMessage_ERROR) IP (RCC) : Parameter (SDMMC2Freq_Value) has invalid value (144000000)
2025-09-26 16:18:11,363 [INFO] ImportTextPane:234 - (OptionalMessage_ERROR) IP (RCC) : Parameter (SDMMCFreq_Value) has invalid value (144000000)
2025-09-26 16:18:11,363 [INFO] ImportTextPane:234 - (OptionalMessage_ERROR) IP (RCC) : Invalid parameter (SYSCLKSourceVirtual)
2025-09-26 16:18:11,363 [INFO] ImportTextPane:234 - (OptionalMessage_ERROR) IP (RCC) : Invalid parameter (TIM15Freq_Value)
2025-09-26 16:18:11,363 [INFO] ImportTextPane:234 - (OptionalMessage_ERROR) IP (RCC) : Invalid parameter (TIM16Freq_Value)
2025-09-26 16:18:11,363 [INFO] ImportTextPane:234 - (OptionalMessage_ERROR) IP (RCC) : Invalid parameter (TIM17Freq_Value)
2025-09-26 16:18:11,363 [INFO] ImportTextPane:234 - (OptionalMessage_ERROR) IP (RCC) : Invalid parameter (TIM1Freq_Value)
2025-09-26 16:18:11,363 [INFO] ImportTextPane:234 - (OptionalMessage_ERROR) IP (RCC) : Invalid parameter (TIM20Freq_Value)
2025-09-26 16:18:11,363 [INFO] ImportTextPane:234 - (OptionalMessage_ERROR) IP (RCC) : Invalid parameter (TIM2Freq_Value)
2025-09-26 16:18:11,363 [INFO] ImportTextPane:234 - (OptionalMessage_ERROR) IP (RCC) : Invalid parameter (TIM3Freq_Value)
2025-09-26 16:18:11,363 [INFO] ImportTextPane:234 - (OptionalMessage_ERROR) IP (RCC) : Invalid parameter (TIM8Freq_Value)
2025-09-26 16:18:11,363 [INFO] ImportTextPane:234 - (OptionalMessage_ERROR) IP (RCC) : Parameter (USBFreq_Value) has invalid value (144000000)
2025-09-26 16:18:11,364 [INFO] ImportTextPane:234 - (OptionalMessage_ERROR) IP (RCC) : Invalid parameter (VCOOutput2Freq_Value)
2025-09-26 16:18:11,364 [INFO] ImportTextPane:234 - (OptionalMessage_ERROR) IP (RCC) : Invalid parameter (VcooutputI2S)
2025-09-26 16:18:12,792 [INFO] ApiDb:581 - Connected to CubeFinder SQLite database (C:\Users\chris\.stmcufinder\plugins\mcufinder\mcu\cube-finder-db.db)
2025-09-26 16:18:12,883 [INFO] ApiDb:668 - CubeFinder database Data Model version=2.1
2025-09-26 16:18:12,883 [INFO] ApiDb:669 - CubeFinder database Configuration version=3.0.39
2025-09-26 16:18:12,884 [INFO] ApiDb:670 - CubeFinder database generation date=2025-08-25 (1756130511)
2025-09-26 16:18:12,884 [INFO] ApiDb:671 - CubeFinder database FW Pack versions=[FP-ATR-ASTRA1_V2.0.0, FP-SNS-FLIGHT1_V5.1.0, FP-SNS-MOTENV1_V5.0.0, FP-SNS-MOTENVWB1_V1.4.0, FP-SNS-SMARTAG2_V1.2.0, FP-SNS-STBOX1_V2.1.0, STM32Cube_FW_C0_V1.4.0, STM32Cube_FW_F4_V1.28.3, STM32Cube_FW_F7_V1.17.4, STM32Cube_FW_G0_V1.6.2, STM32Cube_FW_G4_V1.6.1, STM32Cube_FW_H5_V1.5.0, STM32Cube_FW_H7RS_V1.2.0, STM32Cube_FW_H7_V1.12.1, STM32Cube_FW_L0_V1.12.2, STM32Cube_FW_L4_V1.18.1, STM32Cube_FW_L5_V1.5.1, STM32Cube_FW_N6_V1.2.0, STM32Cube_FW_U0_V1.3.0, STM32Cube_FW_U3_V1.2.0, STM32Cube_FW_U5_V1.8.0, STM32Cube_FW_WB0_V1.3.0, STM32Cube_FW_WBA_V1.7.0, STM32Cube_FW_WB_V1.23.0, STM32Cube_FW_WL3_V1.2.0, STM32Cube_FW_WL_V1.3.1, X-CUBE-ALGOBUILD_V1.4.0, X-CUBE-ALS_V1.0.2, X-CUBE-AZRTOS-F4_V1.1.0, X-CUBE-AZRTOS-F7_V1.1.0, X-CUBE-AZRTOS-G0_V1.1.0, X-CUBE-AZRTOS-G4_V2.0.0, X-CUBE-AZRTOS-H7RS_V1.1.0, X-CUBE-AZRTOS-H7_V3.4.0, X-CUBE-AZRTOS-L4_V2.0.0, X-CUBE-AZRTOS-L5_V2.0.0, X-CUBE-AZRTOS-WB_V2.0.0, X-CUBE-AZRTOS-WL_V2.0.0, X-CUBE-BLE1_V7.1.0, X-CUBE-BLE2_V3.3.0, X-CUBE-BLEMGR_V4.1.0, X-CUBE-EEPRMA1_V5.2.0, X-CUBE-FREERTOS_V1.3.1, X-CUBE-GNSS1_V6.0.0, X-CUBE-MEMS1_V11.3.0, X-CUBE-NFC4_V3.0.0, X-CUBE-NFC7_V2.0.0, X-CUBE-SFXS2LP1_V4.0.0, X-CUBE-ST67W61_V1.0.0, X-CUBE-SUBG2_V5.0.0, X-CUBE-TOF1_V3.4.3]
2025-09-26 16:18:13,034 [INFO] DbBoardsSqlite:226 - include board P-NUCLEO-WB55-NUCLEO as a kit item of type 'Nucleo-64'
2025-09-26 16:18:13,034 [INFO] DbBoardsSqlite:226 - include board P-NUCLEO-WB55-USBDONGLE as a kit item of type 'Nucleo USB Dongle'
2025-09-26 16:18:13,034 [INFO] DbBoardsSqlite:226 - include board STEVAL-IDP005V1 as a kit item of type 'Evaluation Board'
2025-09-26 16:18:13,034 [INFO] DbBoardsSqlite:226 - include board STEVAL-IDP005V2 as a kit item of type 'Evaluation Board'
2025-09-26 16:18:13,413 [INFO] ApiDb:240 - Found 880 in-development CPN: [B-G473E-ZEST1S, B-WB1M-WPAN1, B-WBA5M-WPAN, B-WL5M-SUBG1, NUCLEO-C031C6, NUCLEO-C051C8, NUCLEO-C071RB, NUCLEO-C092RC, NUCLEO-H503RB, NUCLEO-H533RE, NUCLEO-H563ZI, NUCLEO-H7S3L8, NUCLEO-N657X0-Q, NUCLEO-U031R8, NUCLEO-U083RC, NUCLEO-U385RG-Q, NUCLEO-U545RE-Q, NUCLEO-U5A5ZJ-Q, NUCLEO-WB05KZ, NUCLEO-WB07CC, NUCLEO-WB09KE, NUCLEO-WBA52CG, NUCLEO-WBA55CG, NUCLEO-WL33CC1, NUCLEO-WL33CC2, STEVAL-PROTEUS1, STEVAL-SMARTAG2, STEVAL-STWINBX1, STM320518-EVAL, STM32C0116-DK, STM32C011D6Y3TR, STM32C011D6Y6TR, STM32C011F4P3, STM32C011F4P6, STM32C011F4U3, STM32C011F4U6TR, STM32C011F6P3, STM32C011F6P6, STM32C011F6U3, STM32C011F6U6TR, STM32C011J4M3, STM32C011J4M6, STM32C011J6M3, STM32C011J6M6, STM32C0316-DK, STM32C031C4T3, STM32C031C4T6, STM32C031C4U3, STM32C031C4U6, STM32C031C6T3, STM32C031C6T6, STM32C031C6U3, STM32C031C6U6, STM32C031F4P3, STM32C031F4P6, STM32C031F6P3, STM32C031F6P6, STM32C031G4U3, STM32C031G4U6, STM32C031G6U3, STM32C031G6U6, STM32C031K4T3, STM32C031K4T6, STM32C031K4U3, STM32C031K4U6, STM32C031K6T3, STM32C031K6T6, STM32C031K6U3, STM32C031K6U6, STM32C051C6T6, STM32C051C6U6, STM32C051C8T6, STM32C051C8U6, STM32C051D8Y6TR, STM32C051F6P6, STM32C051F8P6, STM32C051G6U6, STM32C051G8U6, STM32C051K6T6, STM32C051K6U6, STM32C051K8T6, STM32C071C8T6, STM32C071C8T6N, STM32C071C8U6, STM32C071C8U6N, STM32C071CBT6, STM32C071CBT6N, STM32C071CBU6, STM32C071CBU6N, STM32C071F8P6, STM32C071F8P6N, STM32C071FBP6, STM32C071FBP6N, STM32C071FBY6TR, STM32C071G8U6, STM32C071G8U6N, STM32C071GBU6, STM32C071GBU6N, STM32C071K8T6, STM32C071K8T6N, STM32C071K8U6, STM32C071K8U6N, STM32C071KBT6, STM32C071KBT6N, STM32C071KBU6, STM32C071KBU6N, STM32C071R8T6, STM32C071R8T6N, STM32C071RBI6N, STM32C071RBT6, STM32C071RBT6N, STM32C091CBT6, STM32C091CBU6, STM32C091CCT6, STM32C091CCU6, STM32C091ECY6TR, STM32C091FBP6, STM32C091FCP6, STM32C091GBU6, STM32C091GCU6, STM32C091KBT6, STM32C091KBU6, STM32C091KCT6, STM32C091KCU6, STM32C091RBT6, STM32C091RCI6, STM32C091RCT6, STM32C092CBT6, STM32C092CBU6, STM32C092CCT6, STM32C092CCU6, STM32C092ECY6TR, STM32C092FBP6, STM32C092FCP6, STM32C092GBU6, STM32C092GCU6, STM32C092KBT6, STM32C092KBU6, STM32C092KCT6, STM32C092KCU6, STM32C092RBT6, STM32C092RCI6, STM32C092RCT6, STM32G071K8TXN, STM32G071K8UXN, STM32G081GBU6N, STM32G081KBT6N, STM32G081KBUXN, STM32G0B1CCT6N, STM32G0B1KCT6, STM32G0B1NEY6TR, STM32G0B1RCT6N, STM32G0C1CCT6, STM32G0C1CCT6N, STM32G0C1CCU6N, STM32G0C1CET6N, STM32G0C1CEU6N, STM32G0C1KCT6, STM32G0C1NEY6TR, STM32G0C1RCI6N, STM32G0C1RCT6N, STM32G0C1REI6N, STM32G0C1RET6N, STM32G0C1VCI6, STM32G0C1VEI6, STM32G411C6T3, STM32G411C6T6, STM32G411C6U3, STM32G411C6U6, STM32G411C8T3, STM32G411C8T6, STM32G411C8U3, STM32G411C8U6, STM32G411CBT3, STM32G411CBT6, STM32G411CBU3, STM32G411CBU6, STM32G411K6T3, STM32G411K6T6, STM32G411K6U3, STM32G411K6U6, STM32G411K8T3, STM32G411K8T6, STM32G411K8U3, STM32G411K8U6, STM32G411KBT3, STM32G411KBT6, STM32G411KBU3, STM32G411KBU6, STM32G411M6T3, STM32G411M6T6, STM32G411M8T3, STM32G411M8T6, STM32G411MBT3, STM32G411MBT6, STM32G411R6T3, STM32G411R6T6, STM32G411R8T3, STM32G411R8T6, STM32G411RBT3, STM32G411RBT6, STM32G414CBT3, STM32G414CBT6, STM32G414CBU3, STM32G414CBU6, STM32G414CCT3, STM32G414CCT6, STM32G414CCU3, STM32G414CCU6, STM32G414MBT3, STM32G414MBT6, STM32G414MCT3, STM32G414MCT6, STM32G414RBT3, STM32G414RBT6, STM32G414RCT3, STM32G414RCT6, STM32G414VBT3, STM32G414VBT6, STM32G414VCT3, STM32G414VCT6, STM32G431CBT3Z, STM32G431RBT3Z, STM32G471CCT6, STM32G471CCU6, STM32G471CET3, STM32G471CET6, STM32G471CEU3, STM32G471CEU6, STM32G471MCT6, STM32G471MET3, STM32G471MET6, STM32G471MEY6TR, STM32G471QCT6, STM32G471QET3, STM32G471RCT6, STM32G471RET3, STM32G471RET6, STM32G471VCH6, STM32G471VCI6, STM32G471VCT6, STM32G471VEH3, STM32G471VEH6, STM32G471VEI3, STM32G471VEI6, STM32G471VET3, STM32G471VET6, STM32G473QET3Z, STM32G473RET3Z, STM32G474CCT6, STM32G491RET3Z, STM32H503CBT6, STM32H503CBU6, STM32H503EBY6TR, STM32H503KBU6, STM32H503RBT6, STM32H523CCT6, STM32H523CCU6, STM32H523CET6, STM32H523CEU6, STM32H523HEY6TR, STM32H523RCT6, STM32H523RET6, STM32H523VCI6, STM32H523VCT6, STM32H523VEI6, STM32H523VET6, STM32H523ZCJ6, STM32H523ZCT6, STM32H523ZEJ6, STM32H523ZET6, STM32H533CET6, STM32H533CEU6, STM32H533HEY6TR, STM32H533RET6, STM32H533VEI6, STM32H533VET6, STM32H533ZEJ6, STM32H533ZET6, STM32H562AGI6, STM32H562AII6, STM32H562IGK6, STM32H562IGT6, STM32H562IIK6, STM32H562IIT6, STM32H562RGT6, STM32H562RGV6, STM32H562RIT6, STM32H562RIV6, STM32H562VGT6, STM32H562VIT6, STM32H562ZGT6, STM32H562ZIT6, STM32H563AGI6, STM32H563AII3Q, STM32H563AII6, STM32H563IGK6, STM32H563IGT6, STM32H563IIK3Q, STM32H563IIK6, STM32H563IIT3Q, STM32H563IIT6, STM32H563MIY3QTR, STM32H563RGT6, STM32H563RGV6, STM32H563RIT6, STM32H563RIV6, STM32H563VGT6, STM32H563VIT3Q, STM32H563VIT6, STM32H563ZGT6, STM32H563ZIT3Q, STM32H563ZIT6, STM32H573AII3Q, STM32H573AII6, STM32H573I-DK, STM32H573IIK3Q, STM32H573IIK6, STM32H573IIT3Q, STM32H573IIT6, STM32H573MIY3QTR, STM32H573RIT6, STM32H573RIV6, STM32H573VIT3Q, STM32H573VIT6, STM32H573ZIT3Q, STM32H573ZIT6, STM32H7R3A8I6, STM32H7R3I8K6, STM32H7R3I8T6, STM32H7R3L8H6, STM32H7R3L8H6H, STM32H7R3R8V6, STM32H7R3V8H6, STM32H7R3V8T6, STM32H7R3V8Y6TR, STM32H7R3Z8J6, STM32H7R3Z8T6, STM32H7R7A8I6, STM32H7R7I8K6, STM32H7R7I8T6, STM32H7R7L8H6, STM32H7R7L8H6H, STM32H7R7Z8J6, STM32H7S3A8I6, STM32H7S3I8K6, STM32H7S3I8T6, STM32H7S3L8H6, STM32H7S3L8H6H, STM32H7S3R8V6, STM32H7S3V8H6, STM32H7S3V8T6, STM32H7S3V8Y6TR, STM32H7S3Z8J6, STM32H7S3Z8T6, STM32H7S78-DK, STM32H7S7A8I6, STM32H7S7I8K6, STM32H7S7I8T6, STM32H7S7L8H6, STM32H7S7L8H6H, STM32H7S7Z8J6, STM32L4R5QGI6STR, STM32MP131AAE3, STM32MP131AAF3, STM32MP131AAG3, STM32MP131CAE3, STM32MP131CAF3, STM32MP131CAG3, STM32MP131DAE7, STM32MP131DAF7, STM32MP131DAG7, STM32MP131FAE7, STM32MP131FAF7, STM32MP131FAG7, STM32MP133AAE3, STM32MP133AAF3, STM32MP133AAG3, STM32MP133CAE3, STM32MP133CAF3, STM32MP133CAG3, STM32MP133DAE7, STM32MP133DAF7, STM32MP133DAG7, STM32MP133FAE7, STM32MP133FAF7, STM32MP133FAG7, STM32MP135AAE3, STM32MP135AAF3, STM32MP135AAG3, STM32MP135CAE3, STM32MP135CAF3, STM32MP135CAG3, STM32MP135DAE7, STM32MP135DAF7, STM32MP135DAG7, STM32MP135F-DK, STM32MP135FAE7, STM32MP135FAF7, STM32MP135FAF7T, STM32MP135FAF7U, STM32MP135FAG7, STM32MP211AAL3, STM32MP211AAM3, STM32MP211AAN3, STM32MP211AAO3, STM32MP211CAL3, STM32MP211CAM3, STM32MP211CAN3, STM32MP211CAO3, STM32MP211DAL3, STM32MP211DAM3, STM32MP211DAN3, STM32MP211DAO3, STM32MP211FAL3, STM32MP211FAM3, STM32MP211FAN3, STM32MP211FAO3, STM32MP213AAL3, STM32MP213AAM3, STM32MP213AAN3, STM32MP213AAO3, STM32MP213CAL3, STM32MP213CAM3, STM32MP213CAN3, STM32MP213CAO3, STM32MP213DAL3, STM32MP213DAM3, STM32MP213DAN3, STM32MP213DAO3, STM32MP213FAL3, STM32MP213FAM3, STM32MP213FAN3, STM32MP213FAO3, STM32MP215AAL3, STM32MP215AAM3, STM32MP215AAN3, STM32MP215AAO3, STM32MP215CAL3, STM32MP215CAM3, STM32MP215CAN3, STM32MP215CAO3, STM32MP215DAL3, STM32MP215DAM3, STM32MP215DAN3, STM32MP215DAO3, STM32MP215F-DK, STM32MP215FAL3, STM32MP215FAM3, STM32MP215FAN3, STM32MP215FAO3, STM32MP231AAJ3, STM32MP231AAK3, STM32MP231AAL3, STM32MP231CAJ3, STM32MP231CAK3, STM32MP231CAL3, STM32MP231DAJ3, STM32MP231DAK3, STM32MP231DAL3, STM32MP231FAJ3, STM32MP231FAK3, STM32MP231FAL3, STM32MP233AAJ3, STM32MP233AAK3, STM32MP233AAL3, STM32MP233CAJ3, STM32MP233CAK3, STM32MP233CAL3, STM32MP233DAJ3, STM32MP233DAK3, STM32MP233DAL3, STM32MP233FAJ3, STM32MP233FAK3, STM32MP233FAL3, STM32MP235AAJ3, STM32MP235AAK3, STM32MP235AAL3, STM32MP235CAJ3, STM32MP235CAK3, STM32MP235CAL3, STM32MP235DAJ3, STM32MP235DAK3, STM32MP235DAL3, STM32MP235FAJ3, STM32MP235FAK3, STM32MP235FAL3, STM32MP251AAI3, STM32MP251AAK3, STM32MP251AAL3, STM32MP251CAI3, STM32MP251CAK3, STM32MP251CAL3, STM32MP251DAI3, STM32MP251DAK3, STM32MP251DAL3, STM32MP251FAI3, STM32MP251FAK3, STM32MP251FAL3, STM32MP253AAI3, STM32MP253AAK3, STM32MP253AAL3, STM32MP253CAI3, STM32MP253CAK3, STM32MP253CAL3, STM32MP253DAI3, STM32MP253DAK3, STM32MP253DAL3, STM32MP253FAI3, STM32MP253FAK3, STM32MP253FAL3, STM32MP255AAI3, STM32MP255AAK3, STM32MP255AAL3, STM32MP255CAI3, STM32MP255CAK3, STM32MP255CAL3, STM32MP255DAI3, STM32MP255DAK3, STM32MP255DAL3, STM32MP255FAI3, STM32MP255FAK3, STM32MP255FAL3, STM32MP257AAI3, STM32MP257AAK3, STM32MP257AAL3, STM32MP257CAI3, STM32MP257CAK3, STM32MP257CAL3, STM32MP257DAI3, STM32MP257DAK3, STM32MP257DAL3, STM32MP257F-DK, STM32MP257F-EV1, STM32MP257FAI3, STM32MP257FAK3, STM32MP257FAL3, STM32N645A0H3Q, STM32N645B0H3Q, STM32N645I0H3Q, STM32N645L0H3Q, STM32N645X0H3Q, STM32N645Z0H3Q, STM32N647A0H3Q, STM32N647B0H3Q, STM32N647I0H3Q, STM32N647L0H3Q, STM32N647X0H3Q, STM32N647Z0H3Q, STM32N655A0H3Q, STM32N655B0H3Q, STM32N655I0H3Q, STM32N655L0H3Q, STM32N655X0H3Q, STM32N655Z0H3Q, STM32N6570-DK, STM32N657A0H3Q, STM32N657B0H3Q, STM32N657I0H3Q, STM32N657L0H3Q, STM32N657X0H3Q, STM32N657Z0H3Q, STM32U031C6T6, STM32U031C6U6, STM32U031C8T6, STM32U031C8U6, STM32U031F4P6, STM32U031F6P6, STM32U031F8P6, STM32U031G6Y6TR, STM32U031G8Y6TR, STM32U031K4U6, STM32U031K6U6, STM32U031K8U6, STM32U031R6I6, STM32U031R6T6, STM32U031R8I6, STM32U031R8T6, STM32U073C8T6, STM32U073C8U6, STM32U073CBT6, STM32U073CBU6, STM32U073CCT6, STM32U073CCU6, STM32U073H8Y6TR, STM32U073HBY6TR, STM32U073HCY6TR, STM32U073K8U6, STM32U073KBU6, STM32U073KCU6, STM32U073M8I6, STM32U073M8T6, STM32U073MBI6, STM32U073MBT6, STM32U073MCI6, STM32U073MCT6, STM32U073R8I6, STM32U073R8T6, STM32U073RBI6, STM32U073RBT6, STM32U073RCI6, STM32U073RCT6, STM32U083C-DK, STM32U083CCT6, STM32U083CCU6, STM32U083HCY6TR, STM32U083KCU6, STM32U083MCI6, STM32U083MCT6, STM32U083RCI6, STM32U083RCT6, STM32U375CET6, STM32U375CET6Q, STM32U375CEU6, STM32U375CEU6Q, STM32U375CEY6QTR, STM32U375CGT6, STM32U375CGT6Q, STM32U375CGU6, STM32U375CGU6Q, STM32U375CGY6QTR, STM32U375KEU6, STM32U375KGU6, STM32U375REI6, STM32U375REI6Q, STM32U375RET6, STM32U375RET6Q, STM32U375REY6GTR, STM32U375REY6QTR, STM32U375RGI6, STM32U375RGI6Q, STM32U375RGT6, STM32U375RGT6Q, STM32U375RGY6GTR, STM32U375RGY6QTR, STM32U375VEI6, STM32U375VEI6Q, STM32U375VET6, STM32U375VET6Q, STM32U375VGI6, STM32U375VGI6Q, STM32U375VGT6, STM32U375VGT6Q, STM32U385CGT6, STM32U385CGT6Q, STM32U385CGU6, STM32U385CGU6Q, STM32U385CGY6QTR, STM32U385KGU6, STM32U385RGI6, STM32U385RGI6Q, STM32U385RGT6, STM32U385RGT6Q, STM32U385RGY6GTR, STM32U385RGY6QTR, STM32U385VGI6, STM32U385VGI6Q, STM32U385VGT6, STM32U385VGT6Q, STM32U535CBT6, STM32U535CBT6Q, STM32U535CBU6, STM32U535CBU6Q, STM32U535CCT6, STM32U535CCT6Q, STM32U535CCU6, STM32U535CCU6Q, STM32U535CET6, STM32U535CET6Q, STM32U535CEU6, STM32U535CEU6Q, STM32U535JEY6QTR, STM32U535NCY6QTR, STM32U535NEY6QTR, STM32U535RBI6, STM32U535RBI6Q, STM32U535RBT6, STM32U535RBT6Q, STM32U535RCI6, STM32U535RCI6Q, STM32U535RCT6, STM32U535RCT6Q, STM32U535REI6, STM32U535REI6Q, STM32U535RET6, STM32U535RET6Q, STM32U535VCI6, STM32U535VCI6Q, STM32U535VCT6, STM32U535VCT6Q, STM32U535VEI6, STM32U535VEI6Q, STM32U535VET6, STM32U535VET6Q, STM32U545CET6, STM32U545CET6Q, STM32U545CEU6, STM32U545CEU6Q, STM32U545JEY6QTR, STM32U545NEY6QTR, STM32U545REI6, STM32U545REI6Q, STM32U545RET6, STM32U545RET6Q, STM32U545VEI6, STM32U545VEI6Q, STM32U545VET6, STM32U545VET6Q, STM32U595AIH6, STM32U595AIH6Q, STM32U595AJH6, STM32U595AJH6Q, STM32U595QII6, STM32U595QII6Q, STM32U595QJI6, STM32U595QJI6Q, STM32U595RIT6, STM32U595RIT6Q, STM32U595RJT6, STM32U595RJT6Q, STM32U595VIT6, STM32U595VIT6Q, STM32U595VJT6, STM32U595VJT6Q, STM32U595ZIT6, STM32U595ZIT6Q, STM32U595ZIY6QTR, STM32U595ZJT6, STM32U595ZJT6Q, STM32U595ZJY6QTR, STM32U599BJY6QTR, STM32U599NIH6Q, STM32U599NJH6Q, STM32U599VIT6Q, STM32U599VJT6, STM32U599VJT6Q, STM32U599ZIT6Q, STM32U599ZIY6QTR, STM32U599ZJT6Q, STM32U599ZJY6QTR, STM32U5A5AJH6, STM32U5A5AJH6Q, STM32U5A5QII3Q , STM32U5A5QJI6, STM32U5A5QJI6Q, STM32U5A5RJT6, STM32U5A5RJT6Q, STM32U5A5VJT6, STM32U5A5VJT6Q, STM32U5A5ZJT6, STM32U5A5ZJT6Q, STM32U5A5ZJY6QTR, STM32U5A9BJY6QTR, STM32U5A9J-DK, STM32U5A9NJH6Q, STM32U5A9VJT6Q, STM32U5A9ZJT6Q, STM32U5A9ZJY6QTR, STM32U5F7VIT6, STM32U5F7VIT6Q, STM32U5F7VJT6, STM32U5F7VJT6Q, STM32U5F9BJY6QTR, STM32U5F9NJH6Q, STM32U5F9VIT6Q, STM32U5F9VJT6Q, STM32U5F9ZIJ6QTR, STM32U5F9ZIT6Q, STM32U5F9ZJJ6QTR, STM32U5F9ZJT6Q, STM32U5G7VJT6, STM32U5G7VJT6Q, STM32U5G9BJY6QTR, STM32U5G9J-DK1, STM32U5G9J-DK2, STM32U5G9NJH6Q, STM32U5G9VJT6Q, STM32U5G9ZJJ6QTR, STM32U5G9ZJT6Q, STM32WB05KZV6TR, STM32WB05KZV7TR, STM32WB05TZF6TR, STM32WB05TZF7TR, STM32WB06CCF6TR, STM32WB06CCF7TR, STM32WB06CCV6TR, STM32WB06CCV7TR, STM32WB06KCV6TR, STM32WB06KCV7TR, STM32WB07CCF6TR, STM32WB07CCF7TR, STM32WB07CCV6TR, STM32WB07CCV7TR, STM32WB07KCV6TR, STM32WB07KCV7TR, STM32WB09KEV6TR, STM32WB09KEV7TR, STM32WB09TEF6TR, STM32WB09TEF7TR, STM32WB1MMCH6, STM32WBA50KGU6, STM32WBA50KGU6TR, STM32WBA52CEU6, STM32WBA52CEU6TR, STM32WBA52CEU7, STM32WBA52CEU7TR, STM32WBA52CGU6, STM32WBA52CGU6TR, STM32WBA52CGU6U, STM32WBA52CGU7, STM32WBA52CGU7TR, STM32WBA52KEU6, STM32WBA52KEU6TR, STM32WBA52KGU6, STM32WBA52KGU6TR, STM32WBA54CEU6, STM32WBA54CEU6TR, STM32WBA54CEU7, STM32WBA54CEU7TR, STM32WBA54CGU6, STM32WBA54CGU6TR, STM32WBA54CGU7, STM32WBA54CGU7TR, STM32WBA54KEU6, STM32WBA54KEU6TR, STM32WBA54KEU7, STM32WBA54KEU7TR, STM32WBA54KGU6, STM32WBA54KGU6TR, STM32WBA54KGU7, STM32WBA54KGU7TR, STM32WBA55CEU6, STM32WBA55CEU6TR, STM32WBA55CEU7, STM32WBA55CEU7TR, STM32WBA55CGU6, STM32WBA55CGU6TR, STM32WBA55CGU6U, STM32WBA55CGU7, STM32WBA55CGU7TR, STM32WBA55G-DK1, STM32WBA55HEF6, STM32WBA55HEF7, STM32WBA55HGF6, STM32WBA55HGF7, STM32WBA55UEI6, STM32WBA55UEI6TR, STM32WBA55UEI7, STM32WBA55UEI7TR, STM32WBA55UGI6, STM32WBA55UGI6TR, STM32WBA55UGI7, STM32WBA55UGI7TR, STM32WBA5MMGH6TR, STM32WBA62MGF6, STM32WBA62MIF6, STM32WBA65MGF7, STM32WBA65MIF6, STM32WBA65MIF7, STM32WL30K8V6, STM32WL30KBV6, STM32WL31C8V6, STM32WL31CBV6, STM32WL31K8V6, STM32WL31KBV6, STM32WL33C8V6, STM32WL33C8V6X, STM32WL33CBV6, STM32WL33CBV6X, STM32WL33CCV6, STM32WL33CCV6A, STM32WL33CCV6X, STM32WL33K8V7, STM32WL33K8V7X, STM32WL33KBV7 , STM32WL33KBV7X, STM32WL33KCV7, STM32WL33KCV7X, STM32WL5MOCH6, STM32WL5MOCH6TR]
2025-09-26 16:18:13,765 [INFO] BoardInfo:889 - No configuration file found for board P-NUCLEO-WB55
2025-09-26 16:18:13,767 [INFO] DbBoards:161 - Kit is not supported: P-NUCLEO-WB55
2025-09-26 16:18:13,782 [INFO] BoardInfo:889 - No configuration file found for board STEVAL-BFA001V1B
2025-09-26 16:18:13,787 [INFO] DbBoards:161 - Kit is not supported: STEVAL-BFA001V1B
2025-09-26 16:18:13,791 [INFO] BoardInfo:889 - No configuration file found for board STEVAL-BFA001V2B
2025-09-26 16:18:13,795 [INFO] DbBoards:161 - Kit is not supported: STEVAL-BFA001V2B
2025-09-26 16:18:14,175 [INFO] DbBoards:168 - Found 212 boards, 209 are supported
2025-09-26 16:18:14,176 [INFO] DbBoards:169 - Found 212 boards, 43 of them is supported for  Bsp
2025-09-26 16:18:14,181 [INFO] ApiDb:668 - CubeFinder database Data Model version=2.1
2025-09-26 16:18:14,182 [INFO] ApiDb:669 - CubeFinder database Configuration version=3.0.39
2025-09-26 16:18:14,182 [INFO] ApiDb:670 - CubeFinder database generation date=2025-08-25 (1756130511)
2025-09-26 16:18:14,182 [INFO] ApiDb:671 - CubeFinder database FW Pack versions=[FP-ATR-ASTRA1_V2.0.0, FP-SNS-FLIGHT1_V5.1.0, FP-SNS-MOTENV1_V5.0.0, FP-SNS-MOTENVWB1_V1.4.0, FP-SNS-SMARTAG2_V1.2.0, FP-SNS-STBOX1_V2.1.0, STM32Cube_FW_C0_V1.4.0, STM32Cube_FW_F4_V1.28.3, STM32Cube_FW_F7_V1.17.4, STM32Cube_FW_G0_V1.6.2, STM32Cube_FW_G4_V1.6.1, STM32Cube_FW_H5_V1.5.0, STM32Cube_FW_H7RS_V1.2.0, STM32Cube_FW_H7_V1.12.1, STM32Cube_FW_L0_V1.12.2, STM32Cube_FW_L4_V1.18.1, STM32Cube_FW_L5_V1.5.1, STM32Cube_FW_N6_V1.2.0, STM32Cube_FW_U0_V1.3.0, STM32Cube_FW_U3_V1.2.0, STM32Cube_FW_U5_V1.8.0, STM32Cube_FW_WB0_V1.3.0, STM32Cube_FW_WBA_V1.7.0, STM32Cube_FW_WB_V1.23.0, STM32Cube_FW_WL3_V1.2.0, STM32Cube_FW_WL_V1.3.1, X-CUBE-ALGOBUILD_V1.4.0, X-CUBE-ALS_V1.0.2, X-CUBE-AZRTOS-F4_V1.1.0, X-CUBE-AZRTOS-F7_V1.1.0, X-CUBE-AZRTOS-G0_V1.1.0, X-CUBE-AZRTOS-G4_V2.0.0, X-CUBE-AZRTOS-H7RS_V1.1.0, X-CUBE-AZRTOS-H7_V3.4.0, X-CUBE-AZRTOS-L4_V2.0.0, X-CUBE-AZRTOS-L5_V2.0.0, X-CUBE-AZRTOS-WB_V2.0.0, X-CUBE-AZRTOS-WL_V2.0.0, X-CUBE-BLE1_V7.1.0, X-CUBE-BLE2_V3.3.0, X-CUBE-BLEMGR_V4.1.0, X-CUBE-EEPRMA1_V5.2.0, X-CUBE-FREERTOS_V1.3.1, X-CUBE-GNSS1_V6.0.0, X-CUBE-MEMS1_V11.3.0, X-CUBE-NFC4_V3.0.0, X-CUBE-NFC7_V2.0.0, X-CUBE-SFXS2LP1_V4.0.0, X-CUBE-ST67W61_V1.0.0, X-CUBE-SUBG2_V5.0.0, X-CUBE-TOF1_V3.4.3]
2025-09-26 16:18:17,162 [INFO] ApiDb:240 - Found 880 in-development CPN: [B-G473E-ZEST1S, B-WB1M-WPAN1, B-WBA5M-WPAN, B-WL5M-SUBG1, NUCLEO-C031C6, NUCLEO-C051C8, NUCLEO-C071RB, NUCLEO-C092RC, NUCLEO-H503RB, NUCLEO-H533RE, NUCLEO-H563ZI, NUCLEO-H7S3L8, NUCLEO-N657X0-Q, NUCLEO-U031R8, NUCLEO-U083RC, NUCLEO-U385RG-Q, NUCLEO-U545RE-Q, NUCLEO-U5A5ZJ-Q, NUCLEO-WB05KZ, NUCLEO-WB07CC, NUCLEO-WB09KE, NUCLEO-WBA52CG, NUCLEO-WBA55CG, NUCLEO-WL33CC1, NUCLEO-WL33CC2, STEVAL-PROTEUS1, STEVAL-SMARTAG2, STEVAL-STWINBX1, STM320518-EVAL, STM32C0116-DK, STM32C011D6Y3TR, STM32C011D6Y6TR, STM32C011F4P3, STM32C011F4P6, STM32C011F4U3, STM32C011F4U6TR, STM32C011F6P3, STM32C011F6P6, STM32C011F6U3, STM32C011F6U6TR, STM32C011J4M3, STM32C011J4M6, STM32C011J6M3, STM32C011J6M6, STM32C0316-DK, STM32C031C4T3, STM32C031C4T6, STM32C031C4U3, STM32C031C4U6, STM32C031C6T3, STM32C031C6T6, STM32C031C6U3, STM32C031C6U6, STM32C031F4P3, STM32C031F4P6, STM32C031F6P3, STM32C031F6P6, STM32C031G4U3, STM32C031G4U6, STM32C031G6U3, STM32C031G6U6, STM32C031K4T3, STM32C031K4T6, STM32C031K4U3, STM32C031K4U6, STM32C031K6T3, STM32C031K6T6, STM32C031K6U3, STM32C031K6U6, STM32C051C6T6, STM32C051C6U6, STM32C051C8T6, STM32C051C8U6, STM32C051D8Y6TR, STM32C051F6P6, STM32C051F8P6, STM32C051G6U6, STM32C051G8U6, STM32C051K6T6, STM32C051K6U6, STM32C051K8T6, STM32C071C8T6, STM32C071C8T6N, STM32C071C8U6, STM32C071C8U6N, STM32C071CBT6, STM32C071CBT6N, STM32C071CBU6, STM32C071CBU6N, STM32C071F8P6, STM32C071F8P6N, STM32C071FBP6, STM32C071FBP6N, STM32C071FBY6TR, STM32C071G8U6, STM32C071G8U6N, STM32C071GBU6, STM32C071GBU6N, STM32C071K8T6, STM32C071K8T6N, STM32C071K8U6, STM32C071K8U6N, STM32C071KBT6, STM32C071KBT6N, STM32C071KBU6, STM32C071KBU6N, STM32C071R8T6, STM32C071R8T6N, STM32C071RBI6N, STM32C071RBT6, STM32C071RBT6N, STM32C091CBT6, STM32C091CBU6, STM32C091CCT6, STM32C091CCU6, STM32C091ECY6TR, STM32C091FBP6, STM32C091FCP6, STM32C091GBU6, STM32C091GCU6, STM32C091KBT6, STM32C091KBU6, STM32C091KCT6, STM32C091KCU6, STM32C091RBT6, STM32C091RCI6, STM32C091RCT6, STM32C092CBT6, STM32C092CBU6, STM32C092CCT6, STM32C092CCU6, STM32C092ECY6TR, STM32C092FBP6, STM32C092FCP6, STM32C092GBU6, STM32C092GCU6, STM32C092KBT6, STM32C092KBU6, STM32C092KCT6, STM32C092KCU6, STM32C092RBT6, STM32C092RCI6, STM32C092RCT6, STM32G071K8TXN, STM32G071K8UXN, STM32G081GBU6N, STM32G081KBT6N, STM32G081KBUXN, STM32G0B1CCT6N, STM32G0B1KCT6, STM32G0B1NEY6TR, STM32G0B1RCT6N, STM32G0C1CCT6, STM32G0C1CCT6N, STM32G0C1CCU6N, STM32G0C1CET6N, STM32G0C1CEU6N, STM32G0C1KCT6, STM32G0C1NEY6TR, STM32G0C1RCI6N, STM32G0C1RCT6N, STM32G0C1REI6N, STM32G0C1RET6N, STM32G0C1VCI6, STM32G0C1VEI6, STM32G411C6T3, STM32G411C6T6, STM32G411C6U3, STM32G411C6U6, STM32G411C8T3, STM32G411C8T6, STM32G411C8U3, STM32G411C8U6, STM32G411CBT3, STM32G411CBT6, STM32G411CBU3, STM32G411CBU6, STM32G411K6T3, STM32G411K6T6, STM32G411K6U3, STM32G411K6U6, STM32G411K8T3, STM32G411K8T6, STM32G411K8U3, STM32G411K8U6, STM32G411KBT3, STM32G411KBT6, STM32G411KBU3, STM32G411KBU6, STM32G411M6T3, STM32G411M6T6, STM32G411M8T3, STM32G411M8T6, STM32G411MBT3, STM32G411MBT6, STM32G411R6T3, STM32G411R6T6, STM32G411R8T3, STM32G411R8T6, STM32G411RBT3, STM32G411RBT6, STM32G414CBT3, STM32G414CBT6, STM32G414CBU3, STM32G414CBU6, STM32G414CCT3, STM32G414CCT6, STM32G414CCU3, STM32G414CCU6, STM32G414MBT3, STM32G414MBT6, STM32G414MCT3, STM32G414MCT6, STM32G414RBT3, STM32G414RBT6, STM32G414RCT3, STM32G414RCT6, STM32G414VBT3, STM32G414VBT6, STM32G414VCT3, STM32G414VCT6, STM32G431CBT3Z, STM32G431RBT3Z, STM32G471CCT6, STM32G471CCU6, STM32G471CET3, STM32G471CET6, STM32G471CEU3, STM32G471CEU6, STM32G471MCT6, STM32G471MET3, STM32G471MET6, STM32G471MEY6TR, STM32G471QCT6, STM32G471QET3, STM32G471RCT6, STM32G471RET3, STM32G471RET6, STM32G471VCH6, STM32G471VCI6, STM32G471VCT6, STM32G471VEH3, STM32G471VEH6, STM32G471VEI3, STM32G471VEI6, STM32G471VET3, STM32G471VET6, STM32G473QET3Z, STM32G473RET3Z, STM32G474CCT6, STM32G491RET3Z, STM32H503CBT6, STM32H503CBU6, STM32H503EBY6TR, STM32H503KBU6, STM32H503RBT6, STM32H523CCT6, STM32H523CCU6, STM32H523CET6, STM32H523CEU6, STM32H523HEY6TR, STM32H523RCT6, STM32H523RET6, STM32H523VCI6, STM32H523VCT6, STM32H523VEI6, STM32H523VET6, STM32H523ZCJ6, STM32H523ZCT6, STM32H523ZEJ6, STM32H523ZET6, STM32H533CET6, STM32H533CEU6, STM32H533HEY6TR, STM32H533RET6, STM32H533VEI6, STM32H533VET6, STM32H533ZEJ6, STM32H533ZET6, STM32H562AGI6, STM32H562AII6, STM32H562IGK6, STM32H562IGT6, STM32H562IIK6, STM32H562IIT6, STM32H562RGT6, STM32H562RGV6, STM32H562RIT6, STM32H562RIV6, STM32H562VGT6, STM32H562VIT6, STM32H562ZGT6, STM32H562ZIT6, STM32H563AGI6, STM32H563AII3Q, STM32H563AII6, STM32H563IGK6, STM32H563IGT6, STM32H563IIK3Q, STM32H563IIK6, STM32H563IIT3Q, STM32H563IIT6, STM32H563MIY3QTR, STM32H563RGT6, STM32H563RGV6, STM32H563RIT6, STM32H563RIV6, STM32H563VGT6, STM32H563VIT3Q, STM32H563VIT6, STM32H563ZGT6, STM32H563ZIT3Q, STM32H563ZIT6, STM32H573AII3Q, STM32H573AII6, STM32H573I-DK, STM32H573IIK3Q, STM32H573IIK6, STM32H573IIT3Q, STM32H573IIT6, STM32H573MIY3QTR, STM32H573RIT6, STM32H573RIV6, STM32H573VIT3Q, STM32H573VIT6, STM32H573ZIT3Q, STM32H573ZIT6, STM32H7R3A8I6, STM32H7R3I8K6, STM32H7R3I8T6, STM32H7R3L8H6, STM32H7R3L8H6H, STM32H7R3R8V6, STM32H7R3V8H6, STM32H7R3V8T6, STM32H7R3V8Y6TR, STM32H7R3Z8J6, STM32H7R3Z8T6, STM32H7R7A8I6, STM32H7R7I8K6, STM32H7R7I8T6, STM32H7R7L8H6, STM32H7R7L8H6H, STM32H7R7Z8J6, STM32H7S3A8I6, STM32H7S3I8K6, STM32H7S3I8T6, STM32H7S3L8H6, STM32H7S3L8H6H, STM32H7S3R8V6, STM32H7S3V8H6, STM32H7S3V8T6, STM32H7S3V8Y6TR, STM32H7S3Z8J6, STM32H7S3Z8T6, STM32H7S78-DK, STM32H7S7A8I6, STM32H7S7I8K6, STM32H7S7I8T6, STM32H7S7L8H6, STM32H7S7L8H6H, STM32H7S7Z8J6, STM32L4R5QGI6STR, STM32MP131AAE3, STM32MP131AAF3, STM32MP131AAG3, STM32MP131CAE3, STM32MP131CAF3, STM32MP131CAG3, STM32MP131DAE7, STM32MP131DAF7, STM32MP131DAG7, STM32MP131FAE7, STM32MP131FAF7, STM32MP131FAG7, STM32MP133AAE3, STM32MP133AAF3, STM32MP133AAG3, STM32MP133CAE3, STM32MP133CAF3, STM32MP133CAG3, STM32MP133DAE7, STM32MP133DAF7, STM32MP133DAG7, STM32MP133FAE7, STM32MP133FAF7, STM32MP133FAG7, STM32MP135AAE3, STM32MP135AAF3, STM32MP135AAG3, STM32MP135CAE3, STM32MP135CAF3, STM32MP135CAG3, STM32MP135DAE7, STM32MP135DAF7, STM32MP135DAG7, STM32MP135F-DK, STM32MP135FAE7, STM32MP135FAF7, STM32MP135FAF7T, STM32MP135FAF7U, STM32MP135FAG7, STM32MP211AAL3, STM32MP211AAM3, STM32MP211AAN3, STM32MP211AAO3, STM32MP211CAL3, STM32MP211CAM3, STM32MP211CAN3, STM32MP211CAO3, STM32MP211DAL3, STM32MP211DAM3, STM32MP211DAN3, STM32MP211DAO3, STM32MP211FAL3, STM32MP211FAM3, STM32MP211FAN3, STM32MP211FAO3, STM32MP213AAL3, STM32MP213AAM3, STM32MP213AAN3, STM32MP213AAO3, STM32MP213CAL3, STM32MP213CAM3, STM32MP213CAN3, STM32MP213CAO3, STM32MP213DAL3, STM32MP213DAM3, STM32MP213DAN3, STM32MP213DAO3, STM32MP213FAL3, STM32MP213FAM3, STM32MP213FAN3, STM32MP213FAO3, STM32MP215AAL3, STM32MP215AAM3, STM32MP215AAN3, STM32MP215AAO3, STM32MP215CAL3, STM32MP215CAM3, STM32MP215CAN3, STM32MP215CAO3, STM32MP215DAL3, STM32MP215DAM3, STM32MP215DAN3, STM32MP215DAO3, STM32MP215F-DK, STM32MP215FAL3, STM32MP215FAM3, STM32MP215FAN3, STM32MP215FAO3, STM32MP231AAJ3, STM32MP231AAK3, STM32MP231AAL3, STM32MP231CAJ3, STM32MP231CAK3, STM32MP231CAL3, STM32MP231DAJ3, STM32MP231DAK3, STM32MP231DAL3, STM32MP231FAJ3, STM32MP231FAK3, STM32MP231FAL3, STM32MP233AAJ3, STM32MP233AAK3, STM32MP233AAL3, STM32MP233CAJ3, STM32MP233CAK3, STM32MP233CAL3, STM32MP233DAJ3, STM32MP233DAK3, STM32MP233DAL3, STM32MP233FAJ3, STM32MP233FAK3, STM32MP233FAL3, STM32MP235AAJ3, STM32MP235AAK3, STM32MP235AAL3, STM32MP235CAJ3, STM32MP235CAK3, STM32MP235CAL3, STM32MP235DAJ3, STM32MP235DAK3, STM32MP235DAL3, STM32MP235FAJ3, STM32MP235FAK3, STM32MP235FAL3, STM32MP251AAI3, STM32MP251AAK3, STM32MP251AAL3, STM32MP251CAI3, STM32MP251CAK3, STM32MP251CAL3, STM32MP251DAI3, STM32MP251DAK3, STM32MP251DAL3, STM32MP251FAI3, STM32MP251FAK3, STM32MP251FAL3, STM32MP253AAI3, STM32MP253AAK3, STM32MP253AAL3, STM32MP253CAI3, STM32MP253CAK3, STM32MP253CAL3, STM32MP253DAI3, STM32MP253DAK3, STM32MP253DAL3, STM32MP253FAI3, STM32MP253FAK3, STM32MP253FAL3, STM32MP255AAI3, STM32MP255AAK3, STM32MP255AAL3, STM32MP255CAI3, STM32MP255CAK3, STM32MP255CAL3, STM32MP255DAI3, STM32MP255DAK3, STM32MP255DAL3, STM32MP255FAI3, STM32MP255FAK3, STM32MP255FAL3, STM32MP257AAI3, STM32MP257AAK3, STM32MP257AAL3, STM32MP257CAI3, STM32MP257CAK3, STM32MP257CAL3, STM32MP257DAI3, STM32MP257DAK3, STM32MP257DAL3, STM32MP257F-DK, STM32MP257F-EV1, STM32MP257FAI3, STM32MP257FAK3, STM32MP257FAL3, STM32N645A0H3Q, STM32N645B0H3Q, STM32N645I0H3Q, STM32N645L0H3Q, STM32N645X0H3Q, STM32N645Z0H3Q, STM32N647A0H3Q, STM32N647B0H3Q, STM32N647I0H3Q, STM32N647L0H3Q, STM32N647X0H3Q, STM32N647Z0H3Q, STM32N655A0H3Q, STM32N655B0H3Q, STM32N655I0H3Q, STM32N655L0H3Q, STM32N655X0H3Q, STM32N655Z0H3Q, STM32N6570-DK, STM32N657A0H3Q, STM32N657B0H3Q, STM32N657I0H3Q, STM32N657L0H3Q, STM32N657X0H3Q, STM32N657Z0H3Q, STM32U031C6T6, STM32U031C6U6, STM32U031C8T6, STM32U031C8U6, STM32U031F4P6, STM32U031F6P6, STM32U031F8P6, STM32U031G6Y6TR, STM32U031G8Y6TR, STM32U031K4U6, STM32U031K6U6, STM32U031K8U6, STM32U031R6I6, STM32U031R6T6, STM32U031R8I6, STM32U031R8T6, STM32U073C8T6, STM32U073C8U6, STM32U073CBT6, STM32U073CBU6, STM32U073CCT6, STM32U073CCU6, STM32U073H8Y6TR, STM32U073HBY6TR, STM32U073HCY6TR, STM32U073K8U6, STM32U073KBU6, STM32U073KCU6, STM32U073M8I6, STM32U073M8T6, STM32U073MBI6, STM32U073MBT6, STM32U073MCI6, STM32U073MCT6, STM32U073R8I6, STM32U073R8T6, STM32U073RBI6, STM32U073RBT6, STM32U073RCI6, STM32U073RCT6, STM32U083C-DK, STM32U083CCT6, STM32U083CCU6, STM32U083HCY6TR, STM32U083KCU6, STM32U083MCI6, STM32U083MCT6, STM32U083RCI6, STM32U083RCT6, STM32U375CET6, STM32U375CET6Q, STM32U375CEU6, STM32U375CEU6Q, STM32U375CEY6QTR, STM32U375CGT6, STM32U375CGT6Q, STM32U375CGU6, STM32U375CGU6Q, STM32U375CGY6QTR, STM32U375KEU6, STM32U375KGU6, STM32U375REI6, STM32U375REI6Q, STM32U375RET6, STM32U375RET6Q, STM32U375REY6GTR, STM32U375REY6QTR, STM32U375RGI6, STM32U375RGI6Q, STM32U375RGT6, STM32U375RGT6Q, STM32U375RGY6GTR, STM32U375RGY6QTR, STM32U375VEI6, STM32U375VEI6Q, STM32U375VET6, STM32U375VET6Q, STM32U375VGI6, STM32U375VGI6Q, STM32U375VGT6, STM32U375VGT6Q, STM32U385CGT6, STM32U385CGT6Q, STM32U385CGU6, STM32U385CGU6Q, STM32U385CGY6QTR, STM32U385KGU6, STM32U385RGI6, STM32U385RGI6Q, STM32U385RGT6, STM32U385RGT6Q, STM32U385RGY6GTR, STM32U385RGY6QTR, STM32U385VGI6, STM32U385VGI6Q, STM32U385VGT6, STM32U385VGT6Q, STM32U535CBT6, STM32U535CBT6Q, STM32U535CBU6, STM32U535CBU6Q, STM32U535CCT6, STM32U535CCT6Q, STM32U535CCU6, STM32U535CCU6Q, STM32U535CET6, STM32U535CET6Q, STM32U535CEU6, STM32U535CEU6Q, STM32U535JEY6QTR, STM32U535NCY6QTR, STM32U535NEY6QTR, STM32U535RBI6, STM32U535RBI6Q, STM32U535RBT6, STM32U535RBT6Q, STM32U535RCI6, STM32U535RCI6Q, STM32U535RCT6, STM32U535RCT6Q, STM32U535REI6, STM32U535REI6Q, STM32U535RET6, STM32U535RET6Q, STM32U535VCI6, STM32U535VCI6Q, STM32U535VCT6, STM32U535VCT6Q, STM32U535VEI6, STM32U535VEI6Q, STM32U535VET6, STM32U535VET6Q, STM32U545CET6, STM32U545CET6Q, STM32U545CEU6, STM32U545CEU6Q, STM32U545JEY6QTR, STM32U545NEY6QTR, STM32U545REI6, STM32U545REI6Q, STM32U545RET6, STM32U545RET6Q, STM32U545VEI6, STM32U545VEI6Q, STM32U545VET6, STM32U545VET6Q, STM32U595AIH6, STM32U595AIH6Q, STM32U595AJH6, STM32U595AJH6Q, STM32U595QII6, STM32U595QII6Q, STM32U595QJI6, STM32U595QJI6Q, STM32U595RIT6, STM32U595RIT6Q, STM32U595RJT6, STM32U595RJT6Q, STM32U595VIT6, STM32U595VIT6Q, STM32U595VJT6, STM32U595VJT6Q, STM32U595ZIT6, STM32U595ZIT6Q, STM32U595ZIY6QTR, STM32U595ZJT6, STM32U595ZJT6Q, STM32U595ZJY6QTR, STM32U599BJY6QTR, STM32U599NIH6Q, STM32U599NJH6Q, STM32U599VIT6Q, STM32U599VJT6, STM32U599VJT6Q, STM32U599ZIT6Q, STM32U599ZIY6QTR, STM32U599ZJT6Q, STM32U599ZJY6QTR, STM32U5A5AJH6, STM32U5A5AJH6Q, STM32U5A5QII3Q , STM32U5A5QJI6, STM32U5A5QJI6Q, STM32U5A5RJT6, STM32U5A5RJT6Q, STM32U5A5VJT6, STM32U5A5VJT6Q, STM32U5A5ZJT6, STM32U5A5ZJT6Q, STM32U5A5ZJY6QTR, STM32U5A9BJY6QTR, STM32U5A9J-DK, STM32U5A9NJH6Q, STM32U5A9VJT6Q, STM32U5A9ZJT6Q, STM32U5A9ZJY6QTR, STM32U5F7VIT6, STM32U5F7VIT6Q, STM32U5F7VJT6, STM32U5F7VJT6Q, STM32U5F9BJY6QTR, STM32U5F9NJH6Q, STM32U5F9VIT6Q, STM32U5F9VJT6Q, STM32U5F9ZIJ6QTR, STM32U5F9ZIT6Q, STM32U5F9ZJJ6QTR, STM32U5F9ZJT6Q, STM32U5G7VJT6, STM32U5G7VJT6Q, STM32U5G9BJY6QTR, STM32U5G9J-DK1, STM32U5G9J-DK2, STM32U5G9NJH6Q, STM32U5G9VJT6Q, STM32U5G9ZJJ6QTR, STM32U5G9ZJT6Q, STM32WB05KZV6TR, STM32WB05KZV7TR, STM32WB05TZF6TR, STM32WB05TZF7TR, STM32WB06CCF6TR, STM32WB06CCF7TR, STM32WB06CCV6TR, STM32WB06CCV7TR, STM32WB06KCV6TR, STM32WB06KCV7TR, STM32WB07CCF6TR, STM32WB07CCF7TR, STM32WB07CCV6TR, STM32WB07CCV7TR, STM32WB07KCV6TR, STM32WB07KCV7TR, STM32WB09KEV6TR, STM32WB09KEV7TR, STM32WB09TEF6TR, STM32WB09TEF7TR, STM32WB1MMCH6, STM32WBA50KGU6, STM32WBA50KGU6TR, STM32WBA52CEU6, STM32WBA52CEU6TR, STM32WBA52CEU7, STM32WBA52CEU7TR, STM32WBA52CGU6, STM32WBA52CGU6TR, STM32WBA52CGU6U, STM32WBA52CGU7, STM32WBA52CGU7TR, STM32WBA52KEU6, STM32WBA52KEU6TR, STM32WBA52KGU6, STM32WBA52KGU6TR, STM32WBA54CEU6, STM32WBA54CEU6TR, STM32WBA54CEU7, STM32WBA54CEU7TR, STM32WBA54CGU6, STM32WBA54CGU6TR, STM32WBA54CGU7, STM32WBA54CGU7TR, STM32WBA54KEU6, STM32WBA54KEU6TR, STM32WBA54KEU7, STM32WBA54KEU7TR, STM32WBA54KGU6, STM32WBA54KGU6TR, STM32WBA54KGU7, STM32WBA54KGU7TR, STM32WBA55CEU6, STM32WBA55CEU6TR, STM32WBA55CEU7, STM32WBA55CEU7TR, STM32WBA55CGU6, STM32WBA55CGU6TR, STM32WBA55CGU6U, STM32WBA55CGU7, STM32WBA55CGU7TR, STM32WBA55G-DK1, STM32WBA55HEF6, STM32WBA55HEF7, STM32WBA55HGF6, STM32WBA55HGF7, STM32WBA55UEI6, STM32WBA55UEI6TR, STM32WBA55UEI7, STM32WBA55UEI7TR, STM32WBA55UGI6, STM32WBA55UGI6TR, STM32WBA55UGI7, STM32WBA55UGI7TR, STM32WBA5MMGH6TR, STM32WBA62MGF6, STM32WBA62MIF6, STM32WBA65MGF7, STM32WBA65MIF6, STM32WBA65MIF7, STM32WL30K8V6, STM32WL30KBV6, STM32WL31C8V6, STM32WL31CBV6, STM32WL31K8V6, STM32WL31KBV6, STM32WL33C8V6, STM32WL33C8V6X, STM32WL33CBV6, STM32WL33CBV6X, STM32WL33CCV6, STM32WL33CCV6A, STM32WL33CCV6X, STM32WL33K8V7, STM32WL33K8V7X, STM32WL33KBV7 , STM32WL33KBV7X, STM32WL33KCV7, STM32WL33KCV7X, STM32WL5MOCH6, STM32WL5MOCH6TR]
2025-09-26 16:18:17,172 [INFO] DbMcus:218 - Found 4801 MCUs, 4801 are supported
2025-09-26 16:18:17,173 [INFO] ApiDb:423 - Load user favorites file C:\Users\chris/.stm32cubeide/favorites.mcus.txt: 0 item(s)
2025-09-26 16:18:17,174 [INFO] ApiDb:427 - User favorites MCUs=[]
2025-09-26 16:18:17,174 [INFO] DbMcus:224 - Set 0 / 0 favorites MCUs
2025-09-26 16:18:17,722 [INFO] ApiDb:423 - Load user favorites file C:\Users\chris/.stm32cubeide/favorites.boards.txt: 0 item(s)
2025-09-26 16:18:17,722 [INFO] ApiDb:427 - User favorites Boards=[]
2025-09-26 16:18:17,723 [INFO] DbBoards:198 - Set 0 / 0 favorites Boards
2025-09-26 16:18:17,776 [INFO] UtilMem:75 - End LoadConfig() Used Memory: 487812888 Bytes (629145600)
2025-09-26 16:18:17,974 [WARN] ThirdParty:833 - waiting for thirdparty lock release [change project]
2025-09-26 16:18:17,974 [INFO] ThirdParty:835 - entering critical section [change project]
2025-09-26 16:18:17,975 [INFO] ThirdParty:1030 - CMSIS Pack Vendor :STMicroelectronics X-CUBE-PM33A1 1.0.0
2025-09-26 16:18:17,975 [INFO] ThirdParty:1030 - CMSIS Pack Vendor :STMicroelectronics USBPD 4.1
2025-09-26 16:18:17,975 [INFO] ThirdParty:1030 - CMSIS Pack Vendor :STMicroelectronics X-CUBE-NFC9 1.0.0
2025-09-26 16:18:17,975 [INFO] ThirdParty:1030 - CMSIS Pack Vendor :STMicroelectronics USB_HOST 2.0.0
2025-09-26 16:18:17,975 [INFO] ThirdParty:1030 - CMSIS Pack Vendor :STMicroelectronics X-CUBE-AZRTOS-F4 1.1.0
2025-09-26 16:18:17,975 [INFO] ThirdParty:1030 - CMSIS Pack Vendor :STMicroelectronics LIBJPEG 8.0.0
2025-09-26 16:18:17,975 [INFO] ThirdParty:1030 - CMSIS Pack Vendor :wolfSSL I-CUBE-wolfSSL 5.8.2
2025-09-26 16:18:17,975 [INFO] ThirdParty:1030 - CMSIS Pack Vendor :STMicroelectronics X-CUBE-SMBUS 2.1.0
2025-09-26 16:18:17,975 [INFO] ThirdParty:1030 - CMSIS Pack Vendor :wolfSSL I-CUBE-wolfMQTT 1.19.2
2025-09-26 16:18:17,975 [INFO] ThirdParty:1030 - CMSIS Pack Vendor :STMicroelectronics USB_DEVICE 3.0.0
2025-09-26 16:18:17,975 [INFO] ThirdParty:1030 - CMSIS Pack Vendor :STMicroelectronics X-CUBE-ISPU 2.1.0
2025-09-26 16:18:17,975 [INFO] ThirdParty:1030 - CMSIS Pack Vendor :STMicroelectronics X-CUBE-AZRTOS-WB 2.0.0
2025-09-26 16:18:17,975 [INFO] ThirdParty:1030 - CMSIS Pack Vendor :STMicroelectronics X-CUBE-ST60 1.0.0
2025-09-26 16:18:17,975 [INFO] ThirdParty:1030 - CMSIS Pack Vendor :STMicroelectronics X-CUBE-NFC12 1.0.0
2025-09-26 16:18:17,975 [INFO] ThirdParty:1030 - CMSIS Pack Vendor :STMicroelectronics X-CUBE-AZRTOS-F7 1.1.0
2025-09-26 16:18:17,975 [INFO] ThirdParty:1030 - CMSIS Pack Vendor :STMicroelectronics X-CUBE-AZRTOS-L5 2.0.0
2025-09-26 16:18:17,975 [INFO] ThirdParty:1030 - CMSIS Pack Vendor :STMicroelectronics X-CUBE-TOUCHGFX 4.25.0
2025-09-26 16:18:17,975 [INFO] ThirdParty:1030 - CMSIS Pack Vendor :STMicroelectronics USB_DEVICE 2.0.0
2025-09-26 16:18:17,975 [INFO] ThirdParty:1030 - CMSIS Pack Vendor :STMicroelectronics X-CUBE-NFC6 3.1.0
2025-09-26 16:18:17,975 [INFO] ThirdParty:1030 - CMSIS Pack Vendor :Cesanta I-CUBE-Mongoose 7.19.0
2025-09-26 16:18:17,975 [INFO] ThirdParty:1030 - CMSIS Pack Vendor :quantropi X-CUBE-qispace-sdk-base 2.1.0
2025-09-26 16:18:17,975 [INFO] ThirdParty:1030 - CMSIS Pack Vendor :STMicroelectronics FreeRTOS 0.0.1
2025-09-26 16:18:17,975 [INFO] ThirdParty:1030 - CMSIS Pack Vendor :STMicroelectronics X-CUBE-AZRTOS-G0 1.1.0
2025-09-26 16:18:17,975 [INFO] ThirdParty:1030 - CMSIS Pack Vendor :STMicroelectronics X-CUBE-SAFEA1 1.2.2
2025-09-26 16:18:17,975 [INFO] ThirdParty:1030 - CMSIS Pack Vendor :STMicroelectronics X-CUBE-NFC4 3.0.0
2025-09-26 16:18:17,975 [INFO] ThirdParty:1030 - CMSIS Pack Vendor :STMicroelectronics X-CUBE-SUBG2 5.0.0
2025-09-26 16:18:17,975 [INFO] ThirdParty:1030 - CMSIS Pack Vendor :STMicroelectronics X-CUBE-AZRTOS-H7RS 1.1.0
2025-09-26 16:18:17,976 [INFO] ThirdParty:1030 - CMSIS Pack Vendor :STMicroelectronics STM32_WPAN 1.0.0
2025-09-26 16:18:17,976 [INFO] ThirdParty:1030 - CMSIS Pack Vendor :EmbeddedOffice I-CUBE-FS-RTOS 1.0.1
2025-09-26 16:18:17,976 [INFO] ThirdParty:1030 - CMSIS Pack Vendor :STMicroelectronics lwIP 2.0.3
2025-09-26 16:18:17,976 [INFO] ThirdParty:1030 - CMSIS Pack Vendor :WES I-CUBE-Cesium 1.4.0
2025-09-26 16:18:17,976 [INFO] ThirdParty:1030 - CMSIS Pack Vendor :STMicroelectronics USB_HOST 1.0.0
2025-09-26 16:18:17,976 [INFO] ThirdParty:1030 - CMSIS Pack Vendor :Infineon AIROC-Wi-Fi-Bluetooth-STM32 1.7.1
2025-09-26 16:18:17,976 [INFO] ThirdParty:1030 - CMSIS Pack Vendor :STMicroelectronics X-CUBE-AZRTOS-G4 2.0.0
2025-09-26 16:18:17,976 [INFO] ThirdParty:1030 - CMSIS Pack Vendor :STMicroelectronics X-CUBE-WB05N 2.0.0
2025-09-26 16:18:17,976 [INFO] ThirdParty:1030 - CMSIS Pack Vendor :STMicroelectronics PDM2PCM 3.1.0
2025-09-26 16:18:17,976 [INFO] ThirdParty:1030 - CMSIS Pack Vendor :STMicroelectronics PDM2PCM 3.3.0
2025-09-26 16:18:17,977 [INFO] ThirdParty:1030 - CMSIS Pack Vendor :wolfSSL I-CUBE-wolfTPM 3.8.0
2025-09-26 16:18:17,977 [INFO] ThirdParty:1030 - CMSIS Pack Vendor :STMicroelectronics X-CUBE-AZRTOS-H7 3.4.0
2025-09-26 16:18:17,977 [INFO] ThirdParty:1030 - CMSIS Pack Vendor :STMicroelectronics X-CUBE-DISPLAY 3.0.0
2025-09-26 16:18:17,977 [INFO] ThirdParty:1030 - CMSIS Pack Vendor :wolfSSL I-CUBE-wolfSSH 1.4.20
2025-09-26 16:18:17,977 [INFO] ThirdParty:1030 - CMSIS Pack Vendor :STMicroelectronics X-CUBE-NFC7 2.0.0
2025-09-26 16:18:17,977 [INFO] ThirdParty:1030 - CMSIS Pack Vendor :STMicroelectronics X-CUBE-TCPP 4.2.0
2025-09-26 16:18:17,977 [INFO] ThirdParty:1030 - CMSIS Pack Vendor :RealThread X-CUBE-RT-Thread_Nano 4.1.1
2025-09-26 16:18:17,977 [INFO] ThirdParty:1030 - CMSIS Pack Vendor :STMicroelectronics FP-ATR-SIGFOX1 3.2.0
2025-09-26 16:18:17,977 [INFO] ThirdParty:1030 - CMSIS Pack Vendor :STMicroelectronics X-CUBE-NFC10 1.0.0
2025-09-26 16:18:17,977 [INFO] ThirdParty:1030 - CMSIS Pack Vendor :STMicroelectronics HAL Drivers 0.0.0
2025-09-26 16:18:17,977 [INFO] ThirdParty:1030 - CMSIS Pack Vendor :STMicroelectronics MBEDTLS 2.16.2
2025-09-26 16:18:17,977 [INFO] ThirdParty:1030 - CMSIS Pack Vendor :STMicroelectronics X-CUBE-IPS 3.1.0
2025-09-26 16:18:17,978 [INFO] ThirdParty:1030 - CMSIS Pack Vendor :emotas I-CUBE-CANOPEN 1.3.0
2025-09-26 16:18:17,978 [INFO] ThirdParty:1030 - CMSIS Pack Vendor :STMicroelectronics MBEDTLS 2.14.1
2025-09-26 16:18:17,978 [INFO] ThirdParty:1030 - CMSIS Pack Vendor :ITTIA_DB I-CUBE-ITTIADB 8.9.0
2025-09-26 16:18:17,978 [INFO] ThirdParty:1030 - CMSIS Pack Vendor :STMicroelectronics X-CUBE-STSE01 1.0.0
2025-09-26 16:18:17,978 [INFO] ThirdParty:1030 - CMSIS Pack Vendor :STMicroelectronics X-CUBE-ST67W61 1.0.0
2025-09-26 16:18:17,978 [INFO] ThirdParty:1030 - CMSIS Pack Vendor :STMicroelectronics ThreadX 1.0.0
2025-09-26 16:18:17,978 [INFO] ThirdParty:1030 - CMSIS Pack Vendor :STMicroelectronics FP-SNS-SMARTAG2 1.2.0
2025-09-26 16:18:17,978 [INFO] ThirdParty:1030 - CMSIS Pack Vendor :STMicroelectronics X-CUBE-AZRTOS-WL 2.0.0
2025-09-26 16:18:17,978 [INFO] ThirdParty:1030 - CMSIS Pack Vendor :SEGGER I-CUBE-embOS 1.3.1
2025-09-26 16:18:17,978 [INFO] ThirdParty:1030 - CMSIS Pack Vendor :STMicroelectronics X-CUBE-ALGOBUILD 1.4.0
2025-09-26 16:18:17,978 [INFO] ThirdParty:1030 - CMSIS Pack Vendor :STMicroelectronics X-CUBE-MEMS1 11.3.0
2025-09-26 16:18:17,979 [INFO] ThirdParty:1030 - CMSIS Pack Vendor :STMicroelectronics USB_DEVICE 1.0.0
2025-09-26 16:18:17,979 [INFO] ThirdParty:1030 - CMSIS Pack Vendor :STMicroelectronics X-CUBE-AZRTOS-L4 2.0.0
2025-09-26 16:18:17,979 [INFO] ThirdParty:1030 - CMSIS Pack Vendor :STMicroelectronics ThreadX 0.0.2
2025-09-26 16:18:17,979 [INFO] ThirdParty:1030 - CMSIS Pack Vendor :STMicroelectronics lwIP 2.1.2
2025-09-26 16:18:17,979 [INFO] ThirdParty:1030 - CMSIS Pack Vendor :STMicroelectronics X-CUBE-SFXS2LP1 4.0.0
2025-09-26 16:18:17,979 [INFO] ThirdParty:1030 - CMSIS Pack Vendor :STMicroelectronics X-CUBE-BLE2 3.3.0
2025-09-26 16:18:17,979 [INFO] ThirdParty:1030 - CMSIS Pack Vendor :STMicroelectronics X-CUBE-TOF1 3.4.3
2025-09-26 16:18:17,979 [INFO] ThirdParty:1030 - CMSIS Pack Vendor :STMicroelectronics PDM2PCM 3.2.0
2025-09-26 16:18:17,979 [INFO] ThirdParty:841 - exiting critical section [change project]
2025-09-26 16:18:19,112 [INFO] PinOutPanel:1589 - setPackage(No Configuration,No Configuration)
2025-09-26 16:18:19,117 [INFO] PinOutPanel:1589 - setPackage(STM32F767ZITx,LQFP144)
2025-09-26 16:18:20,304 [INFO] UtilMem:75 - Before build in PCC Used Memory: 595395024 Bytes (696254464)
2025-09-26 16:18:21,823 [INFO] UtilMem:75 - After build in PCC Used Memory: 605028352 Bytes (698351616)
2025-09-26 16:18:21,903 [INFO] IPUIPlugin:80 - create IPUIPlugin
2025-09-26 16:18:21,903 [INFO] IPUIPlugin:80 - create IPUIPlugin
2025-09-26 16:18:21,903 [INFO] IPUIPlugin:80 - create IPUIPlugin
2025-09-26 16:18:21,904 [INFO] IPUIPlugin:80 - create IPUIPlugin
2025-09-26 16:18:21,904 [INFO] IPUIPlugin:80 - create IPUIPlugin
2025-09-26 16:18:21,904 [INFO] IPUIPlugin:80 - create IPUIPlugin
2025-09-26 16:18:21,904 [INFO] IPUIPlugin:80 - create IPUIPlugin
2025-09-26 16:18:21,904 [INFO] IPUIPlugin:80 - create IPUIPlugin
2025-09-26 16:18:21,904 [INFO] IPUIPlugin:80 - create IPUIPlugin
2025-09-26 16:18:21,905 [INFO] IPUIPlugin:80 - create IPUIPlugin
2025-09-26 16:18:21,905 [INFO] IPUIPlugin:80 - create IPUIPlugin
2025-09-26 16:18:21,905 [INFO] IPUIPlugin:80 - create IPUIPlugin
2025-09-26 16:18:21,905 [INFO] IPUIPlugin:80 - create IPUIPlugin
2025-09-26 16:18:21,905 [INFO] IPUIPlugin:80 - create IPUIPlugin
2025-09-26 16:18:21,905 [INFO] IPUIPlugin:80 - create IPUIPlugin
2025-09-26 16:18:21,905 [INFO] IPUIPlugin:80 - create IPUIPlugin
2025-09-26 16:18:21,905 [INFO] IPUIPlugin:80 - create IPUIPlugin
2025-09-26 16:18:21,906 [INFO] IPUIPlugin:80 - create IPUIPlugin
2025-09-26 16:18:21,906 [INFO] IPUIPlugin:80 - create IPUIPlugin
2025-09-26 16:18:21,906 [INFO] IPUIPlugin:80 - create IPUIPlugin
2025-09-26 16:18:21,906 [INFO] IPUIPlugin:80 - create IPUIPlugin
2025-09-26 16:18:21,907 [INFO] IPUIPlugin:80 - create IPUIPlugin
2025-09-26 16:18:21,907 [INFO] IPUIPlugin:80 - create IPUIPlugin
2025-09-26 16:18:21,907 [INFO] IPUIPlugin:80 - create IPUIPlugin
2025-09-26 16:18:21,907 [INFO] IPUIPlugin:80 - create IPUIPlugin
2025-09-26 16:18:21,907 [INFO] IPUIPlugin:80 - create IPUIPlugin
2025-09-26 16:18:21,908 [INFO] IPUIPlugin:80 - create IPUIPlugin
2025-09-26 16:18:21,908 [INFO] IPUIPlugin:80 - create IPUIPlugin
2025-09-26 16:18:21,908 [INFO] IPUIPlugin:80 - create IPUIPlugin
2025-09-26 16:18:21,909 [INFO] IPUIPlugin:80 - create IPUIPlugin
2025-09-26 16:18:21,909 [INFO] IPUIPlugin:80 - create IPUIPlugin
2025-09-26 16:18:21,909 [INFO] IPUIPlugin:80 - create IPUIPlugin
2025-09-26 16:18:21,909 [INFO] IPUIPlugin:80 - create IPUIPlugin
2025-09-26 16:18:21,910 [INFO] IPUIPlugin:80 - create IPUIPlugin
2025-09-26 16:18:21,910 [INFO] IPUIPlugin:80 - create IPUIPlugin
2025-09-26 16:18:21,910 [INFO] IPUIPlugin:80 - create IPUIPlugin
2025-09-26 16:18:21,911 [INFO] IPUIPlugin:80 - create IPUIPlugin
2025-09-26 16:18:21,911 [INFO] IPUIPlugin:80 - create IPUIPlugin
2025-09-26 16:18:21,912 [INFO] IPUIPlugin:80 - create IPUIPlugin
2025-09-26 16:18:21,912 [INFO] IPUIPlugin:80 - create IPUIPlugin
2025-09-26 16:18:21,913 [INFO] IPUIPlugin:80 - create IPUIPlugin
2025-09-26 16:18:21,913 [INFO] IPUIPlugin:80 - create IPUIPlugin
2025-09-26 16:18:21,913 [INFO] IPUIPlugin:80 - create IPUIPlugin
2025-09-26 16:18:21,913 [INFO] IPUIPlugin:80 - create IPUIPlugin
2025-09-26 16:18:21,914 [INFO] IPUIPlugin:80 - create IPUIPlugin
2025-09-26 16:18:21,914 [INFO] IPUIPlugin:80 - create IPUIPlugin
2025-09-26 16:18:21,914 [INFO] IPUIPlugin:80 - create IPUIPlugin
2025-09-26 16:18:21,915 [INFO] IPUIPlugin:80 - create IPUIPlugin
2025-09-26 16:18:21,915 [INFO] IPUIPlugin:80 - create IPUIPlugin
2025-09-26 16:18:21,915 [INFO] IPUIPlugin:80 - create IPUIPlugin
2025-09-26 16:18:21,915 [INFO] IPUIPlugin:80 - create IPUIPlugin
2025-09-26 16:18:21,916 [INFO] IPUIPlugin:80 - create IPUIPlugin
2025-09-26 16:18:21,916 [INFO] IPUIPlugin:80 - create IPUIPlugin
2025-09-26 16:18:21,916 [INFO] IPUIPlugin:80 - create IPUIPlugin
2025-09-26 16:18:21,917 [INFO] IPUIPlugin:80 - create IPUIPlugin
2025-09-26 16:18:21,917 [INFO] IPUIPlugin:80 - create IPUIPlugin
2025-09-26 16:18:21,917 [INFO] IPUIPlugin:80 - create IPUIPlugin
2025-09-26 16:18:21,917 [INFO] IPUIPlugin:80 - create IPUIPlugin
2025-09-26 16:18:21,918 [INFO] IPUIPlugin:80 - create IPUIPlugin
2025-09-26 16:18:21,918 [INFO] IPUIPlugin:80 - create IPUIPlugin
2025-09-26 16:18:21,919 [INFO] IPUIPlugin:80 - create IPUIPlugin
2025-09-26 16:18:21,920 [INFO] IPUIPlugin:80 - create IPUIPlugin
2025-09-26 16:18:21,920 [INFO] IPUIPlugin:80 - create IPUIPlugin
2025-09-26 16:18:21,921 [INFO] IPUIPlugin:80 - create IPUIPlugin
2025-09-26 16:18:21,921 [INFO] IPUIPlugin:80 - create IPUIPlugin
2025-09-26 16:18:21,921 [INFO] IPUIPlugin:80 - create IPUIPlugin
2025-09-26 16:18:21,922 [INFO] IPUIPlugin:80 - create IPUIPlugin
2025-09-26 16:18:21,922 [INFO] IPUIPlugin:80 - create IPUIPlugin
2025-09-26 16:18:21,923 [INFO] IPUIPlugin:80 - create IPUIPlugin
2025-09-26 16:18:21,923 [INFO] IPUIPlugin:80 - create IPUIPlugin
2025-09-26 16:18:21,923 [INFO] IPUIPlugin:80 - create IPUIPlugin
2025-09-26 16:18:21,924 [INFO] IPUIPlugin:80 - create IPUIPlugin
2025-09-26 16:18:21,924 [INFO] IPUIPlugin:80 - create IPUIPlugin
2025-09-26 16:18:21,925 [INFO] IPUIPlugin:80 - create IPUIPlugin
2025-09-26 16:18:21,925 [INFO] IPUIPlugin:80 - create IPUIPlugin
2025-09-26 16:18:21,926 [INFO] IPUIPlugin:80 - create IPUIPlugin
2025-09-26 16:18:21,926 [INFO] IPUIPlugin:80 - create IPUIPlugin
2025-09-26 16:18:21,927 [INFO] IPUIPlugin:80 - create IPUIPlugin
2025-09-26 16:18:21,928 [INFO] IPUIPlugin:80 - create IPUIPlugin
2025-09-26 16:18:22,364 [INFO] ApiDbMcu:532 - Load IP Config File for PDM2PCM
2025-09-26 16:18:22,800 [INFO] CADModel:165 - CPN selected for project levelSTM32F767ZIT6
2025-09-26 16:18:22,801 [INFO] CADModel:114 - Register for checkConnection events
2025-09-26 16:18:22,895 [INFO] OpenFileManager:386 - Restore cursor
2025-09-26 16:25:49,397 [INFO] NvicIntPanel:101 - NVIC parent = com.st.microxplorer.plugins.ip.nvic.MultiNvicIntPanel[,0,0,450x131,layout=javax.swing.BoxLayout,alignmentX=0.0,alignmentY=0.0,border=,flags=9,maximumSize=,minimumSize=,preferredSize=]
2025-09-26 16:50:24,753 [ERROR] LogOutputStream:75 - [STDERR_REDIRECT] 
