2025-09-11 21:59:37,209 [INFO] Activator:176 - 


2025-09-11 21:59:37,211 [INFO] Activator:177 - !SESSION log4j initialized
2025-09-11 21:59:39,888 [INFO] LogOutputStream:77 - [STDOUT_REDIRECT] 
2025-09-11 21:59:41,726 [INFO] ApplicationProperties:184 - Using Application install path: C:\ST\STM32CubeIDE_1.14.1\STM32CubeIDE\plugins\com.st.stm32cube.common.mx_6.10.0.202311202037
2025-09-11 21:59:41,742 [INFO] DbMcusXml:78 - Set database path to: C:\ST\STM32CubeIDE_1.14.1\STM32CubeIDE\plugins\com.st.stm32cube.common.mx_6.10.0.202311202037\\db\/mcu/
2025-09-11 21:59:41,742 [INFO] ApiDb:274 - Set plugin database path to: C:\ST\STM32CubeIDE_1.14.1\STM32CubeIDE\plugins\com.st.stm32cube.common.mx_6.10.0.202311202037\\db\/plugins/boardmanager/
2025-09-11 21:59:41,743 [WARN] ApiDb:259 - Overriding images path with different value:  => C:\ST\STM32CubeIDE_1.14.1\STM32CubeIDE\plugins\com.st.stm32cube.common.mx_6.10.0.202311202037\\db\/plugins/mcufinder/images/
2025-09-11 21:59:41,748 [INFO] ApiDb:250 - Set database path to: C:\Users\chris\.stmcufinder\plugins\mcufinder//mcu/
2025-09-11 21:59:41,749 [INFO] DbMcusAds:125 - Set database path to: C:\Users\chris\.stmcufinder\plugins\mcufinder//mcu/
2025-09-11 21:59:41,750 [INFO] CrossReferenceDbSqlite:203 - Set database path to: C:\Users\chris\.stmcufinder\plugins\mcufinder//mcu/cs/
2025-09-11 21:59:41,928 [INFO] RulesReader:64 - Compatibility file has been processed (297 Rules)
2025-09-11 21:59:42,119 [INFO] DbMcusXml:78 - Set database path to: C:\ST\STM32CubeIDE_1.14.1\STM32CubeIDE\plugins\com.st.stm32cube.common.mx_6.10.0.202311202037\\db\/mcu/
2025-09-11 21:59:42,120 [INFO] ApiDb:274 - Set plugin database path to: C:\ST\STM32CubeIDE_1.14.1\STM32CubeIDE\plugins\com.st.stm32cube.common.mx_6.10.0.202311202037\\db\/plugins/boardmanager/
2025-09-11 21:59:42,120 [INFO] ApiDb:261 - Set plugin images path to: C:\ST\STM32CubeIDE_1.14.1\STM32CubeIDE\plugins\com.st.stm32cube.common.mx_6.10.0.202311202037\\db\/plugins/mcufinder/images/
2025-09-11 21:59:42,120 [WARN] DbFile:41 - Overriding database path with different value: C:\Users\chris\.stmcufinder\plugins\mcufinder/ => C:\Users\chris\.stmcufinder\plugins\mcufinder
2025-09-11 21:59:42,121 [INFO] ApiDb:250 - Set database path to: C:\Users\chris\.stmcufinder\plugins\mcufinder//mcu/
2025-09-11 21:59:42,121 [WARN] DbFile:41 - Overriding database path with different value: C:\Users\chris\.stmcufinder\plugins\mcufinder/ => C:\Users\chris\.stmcufinder\plugins\mcufinder
2025-09-11 21:59:42,121 [INFO] DbMcusAds:125 - Set database path to: C:\Users\chris\.stmcufinder\plugins\mcufinder//mcu/
2025-09-11 21:59:42,121 [WARN] DbFile:41 - Overriding database path with different value: C:\Users\chris\.stmcufinder\plugins\mcufinder/ => C:\Users\chris\.stmcufinder\plugins\mcufinder
2025-09-11 21:59:42,121 [WARN] DbFile:41 - Overriding database path with different value: C:\Users\chris\.stmcufinder\plugins\mcufinder/ => C:\Users\chris\.stmcufinder\plugins\mcufinder
2025-09-11 21:59:42,121 [INFO] CrossReferenceDbSqlite:203 - Set database path to: C:\Users\chris\.stmcufinder\plugins\mcufinder//mcu/cs/
2025-09-11 21:59:42,345 [INFO] MainPanel:264 - HeapMemory: 268435456
2025-09-11 21:59:42,438 [INFO] DbMcusXml:78 - Set database path to: C:\ST\STM32CubeIDE_1.14.1\STM32CubeIDE\plugins\com.st.stm32cube.common.mx_6.10.0.202311202037\\db\/mcu/
2025-09-11 21:59:42,439 [INFO] ApiDb:274 - Set plugin database path to: C:\ST\STM32CubeIDE_1.14.1\STM32CubeIDE\plugins\com.st.stm32cube.common.mx_6.10.0.202311202037\\db\/plugins/boardmanager/
2025-09-11 21:59:42,439 [INFO] ApiDb:261 - Set plugin images path to: C:\ST\STM32CubeIDE_1.14.1\STM32CubeIDE\plugins\com.st.stm32cube.common.mx_6.10.0.202311202037\\db\/plugins/mcufinder/images/
2025-09-11 21:59:42,439 [WARN] DbFile:41 - Overriding database path with different value: C:\Users\chris\.stmcufinder\plugins\mcufinder/ => C:\Users\chris\.stmcufinder\plugins\mcufinder
2025-09-11 21:59:42,439 [INFO] ApiDb:250 - Set database path to: C:\Users\chris\.stmcufinder\plugins\mcufinder//mcu/
2025-09-11 21:59:42,439 [WARN] DbFile:41 - Overriding database path with different value: C:\Users\chris\.stmcufinder\plugins\mcufinder/ => C:\Users\chris\.stmcufinder\plugins\mcufinder
2025-09-11 21:59:42,439 [INFO] DbMcusAds:125 - Set database path to: C:\Users\chris\.stmcufinder\plugins\mcufinder//mcu/
2025-09-11 21:59:42,440 [WARN] DbFile:41 - Overriding database path with different value: C:\Users\chris\.stmcufinder\plugins\mcufinder/ => C:\Users\chris\.stmcufinder\plugins\mcufinder
2025-09-11 21:59:42,440 [WARN] DbFile:41 - Overriding database path with different value: C:\Users\chris\.stmcufinder\plugins\mcufinder/ => C:\Users\chris\.stmcufinder\plugins\mcufinder
2025-09-11 21:59:42,440 [INFO] CrossReferenceDbSqlite:203 - Set database path to: C:\Users\chris\.stmcufinder\plugins\mcufinder//mcu/cs/
2025-09-11 21:59:42,457 [INFO] ApplicationProperties:184 - Using Application install path: C:\ST\STM32CubeIDE_1.14.1\STM32CubeIDE\plugins\com.st.stm32cube.common.mx_6.10.0.202311202037
2025-09-11 21:59:42,458 [INFO] PluginManage:196 - Search for loadable plugins [exclusion list=, ]
2025-09-11 21:59:42,460 [INFO] PluginManage:310 - Check plugin analytics
2025-09-11 21:59:42,719 [INFO] AnalyticsPlugin:253 - Accepted Software Licenses: 
2025-09-11 21:59:42,719 [INFO] AnalyticsPlugin:255 - Accepted CMSIS Pack Licenses: 
2025-09-11 21:59:42,720 [INFO] AnalyticsPlugin:257 - Accepted Firmware Licenses: 
2025-09-11 21:59:42,725 [INFO] PluginManage:359 - Loaded plugin analytics (category:tool,tabindex:-1)
2025-09-11 21:59:42,726 [INFO] PluginManage:310 - Check plugin cadmodel
2025-09-11 21:59:42,733 [INFO] CADModel:105 - Init CAD model plugin
2025-09-11 21:59:42,733 [INFO] PluginManage:359 - Loaded plugin cadmodel (category:power,tabindex:5)
2025-09-11 21:59:42,733 [INFO] PluginManage:310 - Check plugin clock
2025-09-11 21:59:42,753 [INFO] PluginManage:359 - Loaded plugin clock (category:base,tabindex:2)
2025-09-11 21:59:42,754 [INFO] PluginManage:310 - Check plugin ddr
2025-09-11 21:59:42,758 [INFO] PluginManage:359 - Loaded plugin ddr (category:tool,tabindex:6)
2025-09-11 21:59:42,761 [INFO] PluginManage:310 - Check plugin filemanager
2025-09-11 21:59:42,960 [INFO] PluginManage:359 - Loaded plugin filemanager (category:base,tabindex:10)
2025-09-11 21:59:42,960 [INFO] PluginManage:310 - Check plugin ipmanager
2025-09-11 21:59:42,967 [INFO] PluginManage:359 - Loaded plugin ipmanager (category:base,tabindex:5)
2025-09-11 21:59:42,967 [INFO] PluginManage:310 - Check plugin lpbam
2025-09-11 21:59:42,975 [INFO] PluginManage:359 - Loaded plugin lpbam (category:base,tabindex:0)
2025-09-11 21:59:42,975 [INFO] PluginManage:310 - Check plugin memorymap
2025-09-11 21:59:42,986 [INFO] PluginManage:359 - Loaded plugin memorymap (category:base,tabindex:4)
2025-09-11 21:59:42,986 [INFO] PluginManage:310 - Check plugin pinoutandconfiguration
2025-09-11 21:59:42,992 [INFO] PluginManage:359 - Loaded plugin pinoutandconfiguration (category:base,tabindex:1)
2025-09-11 21:59:42,992 [INFO] PluginManage:310 - Check plugin pinoutconfig
2025-09-11 21:59:43,099 [WARN] SupportedApi:132 - Cannot load RTOS API schema: s4s-elt-must-match.1: The content of 'definitions' must match (annotation?, (simpleType | complexType)?, (unique | key | keyref)*)). A problem was found starting at: attribute.
2025-09-11 21:59:43,252 [INFO] PluginManage:359 - Loaded plugin pinoutconfig (category:base,tabindex:0)
2025-09-11 21:59:43,252 [INFO] PluginManage:310 - Check plugin power
2025-09-11 21:59:43,267 [INFO] PluginManage:359 - Loaded plugin power (category:power,tabindex:4)
2025-09-11 21:59:43,268 [INFO] PluginManage:310 - Check plugin projectmanager
2025-09-11 21:59:43,291 [INFO] PluginManage:359 - Loaded plugin projectmanager (category:projectmanager,tabindex:3)
2025-09-11 21:59:43,292 [INFO] PluginManage:310 - Check plugin thirdparty
2025-09-11 21:59:43,451 [INFO] PluginManage:359 - Loaded plugin thirdparty (category:base,tabindex:-1)
2025-09-11 21:59:43,451 [INFO] PluginManage:310 - Check plugin tools
2025-09-11 21:59:43,451 [WARN] IntegrityCheckThread:84 - waiting for thirdparty lock release [integrity check]
2025-09-11 21:59:43,452 [INFO] IntegrityCheckThread:86 - entering critical section [integrity check]
2025-09-11 21:59:43,453 [INFO] ThirdPartyUpdaterWithRetryManager:70 - Updater plugin not ready yet. [1/15]
2025-09-11 21:59:43,455 [INFO] PluginManage:359 - Loaded plugin tools (category:base,tabindex:7)
2025-09-11 21:59:43,455 [INFO] PluginManage:310 - Check plugin tutovideos
2025-09-11 21:59:43,640 [INFO] PluginManage:359 - Loaded plugin tutovideos (category:base,tabindex:-1)
2025-09-11 21:59:43,640 [INFO] PluginManage:310 - Check plugin updater
2025-09-11 21:59:43,655 [INFO] PluginManage:359 - Loaded plugin updater (category:base,tabindex:12)
2025-09-11 21:59:43,655 [INFO] PluginManage:310 - Check plugin userauth
2025-09-11 21:59:43,663 [INFO] UserAuth:114 - Init User Auth plugin
2025-09-11 21:59:43,663 [INFO] PluginManage:359 - Loaded plugin userauth (category:base,tabindex:14)
2025-09-11 21:59:43,664 [INFO] PluginManage:283 - PluginManage : Loaded plugins [17]
2025-09-11 21:59:43,896 [INFO] PinOutPanel:1499 - setPackage(No Configuration,No Configuration)
2025-09-11 21:59:43,973 [INFO] CADModel:165 - CPN selected for project level
2025-09-11 21:59:43,973 [INFO] CADModel:114 - Register for checkConnection events
2025-09-11 21:59:43,989 [INFO] IPUIPlugin:80 - create IPUIPlugin
2025-09-11 21:59:43,989 [INFO] PluginManager:220 - loadIPPluginJar : add adc
2025-09-11 21:59:43,992 [INFO] IPUIPlugin:80 - create IPUIPlugin
2025-09-11 21:59:43,992 [INFO] PluginManager:220 - loadIPPluginJar : add aes
2025-09-11 21:59:43,994 [INFO] IPUIPlugin:80 - create IPUIPlugin
2025-09-11 21:59:43,994 [INFO] PluginManager:220 - loadIPPluginJar : add can
2025-09-11 21:59:43,995 [INFO] IPUIPlugin:80 - create IPUIPlugin
2025-09-11 21:59:43,995 [INFO] PluginManager:220 - loadIPPluginJar : add comp
2025-09-11 21:59:43,997 [INFO] IPUIPlugin:80 - create IPUIPlugin
2025-09-11 21:59:43,997 [INFO] PluginManager:220 - loadIPPluginJar : add cryp
2025-09-11 21:59:43,999 [INFO] IPUIPlugin:80 - create IPUIPlugin
2025-09-11 21:59:43,999 [INFO] PluginManager:220 - loadIPPluginJar : add dfsdm
2025-09-11 21:59:44,004 [INFO] IPUIPlugin:80 - create IPUIPlugin
2025-09-11 21:59:44,005 [INFO] PluginManager:220 - loadIPPluginJar : add dma
2025-09-11 21:59:44,007 [INFO] IPUIPlugin:80 - create IPUIPlugin
2025-09-11 21:59:44,007 [INFO] PluginManager:220 - loadIPPluginJar : add dma3
2025-09-11 21:59:44,009 [INFO] IPUIPlugin:80 - create IPUIPlugin
2025-09-11 21:59:44,009 [INFO] PluginManager:220 - loadIPPluginJar : add fatfs
2025-09-11 21:59:44,013 [INFO] IPUIPlugin:80 - create IPUIPlugin
2025-09-11 21:59:44,013 [INFO] PluginManager:220 - loadIPPluginJar : add fmc
2025-09-11 21:59:44,019 [INFO] IPUIPlugin:80 - create IPUIPlugin
2025-09-11 21:59:44,019 [INFO] PluginManager:220 - loadIPPluginJar : add freertos
2025-09-11 21:59:44,020 [INFO] IPUIPlugin:80 - create IPUIPlugin
2025-09-11 21:59:44,020 [INFO] PluginManager:220 - loadIPPluginJar : add genericplugin
2025-09-11 21:59:44,022 [INFO] IPUIPlugin:80 - create IPUIPlugin
2025-09-11 21:59:44,022 [INFO] PluginManager:220 - loadIPPluginJar : add gfxmmu
2025-09-11 21:59:44,027 [INFO] IPUIPlugin:80 - create IPUIPlugin
2025-09-11 21:59:44,027 [INFO] PluginManager:220 - loadIPPluginJar : add gic
2025-09-11 21:59:44,032 [INFO] IPUIPlugin:80 - create IPUIPlugin
2025-09-11 21:59:44,032 [INFO] PluginManager:220 - loadIPPluginJar : add gpio
2025-09-11 21:59:44,035 [INFO] IPUIPlugin:80 - create IPUIPlugin
2025-09-11 21:59:44,035 [INFO] PluginManager:220 - loadIPPluginJar : add gtzc
2025-09-11 21:59:44,037 [INFO] IPUIPlugin:80 - create IPUIPlugin
2025-09-11 21:59:44,037 [INFO] PluginManager:220 - loadIPPluginJar : add hash
2025-09-11 21:59:44,039 [INFO] IPUIPlugin:80 - create IPUIPlugin
2025-09-11 21:59:44,039 [INFO] PluginManager:220 - loadIPPluginJar : add i2c
2025-09-11 21:59:44,041 [INFO] IPUIPlugin:80 - create IPUIPlugin
2025-09-11 21:59:44,042 [INFO] PluginManager:220 - loadIPPluginJar : add i2s
2025-09-11 21:59:44,044 [INFO] IPUIPlugin:80 - create IPUIPlugin
2025-09-11 21:59:44,044 [INFO] PluginManager:220 - loadIPPluginJar : add i3c
2025-09-11 21:59:44,047 [INFO] IPUIPlugin:80 - create IPUIPlugin
2025-09-11 21:59:44,047 [INFO] PluginManager:220 - loadIPPluginJar : add ipddr
2025-09-11 21:59:44,054 [INFO] IPUIPlugin:80 - create IPUIPlugin
2025-09-11 21:59:44,054 [INFO] PluginManager:220 - loadIPPluginJar : add linkedlist
2025-09-11 21:59:44,056 [INFO] IPUIPlugin:80 - create IPUIPlugin
2025-09-11 21:59:44,056 [INFO] PluginManager:220 - loadIPPluginJar : add lorawan
2025-09-11 21:59:44,057 [INFO] IPUIPlugin:80 - create IPUIPlugin
2025-09-11 21:59:44,058 [INFO] PluginManager:220 - loadIPPluginJar : add ltdc
2025-09-11 21:59:44,063 [INFO] IPUIPlugin:80 - create IPUIPlugin
2025-09-11 21:59:44,064 [INFO] PluginManager:220 - loadIPPluginJar : add mdma
2025-09-11 21:59:44,067 [INFO] IPUIPlugin:80 - create IPUIPlugin
2025-09-11 21:59:44,067 [INFO] PluginManager:220 - loadIPPluginJar : add nvic
2025-09-11 21:59:44,069 [INFO] IPUIPlugin:80 - create IPUIPlugin
2025-09-11 21:59:44,069 [INFO] PluginManager:220 - loadIPPluginJar : add opamp
2025-09-11 21:59:44,071 [INFO] IPUIPlugin:80 - create IPUIPlugin
2025-09-11 21:59:44,071 [INFO] PluginManager:220 - loadIPPluginJar : add openamp
2025-09-11 21:59:44,074 [INFO] IPUIPlugin:80 - create IPUIPlugin
2025-09-11 21:59:44,074 [INFO] PluginManager:220 - loadIPPluginJar : add pdm2pcm
2025-09-11 21:59:44,080 [INFO] IPUIPlugin:80 - create IPUIPlugin
2025-09-11 21:59:44,084 [INFO] PluginManager:220 - loadIPPluginJar : add plateformsettings
2025-09-11 21:59:44,085 [INFO] IPUIPlugin:80 - create IPUIPlugin
2025-09-11 21:59:44,085 [INFO] PluginManager:220 - loadIPPluginJar : add quadspi
2025-09-11 21:59:44,088 [INFO] IPUIPlugin:80 - create IPUIPlugin
2025-09-11 21:59:44,088 [INFO] PluginManager:220 - loadIPPluginJar : add resmgrutility
2025-09-11 21:59:44,090 [INFO] IPUIPlugin:80 - create IPUIPlugin
2025-09-11 21:59:44,090 [INFO] PluginManager:220 - loadIPPluginJar : add sai
2025-09-11 21:59:44,092 [INFO] IPUIPlugin:80 - create IPUIPlugin
2025-09-11 21:59:44,092 [INFO] PluginManager:220 - loadIPPluginJar : add spi
2025-09-11 21:59:44,096 [INFO] IPUIPlugin:80 - create IPUIPlugin
2025-09-11 21:59:44,096 [INFO] PluginManager:220 - loadIPPluginJar : add stm32_wpan
2025-09-11 21:59:44,098 [INFO] IPUIPlugin:80 - create IPUIPlugin
2025-09-11 21:59:44,098 [INFO] PluginManager:220 - loadIPPluginJar : add tim
2025-09-11 21:59:44,100 [INFO] IPUIPlugin:80 - create IPUIPlugin
2025-09-11 21:59:44,100 [INFO] PluginManager:220 - loadIPPluginJar : add touchsensing
2025-09-11 21:59:44,101 [INFO] IPUIPlugin:80 - create IPUIPlugin
2025-09-11 21:59:44,102 [INFO] PluginManager:220 - loadIPPluginJar : add tracer_emb
2025-09-11 21:59:44,103 [INFO] IPUIPlugin:80 - create IPUIPlugin
2025-09-11 21:59:44,103 [INFO] PluginManager:220 - loadIPPluginJar : add ts
2025-09-11 21:59:44,104 [INFO] IPUIPlugin:80 - create IPUIPlugin
2025-09-11 21:59:44,104 [INFO] PluginManager:220 - loadIPPluginJar : add tsc
2025-09-11 21:59:44,105 [INFO] IPUIPlugin:80 - create IPUIPlugin
2025-09-11 21:59:44,105 [INFO] PluginManager:220 - loadIPPluginJar : add ucpd
2025-09-11 21:59:44,108 [INFO] IPUIPlugin:80 - create IPUIPlugin
2025-09-11 21:59:44,108 [INFO] PluginManager:220 - loadIPPluginJar : add usart
2025-09-11 21:59:44,110 [INFO] IPUIPlugin:80 - create IPUIPlugin
2025-09-11 21:59:44,110 [INFO] PluginManager:220 - loadIPPluginJar : add usbx
2025-09-11 21:59:44,239 [INFO] CADModel:165 - CPN selected for project level
2025-09-11 21:59:44,239 [INFO] CADModel:114 - Register for checkConnection events
2025-09-11 21:59:44,240 [FATAL] Updater:308 - Updater called before beeing initialized
2025-09-11 21:59:44,240 [ERROR] CADModel:125 - Updater not yet initialized, retry later 
2025-09-11 21:59:44,435 [INFO] CADModel:165 - CPN selected for project level
2025-09-11 21:59:44,435 [INFO] CADModel:114 - Register for checkConnection events
2025-09-11 21:59:44,435 [FATAL] Updater:308 - Updater called before beeing initialized
2025-09-11 21:59:44,436 [ERROR] CADModel:125 - Updater not yet initialized, retry later 
2025-09-11 21:59:44,440 [FATAL] Updater:308 - Updater called before beeing initialized
2025-09-11 21:59:44,568 [FATAL] Updater:308 - Updater called before beeing initialized
2025-09-11 21:59:44,572 [INFO] DbMcusAds:53 - JSON generation date=Tue Jul 08 01:14:23 PDT 2025 (1751962463582)
2025-09-11 21:59:44,573 [FATAL] Updater:308 - Updater called before beeing initialized
2025-09-11 21:59:44,608 [WARN] DetailPanel:346 - Failed to get advertising image, set to default
2025-09-11 21:59:44,702 [FATAL] Updater:308 - Updater called before beeing initialized
2025-09-11 21:59:44,703 [FATAL] Updater:308 - Updater called before beeing initialized
2025-09-11 21:59:44,704 [FATAL] Updater:308 - Updater called before beeing initialized
2025-09-11 21:59:44,704 [WARN] DetailPanel:346 - Failed to get advertising image, set to default
2025-09-11 21:59:44,705 [FATAL] Updater:308 - Updater called before beeing initialized
2025-09-11 21:59:44,770 [ERROR] Updater:1120 - MainUpdater not yet initialized. External WinMGr cannot be set.
2025-09-11 21:59:44,773 [INFO] Updater:1056 - Updater Version found : 6.10.0
2025-09-11 21:59:44,795 [INFO] ApplicationProperties:184 - Using Application install path: C:\ST\STM32CubeIDE_1.14.1\STM32CubeIDE\plugins\com.st.stm32cube.common.mx_6.10.0.202311202037
2025-09-11 21:59:46,374 [ERROR] LogOutputStream:75 - [STDERR_REDIRECT] Sep 11, 2025 9:59:46 PM java.util.prefs.WindowsPreferences <init>
2025-09-11 21:59:46,377 [ERROR] LogOutputStream:75 - [STDERR_REDIRECT] WARNING: Could not open/create prefs root node Software\JavaSoft\Prefs at root 0xffffffff80000002. Windows RegCreateKeyEx(...) returned error code 5.
2025-09-11 21:59:46,377 [ERROR] LogOutputStream:75 - [STDERR_REDIRECT] 
2025-09-11 21:59:46,454 [INFO] ThirdPartyUpdaterWithRetryManager:70 - Updater plugin not ready yet. [2/15]
2025-09-11 21:59:47,000 [INFO] MainUpdater:2873 - connection check result : 10
2025-09-11 21:59:47,001 [INFO] MainUpdater:290 - Updater Check For Update Now.
2025-09-11 21:59:47,001 [INFO] MicroXplorer:498 - Change Database Version : DB.6.0.100
2025-09-11 21:59:47,043 [INFO] McuFinderGlobals:63 - Set McuFinder mode to 2 (CubeIDE integrated)
2025-09-11 21:59:47,044 [INFO] UserAuth:180 - activating auth plugin
2025-09-11 21:59:47,049 [INFO] UserAuth:404 - Internet connection configuration mode: 1
2025-09-11 21:59:47,140 [INFO] JxBrowserEngine:152 - Initiate JxBrowser Engine with user profile folder
2025-09-11 21:59:47,227 [INFO] CheckServerUpdateThread:120 - End of CheckServer Thread
2025-09-11 21:59:47,734 [INFO] WebApp:161 - Instantiating new browser for Auth
2025-09-11 21:59:48,241 [INFO] WebApp:780 - Register for checkConnection events
2025-09-11 21:59:48,242 [INFO] WebApp:414 - Apply proxy settings
2025-09-11 21:59:48,242 [INFO] WebApp:499 - Chromium requires no authentication
2025-09-11 21:59:48,249 [INFO] WebApp:442 - Direct internet connection detected
2025-09-11 21:59:48,408 [INFO] WebApp:192 - Starting web application
2025-09-11 21:59:48,408 [INFO] WebApp:544 - Web application path used C:\ST\STM32CubeIDE_1.14.1\STM32CubeIDE\plugins\com.st.stm32cube.common.mx_6.10.0.202311202037\db\plugins\mcufinder\reactClient1\index.html
2025-09-11 21:59:49,625 [WARN] PackLoader:240 - Cannot read IP mode file for STMicroelectronics.X-CUBE-DISPLAY.3.0.0
2025-09-11 21:59:49,656 [WARN] PackLoader:240 - Cannot read IP mode file for STMicroelectronics.FP-SNS-SMARTAG2.1.2.0
2025-09-11 21:59:49,683 [WARN] PackLoader:240 - Cannot read IP mode file for STMicroelectronics.X-CUBE-BLE2.3.3.0
2025-09-11 21:59:49,690 [WARN] PackLoader:240 - Cannot read IP mode file for STMicroelectronics.FP-ATR-SIGFOX1.3.2.0
2025-09-11 21:59:49,693 [INFO] ThirdParty:978 - Integrity check success = true
2025-09-11 21:59:49,693 [INFO] IntegrityCheckThread:100 - exiting critical section [integrity check]
2025-09-11 21:59:49,693 [INFO] IntegrityCheckThread:103 - End integrity checks thread
2025-09-11 22:00:09,698 [ERROR] LogOutputStream:75 - [STDERR_REDIRECT] SLF4J: Failed to load class "org.slf4j.impl.StaticLoggerBinder".
2025-09-11 22:00:09,699 [ERROR] LogOutputStream:75 - [STDERR_REDIRECT] SLF4J: Defaulting to no-operation (NOP) logger implementation
2025-09-11 22:00:09,701 [ERROR] LogOutputStream:75 - [STDERR_REDIRECT] SLF4J: See http://www.slf4j.org/codes.html#StaticLoggerBinder for further details.
2025-09-11 22:04:54,897 [INFO] McuFinderGlobals:63 - Set McuFinder mode to 2 (CubeIDE integrated)
2025-09-11 22:04:57,116 [INFO] MainUpdater:2873 - connection check result : 10
2025-09-11 22:04:57,128 [INFO] MainUpdater:2873 - connection check result : 10
2025-09-11 22:04:57,373 [INFO] MicroXplorer:468 - Change Database Path : 
2025-09-11 22:04:57,373 [INFO] MicroXplorer:498 - Change Database Version : DB.6.0.100
2025-09-11 22:04:57,377 [WARN] ThirdParty:871 - waiting for thirdparty lock release [close project]
2025-09-11 22:04:57,378 [INFO] ThirdParty:873 - entering critical section [close project]
2025-09-11 22:04:57,378 [INFO] ThirdParty:883 - exiting critical section [close project]
2025-09-11 22:04:57,381 [INFO] PinOutPanel:1499 - setPackage(No Configuration,No Configuration)
2025-09-11 22:04:57,385 [INFO] UtilMem:75 - Begin LoadConfig() Used Memory: 708193080 Bytes (1064304640)
2025-09-11 22:04:57,387 [INFO] MicroXplorer:468 - Change Database Path : 
2025-09-11 22:04:57,387 [INFO] MicroXplorer:498 - Change Database Version : DB.6.0.100
2025-09-11 22:04:57,387 [INFO] OpenFileManager:312 - Change cursor
2025-09-11 22:04:57,440 [INFO] Mcu:2016 - Initializing MCU STM32F767ZITx STM32F767ZITx STM32F767ZIT6
2025-09-11 22:05:01,398 [INFO] Context:659 - Trying to add GPIOservice into a context  which must be forbidden
2025-09-11 22:05:02,661 [INFO] RtosManager:555 - Registered RTOS mode: class=CMSIS, group=RTOS, mode=CMSIS_V1, owner=FREERTOS
2025-09-11 22:05:02,662 [INFO] RtosManager:555 - Registered RTOS mode: class=CMSIS, group=RTOS2, mode=CMSIS_V2, owner=FREERTOS
2025-09-11 22:05:02,662 [INFO] RtosManager:555 - Registered RTOS mode: class=RTOS, group=Core, mode=CMSIS_V1, owner=FREERTOS
2025-09-11 22:05:02,662 [INFO] RtosManager:555 - Registered RTOS mode: class=RTOS, group=Core, mode=CMSIS_V2, owner=FREERTOS
2025-09-11 22:05:02,663 [WARN] ModelIntegratedComponent:184 - Missing modes for component STMicroelectronics:FreeRTOS:0.0.1:STMicroelectronics:RTOS:FreeRTOS:Core:::10.2.0:
2025-09-11 22:05:02,670 [WARN] ModelIntegratedComponent:63 - No mode defined for component null
2025-09-11 22:05:02,670 [WARN] ModelIntegratedComponent:63 - No mode defined for component null
2025-09-11 22:05:02,670 [WARN] ModelIntegratedComponent:63 - No mode defined for component null
2025-09-11 22:05:02,670 [WARN] ModelIntegratedComponent:63 - No mode defined for component null
2025-09-11 22:05:02,670 [WARN] ModelIntegratedComponent:63 - No mode defined for component null
2025-09-11 22:05:02,671 [WARN] ModelIntegratedComponent:63 - No mode defined for component null
2025-09-11 22:05:02,671 [WARN] ModelIntegratedComponent:63 - No mode defined for component null
2025-09-11 22:05:02,671 [WARN] ModelIntegratedComponent:63 - No mode defined for component null
2025-09-11 22:05:02,671 [WARN] ModelIntegratedComponent:63 - No mode defined for component null
2025-09-11 22:05:02,671 [WARN] ModelIntegratedComponent:63 - No mode defined for component null
2025-09-11 22:05:02,671 [WARN] ModelIntegratedComponent:63 - No mode defined for component null
2025-09-11 22:05:02,671 [WARN] ModelIntegratedComponent:63 - No mode defined for component null
2025-09-11 22:05:02,671 [WARN] ModelIntegratedComponent:63 - No mode defined for component null
2025-09-11 22:05:02,671 [WARN] ModelIntegratedComponent:63 - No mode defined for component null
2025-09-11 22:05:02,671 [WARN] ModelIntegratedComponent:63 - No mode defined for component null
2025-09-11 22:05:02,671 [WARN] ModelIntegratedComponent:63 - No mode defined for component null
2025-09-11 22:05:02,671 [WARN] ModelIntegratedComponent:63 - No mode defined for component null
2025-09-11 22:05:02,672 [WARN] ModelIntegratedComponent:63 - No mode defined for component null
2025-09-11 22:05:02,672 [WARN] ModelIntegratedComponent:63 - No mode defined for component null
2025-09-11 22:05:02,672 [WARN] ModelIntegratedComponent:63 - No mode defined for component null
2025-09-11 22:05:02,672 [WARN] ModelIntegratedComponent:63 - No mode defined for component null
2025-09-11 22:05:02,672 [WARN] ModelIntegratedComponent:63 - No mode defined for component null
2025-09-11 22:05:02,672 [WARN] ModelIntegratedComponent:63 - No mode defined for component null
2025-09-11 22:05:02,672 [WARN] ModelIntegratedComponent:63 - No mode defined for component null
2025-09-11 22:05:02,672 [WARN] ModelIntegratedComponent:63 - No mode defined for component null
2025-09-11 22:05:02,672 [WARN] ModelIntegratedComponent:63 - No mode defined for component null
2025-09-11 22:05:02,672 [WARN] ModelIntegratedComponent:63 - No mode defined for component null
2025-09-11 22:05:02,672 [WARN] ModelIntegratedComponent:63 - No mode defined for component null
2025-09-11 22:05:02,673 [WARN] ModelIntegratedComponent:63 - No mode defined for component null
2025-09-11 22:05:02,673 [WARN] ModelIntegratedComponent:63 - No mode defined for component null
2025-09-11 22:05:02,673 [WARN] ModelIntegratedComponent:63 - No mode defined for component null
2025-09-11 22:05:02,673 [WARN] ModelIntegratedComponent:63 - No mode defined for component null
2025-09-11 22:05:02,673 [WARN] ModelIntegratedComponent:63 - No mode defined for component null
2025-09-11 22:05:02,695 [INFO] ThirdPartyModel:298 - Start build external matchings
2025-09-11 22:05:02,701 [INFO] ThirdPartyModel:316 - End build external matchings
2025-09-11 22:05:02,710 [INFO] ImportTextPane:194 - (OptionalMessage_ERROR) IP (RCC) : Invalid parameter (48MHZClocksFreq_Value)
2025-09-11 22:05:02,710 [INFO] ImportTextPane:194 - (OptionalMessage_ERROR) IP (RCC) : Invalid parameter (ADC12outputFreq_Value)
2025-09-11 22:05:02,710 [INFO] ImportTextPane:194 - (OptionalMessage_ERROR) IP (RCC) : Invalid parameter (ADC34outputFreq_Value)
2025-09-11 22:05:02,712 [INFO] ImportTextPane:194 - (OptionalMessage_ERROR) IP (RCC) : Invalid parameter (FamilyName)
2025-09-11 22:05:02,712 [INFO] ImportTextPane:194 - (OptionalMessage_ERROR) IP (RCC) : Invalid parameter (I2SClocksFreq_Value)
2025-09-11 22:05:02,712 [INFO] ImportTextPane:194 - (OptionalMessage_ERROR) IP (RCC) : Invalid parameter (LCDTFToutputFreq_Value)
2025-09-11 22:05:02,713 [INFO] ImportTextPane:194 - (OptionalMessage_ERROR) IP (RCC) : Invalid parameter (MCOFreq_Value)
2025-09-11 22:05:02,713 [INFO] ImportTextPane:194 - (OptionalMessage_ERROR) IP (RCC) : Invalid parameter (PLLMCOFreq_Value)
2025-09-11 22:05:02,713 [INFO] ImportTextPane:194 - (OptionalMessage_ERROR) IP (RCC) : Invalid parameter (PLLMUL)
2025-09-11 22:05:02,714 [INFO] ImportTextPane:194 - (OptionalMessage_ERROR) IP (RCC) : Invalid parameter (PRESCALERUSB)
2025-09-11 22:05:02,714 [INFO] ImportTextPane:194 - (OptionalMessage_ERROR) IP (RCC) : Parameter (RNGFreq_Value) has invalid value (96000000)
2025-09-11 22:05:02,714 [INFO] ImportTextPane:194 - (OptionalMessage_ERROR) IP (RCC) : Invalid parameter (RTCHSEDivFreq_Value)
2025-09-11 22:05:02,715 [INFO] ImportTextPane:194 - (OptionalMessage_ERROR) IP (RCC) : Parameter (SDMMC2Freq_Value) has invalid value (96000000)
2025-09-11 22:05:02,715 [INFO] ImportTextPane:194 - (OptionalMessage_ERROR) IP (RCC) : Parameter (SDMMCFreq_Value) has invalid value (96000000)
2025-09-11 22:05:02,715 [INFO] ImportTextPane:194 - (OptionalMessage_ERROR) IP (RCC) : Invalid parameter (SYSCLKSourceVirtual)
2025-09-11 22:05:02,715 [INFO] ImportTextPane:194 - (OptionalMessage_ERROR) IP (RCC) : Invalid parameter (TIM15Freq_Value)
2025-09-11 22:05:02,715 [INFO] ImportTextPane:194 - (OptionalMessage_ERROR) IP (RCC) : Invalid parameter (TIM16Freq_Value)
2025-09-11 22:05:02,715 [INFO] ImportTextPane:194 - (OptionalMessage_ERROR) IP (RCC) : Invalid parameter (TIM17Freq_Value)
2025-09-11 22:05:02,715 [INFO] ImportTextPane:194 - (OptionalMessage_ERROR) IP (RCC) : Invalid parameter (TIM1Freq_Value)
2025-09-11 22:05:02,715 [INFO] ImportTextPane:194 - (OptionalMessage_ERROR) IP (RCC) : Invalid parameter (TIM20Freq_Value)
2025-09-11 22:05:02,715 [INFO] ImportTextPane:194 - (OptionalMessage_ERROR) IP (RCC) : Invalid parameter (TIM2Freq_Value)
2025-09-11 22:05:02,715 [INFO] ImportTextPane:194 - (OptionalMessage_ERROR) IP (RCC) : Invalid parameter (TIM3Freq_Value)
2025-09-11 22:05:02,715 [INFO] ImportTextPane:194 - (OptionalMessage_ERROR) IP (RCC) : Invalid parameter (TIM8Freq_Value)
2025-09-11 22:05:02,715 [INFO] ImportTextPane:194 - (OptionalMessage_ERROR) IP (RCC) : Parameter (USBFreq_Value) has invalid value (96000000)
2025-09-11 22:05:02,716 [INFO] ImportTextPane:194 - (OptionalMessage_ERROR) IP (RCC) : Invalid parameter (VCOOutput2Freq_Value)
2025-09-11 22:05:02,716 [INFO] ImportTextPane:194 - (OptionalMessage_ERROR) IP (RCC) : Invalid parameter (VcooutputI2S)
2025-09-11 22:05:02,719 [INFO] ImportTextPane:194 - (OptionalMessage_ERROR) IP (TIM3) : Parameter (Channel) has Id (PWM Generation1 CH1) currently not set
2025-09-11 22:05:03,496 [INFO] UtilMem:75 - End LoadConfig() Used Memory: 893949384 Bytes (1073741824)
2025-09-11 22:05:03,680 [INFO] ApiDb:581 - Connected to CubeFinder SQLite database (C:\Users\chris\.stmcufinder\plugins\mcufinder\mcu\cube-finder-db.db)
2025-09-11 22:05:03,753 [INFO] ApiDb:668 - CubeFinder database Data Model version=2.1
2025-09-11 22:05:03,754 [INFO] ApiDb:669 - CubeFinder database Configuration version=3.0.39
2025-09-11 22:05:03,755 [INFO] ApiDb:670 - CubeFinder database generation date=2025-08-25 (1756130511)
2025-09-11 22:05:03,755 [INFO] ApiDb:671 - CubeFinder database FW Pack versions=[FP-ATR-ASTRA1_V2.0.0, FP-SNS-FLIGHT1_V5.1.0, FP-SNS-MOTENV1_V5.0.0, FP-SNS-MOTENVWB1_V1.4.0, FP-SNS-SMARTAG2_V1.2.0, FP-SNS-STBOX1_V2.1.0, STM32Cube_FW_C0_V1.4.0, STM32Cube_FW_F4_V1.28.3, STM32Cube_FW_F7_V1.17.4, STM32Cube_FW_G0_V1.6.2, STM32Cube_FW_G4_V1.6.1, STM32Cube_FW_H5_V1.5.0, STM32Cube_FW_H7RS_V1.2.0, STM32Cube_FW_H7_V1.12.1, STM32Cube_FW_L0_V1.12.2, STM32Cube_FW_L4_V1.18.1, STM32Cube_FW_L5_V1.5.1, STM32Cube_FW_N6_V1.2.0, STM32Cube_FW_U0_V1.3.0, STM32Cube_FW_U3_V1.2.0, STM32Cube_FW_U5_V1.8.0, STM32Cube_FW_WB0_V1.3.0, STM32Cube_FW_WBA_V1.7.0, STM32Cube_FW_WB_V1.23.0, STM32Cube_FW_WL3_V1.2.0, STM32Cube_FW_WL_V1.3.1, X-CUBE-ALGOBUILD_V1.4.0, X-CUBE-ALS_V1.0.2, X-CUBE-AZRTOS-F4_V1.1.0, X-CUBE-AZRTOS-F7_V1.1.0, X-CUBE-AZRTOS-G0_V1.1.0, X-CUBE-AZRTOS-G4_V2.0.0, X-CUBE-AZRTOS-H7RS_V1.1.0, X-CUBE-AZRTOS-H7_V3.4.0, X-CUBE-AZRTOS-L4_V2.0.0, X-CUBE-AZRTOS-L5_V2.0.0, X-CUBE-AZRTOS-WB_V2.0.0, X-CUBE-AZRTOS-WL_V2.0.0, X-CUBE-BLE1_V7.1.0, X-CUBE-BLE2_V3.3.0, X-CUBE-BLEMGR_V4.1.0, X-CUBE-EEPRMA1_V5.2.0, X-CUBE-FREERTOS_V1.3.1, X-CUBE-GNSS1_V6.0.0, X-CUBE-MEMS1_V11.3.0, X-CUBE-NFC4_V3.0.0, X-CUBE-NFC7_V2.0.0, X-CUBE-SFXS2LP1_V4.0.0, X-CUBE-ST67W61_V1.0.0, X-CUBE-SUBG2_V5.0.0, X-CUBE-TOF1_V3.4.3]
2025-09-11 22:05:06,530 [INFO] ApiDb:240 - Found 371 in-development CPN: [B-G473E-ZEST1S, B-WB1M-WPAN1, B-WL5M-SUBG1, NUCLEO-C031C6, NUCLEO-H503RB, NUCLEO-H563ZI, NUCLEO-U545RE-Q, NUCLEO-U5A5ZJ-Q, NUCLEO-WBA52CG, NUCLEO-WBA55CG, STEVAL-MKBOXPRO, STEVAL-PROTEUS1, STEVAL-STWINBX1, STM320518-EVAL, STM32C0116-DK, STM32C011D6Y3TR, STM32C011D6Y6TR, STM32C011F4P3, STM32C011F4P6, STM32C011F4U3, STM32C011F4U6TR, STM32C011F6P3, STM32C011F6P6, STM32C011F6U3, STM32C011F6U6TR, STM32C011J4M3, STM32C011J4M6, STM32C011J6M3, STM32C011J6M6, STM32C0316-DK, STM32C031C4T3, STM32C031C4T6, STM32C031C4U3, STM32C031C4U6, STM32C031C6T3, STM32C031C6T6, STM32C031C6U3, STM32C031C6U6, STM32C031F4P3, STM32C031F4P6, STM32C031F6P3, STM32C031F6P6, STM32C031G4U3, STM32C031G4U6, STM32C031G6U3, STM32C031G6U6, STM32C031K4T3, STM32C031K4T6, STM32C031K4U3, STM32C031K4U6, STM32C031K6T3, STM32C031K6T6, STM32C031K6U3, STM32C031K6U6, STM32G071K8TXN, STM32G071K8UXN, STM32G081GBU6N, STM32G081KBT6N, STM32G081KBUXN, STM32G0B1CCT6N, STM32G0B1KCT6, STM32G0B1NEY6TR, STM32G0B1RCT6N, STM32G0C1CCT6, STM32G0C1CCT6N, STM32G0C1CCU6N, STM32G0C1CET6N, STM32G0C1CEU6N, STM32G0C1KCT6, STM32G0C1NEY6TR, STM32G0C1RCI6N, STM32G0C1RCT6N, STM32G0C1REI6N, STM32G0C1RET6N, STM32G0C1VCI6, STM32G0C1VEI6, STM32G471CCT6, STM32G471CCU6, STM32G471CET3, STM32G471CET6, STM32G471CEU3, STM32G471CEU6, STM32G471MCT6, STM32G471MET3, STM32G471MET6, STM32G471MEY6TR, STM32G471QCT6, STM32G471QET3, STM32G471RCT6, STM32G471RET3, STM32G471RET6, STM32G471VCH6, STM32G471VCI6, STM32G471VCT6, STM32G471VEH3, STM32G471VEH6, STM32G471VEI3, STM32G471VEI6, STM32G471VET3, STM32G471VET6, STM32G474CCT6, STM32H503CBT6, STM32H503CBU6, STM32H503EBY6TR, STM32H503KBU6, STM32H503RBT6, STM32H562AGI6, STM32H562AII6, STM32H562IGK6, STM32H562IGT6, STM32H562IIK6, STM32H562IIT6, STM32H562RGT6, STM32H562RGV6, STM32H562RIT6, STM32H562RIV6, STM32H562VGT6, STM32H562VIT6, STM32H562ZGT6, STM32H562ZIT6, STM32H563AGI6, STM32H563AII3Q, STM32H563AII6, STM32H563IGK6, STM32H563IGT6, STM32H563IIK3Q, STM32H563IIK6, STM32H563IIT3Q, STM32H563IIT6, STM32H563MIY3QTR, STM32H563RGT6, STM32H563RGV6, STM32H563RIT6, STM32H563RIV6, STM32H563VGT6, STM32H563VIT3Q, STM32H563VIT6, STM32H563ZGT6, STM32H563ZIT3Q, STM32H563ZIT6, STM32H573AII3Q, STM32H573AII6, STM32H573I-DK, STM32H573IIK3Q, STM32H573IIK6, STM32H573IIT3Q, STM32H573IIT6, STM32H573MIY3QTR, STM32H573RIT6, STM32H573RIV6, STM32H573VIT3Q, STM32H573VIT6, STM32H573ZIT3Q, STM32H573ZIT6, STM32L4R5QGI6STR, STM32MP131AAE3, STM32MP131AAF3, STM32MP131AAG3, STM32MP131CAE3, STM32MP131CAF3, STM32MP131CAG3, STM32MP131DAE7, STM32MP131DAF7, STM32MP131DAG7, STM32MP131FAE7, STM32MP131FAF7, STM32MP131FAG7, STM32MP133AAE3, STM32MP133AAF3, STM32MP133AAG3, STM32MP133CAE3, STM32MP133CAF3, STM32MP133CAG3, STM32MP133DAE7, STM32MP133DAF7, STM32MP133DAG7, STM32MP133FAE7, STM32MP133FAF7, STM32MP133FAG7, STM32MP135AAE3, STM32MP135AAF3, STM32MP135AAG3, STM32MP135CAE3, STM32MP135CAF3, STM32MP135CAG3, STM32MP135DAE7, STM32MP135DAF7, STM32MP135DAG7, STM32MP135F-DK, STM32MP135FAE7, STM32MP135FAF7, STM32MP135FAF7T, STM32MP135FAF7U, STM32MP135FAG7, STM32U535CBT6, STM32U535CBT6Q, STM32U535CBU6, STM32U535CBU6Q, STM32U535CCT6, STM32U535CCT6Q, STM32U535CCU6, STM32U535CCU6Q, STM32U535CET6, STM32U535CET6Q, STM32U535CEU6, STM32U535CEU6Q, STM32U535JEY6QTR, STM32U535NCY6QTR, STM32U535NEY6QTR, STM32U535RBI6, STM32U535RBI6Q, STM32U535RBT6, STM32U535RBT6Q, STM32U535RCI6, STM32U535RCI6Q, STM32U535RCT6, STM32U535RCT6Q, STM32U535REI6, STM32U535REI6Q, STM32U535RET6, STM32U535RET6Q, STM32U535VCI6, STM32U535VCI6Q, STM32U535VCT6, STM32U535VCT6Q, STM32U535VEI6, STM32U535VEI6Q, STM32U535VET6, STM32U535VET6Q, STM32U545CET6, STM32U545CET6Q, STM32U545CEU6, STM32U545CEU6Q, STM32U545JEY6QTR, STM32U545NEY6QTR, STM32U545REI6, STM32U545REI6Q, STM32U545RET6, STM32U545RET6Q, STM32U545VEI6, STM32U545VEI6Q, STM32U545VET6, STM32U545VET6Q, STM32U595AIH6, STM32U595AIH6Q, STM32U595AJH6, STM32U595AJH6Q, STM32U595QII6, STM32U595QII6Q, STM32U595QJI6, STM32U595QJI6Q, STM32U595RIT6, STM32U595RIT6Q, STM32U595RJT6, STM32U595RJT6Q, STM32U595VIT6, STM32U595VIT6Q, STM32U595VJT6, STM32U595VJT6Q, STM32U595ZIT6, STM32U595ZIT6Q, STM32U595ZIY6QTR, STM32U595ZJT6, STM32U595ZJT6Q, STM32U595ZJY6QTR, STM32U599BJY6QTR, STM32U599NIH6Q, STM32U599NJH6Q, STM32U599VIT6Q, STM32U599VJT6, STM32U599VJT6Q, STM32U599ZIT6Q, STM32U599ZIY6QTR, STM32U599ZJT6Q, STM32U599ZJY6QTR, STM32U5A5AJH6, STM32U5A5AJH6Q, STM32U5A5QJI6, STM32U5A5QJI6Q, STM32U5A5RJT6, STM32U5A5RJT6Q, STM32U5A5VJT6, STM32U5A5VJT6Q, STM32U5A5ZJT6, STM32U5A5ZJT6Q, STM32U5A5ZJY6QTR, STM32U5A9BJY6QTR, STM32U5A9J-DK, STM32U5A9NJH6Q, STM32U5A9VJT6Q, STM32U5A9ZJT6Q, STM32U5A9ZJY6QTR, STM32U5F7VIT6, STM32U5F7VIT6Q, STM32U5F7VJT6, STM32U5F7VJT6Q, STM32U5F9BJY6QTR, STM32U5F9NJH6Q, STM32U5F9VIT6Q, STM32U5F9VJT6Q, STM32U5F9ZIJ6QTR, STM32U5F9ZIT6Q, STM32U5F9ZJJ6QTR, STM32U5F9ZJT6Q, STM32U5G7VJT6, STM32U5G7VJT6Q, STM32U5G9BJY6QTR, STM32U5G9J-DK1, STM32U5G9J-DK2, STM32U5G9NJH6Q, STM32U5G9VJT6Q, STM32U5G9ZJJ6QTR, STM32U5G9ZJT6Q, STM32WB1MMCH6, STM32WBA50KEU6, STM32WBA50KEU6TR, STM32WBA50KGU6, STM32WBA50KGU6TR, STM32WBA52CEU6, STM32WBA52CEU6TR, STM32WBA52CEU7, STM32WBA52CEU7TR, STM32WBA52CGU6, STM32WBA52CGU6TR, STM32WBA52CGU6U, STM32WBA52CGU7, STM32WBA52CGU7TR, STM32WBA52KEU6, STM32WBA52KEU6TR, STM32WBA52KGU6, STM32WBA52KGU6TR, STM32WBA54CEU6, STM32WBA54CEU6TR, STM32WBA54CEU7, STM32WBA54CEU7TR, STM32WBA54CGU6, STM32WBA54CGU6TR, STM32WBA54CGU7, STM32WBA54CGU7TR, STM32WBA54KEU6, STM32WBA54KEU6TR, STM32WBA54KEU7, STM32WBA54KEU7TR, STM32WBA54KGU6, STM32WBA54KGU6TR, STM32WBA54KGU7, STM32WBA54KGU7TR, STM32WBA55CEU6, STM32WBA55CEU6TR, STM32WBA55CEU7, STM32WBA55CEU7TR, STM32WBA55CGU6, STM32WBA55CGU6TR, STM32WBA55CGU6U, STM32WBA55CGU7, STM32WBA55CGU7TR, STM32WBA55G-DK1, STM32WBA55HEF6, STM32WBA55HEF7, STM32WBA55HGF6, STM32WBA55HGF7, STM32WBA55UEI6, STM32WBA55UEI6TR, STM32WBA55UEI7, STM32WBA55UEI7TR, STM32WBA55UGI6, STM32WBA55UGI6TR, STM32WBA55UGI7, STM32WBA55UGI7TR, STM32WL5MOCH6, STM32WL5MOCH6TR]
2025-09-11 22:05:06,539 [INFO] DbMcus:218 - Found 4733 MCUs, 4733 are supported
2025-09-11 22:05:06,540 [INFO] ApiDb:423 - Load user favorites file C:\Users\chris/.stm32cubeide/favorites.mcus.txt: 0 item(s)
2025-09-11 22:05:06,540 [INFO] ApiDb:427 - User favorites MCUs=[]
2025-09-11 22:05:06,541 [INFO] DbMcus:224 - Set 0 / 0 favorites MCUs
2025-09-11 22:05:07,017 [INFO] MicroXplorer:468 - Change Database Path : 
2025-09-11 22:05:07,018 [INFO] MicroXplorer:498 - Change Database Version : DB.6.0.100
2025-09-11 22:05:07,018 [WARN] ThirdParty:833 - waiting for thirdparty lock release [change project]
2025-09-11 22:05:07,018 [INFO] ThirdParty:835 - entering critical section [change project]
2025-09-11 22:05:07,018 [INFO] ThirdParty:1030 - CMSIS Pack Vendor :STMicroelectronics USBPD 4.1
2025-09-11 22:05:07,018 [INFO] ThirdParty:1030 - CMSIS Pack Vendor :STMicroelectronics X-CUBE-DISPLAY 3.0.0
2025-09-11 22:05:07,018 [INFO] ThirdParty:1030 - CMSIS Pack Vendor :STMicroelectronics ThreadX 1.0.0
2025-09-11 22:05:07,018 [INFO] ThirdParty:1030 - CMSIS Pack Vendor :STMicroelectronics FP-SNS-SMARTAG2 1.2.0
2025-09-11 22:05:07,018 [INFO] ThirdParty:1030 - CMSIS Pack Vendor :STMicroelectronics USB_HOST 2.0.0
2025-09-11 22:05:07,018 [INFO] ThirdParty:1030 - CMSIS Pack Vendor :STMicroelectronics LIBJPEG 8.0.0
2025-09-11 22:05:07,018 [INFO] ThirdParty:1030 - CMSIS Pack Vendor :STMicroelectronics FP-ATR-SIGFOX1 3.2.0
2025-09-11 22:05:07,018 [INFO] ThirdParty:1030 - CMSIS Pack Vendor :STMicroelectronics FreeRTOS 0.0.1
2025-09-11 22:05:07,018 [INFO] ThirdParty:1030 - CMSIS Pack Vendor :STMicroelectronics USB_DEVICE 1.0.0
2025-09-11 22:05:07,018 [INFO] ThirdParty:1030 - CMSIS Pack Vendor :STMicroelectronics STM32_WPAN 1.0.0
2025-09-11 22:05:07,018 [INFO] ThirdParty:1030 - CMSIS Pack Vendor :STMicroelectronics USB_DEVICE 3.0.0
2025-09-11 22:05:07,018 [INFO] ThirdParty:1030 - CMSIS Pack Vendor :STMicroelectronics HAL Drivers 0.0.0
2025-09-11 22:05:07,018 [INFO] ThirdParty:1030 - CMSIS Pack Vendor :STMicroelectronics MBEDTLS 2.16.2
2025-09-11 22:05:07,018 [INFO] ThirdParty:1030 - CMSIS Pack Vendor :STMicroelectronics ThreadX 0.0.2
2025-09-11 22:05:07,018 [INFO] ThirdParty:1030 - CMSIS Pack Vendor :STMicroelectronics lwIP 2.0.3
2025-09-11 22:05:07,018 [INFO] ThirdParty:1030 - CMSIS Pack Vendor :STMicroelectronics lwIP 2.1.2
2025-09-11 22:05:07,019 [INFO] ThirdParty:1030 - CMSIS Pack Vendor :STMicroelectronics MBEDTLS 2.14.1
2025-09-11 22:05:07,019 [INFO] ThirdParty:1030 - CMSIS Pack Vendor :STMicroelectronics X-CUBE-BLE2 3.3.0
2025-09-11 22:05:07,019 [INFO] ThirdParty:1030 - CMSIS Pack Vendor :STMicroelectronics USB_HOST 1.0.0
2025-09-11 22:05:07,019 [INFO] ThirdParty:1030 - CMSIS Pack Vendor :STMicroelectronics PDM2PCM 3.1.0
2025-09-11 22:05:07,019 [INFO] ThirdParty:1030 - CMSIS Pack Vendor :STMicroelectronics PDM2PCM 3.2.0
2025-09-11 22:05:07,019 [INFO] ThirdParty:1030 - CMSIS Pack Vendor :STMicroelectronics USB_DEVICE 2.0.0
2025-09-11 22:05:07,019 [INFO] ThirdParty:1030 - CMSIS Pack Vendor :STMicroelectronics PDM2PCM 3.3.0
2025-09-11 22:05:07,019 [INFO] ThirdParty:841 - exiting critical section [change project]
2025-09-11 22:05:07,717 [INFO] PinOutPanel:1499 - setPackage(No Configuration,No Configuration)
2025-09-11 22:05:07,720 [INFO] PinOutPanel:1499 - setPackage(STM32F767ZITx,LQFP144)
2025-09-11 22:05:08,570 [INFO] UtilMem:75 - Before build in PCC Used Memory: 682203328 Bytes (1073741824)
2025-09-11 22:05:10,102 [INFO] UtilMem:75 - After build in PCC Used Memory: 749312192 Bytes (1073741824)
2025-09-11 22:05:10,160 [INFO] IPUIPlugin:80 - create IPUIPlugin
2025-09-11 22:05:10,160 [INFO] IPUIPlugin:80 - create IPUIPlugin
2025-09-11 22:05:10,160 [INFO] IPUIPlugin:80 - create IPUIPlugin
2025-09-11 22:05:10,160 [INFO] IPUIPlugin:80 - create IPUIPlugin
2025-09-11 22:05:10,161 [INFO] IPUIPlugin:80 - create IPUIPlugin
2025-09-11 22:05:10,161 [INFO] IPUIPlugin:80 - create IPUIPlugin
2025-09-11 22:05:10,161 [INFO] IPUIPlugin:80 - create IPUIPlugin
2025-09-11 22:05:10,161 [INFO] IPUIPlugin:80 - create IPUIPlugin
2025-09-11 22:05:10,161 [INFO] IPUIPlugin:80 - create IPUIPlugin
2025-09-11 22:05:10,162 [INFO] IPUIPlugin:80 - create IPUIPlugin
2025-09-11 22:05:10,162 [INFO] IPUIPlugin:80 - create IPUIPlugin
2025-09-11 22:05:10,162 [INFO] IPUIPlugin:80 - create IPUIPlugin
2025-09-11 22:05:10,162 [INFO] IPUIPlugin:80 - create IPUIPlugin
2025-09-11 22:05:10,163 [INFO] IPUIPlugin:80 - create IPUIPlugin
2025-09-11 22:05:10,163 [INFO] IPUIPlugin:80 - create IPUIPlugin
2025-09-11 22:05:10,163 [INFO] IPUIPlugin:80 - create IPUIPlugin
2025-09-11 22:05:10,163 [INFO] IPUIPlugin:80 - create IPUIPlugin
2025-09-11 22:05:10,163 [INFO] IPUIPlugin:80 - create IPUIPlugin
2025-09-11 22:05:10,164 [INFO] IPUIPlugin:80 - create IPUIPlugin
2025-09-11 22:05:10,164 [INFO] IPUIPlugin:80 - create IPUIPlugin
2025-09-11 22:05:10,164 [INFO] IPUIPlugin:80 - create IPUIPlugin
2025-09-11 22:05:10,164 [INFO] IPUIPlugin:80 - create IPUIPlugin
2025-09-11 22:05:10,164 [INFO] IPUIPlugin:80 - create IPUIPlugin
2025-09-11 22:05:10,165 [INFO] IPUIPlugin:80 - create IPUIPlugin
2025-09-11 22:05:10,165 [INFO] IPUIPlugin:80 - create IPUIPlugin
2025-09-11 22:05:10,165 [INFO] IPUIPlugin:80 - create IPUIPlugin
2025-09-11 22:05:10,165 [INFO] IPUIPlugin:80 - create IPUIPlugin
2025-09-11 22:05:10,166 [INFO] IPUIPlugin:80 - create IPUIPlugin
2025-09-11 22:05:10,166 [INFO] IPUIPlugin:80 - create IPUIPlugin
2025-09-11 22:05:10,166 [INFO] IPUIPlugin:80 - create IPUIPlugin
2025-09-11 22:05:10,166 [INFO] IPUIPlugin:80 - create IPUIPlugin
2025-09-11 22:05:10,167 [INFO] IPUIPlugin:80 - create IPUIPlugin
2025-09-11 22:05:10,167 [INFO] IPUIPlugin:80 - create IPUIPlugin
2025-09-11 22:05:10,168 [INFO] IPUIPlugin:80 - create IPUIPlugin
2025-09-11 22:05:10,168 [INFO] IPUIPlugin:80 - create IPUIPlugin
2025-09-11 22:05:10,168 [INFO] IPUIPlugin:80 - create IPUIPlugin
2025-09-11 22:05:10,168 [INFO] IPUIPlugin:80 - create IPUIPlugin
2025-09-11 22:05:10,170 [INFO] IPUIPlugin:80 - create IPUIPlugin
2025-09-11 22:05:10,170 [INFO] IPUIPlugin:80 - create IPUIPlugin
2025-09-11 22:05:10,170 [INFO] IPUIPlugin:80 - create IPUIPlugin
2025-09-11 22:05:10,170 [INFO] IPUIPlugin:80 - create IPUIPlugin
2025-09-11 22:05:10,171 [INFO] IPUIPlugin:80 - create IPUIPlugin
2025-09-11 22:05:10,171 [INFO] IPUIPlugin:80 - create IPUIPlugin
2025-09-11 22:05:10,172 [INFO] IPUIPlugin:80 - create IPUIPlugin
2025-09-11 22:05:10,172 [INFO] IPUIPlugin:80 - create IPUIPlugin
2025-09-11 22:05:10,172 [INFO] IPUIPlugin:80 - create IPUIPlugin
2025-09-11 22:05:10,172 [INFO] IPUIPlugin:80 - create IPUIPlugin
2025-09-11 22:05:10,173 [INFO] IPUIPlugin:80 - create IPUIPlugin
2025-09-11 22:05:10,173 [INFO] IPUIPlugin:80 - create IPUIPlugin
2025-09-11 22:05:10,173 [INFO] IPUIPlugin:80 - create IPUIPlugin
2025-09-11 22:05:10,174 [INFO] IPUIPlugin:80 - create IPUIPlugin
2025-09-11 22:05:10,174 [INFO] IPUIPlugin:80 - create IPUIPlugin
2025-09-11 22:05:10,174 [INFO] IPUIPlugin:80 - create IPUIPlugin
2025-09-11 22:05:10,175 [INFO] IPUIPlugin:80 - create IPUIPlugin
2025-09-11 22:05:10,175 [INFO] IPUIPlugin:80 - create IPUIPlugin
2025-09-11 22:05:10,175 [INFO] IPUIPlugin:80 - create IPUIPlugin
2025-09-11 22:05:10,176 [INFO] IPUIPlugin:80 - create IPUIPlugin
2025-09-11 22:05:10,176 [INFO] IPUIPlugin:80 - create IPUIPlugin
2025-09-11 22:05:10,176 [INFO] IPUIPlugin:80 - create IPUIPlugin
2025-09-11 22:05:10,177 [INFO] IPUIPlugin:80 - create IPUIPlugin
2025-09-11 22:05:10,177 [INFO] IPUIPlugin:80 - create IPUIPlugin
2025-09-11 22:05:10,177 [INFO] IPUIPlugin:80 - create IPUIPlugin
2025-09-11 22:05:10,177 [INFO] IPUIPlugin:80 - create IPUIPlugin
2025-09-11 22:05:10,178 [INFO] IPUIPlugin:80 - create IPUIPlugin
2025-09-11 22:05:10,178 [INFO] IPUIPlugin:80 - create IPUIPlugin
2025-09-11 22:05:10,178 [INFO] IPUIPlugin:80 - create IPUIPlugin
2025-09-11 22:05:10,179 [INFO] IPUIPlugin:80 - create IPUIPlugin
2025-09-11 22:05:10,179 [INFO] IPUIPlugin:80 - create IPUIPlugin
2025-09-11 22:05:10,179 [INFO] IPUIPlugin:80 - create IPUIPlugin
2025-09-11 22:05:10,179 [INFO] IPUIPlugin:80 - create IPUIPlugin
2025-09-11 22:05:10,180 [INFO] IPUIPlugin:80 - create IPUIPlugin
2025-09-11 22:05:10,180 [INFO] IPUIPlugin:80 - create IPUIPlugin
2025-09-11 22:05:10,180 [INFO] IPUIPlugin:80 - create IPUIPlugin
2025-09-11 22:05:10,181 [INFO] IPUIPlugin:80 - create IPUIPlugin
2025-09-11 22:05:10,181 [INFO] IPUIPlugin:80 - create IPUIPlugin
2025-09-11 22:05:10,181 [INFO] IPUIPlugin:80 - create IPUIPlugin
2025-09-11 22:05:10,182 [INFO] IPUIPlugin:80 - create IPUIPlugin
2025-09-11 22:05:10,182 [INFO] IPUIPlugin:80 - create IPUIPlugin
2025-09-11 22:05:10,183 [INFO] IPUIPlugin:80 - create IPUIPlugin
2025-09-11 22:05:10,380 [INFO] ApiDbMcu:508 - Load IP Config File for PDM2PCM
2025-09-11 22:05:10,700 [INFO] CADModel:165 - CPN selected for project levelSTM32F767ZIT6
2025-09-11 22:05:10,700 [INFO] CADModel:114 - Register for checkConnection events
2025-09-11 22:05:10,755 [INFO] OpenFileManager:343 - Restore cursor
2025-09-11 22:05:52,947 [INFO] ADCParametersView:116 -                Rank 1 : false
2025-09-11 22:05:53,147 [INFO] ADCParametersView:116 -                Rank 1 : false
2025-09-11 22:05:53,148 [INFO] ADCParametersView:116 -                Rank 1 : false
2025-09-11 22:05:53,148 [INFO] ADCParametersView:116 -                Rank 1 : false
2025-09-11 22:05:53,148 [INFO] ADCParametersView:116 -                Rank 1 : false
2025-09-11 22:05:53,148 [INFO] ADCParametersView:116 -                Rank 1 : false
2025-09-11 22:05:53,148 [INFO] ADCParametersView:116 -                Rank 1 : false
2025-09-11 22:05:53,148 [INFO] ADCParametersView:116 -                Rank 1 : false
2025-09-11 22:05:53,148 [INFO] ADCParametersView:116 -                Rank 1 : false
2025-09-11 22:05:53,148 [INFO] ADCParametersView:116 -                Rank 1 : false
2025-09-11 22:05:53,149 [INFO] ADCParametersView:116 -                Rank 1 : false
2025-09-11 22:05:53,149 [INFO] ADCParametersView:116 -                Rank 1 : false
2025-09-11 22:05:53,149 [INFO] ADCParametersView:116 -                Rank 1 : false
2025-09-11 22:05:53,149 [INFO] ADCParametersView:116 -                Rank 1 : false
2025-09-11 22:05:53,149 [INFO] ADCParametersView:116 -                Rank 1 : false
2025-09-11 22:05:53,220 [INFO] ADCParametersView:116 -                Rank 1 : false
2025-09-11 22:06:38,744 [INFO] ParamManager:896 - [Generic UI] PropertyChangeEvent: TAB_STATUS_CHANGED , "dont care", "never mind"
2025-09-11 22:06:38,760 [INFO] ADCParametersView:116 -                Rank 1 : false
2025-09-11 22:06:38,760 [INFO] ADCParametersView:116 -                Rank 1 : false
2025-09-11 22:06:38,761 [INFO] ADCParametersView:116 -                Rank 1 : false
2025-09-11 22:06:38,761 [INFO] ADCParametersView:116 -                Rank 1 : false
2025-09-11 22:06:38,761 [INFO] ADCParametersView:116 -                Rank 1 : false
2025-09-11 22:06:38,761 [INFO] ADCParametersView:116 -                Rank 1 : false
2025-09-11 22:06:38,761 [INFO] ADCParametersView:116 -                Rank 1 : false
2025-09-11 22:06:38,761 [INFO] ADCParametersView:116 -                Rank 1 : false
2025-09-11 22:06:38,761 [INFO] ADCParametersView:116 -                Rank 1 : false
2025-09-11 22:06:38,762 [INFO] ADCParametersView:116 -                Rank 1 : false
2025-09-11 22:06:38,762 [INFO] ADCParametersView:116 -                Rank 1 : false
2025-09-11 22:06:38,762 [INFO] ADCParametersView:116 -                Rank 1 : false
2025-09-11 22:06:38,762 [INFO] ADCParametersView:116 -                Rank 1 : false
2025-09-11 22:06:38,762 [INFO] ADCParametersView:116 -                Rank 1 : false
2025-09-11 22:06:38,772 [INFO] ParamManager:896 - [Generic UI] PropertyChangeEvent: TAB_STATUS_CHANGED , "dont care", "never mind"
2025-09-11 22:06:38,796 [INFO] ADCParametersView:116 -                Rank 1 : false
2025-09-11 22:06:38,898 [INFO] ADCParametersView:116 -                Rank 1 : false
2025-09-11 22:06:38,898 [INFO] ADCParametersView:116 -                Rank 1 : false
2025-09-11 22:06:38,899 [INFO] ADCParametersView:116 -                Rank 1 : false
2025-09-11 22:06:38,899 [INFO] ADCParametersView:116 -                Rank 1 : false
2025-09-11 22:06:38,899 [INFO] ADCParametersView:116 -                Rank 1 : false
2025-09-11 22:06:38,900 [INFO] ADCParametersView:116 -                Rank 1 : false
2025-09-11 22:06:38,900 [INFO] ADCParametersView:116 -                Rank 1 : false
2025-09-11 22:06:38,900 [INFO] ADCParametersView:116 -                Rank 1 : false
2025-09-11 22:06:38,900 [INFO] ADCParametersView:116 -                Rank 1 : false
2025-09-11 22:06:38,900 [INFO] ADCParametersView:116 -                Rank 1 : false
2025-09-11 22:06:38,900 [INFO] ADCParametersView:116 -                Rank 1 : false
2025-09-11 22:06:38,901 [INFO] ADCParametersView:116 -                Rank 1 : false
2025-09-11 22:06:38,901 [INFO] ADCParametersView:116 -                Rank 1 : false
2025-09-11 22:06:38,901 [INFO] ADCParametersView:116 -                Rank 1 : false
2025-09-11 22:06:38,935 [INFO] ADCParametersView:116 -                Rank 1 : false
2025-09-11 22:06:39,250 [INFO] NvicIntPanel:101 - NVIC parent = com.st.microxplorer.plugins.ip.nvic.MultiNvicIntPanel[,0,0,0x0,invalid,layout=javax.swing.BoxLayout,alignmentX=0.0,alignmentY=0.0,border=,flags=9,maximumSize=,minimumSize=,preferredSize=]
2025-09-11 22:06:39,510 [INFO] NvicIntPanel:101 - NVIC parent = com.st.microxplorer.plugins.ip.nvic.MultiNvicIntPanel[,0,0,0x0,invalid,layout=javax.swing.BoxLayout,alignmentX=0.0,alignmentY=0.0,border=,flags=9,maximumSize=,minimumSize=,preferredSize=]
2025-09-11 22:06:39,681 [INFO] ADCParametersView:116 -                Rank 1 : false
2025-09-11 22:06:39,681 [INFO] ADCParametersView:116 -                Rank 1 : false
2025-09-11 22:06:39,681 [INFO] ADCParametersView:116 -                Rank 1 : false
2025-09-11 22:06:39,681 [INFO] ADCParametersView:116 -                Rank 1 : false
2025-09-11 22:06:39,681 [INFO] ADCParametersView:116 -                Rank 1 : false
2025-09-11 22:06:39,682 [INFO] ADCParametersView:116 -                Rank 1 : false
2025-09-11 22:06:39,682 [INFO] ADCParametersView:116 -                Rank 1 : false
2025-09-11 22:06:39,682 [INFO] ADCParametersView:116 -                Rank 1 : false
2025-09-11 22:06:39,682 [INFO] ADCParametersView:116 -                Rank 1 : false
2025-09-11 22:06:39,682 [INFO] ADCParametersView:116 -                Rank 1 : false
2025-09-11 22:06:39,682 [INFO] ADCParametersView:116 -                Rank 1 : false
2025-09-11 22:06:39,682 [INFO] ADCParametersView:116 -                Rank 1 : false
2025-09-11 22:06:39,682 [INFO] ADCParametersView:116 -                Rank 1 : false
2025-09-11 22:06:39,682 [INFO] ADCParametersView:116 -                Rank 1 : false
2025-09-11 22:06:39,735 [INFO] ADCParametersView:116 -                Rank 1 : false
2025-09-11 22:06:39,799 [INFO] ADCParametersView:116 -                Rank 1 : false
2025-09-11 22:06:39,800 [INFO] ADCParametersView:116 -                Rank 1 : false
2025-09-11 22:06:39,800 [INFO] ADCParametersView:116 -                Rank 1 : false
2025-09-11 22:06:39,800 [INFO] ADCParametersView:116 -                Rank 1 : false
2025-09-11 22:06:39,800 [INFO] ADCParametersView:116 -                Rank 1 : false
2025-09-11 22:06:39,800 [INFO] ADCParametersView:116 -                Rank 1 : false
2025-09-11 22:06:39,800 [INFO] ADCParametersView:116 -                Rank 1 : false
2025-09-11 22:06:39,800 [INFO] ADCParametersView:116 -                Rank 1 : false
2025-09-11 22:06:39,800 [INFO] ADCParametersView:116 -                Rank 1 : false
2025-09-11 22:06:39,800 [INFO] ADCParametersView:116 -                Rank 1 : false
2025-09-11 22:06:39,800 [INFO] ADCParametersView:116 -                Rank 1 : false
2025-09-11 22:06:39,800 [INFO] ADCParametersView:116 -                Rank 1 : false
2025-09-11 22:06:39,800 [INFO] ADCParametersView:116 -                Rank 1 : false
2025-09-11 22:06:39,800 [INFO] ADCParametersView:116 -                Rank 1 : false
2025-09-11 22:06:39,839 [INFO] ADCParametersView:116 -                Rank 1 : false
2025-09-11 22:06:49,720 [INFO] ParamManager:896 - [Generic UI] PropertyChangeEvent: TAB_STATUS_CHANGED , "dont care", "never mind"
2025-09-11 22:06:49,726 [INFO] ADCParametersView:116 -                Rank 1 : false
2025-09-11 22:06:49,727 [INFO] ADCParametersView:116 -                Rank 1 : false
2025-09-11 22:06:49,727 [INFO] ADCParametersView:116 -                Rank 1 : false
2025-09-11 22:06:49,727 [INFO] ADCParametersView:116 -                Rank 1 : false
2025-09-11 22:06:49,727 [INFO] ADCParametersView:116 -                Rank 1 : false
2025-09-11 22:06:49,727 [INFO] ADCParametersView:116 -                Rank 1 : false
2025-09-11 22:06:49,727 [INFO] ADCParametersView:116 -                Rank 1 : false
2025-09-11 22:06:49,727 [INFO] ADCParametersView:116 -                Rank 1 : false
2025-09-11 22:06:49,727 [INFO] ADCParametersView:116 -                Rank 1 : false
2025-09-11 22:06:49,727 [INFO] ADCParametersView:116 -                Rank 1 : false
2025-09-11 22:06:49,727 [INFO] ADCParametersView:116 -                Rank 1 : false
2025-09-11 22:06:49,727 [INFO] ADCParametersView:116 -                Rank 1 : false
2025-09-11 22:06:49,727 [INFO] ADCParametersView:116 -                Rank 1 : false
2025-09-11 22:06:49,727 [INFO] ADCParametersView:116 -                Rank 1 : false
2025-09-11 22:06:49,735 [INFO] ParamManager:896 - [Generic UI] PropertyChangeEvent: TAB_STATUS_CHANGED , "dont care", "never mind"
2025-09-11 22:06:49,745 [INFO] ADCParametersView:116 -                Rank 1 : false
2025-09-11 22:06:49,771 [INFO] ADCParametersView:116 -                Rank 1 : false
2025-09-11 22:06:49,771 [INFO] ADCParametersView:116 -                Rank 1 : false
2025-09-11 22:06:49,772 [INFO] ADCParametersView:116 -                Rank 1 : false
2025-09-11 22:06:49,772 [INFO] ADCParametersView:116 -                Rank 1 : false
2025-09-11 22:06:49,772 [INFO] ADCParametersView:116 -                Rank 1 : false
2025-09-11 22:06:49,772 [INFO] ADCParametersView:116 -                Rank 1 : false
2025-09-11 22:06:49,772 [INFO] ADCParametersView:116 -                Rank 1 : false
2025-09-11 22:06:49,772 [INFO] ADCParametersView:116 -                Rank 1 : false
2025-09-11 22:06:49,772 [INFO] ADCParametersView:116 -                Rank 1 : false
2025-09-11 22:06:49,772 [INFO] ADCParametersView:116 -                Rank 1 : false
2025-09-11 22:06:49,772 [INFO] ADCParametersView:116 -                Rank 1 : false
2025-09-11 22:06:49,772 [INFO] ADCParametersView:116 -                Rank 1 : false
2025-09-11 22:06:49,772 [INFO] ADCParametersView:116 -                Rank 1 : false
2025-09-11 22:06:49,772 [INFO] ADCParametersView:116 -                Rank 1 : false
2025-09-11 22:06:49,784 [INFO] ADCParametersView:116 -                Rank 1 : false
2025-09-11 22:06:49,908 [INFO] NvicIntPanel:101 - NVIC parent = com.st.microxplorer.plugins.ip.nvic.MultiNvicIntPanel[,0,0,0x0,invalid,layout=javax.swing.BoxLayout,alignmentX=0.0,alignmentY=0.0,border=,flags=9,maximumSize=,minimumSize=,preferredSize=]
2025-09-11 22:06:50,127 [INFO] NvicIntPanel:101 - NVIC parent = com.st.microxplorer.plugins.ip.nvic.MultiNvicIntPanel[,0,0,0x0,invalid,layout=javax.swing.BoxLayout,alignmentX=0.0,alignmentY=0.0,border=,flags=9,maximumSize=,minimumSize=,preferredSize=]
2025-09-11 22:06:50,282 [INFO] ADCParametersView:116 -                Rank 1 : false
2025-09-11 22:06:50,283 [INFO] ADCParametersView:116 -                Rank 1 : false
2025-09-11 22:06:50,283 [INFO] ADCParametersView:116 -                Rank 1 : false
2025-09-11 22:06:50,283 [INFO] ADCParametersView:116 -                Rank 1 : false
2025-09-11 22:06:50,283 [INFO] ADCParametersView:116 -                Rank 1 : false
2025-09-11 22:06:50,283 [INFO] ADCParametersView:116 -                Rank 1 : false
2025-09-11 22:06:50,283 [INFO] ADCParametersView:116 -                Rank 1 : false
2025-09-11 22:06:50,283 [INFO] ADCParametersView:116 -                Rank 1 : false
2025-09-11 22:06:50,283 [INFO] ADCParametersView:116 -                Rank 1 : false
2025-09-11 22:06:50,283 [INFO] ADCParametersView:116 -                Rank 1 : false
2025-09-11 22:06:50,284 [INFO] ADCParametersView:116 -                Rank 1 : false
2025-09-11 22:06:50,284 [INFO] ADCParametersView:116 -                Rank 1 : false
2025-09-11 22:06:50,284 [INFO] ADCParametersView:116 -                Rank 1 : false
2025-09-11 22:06:50,284 [INFO] ADCParametersView:116 -                Rank 1 : false
2025-09-11 22:06:50,345 [INFO] ADCParametersView:116 -                Rank 1 : false
2025-09-11 22:06:50,391 [INFO] ADCParametersView:116 -                Rank 1 : false
2025-09-11 22:06:50,391 [INFO] ADCParametersView:116 -                Rank 1 : false
2025-09-11 22:06:50,391 [INFO] ADCParametersView:116 -                Rank 1 : false
2025-09-11 22:06:50,391 [INFO] ADCParametersView:116 -                Rank 1 : false
2025-09-11 22:06:50,391 [INFO] ADCParametersView:116 -                Rank 1 : false
2025-09-11 22:06:50,391 [INFO] ADCParametersView:116 -                Rank 1 : false
2025-09-11 22:06:50,391 [INFO] ADCParametersView:116 -                Rank 1 : false
2025-09-11 22:06:50,391 [INFO] ADCParametersView:116 -                Rank 1 : false
2025-09-11 22:06:50,391 [INFO] ADCParametersView:116 -                Rank 1 : false
2025-09-11 22:06:50,391 [INFO] ADCParametersView:116 -                Rank 1 : false
2025-09-11 22:06:50,391 [INFO] ADCParametersView:116 -                Rank 1 : false
2025-09-11 22:06:50,391 [INFO] ADCParametersView:116 -                Rank 1 : false
2025-09-11 22:06:50,391 [INFO] ADCParametersView:116 -                Rank 1 : false
2025-09-11 22:06:50,391 [INFO] ADCParametersView:116 -                Rank 1 : false
2025-09-11 22:06:50,430 [INFO] ADCParametersView:116 -                Rank 1 : false
2025-09-11 22:07:45,003 [INFO] UtilMem:75 - End SaveConfig() Used Memory: 868831392 Bytes (1073741824)
2025-09-11 22:07:47,707 [INFO] UtilMem:75 - End SaveConfig() Used Memory: 908150944 Bytes (1073741824)
2025-09-11 22:07:56,659 [INFO] McuFinderGlobals:63 - Set McuFinder mode to 2 (CubeIDE integrated)
2025-09-11 22:07:56,659 [INFO] UserAuth:180 - activating auth plugin
2025-09-11 22:07:56,665 [INFO] UserAuth:404 - Internet connection configuration mode: 1
2025-09-11 22:08:38,743 [INFO] WebApp:610 - userauth.ini created with success
2025-09-11 22:11:16,776 [INFO] ADCParametersView:116 -                Rank 1 : false
2025-09-11 22:11:16,777 [INFO] ADCParametersView:116 -                Rank 1 : false
2025-09-11 22:11:16,777 [INFO] ADCParametersView:116 -                Rank 1 : false
2025-09-11 22:11:16,777 [INFO] ADCParametersView:116 -                Rank 1 : false
2025-09-11 22:11:16,777 [INFO] ADCParametersView:116 -                Rank 1 : false
2025-09-11 22:11:16,777 [INFO] ADCParametersView:116 -                Rank 1 : false
2025-09-11 22:11:16,777 [INFO] ADCParametersView:116 -                Rank 1 : false
2025-09-11 22:11:16,777 [INFO] ADCParametersView:116 -                Rank 1 : false
2025-09-11 22:11:16,777 [INFO] ADCParametersView:116 -                Rank 1 : false
2025-09-11 22:11:16,777 [INFO] ADCParametersView:116 -                Rank 1 : false
2025-09-11 22:11:16,777 [INFO] ADCParametersView:116 -                Rank 1 : false
2025-09-11 22:11:16,777 [INFO] ADCParametersView:116 -                Rank 1 : false
2025-09-11 22:11:16,777 [INFO] ADCParametersView:116 -                Rank 1 : false
2025-09-11 22:11:16,777 [INFO] ADCParametersView:116 -                Rank 1 : false
2025-09-11 22:11:16,843 [INFO] ADCParametersView:116 -                Rank 1 : false
2025-09-11 22:11:16,915 [INFO] ADCParametersView:116 -                Rank 1 : false
2025-09-11 22:11:16,915 [INFO] ADCParametersView:116 -                Rank 1 : false
2025-09-11 22:11:16,916 [INFO] ADCParametersView:116 -                Rank 1 : false
2025-09-11 22:11:16,916 [INFO] ADCParametersView:116 -                Rank 1 : false
2025-09-11 22:11:16,916 [INFO] ADCParametersView:116 -                Rank 1 : false
2025-09-11 22:11:16,916 [INFO] ADCParametersView:116 -                Rank 1 : false
2025-09-11 22:11:16,916 [INFO] ADCParametersView:116 -                Rank 1 : false
2025-09-11 22:11:16,916 [INFO] ADCParametersView:116 -                Rank 1 : false
2025-09-11 22:11:16,916 [INFO] ADCParametersView:116 -                Rank 1 : false
2025-09-11 22:11:16,916 [INFO] ADCParametersView:116 -                Rank 1 : false
2025-09-11 22:11:16,916 [INFO] ADCParametersView:116 -                Rank 1 : false
2025-09-11 22:11:16,916 [INFO] ADCParametersView:116 -                Rank 1 : false
2025-09-11 22:11:16,916 [INFO] ADCParametersView:116 -                Rank 1 : false
2025-09-11 22:11:16,916 [INFO] ADCParametersView:116 -                Rank 1 : false
2025-09-11 22:11:16,998 [INFO] ADCParametersView:116 -                Rank 1 : false
2025-09-11 22:11:20,129 [INFO] NvicIntPanel:101 - NVIC parent = com.st.microxplorer.plugins.ip.nvic.MultiNvicIntPanel[,0,0,450x131,layout=javax.swing.BoxLayout,alignmentX=0.0,alignmentY=0.0,border=,flags=9,maximumSize=,minimumSize=,preferredSize=]
2025-09-11 22:11:26,319 [INFO] NvicIntPanel:101 - NVIC parent = com.st.microxplorer.plugins.ip.nvic.MultiNvicIntPanel[,0,0,0x0,invalid,layout=javax.swing.BoxLayout,alignmentX=0.0,alignmentY=0.0,border=,flags=9,maximumSize=,minimumSize=,preferredSize=]
2025-09-11 22:11:27,429 [INFO] NvicIntPanel:101 - NVIC parent = com.st.microxplorer.plugins.ip.nvic.MultiNvicIntPanel[,0,0,0x0,invalid,layout=javax.swing.BoxLayout,alignmentX=0.0,alignmentY=0.0,border=,flags=9,maximumSize=,minimumSize=,preferredSize=]
2025-09-11 22:11:57,192 [INFO] ADCParametersView:116 -                Rank 1 : false
2025-09-11 22:11:57,193 [INFO] ADCParametersView:116 -                Rank 1 : false
2025-09-11 22:11:57,193 [INFO] ADCParametersView:116 -                Rank 1 : false
2025-09-11 22:11:57,193 [INFO] ADCParametersView:116 -                Rank 1 : false
2025-09-11 22:11:57,193 [INFO] ADCParametersView:116 -                Rank 1 : false
2025-09-11 22:11:57,193 [INFO] ADCParametersView:116 -                Rank 1 : false
2025-09-11 22:11:57,193 [INFO] ADCParametersView:116 -                Rank 1 : false
2025-09-11 22:11:57,193 [INFO] ADCParametersView:116 -                Rank 1 : false
2025-09-11 22:11:57,193 [INFO] ADCParametersView:116 -                Rank 1 : false
2025-09-11 22:11:57,193 [INFO] ADCParametersView:116 -                Rank 1 : false
2025-09-11 22:11:57,193 [INFO] ADCParametersView:116 -                Rank 1 : false
2025-09-11 22:11:57,193 [INFO] ADCParametersView:116 -                Rank 1 : false
2025-09-11 22:11:57,193 [INFO] ADCParametersView:116 -                Rank 1 : false
2025-09-11 22:11:57,194 [INFO] ADCParametersView:116 -                Rank 1 : false
2025-09-11 22:11:57,251 [INFO] ADCParametersView:116 -                Rank 1 : false
2025-09-11 22:11:57,251 [INFO] ADCParametersView:116 -                Rank 1 : false
2025-09-11 22:11:57,251 [INFO] ADCParametersView:116 -                Rank 1 : false
2025-09-11 22:11:57,251 [INFO] ADCParametersView:116 -                Rank 1 : false
2025-09-11 22:11:57,251 [INFO] ADCParametersView:116 -                Rank 1 : false
2025-09-11 22:11:57,251 [INFO] ADCParametersView:116 -                Rank 1 : false
2025-09-11 22:11:57,251 [INFO] ADCParametersView:116 -                Rank 1 : false
2025-09-11 22:11:57,251 [INFO] ADCParametersView:116 -                Rank 1 : false
2025-09-11 22:11:57,252 [INFO] ADCParametersView:116 -                Rank 1 : false
2025-09-11 22:11:57,252 [INFO] ADCParametersView:116 -                Rank 1 : false
2025-09-11 22:11:57,252 [INFO] ADCParametersView:116 -                Rank 1 : false
2025-09-11 22:11:57,252 [INFO] ADCParametersView:116 -                Rank 1 : false
2025-09-11 22:11:57,252 [INFO] ADCParametersView:116 -                Rank 1 : false
2025-09-11 22:11:57,252 [INFO] ADCParametersView:116 -                Rank 1 : false
2025-09-11 22:11:57,252 [INFO] ADCParametersView:116 -                Rank 1 : false
2025-09-11 22:11:57,318 [INFO] ADCParametersView:116 -                Rank 1 : false
2025-09-11 22:11:57,319 [INFO] ADCParametersView:116 -                Rank 1 : false
2025-09-11 22:11:57,319 [INFO] ADCParametersView:116 -                Rank 1 : false
2025-09-11 22:11:57,319 [INFO] ADCParametersView:116 -                Rank 1 : false
2025-09-11 22:11:57,319 [INFO] ADCParametersView:116 -                Rank 1 : false
2025-09-11 22:11:57,319 [INFO] ADCParametersView:116 -                Rank 1 : false
2025-09-11 22:11:57,319 [INFO] ADCParametersView:116 -                Rank 1 : false
2025-09-11 22:11:57,319 [INFO] ADCParametersView:116 -                Rank 1 : false
2025-09-11 22:11:57,319 [INFO] ADCParametersView:116 -                Rank 1 : false
2025-09-11 22:11:57,319 [INFO] ADCParametersView:116 -                Rank 1 : false
2025-09-11 22:11:57,319 [INFO] ADCParametersView:116 -                Rank 1 : false
2025-09-11 22:11:57,319 [INFO] ADCParametersView:116 -                Rank 1 : false
2025-09-11 22:11:57,319 [INFO] ADCParametersView:116 -                Rank 1 : false
2025-09-11 22:11:57,319 [INFO] ADCParametersView:116 -                Rank 1 : false
2025-09-11 22:11:57,320 [INFO] ADCParametersView:116 -                Rank 1 : false
2025-09-11 22:11:57,400 [INFO] ADCParametersView:116 -                Rank 1 : false
2025-09-11 22:12:05,453 [INFO] UtilMem:75 - End SaveConfig() Used Memory: 703136400 Bytes (1073741824)
2025-09-11 22:12:05,641 [INFO] UtilMem:75 - End SaveConfig() Used Memory: 729877136 Bytes (1073741824)
2025-09-11 22:12:07,476 [INFO] ServerAccessManage:473 - Download File stm32cube_fw_f7_v1170.zip
2025-09-11 22:12:26,035 [ERROR] ServerAccessManage:651 - User Cancel Download : stm32cube_fw_f7_v1170.zip.
2025-09-11 22:12:26,201 [INFO] LoadServerPackagesThread:196 - End of LoadServerPackages Thread
2025-09-11 22:12:26,339 [INFO] ThirdPartyModel:298 - Start build external matchings
2025-09-11 22:12:26,342 [INFO] ThirdPartyModel:316 - End build external matchings
2025-09-11 22:12:26,343 [INFO] CheckServerUpdateThread:120 - End of CheckServer Thread
2025-09-11 22:15:37,578 [INFO] MainUpdater:2873 - connection check result : 10
2025-09-11 22:15:37,604 [INFO] McuFinderGlobals:76 - Set McuFinderConnectedMode to true
2025-09-11 22:15:37,998 [INFO] ServerAccessManage:473 - Download File mcusAds.json._tmp_
2025-09-11 22:15:38,166 [INFO] LoadUrlFilesThread:156 - End of LoadUrlFiles Thread
2025-09-11 22:15:38,483 [INFO] ServerAccessManage:473 - Download File cube-finder-db.zip
2025-09-11 22:15:41,636 [INFO] FileExtend:240 - Unzip File : cube-finder-db.zip
2025-09-11 22:15:41,637 [INFO] FileExtend:255 - Standard Zip Deflate
2025-09-11 22:15:42,537 [INFO] LoadUrlFilesThread:156 - End of LoadUrlFiles Thread
2025-09-11 22:15:43,802 [INFO] ServerAccessManage:473 - Download File crdb.zip
2025-09-11 22:15:45,246 [INFO] FileExtend:240 - Unzip File : crdb.zip
2025-09-11 22:15:45,246 [INFO] FileExtend:255 - Standard Zip Deflate
2025-09-11 22:15:45,491 [INFO] LoadUrlFilesThread:156 - End of LoadUrlFiles Thread
2025-09-11 22:15:45,742 [INFO] ServerAccessManage:473 - Download File tutoVideoDB.zip
2025-09-11 22:15:45,754 [INFO] FileExtend:240 - Unzip File : tutoVideoDB.zip
2025-09-11 22:15:45,754 [INFO] FileExtend:255 - Standard Zip Deflate
2025-09-11 22:15:45,967 [INFO] LoadUrlFilesThread:156 - End of LoadUrlFiles Thread
2025-09-11 22:15:45,972 [WARN] DbFile:41 - Overriding database path with different value: C:\Users\chris\.stmcufinder\plugins\mcufinder/ => C:\Users\chris\.stmcufinder\plugins\mcufinder
2025-09-11 22:15:46,229 [INFO] ServerAccessManage:473 - Download File api_config.json
2025-09-11 22:15:46,435 [INFO] LoadUrlFilesThread:156 - End of LoadUrlFiles Thread
2025-09-11 22:15:46,441 [INFO] DbMcusAds:53 - JSON generation date=Tue Jul 08 01:14:23 PDT 2025 (1751962463582)
2025-09-11 22:15:46,447 [INFO] ApiDb:448 - Save user favorites file C:\Users\chris/.stm32cubeide/favorites.mcus.txt: 0 item(s)
2025-09-11 22:15:46,448 [INFO] ApiDb:452 - User favorites MCUs=[]
2025-09-11 22:15:46,450 [INFO] ApiDb:581 - Connected to CubeFinder SQLite database (C:\Users\chris\.stmcufinder\plugins\mcufinder\mcu\cube-finder-db.db)
2025-09-11 22:15:46,529 [INFO] ApiDb:668 - CubeFinder database Data Model version=2.1
2025-09-11 22:15:46,529 [INFO] ApiDb:669 - CubeFinder database Configuration version=3.0.39
2025-09-11 22:15:46,529 [INFO] ApiDb:670 - CubeFinder database generation date=2025-08-25 (1756130511)
2025-09-11 22:15:46,529 [INFO] ApiDb:671 - CubeFinder database FW Pack versions=[FP-ATR-ASTRA1_V2.0.0, FP-SNS-FLIGHT1_V5.1.0, FP-SNS-MOTENV1_V5.0.0, FP-SNS-MOTENVWB1_V1.4.0, FP-SNS-SMARTAG2_V1.2.0, FP-SNS-STBOX1_V2.1.0, STM32Cube_FW_C0_V1.4.0, STM32Cube_FW_F4_V1.28.3, STM32Cube_FW_F7_V1.17.4, STM32Cube_FW_G0_V1.6.2, STM32Cube_FW_G4_V1.6.1, STM32Cube_FW_H5_V1.5.0, STM32Cube_FW_H7RS_V1.2.0, STM32Cube_FW_H7_V1.12.1, STM32Cube_FW_L0_V1.12.2, STM32Cube_FW_L4_V1.18.1, STM32Cube_FW_L5_V1.5.1, STM32Cube_FW_N6_V1.2.0, STM32Cube_FW_U0_V1.3.0, STM32Cube_FW_U3_V1.2.0, STM32Cube_FW_U5_V1.8.0, STM32Cube_FW_WB0_V1.3.0, STM32Cube_FW_WBA_V1.7.0, STM32Cube_FW_WB_V1.23.0, STM32Cube_FW_WL3_V1.2.0, STM32Cube_FW_WL_V1.3.1, X-CUBE-ALGOBUILD_V1.4.0, X-CUBE-ALS_V1.0.2, X-CUBE-AZRTOS-F4_V1.1.0, X-CUBE-AZRTOS-F7_V1.1.0, X-CUBE-AZRTOS-G0_V1.1.0, X-CUBE-AZRTOS-G4_V2.0.0, X-CUBE-AZRTOS-H7RS_V1.1.0, X-CUBE-AZRTOS-H7_V3.4.0, X-CUBE-AZRTOS-L4_V2.0.0, X-CUBE-AZRTOS-L5_V2.0.0, X-CUBE-AZRTOS-WB_V2.0.0, X-CUBE-AZRTOS-WL_V2.0.0, X-CUBE-BLE1_V7.1.0, X-CUBE-BLE2_V3.3.0, X-CUBE-BLEMGR_V4.1.0, X-CUBE-EEPRMA1_V5.2.0, X-CUBE-FREERTOS_V1.3.1, X-CUBE-GNSS1_V6.0.0, X-CUBE-MEMS1_V11.3.0, X-CUBE-NFC4_V3.0.0, X-CUBE-NFC7_V2.0.0, X-CUBE-SFXS2LP1_V4.0.0, X-CUBE-ST67W61_V1.0.0, X-CUBE-SUBG2_V5.0.0, X-CUBE-TOF1_V3.4.3]
2025-09-11 22:15:48,893 [INFO] ApiDb:240 - Found 371 in-development CPN: [B-G473E-ZEST1S, B-WB1M-WPAN1, B-WL5M-SUBG1, NUCLEO-C031C6, NUCLEO-H503RB, NUCLEO-H563ZI, NUCLEO-U545RE-Q, NUCLEO-U5A5ZJ-Q, NUCLEO-WBA52CG, NUCLEO-WBA55CG, STEVAL-MKBOXPRO, STEVAL-PROTEUS1, STEVAL-STWINBX1, STM320518-EVAL, STM32C0116-DK, STM32C011D6Y3TR, STM32C011D6Y6TR, STM32C011F4P3, STM32C011F4P6, STM32C011F4U3, STM32C011F4U6TR, STM32C011F6P3, STM32C011F6P6, STM32C011F6U3, STM32C011F6U6TR, STM32C011J4M3, STM32C011J4M6, STM32C011J6M3, STM32C011J6M6, STM32C0316-DK, STM32C031C4T3, STM32C031C4T6, STM32C031C4U3, STM32C031C4U6, STM32C031C6T3, STM32C031C6T6, STM32C031C6U3, STM32C031C6U6, STM32C031F4P3, STM32C031F4P6, STM32C031F6P3, STM32C031F6P6, STM32C031G4U3, STM32C031G4U6, STM32C031G6U3, STM32C031G6U6, STM32C031K4T3, STM32C031K4T6, STM32C031K4U3, STM32C031K4U6, STM32C031K6T3, STM32C031K6T6, STM32C031K6U3, STM32C031K6U6, STM32G071K8TXN, STM32G071K8UXN, STM32G081GBU6N, STM32G081KBT6N, STM32G081KBUXN, STM32G0B1CCT6N, STM32G0B1KCT6, STM32G0B1NEY6TR, STM32G0B1RCT6N, STM32G0C1CCT6, STM32G0C1CCT6N, STM32G0C1CCU6N, STM32G0C1CET6N, STM32G0C1CEU6N, STM32G0C1KCT6, STM32G0C1NEY6TR, STM32G0C1RCI6N, STM32G0C1RCT6N, STM32G0C1REI6N, STM32G0C1RET6N, STM32G0C1VCI6, STM32G0C1VEI6, STM32G471CCT6, STM32G471CCU6, STM32G471CET3, STM32G471CET6, STM32G471CEU3, STM32G471CEU6, STM32G471MCT6, STM32G471MET3, STM32G471MET6, STM32G471MEY6TR, STM32G471QCT6, STM32G471QET3, STM32G471RCT6, STM32G471RET3, STM32G471RET6, STM32G471VCH6, STM32G471VCI6, STM32G471VCT6, STM32G471VEH3, STM32G471VEH6, STM32G471VEI3, STM32G471VEI6, STM32G471VET3, STM32G471VET6, STM32G474CCT6, STM32H503CBT6, STM32H503CBU6, STM32H503EBY6TR, STM32H503KBU6, STM32H503RBT6, STM32H562AGI6, STM32H562AII6, STM32H562IGK6, STM32H562IGT6, STM32H562IIK6, STM32H562IIT6, STM32H562RGT6, STM32H562RGV6, STM32H562RIT6, STM32H562RIV6, STM32H562VGT6, STM32H562VIT6, STM32H562ZGT6, STM32H562ZIT6, STM32H563AGI6, STM32H563AII3Q, STM32H563AII6, STM32H563IGK6, STM32H563IGT6, STM32H563IIK3Q, STM32H563IIK6, STM32H563IIT3Q, STM32H563IIT6, STM32H563MIY3QTR, STM32H563RGT6, STM32H563RGV6, STM32H563RIT6, STM32H563RIV6, STM32H563VGT6, STM32H563VIT3Q, STM32H563VIT6, STM32H563ZGT6, STM32H563ZIT3Q, STM32H563ZIT6, STM32H573AII3Q, STM32H573AII6, STM32H573I-DK, STM32H573IIK3Q, STM32H573IIK6, STM32H573IIT3Q, STM32H573IIT6, STM32H573MIY3QTR, STM32H573RIT6, STM32H573RIV6, STM32H573VIT3Q, STM32H573VIT6, STM32H573ZIT3Q, STM32H573ZIT6, STM32L4R5QGI6STR, STM32MP131AAE3, STM32MP131AAF3, STM32MP131AAG3, STM32MP131CAE3, STM32MP131CAF3, STM32MP131CAG3, STM32MP131DAE7, STM32MP131DAF7, STM32MP131DAG7, STM32MP131FAE7, STM32MP131FAF7, STM32MP131FAG7, STM32MP133AAE3, STM32MP133AAF3, STM32MP133AAG3, STM32MP133CAE3, STM32MP133CAF3, STM32MP133CAG3, STM32MP133DAE7, STM32MP133DAF7, STM32MP133DAG7, STM32MP133FAE7, STM32MP133FAF7, STM32MP133FAG7, STM32MP135AAE3, STM32MP135AAF3, STM32MP135AAG3, STM32MP135CAE3, STM32MP135CAF3, STM32MP135CAG3, STM32MP135DAE7, STM32MP135DAF7, STM32MP135DAG7, STM32MP135F-DK, STM32MP135FAE7, STM32MP135FAF7, STM32MP135FAF7T, STM32MP135FAF7U, STM32MP135FAG7, STM32U535CBT6, STM32U535CBT6Q, STM32U535CBU6, STM32U535CBU6Q, STM32U535CCT6, STM32U535CCT6Q, STM32U535CCU6, STM32U535CCU6Q, STM32U535CET6, STM32U535CET6Q, STM32U535CEU6, STM32U535CEU6Q, STM32U535JEY6QTR, STM32U535NCY6QTR, STM32U535NEY6QTR, STM32U535RBI6, STM32U535RBI6Q, STM32U535RBT6, STM32U535RBT6Q, STM32U535RCI6, STM32U535RCI6Q, STM32U535RCT6, STM32U535RCT6Q, STM32U535REI6, STM32U535REI6Q, STM32U535RET6, STM32U535RET6Q, STM32U535VCI6, STM32U535VCI6Q, STM32U535VCT6, STM32U535VCT6Q, STM32U535VEI6, STM32U535VEI6Q, STM32U535VET6, STM32U535VET6Q, STM32U545CET6, STM32U545CET6Q, STM32U545CEU6, STM32U545CEU6Q, STM32U545JEY6QTR, STM32U545NEY6QTR, STM32U545REI6, STM32U545REI6Q, STM32U545RET6, STM32U545RET6Q, STM32U545VEI6, STM32U545VEI6Q, STM32U545VET6, STM32U545VET6Q, STM32U595AIH6, STM32U595AIH6Q, STM32U595AJH6, STM32U595AJH6Q, STM32U595QII6, STM32U595QII6Q, STM32U595QJI6, STM32U595QJI6Q, STM32U595RIT6, STM32U595RIT6Q, STM32U595RJT6, STM32U595RJT6Q, STM32U595VIT6, STM32U595VIT6Q, STM32U595VJT6, STM32U595VJT6Q, STM32U595ZIT6, STM32U595ZIT6Q, STM32U595ZIY6QTR, STM32U595ZJT6, STM32U595ZJT6Q, STM32U595ZJY6QTR, STM32U599BJY6QTR, STM32U599NIH6Q, STM32U599NJH6Q, STM32U599VIT6Q, STM32U599VJT6, STM32U599VJT6Q, STM32U599ZIT6Q, STM32U599ZIY6QTR, STM32U599ZJT6Q, STM32U599ZJY6QTR, STM32U5A5AJH6, STM32U5A5AJH6Q, STM32U5A5QJI6, STM32U5A5QJI6Q, STM32U5A5RJT6, STM32U5A5RJT6Q, STM32U5A5VJT6, STM32U5A5VJT6Q, STM32U5A5ZJT6, STM32U5A5ZJT6Q, STM32U5A5ZJY6QTR, STM32U5A9BJY6QTR, STM32U5A9J-DK, STM32U5A9NJH6Q, STM32U5A9VJT6Q, STM32U5A9ZJT6Q, STM32U5A9ZJY6QTR, STM32U5F7VIT6, STM32U5F7VIT6Q, STM32U5F7VJT6, STM32U5F7VJT6Q, STM32U5F9BJY6QTR, STM32U5F9NJH6Q, STM32U5F9VIT6Q, STM32U5F9VJT6Q, STM32U5F9ZIJ6QTR, STM32U5F9ZIT6Q, STM32U5F9ZJJ6QTR, STM32U5F9ZJT6Q, STM32U5G7VJT6, STM32U5G7VJT6Q, STM32U5G9BJY6QTR, STM32U5G9J-DK1, STM32U5G9J-DK2, STM32U5G9NJH6Q, STM32U5G9VJT6Q, STM32U5G9ZJJ6QTR, STM32U5G9ZJT6Q, STM32WB1MMCH6, STM32WBA50KEU6, STM32WBA50KEU6TR, STM32WBA50KGU6, STM32WBA50KGU6TR, STM32WBA52CEU6, STM32WBA52CEU6TR, STM32WBA52CEU7, STM32WBA52CEU7TR, STM32WBA52CGU6, STM32WBA52CGU6TR, STM32WBA52CGU6U, STM32WBA52CGU7, STM32WBA52CGU7TR, STM32WBA52KEU6, STM32WBA52KEU6TR, STM32WBA52KGU6, STM32WBA52KGU6TR, STM32WBA54CEU6, STM32WBA54CEU6TR, STM32WBA54CEU7, STM32WBA54CEU7TR, STM32WBA54CGU6, STM32WBA54CGU6TR, STM32WBA54CGU7, STM32WBA54CGU7TR, STM32WBA54KEU6, STM32WBA54KEU6TR, STM32WBA54KEU7, STM32WBA54KEU7TR, STM32WBA54KGU6, STM32WBA54KGU6TR, STM32WBA54KGU7, STM32WBA54KGU7TR, STM32WBA55CEU6, STM32WBA55CEU6TR, STM32WBA55CEU7, STM32WBA55CEU7TR, STM32WBA55CGU6, STM32WBA55CGU6TR, STM32WBA55CGU6U, STM32WBA55CGU7, STM32WBA55CGU7TR, STM32WBA55G-DK1, STM32WBA55HEF6, STM32WBA55HEF7, STM32WBA55HGF6, STM32WBA55HGF7, STM32WBA55UEI6, STM32WBA55UEI6TR, STM32WBA55UEI7, STM32WBA55UEI7TR, STM32WBA55UGI6, STM32WBA55UGI6TR, STM32WBA55UGI7, STM32WBA55UGI7TR, STM32WL5MOCH6, STM32WL5MOCH6TR]
2025-09-11 22:15:48,899 [INFO] DbMcus:218 - Found 4733 MCUs, 4733 are supported
2025-09-11 22:15:48,899 [INFO] ApiDb:423 - Load user favorites file C:\Users\chris/.stm32cubeide/favorites.mcus.txt: 0 item(s)
2025-09-11 22:15:48,899 [INFO] ApiDb:427 - User favorites MCUs=[]
2025-09-11 22:15:48,899 [INFO] DbMcus:224 - Set 0 / 0 favorites MCUs
2025-09-11 22:15:49,251 [INFO] LoadUrlFilesThread:185 - End of LoadServerUrlFiles without Thread
2025-09-11 22:15:49,251 [INFO] TargetSelectorAdapter:259 - Refresh data is successful
2025-09-11 22:15:49,264 [INFO] ApiDb:668 - CubeFinder database Data Model version=2.1
2025-09-11 22:15:49,264 [INFO] ApiDb:669 - CubeFinder database Configuration version=3.0.39
2025-09-11 22:15:49,264 [INFO] ApiDb:670 - CubeFinder database generation date=2025-08-25 (1756130511)
2025-09-11 22:15:49,264 [INFO] ApiDb:671 - CubeFinder database FW Pack versions=[FP-ATR-ASTRA1_V2.0.0, FP-SNS-FLIGHT1_V5.1.0, FP-SNS-MOTENV1_V5.0.0, FP-SNS-MOTENVWB1_V1.4.0, FP-SNS-SMARTAG2_V1.2.0, FP-SNS-STBOX1_V2.1.0, STM32Cube_FW_C0_V1.4.0, STM32Cube_FW_F4_V1.28.3, STM32Cube_FW_F7_V1.17.4, STM32Cube_FW_G0_V1.6.2, STM32Cube_FW_G4_V1.6.1, STM32Cube_FW_H5_V1.5.0, STM32Cube_FW_H7RS_V1.2.0, STM32Cube_FW_H7_V1.12.1, STM32Cube_FW_L0_V1.12.2, STM32Cube_FW_L4_V1.18.1, STM32Cube_FW_L5_V1.5.1, STM32Cube_FW_N6_V1.2.0, STM32Cube_FW_U0_V1.3.0, STM32Cube_FW_U3_V1.2.0, STM32Cube_FW_U5_V1.8.0, STM32Cube_FW_WB0_V1.3.0, STM32Cube_FW_WBA_V1.7.0, STM32Cube_FW_WB_V1.23.0, STM32Cube_FW_WL3_V1.2.0, STM32Cube_FW_WL_V1.3.1, X-CUBE-ALGOBUILD_V1.4.0, X-CUBE-ALS_V1.0.2, X-CUBE-AZRTOS-F4_V1.1.0, X-CUBE-AZRTOS-F7_V1.1.0, X-CUBE-AZRTOS-G0_V1.1.0, X-CUBE-AZRTOS-G4_V2.0.0, X-CUBE-AZRTOS-H7RS_V1.1.0, X-CUBE-AZRTOS-H7_V3.4.0, X-CUBE-AZRTOS-L4_V2.0.0, X-CUBE-AZRTOS-L5_V2.0.0, X-CUBE-AZRTOS-WB_V2.0.0, X-CUBE-AZRTOS-WL_V2.0.0, X-CUBE-BLE1_V7.1.0, X-CUBE-BLE2_V3.3.0, X-CUBE-BLEMGR_V4.1.0, X-CUBE-EEPRMA1_V5.2.0, X-CUBE-FREERTOS_V1.3.1, X-CUBE-GNSS1_V6.0.0, X-CUBE-MEMS1_V11.3.0, X-CUBE-NFC4_V3.0.0, X-CUBE-NFC7_V2.0.0, X-CUBE-SFXS2LP1_V4.0.0, X-CUBE-ST67W61_V1.0.0, X-CUBE-SUBG2_V5.0.0, X-CUBE-TOF1_V3.4.3]
2025-09-11 22:15:49,318 [INFO] DbBoardsSqlite:226 - include board P-NUCLEO-WB55-NUCLEO as a kit item of type 'Nucleo-64'
2025-09-11 22:15:49,318 [INFO] DbBoardsSqlite:226 - include board P-NUCLEO-WB55-USBDONGLE as a kit item of type 'Nucleo USB Dongle'
2025-09-11 22:15:49,318 [INFO] DbBoardsSqlite:226 - include board STEVAL-IDP005V1 as a kit item of type 'Evaluation Board'
2025-09-11 22:15:49,319 [INFO] DbBoardsSqlite:226 - include board STEVAL-IDP005V2 as a kit item of type 'Evaluation Board'
2025-09-11 22:15:49,377 [INFO] ApiDb:240 - Found 371 in-development CPN: [B-G473E-ZEST1S, B-WB1M-WPAN1, B-WL5M-SUBG1, NUCLEO-C031C6, NUCLEO-H503RB, NUCLEO-H563ZI, NUCLEO-U545RE-Q, NUCLEO-U5A5ZJ-Q, NUCLEO-WBA52CG, NUCLEO-WBA55CG, STEVAL-MKBOXPRO, STEVAL-PROTEUS1, STEVAL-STWINBX1, STM320518-EVAL, STM32C0116-DK, STM32C011D6Y3TR, STM32C011D6Y6TR, STM32C011F4P3, STM32C011F4P6, STM32C011F4U3, STM32C011F4U6TR, STM32C011F6P3, STM32C011F6P6, STM32C011F6U3, STM32C011F6U6TR, STM32C011J4M3, STM32C011J4M6, STM32C011J6M3, STM32C011J6M6, STM32C0316-DK, STM32C031C4T3, STM32C031C4T6, STM32C031C4U3, STM32C031C4U6, STM32C031C6T3, STM32C031C6T6, STM32C031C6U3, STM32C031C6U6, STM32C031F4P3, STM32C031F4P6, STM32C031F6P3, STM32C031F6P6, STM32C031G4U3, STM32C031G4U6, STM32C031G6U3, STM32C031G6U6, STM32C031K4T3, STM32C031K4T6, STM32C031K4U3, STM32C031K4U6, STM32C031K6T3, STM32C031K6T6, STM32C031K6U3, STM32C031K6U6, STM32G071K8TXN, STM32G071K8UXN, STM32G081GBU6N, STM32G081KBT6N, STM32G081KBUXN, STM32G0B1CCT6N, STM32G0B1KCT6, STM32G0B1NEY6TR, STM32G0B1RCT6N, STM32G0C1CCT6, STM32G0C1CCT6N, STM32G0C1CCU6N, STM32G0C1CET6N, STM32G0C1CEU6N, STM32G0C1KCT6, STM32G0C1NEY6TR, STM32G0C1RCI6N, STM32G0C1RCT6N, STM32G0C1REI6N, STM32G0C1RET6N, STM32G0C1VCI6, STM32G0C1VEI6, STM32G471CCT6, STM32G471CCU6, STM32G471CET3, STM32G471CET6, STM32G471CEU3, STM32G471CEU6, STM32G471MCT6, STM32G471MET3, STM32G471MET6, STM32G471MEY6TR, STM32G471QCT6, STM32G471QET3, STM32G471RCT6, STM32G471RET3, STM32G471RET6, STM32G471VCH6, STM32G471VCI6, STM32G471VCT6, STM32G471VEH3, STM32G471VEH6, STM32G471VEI3, STM32G471VEI6, STM32G471VET3, STM32G471VET6, STM32G474CCT6, STM32H503CBT6, STM32H503CBU6, STM32H503EBY6TR, STM32H503KBU6, STM32H503RBT6, STM32H562AGI6, STM32H562AII6, STM32H562IGK6, STM32H562IGT6, STM32H562IIK6, STM32H562IIT6, STM32H562RGT6, STM32H562RGV6, STM32H562RIT6, STM32H562RIV6, STM32H562VGT6, STM32H562VIT6, STM32H562ZGT6, STM32H562ZIT6, STM32H563AGI6, STM32H563AII3Q, STM32H563AII6, STM32H563IGK6, STM32H563IGT6, STM32H563IIK3Q, STM32H563IIK6, STM32H563IIT3Q, STM32H563IIT6, STM32H563MIY3QTR, STM32H563RGT6, STM32H563RGV6, STM32H563RIT6, STM32H563RIV6, STM32H563VGT6, STM32H563VIT3Q, STM32H563VIT6, STM32H563ZGT6, STM32H563ZIT3Q, STM32H563ZIT6, STM32H573AII3Q, STM32H573AII6, STM32H573I-DK, STM32H573IIK3Q, STM32H573IIK6, STM32H573IIT3Q, STM32H573IIT6, STM32H573MIY3QTR, STM32H573RIT6, STM32H573RIV6, STM32H573VIT3Q, STM32H573VIT6, STM32H573ZIT3Q, STM32H573ZIT6, STM32L4R5QGI6STR, STM32MP131AAE3, STM32MP131AAF3, STM32MP131AAG3, STM32MP131CAE3, STM32MP131CAF3, STM32MP131CAG3, STM32MP131DAE7, STM32MP131DAF7, STM32MP131DAG7, STM32MP131FAE7, STM32MP131FAF7, STM32MP131FAG7, STM32MP133AAE3, STM32MP133AAF3, STM32MP133AAG3, STM32MP133CAE3, STM32MP133CAF3, STM32MP133CAG3, STM32MP133DAE7, STM32MP133DAF7, STM32MP133DAG7, STM32MP133FAE7, STM32MP133FAF7, STM32MP133FAG7, STM32MP135AAE3, STM32MP135AAF3, STM32MP135AAG3, STM32MP135CAE3, STM32MP135CAF3, STM32MP135CAG3, STM32MP135DAE7, STM32MP135DAF7, STM32MP135DAG7, STM32MP135F-DK, STM32MP135FAE7, STM32MP135FAF7, STM32MP135FAF7T, STM32MP135FAF7U, STM32MP135FAG7, STM32U535CBT6, STM32U535CBT6Q, STM32U535CBU6, STM32U535CBU6Q, STM32U535CCT6, STM32U535CCT6Q, STM32U535CCU6, STM32U535CCU6Q, STM32U535CET6, STM32U535CET6Q, STM32U535CEU6, STM32U535CEU6Q, STM32U535JEY6QTR, STM32U535NCY6QTR, STM32U535NEY6QTR, STM32U535RBI6, STM32U535RBI6Q, STM32U535RBT6, STM32U535RBT6Q, STM32U535RCI6, STM32U535RCI6Q, STM32U535RCT6, STM32U535RCT6Q, STM32U535REI6, STM32U535REI6Q, STM32U535RET6, STM32U535RET6Q, STM32U535VCI6, STM32U535VCI6Q, STM32U535VCT6, STM32U535VCT6Q, STM32U535VEI6, STM32U535VEI6Q, STM32U535VET6, STM32U535VET6Q, STM32U545CET6, STM32U545CET6Q, STM32U545CEU6, STM32U545CEU6Q, STM32U545JEY6QTR, STM32U545NEY6QTR, STM32U545REI6, STM32U545REI6Q, STM32U545RET6, STM32U545RET6Q, STM32U545VEI6, STM32U545VEI6Q, STM32U545VET6, STM32U545VET6Q, STM32U595AIH6, STM32U595AIH6Q, STM32U595AJH6, STM32U595AJH6Q, STM32U595QII6, STM32U595QII6Q, STM32U595QJI6, STM32U595QJI6Q, STM32U595RIT6, STM32U595RIT6Q, STM32U595RJT6, STM32U595RJT6Q, STM32U595VIT6, STM32U595VIT6Q, STM32U595VJT6, STM32U595VJT6Q, STM32U595ZIT6, STM32U595ZIT6Q, STM32U595ZIY6QTR, STM32U595ZJT6, STM32U595ZJT6Q, STM32U595ZJY6QTR, STM32U599BJY6QTR, STM32U599NIH6Q, STM32U599NJH6Q, STM32U599VIT6Q, STM32U599VJT6, STM32U599VJT6Q, STM32U599ZIT6Q, STM32U599ZIY6QTR, STM32U599ZJT6Q, STM32U599ZJY6QTR, STM32U5A5AJH6, STM32U5A5AJH6Q, STM32U5A5QJI6, STM32U5A5QJI6Q, STM32U5A5RJT6, STM32U5A5RJT6Q, STM32U5A5VJT6, STM32U5A5VJT6Q, STM32U5A5ZJT6, STM32U5A5ZJT6Q, STM32U5A5ZJY6QTR, STM32U5A9BJY6QTR, STM32U5A9J-DK, STM32U5A9NJH6Q, STM32U5A9VJT6Q, STM32U5A9ZJT6Q, STM32U5A9ZJY6QTR, STM32U5F7VIT6, STM32U5F7VIT6Q, STM32U5F7VJT6, STM32U5F7VJT6Q, STM32U5F9BJY6QTR, STM32U5F9NJH6Q, STM32U5F9VIT6Q, STM32U5F9VJT6Q, STM32U5F9ZIJ6QTR, STM32U5F9ZIT6Q, STM32U5F9ZJJ6QTR, STM32U5F9ZJT6Q, STM32U5G7VJT6, STM32U5G7VJT6Q, STM32U5G9BJY6QTR, STM32U5G9J-DK1, STM32U5G9J-DK2, STM32U5G9NJH6Q, STM32U5G9VJT6Q, STM32U5G9ZJJ6QTR, STM32U5G9ZJT6Q, STM32WB1MMCH6, STM32WBA50KEU6, STM32WBA50KEU6TR, STM32WBA50KGU6, STM32WBA50KGU6TR, STM32WBA52CEU6, STM32WBA52CEU6TR, STM32WBA52CEU7, STM32WBA52CEU7TR, STM32WBA52CGU6, STM32WBA52CGU6TR, STM32WBA52CGU6U, STM32WBA52CGU7, STM32WBA52CGU7TR, STM32WBA52KEU6, STM32WBA52KEU6TR, STM32WBA52KGU6, STM32WBA52KGU6TR, STM32WBA54CEU6, STM32WBA54CEU6TR, STM32WBA54CEU7, STM32WBA54CEU7TR, STM32WBA54CGU6, STM32WBA54CGU6TR, STM32WBA54CGU7, STM32WBA54CGU7TR, STM32WBA54KEU6, STM32WBA54KEU6TR, STM32WBA54KEU7, STM32WBA54KEU7TR, STM32WBA54KGU6, STM32WBA54KGU6TR, STM32WBA54KGU7, STM32WBA54KGU7TR, STM32WBA55CEU6, STM32WBA55CEU6TR, STM32WBA55CEU7, STM32WBA55CEU7TR, STM32WBA55CGU6, STM32WBA55CGU6TR, STM32WBA55CGU6U, STM32WBA55CGU7, STM32WBA55CGU7TR, STM32WBA55G-DK1, STM32WBA55HEF6, STM32WBA55HEF7, STM32WBA55HGF6, STM32WBA55HGF7, STM32WBA55UEI6, STM32WBA55UEI6TR, STM32WBA55UEI7, STM32WBA55UEI7TR, STM32WBA55UGI6, STM32WBA55UGI6TR, STM32WBA55UGI7, STM32WBA55UGI7TR, STM32WL5MOCH6, STM32WL5MOCH6TR]
2025-09-11 22:15:49,406 [INFO] BoardInfo:889 - No configuration file found for board B-WBA5M-WPAN
2025-09-11 22:15:49,407 [INFO] DbBoards:161 - Board is not supported: B-WBA5M-WPAN
2025-09-11 22:15:49,410 [INFO] BoardInfo:889 - No configuration file found for board NUCLEO-C051C8
2025-09-11 22:15:49,410 [INFO] DbBoards:161 - Board is not supported: NUCLEO-C051C8
2025-09-11 22:15:49,411 [INFO] BoardInfo:889 - No configuration file found for board NUCLEO-C071RB
2025-09-11 22:15:49,411 [INFO] DbBoards:161 - Board is not supported: NUCLEO-C071RB
2025-09-11 22:15:49,412 [INFO] BoardInfo:889 - No configuration file found for board NUCLEO-C092RC
2025-09-11 22:15:49,412 [INFO] DbBoards:161 - Board is not supported: NUCLEO-C092RC
2025-09-11 22:15:49,449 [INFO] BoardInfo:889 - No configuration file found for board NUCLEO-H533RE
2025-09-11 22:15:49,449 [INFO] DbBoards:161 - Board is not supported: NUCLEO-H533RE
2025-09-11 22:15:49,458 [INFO] BoardInfo:889 - No configuration file found for board NUCLEO-H7S3L8
2025-09-11 22:15:49,458 [INFO] DbBoards:161 - Board is not supported: NUCLEO-H7S3L8
2025-09-11 22:15:49,480 [INFO] BoardInfo:889 - No configuration file found for board NUCLEO-N657X0-Q
2025-09-11 22:15:49,480 [INFO] DbBoards:161 - Board is not supported: NUCLEO-N657X0-Q
2025-09-11 22:15:49,481 [INFO] BoardInfo:889 - No configuration file found for board NUCLEO-U031R8
2025-09-11 22:15:49,481 [INFO] DbBoards:161 - Board is not supported: NUCLEO-U031R8
2025-09-11 22:15:49,482 [INFO] BoardInfo:889 - No configuration file found for board NUCLEO-U083RC
2025-09-11 22:15:49,482 [INFO] DbBoards:161 - Board is not supported: NUCLEO-U083RC
2025-09-11 22:15:49,483 [INFO] BoardInfo:889 - No configuration file found for board NUCLEO-U385RG-Q
2025-09-11 22:15:49,483 [INFO] DbBoards:161 - Board is not supported: NUCLEO-U385RG-Q
2025-09-11 22:15:49,486 [INFO] BoardInfo:889 - No configuration file found for board NUCLEO-WB05KZ
2025-09-11 22:15:49,487 [INFO] DbBoards:161 - Board is not supported: NUCLEO-WB05KZ
2025-09-11 22:15:49,487 [INFO] BoardInfo:889 - No configuration file found for board NUCLEO-WB07CC
2025-09-11 22:15:49,487 [INFO] DbBoards:161 - Board is not supported: NUCLEO-WB07CC
2025-09-11 22:15:49,490 [INFO] BoardInfo:889 - No configuration file found for board NUCLEO-WB09KE
2025-09-11 22:15:49,490 [INFO] DbBoards:161 - Board is not supported: NUCLEO-WB09KE
2025-09-11 22:15:49,496 [INFO] BoardInfo:889 - No configuration file found for board NUCLEO-WBA65RI
2025-09-11 22:15:49,496 [INFO] DbBoards:161 - Board is not supported: NUCLEO-WBA65RI
2025-09-11 22:15:49,496 [INFO] BoardInfo:889 - No configuration file found for board NUCLEO-WL33CC1
2025-09-11 22:15:49,497 [INFO] DbBoards:161 - Board is not supported: NUCLEO-WL33CC1
2025-09-11 22:15:49,498 [INFO] BoardInfo:889 - No configuration file found for board NUCLEO-WL33CC2
2025-09-11 22:15:49,498 [INFO] DbBoards:161 - Board is not supported: NUCLEO-WL33CC2
2025-09-11 22:15:49,503 [INFO] BoardInfo:889 - No configuration file found for board P-NUCLEO-WB55
2025-09-11 22:15:49,503 [INFO] DbBoards:161 - Kit is not supported: P-NUCLEO-WB55
2025-09-11 22:15:49,508 [INFO] BoardInfo:889 - No configuration file found for board STEVAL-BFA001V1B
2025-09-11 22:15:49,508 [INFO] DbBoards:161 - Kit is not supported: STEVAL-BFA001V1B
2025-09-11 22:15:49,510 [INFO] BoardInfo:889 - No configuration file found for board STEVAL-BFA001V2B
2025-09-11 22:15:49,510 [INFO] DbBoards:161 - Kit is not supported: STEVAL-BFA001V2B
2025-09-11 22:15:49,593 [INFO] BoardInfo:889 - No configuration file found for board STM32H7S78-DK
2025-09-11 22:15:49,593 [INFO] DbBoards:161 - Board is not supported: STM32H7S78-DK
2025-09-11 22:15:49,614 [INFO] BoardInfo:889 - No configuration file found for board STM32MP257F-DK
2025-09-11 22:15:49,614 [INFO] DbBoards:161 - Board is not supported: STM32MP257F-DK
2025-09-11 22:15:49,615 [INFO] BoardInfo:889 - No configuration file found for board STM32MP257F-EV1
2025-09-11 22:15:49,616 [INFO] DbBoards:161 - Board is not supported: STM32MP257F-EV1
2025-09-11 22:15:49,616 [INFO] BoardInfo:889 - No configuration file found for board STM32N6570-DK
2025-09-11 22:15:49,617 [INFO] DbBoards:161 - Board is not supported: STM32N6570-DK
2025-09-11 22:15:49,617 [INFO] BoardInfo:889 - No configuration file found for board STM32U083C-DK
2025-09-11 22:15:49,618 [INFO] DbBoards:161 - Board is not supported: STM32U083C-DK
2025-09-11 22:15:49,633 [INFO] BoardInfo:889 - No configuration file found for board STM32WBA65I-DK1
2025-09-11 22:15:49,633 [INFO] DbBoards:161 - Board is not supported: STM32WBA65I-DK1
2025-09-11 22:15:49,633 [INFO] DbBoards:168 - Found 211 boards, 186 are supported
2025-09-11 22:15:49,633 [INFO] DbBoards:169 - Found 211 boards, 3 of them is supported for  Bsp
2025-09-11 22:15:49,636 [INFO] ApiDb:423 - Load user favorites file C:\Users\chris/.stm32cubeide/favorites.boards.txt: 0 item(s)
2025-09-11 22:15:49,636 [INFO] ApiDb:427 - User favorites Boards=[]
2025-09-11 22:15:49,636 [INFO] DbBoards:198 - Set 0 / 0 favorites Boards
2025-09-11 22:15:49,639 [INFO] ApiDb:668 - CubeFinder database Data Model version=2.1
2025-09-11 22:15:49,639 [INFO] ApiDb:669 - CubeFinder database Configuration version=3.0.39
2025-09-11 22:15:49,639 [INFO] ApiDb:670 - CubeFinder database generation date=2025-08-25 (1756130511)
2025-09-11 22:15:49,640 [INFO] ApiDb:671 - CubeFinder database FW Pack versions=[FP-ATR-ASTRA1_V2.0.0, FP-SNS-FLIGHT1_V5.1.0, FP-SNS-MOTENV1_V5.0.0, FP-SNS-MOTENVWB1_V1.4.0, FP-SNS-SMARTAG2_V1.2.0, FP-SNS-STBOX1_V2.1.0, STM32Cube_FW_C0_V1.4.0, STM32Cube_FW_F4_V1.28.3, STM32Cube_FW_F7_V1.17.4, STM32Cube_FW_G0_V1.6.2, STM32Cube_FW_G4_V1.6.1, STM32Cube_FW_H5_V1.5.0, STM32Cube_FW_H7RS_V1.2.0, STM32Cube_FW_H7_V1.12.1, STM32Cube_FW_L0_V1.12.2, STM32Cube_FW_L4_V1.18.1, STM32Cube_FW_L5_V1.5.1, STM32Cube_FW_N6_V1.2.0, STM32Cube_FW_U0_V1.3.0, STM32Cube_FW_U3_V1.2.0, STM32Cube_FW_U5_V1.8.0, STM32Cube_FW_WB0_V1.3.0, STM32Cube_FW_WBA_V1.7.0, STM32Cube_FW_WB_V1.23.0, STM32Cube_FW_WL3_V1.2.0, STM32Cube_FW_WL_V1.3.1, X-CUBE-ALGOBUILD_V1.4.0, X-CUBE-ALS_V1.0.2, X-CUBE-AZRTOS-F4_V1.1.0, X-CUBE-AZRTOS-F7_V1.1.0, X-CUBE-AZRTOS-G0_V1.1.0, X-CUBE-AZRTOS-G4_V2.0.0, X-CUBE-AZRTOS-H7RS_V1.1.0, X-CUBE-AZRTOS-H7_V3.4.0, X-CUBE-AZRTOS-L4_V2.0.0, X-CUBE-AZRTOS-L5_V2.0.0, X-CUBE-AZRTOS-WB_V2.0.0, X-CUBE-AZRTOS-WL_V2.0.0, X-CUBE-BLE1_V7.1.0, X-CUBE-BLE2_V3.3.0, X-CUBE-BLEMGR_V4.1.0, X-CUBE-EEPRMA1_V5.2.0, X-CUBE-FREERTOS_V1.3.1, X-CUBE-GNSS1_V6.0.0, X-CUBE-MEMS1_V11.3.0, X-CUBE-NFC4_V3.0.0, X-CUBE-NFC7_V2.0.0, X-CUBE-SFXS2LP1_V4.0.0, X-CUBE-ST67W61_V1.0.0, X-CUBE-SUBG2_V5.0.0, X-CUBE-TOF1_V3.4.3]
2025-09-11 22:15:50,361 [ERROR] DbExamplesSqlite:437 - Missing JSON key: board_cpn
2025-09-11 22:15:50,361 [ERROR] DbExamplesSqlite:437 - Missing JSON key: board_cpn
2025-09-11 22:15:50,361 [ERROR] DbExamplesSqlite:437 - Missing JSON key: board_cpn
2025-09-11 22:15:50,361 [ERROR] DbExamplesSqlite:437 - Missing JSON key: board_cpn
2025-09-11 22:15:50,643 [ERROR] DbExamplesSqlite:437 - Missing JSON key: board_cpn
2025-09-11 22:15:50,643 [ERROR] DbExamplesSqlite:437 - Missing JSON key: board_cpn
2025-09-11 22:15:50,645 [INFO] DbExamplesSqlite:395 - Ignored 33 examples not supported by CubeIDE
2025-09-11 22:15:50,645 [INFO] DbExamplesSqlite:396 - Found 10871 examples active
2025-09-11 22:15:50,645 [INFO] DbExamplesSqlite:397 - Found 0 examples obsolete
2025-09-11 22:15:50,645 [INFO] DbExamplesSqlite:398 - Found 0 examples under development
2025-09-11 22:15:50,645 [INFO] DbExamplesSqlite:399 - Found 65 examples not building
2025-09-11 22:15:50,648 [INFO] DbExamples:125 - Found 10903 examples
2025-09-11 22:15:50,663 [INFO] DbExamples:222 - Found 134 boards with related examples
2025-09-11 22:15:50,665 [INFO] DbExamples:235 - Found 111 MCUs with related examples
2025-09-11 22:15:50,686 [INFO] ApiDb:423 - Load user favorites file C:\Users\chris/.stm32cubeide/favorites.examples.txt: 0 item(s)
2025-09-11 22:15:50,686 [INFO] ApiDb:427 - User favorites Examples=[]
2025-09-11 22:15:50,686 [INFO] DbExamples:250 - Set 0 / 0 favorites Examples
2025-09-11 22:15:51,019 [INFO] McuFinderGlobals:76 - Set McuFinderConnectedMode to true
2025-09-11 22:15:51,032 [INFO] MultiScanPanel:200 - Auto-refresh data requested => check proxy status ongoing
2025-09-11 22:15:51,038 [INFO] FinderPluginLoader:95 - Searching for filters in installed packs
2025-09-11 22:15:52,418 [INFO] LoadUrlFilesThread:185 - End of LoadServerUrlFiles without Thread
2025-09-11 22:15:52,525 [INFO] DetailPanel:341 - Set advertising image to C:/Users/chris/STM32Cube/Repository/\en.2400x1350px.jpeg
2025-09-11 22:15:53,260 [INFO] MultiScanPanel:728 - adjusting invalid saved split location: -0.11
2025-09-11 22:15:53,717 [INFO] MultiScanPanel:728 - adjusting invalid saved split location: -0.11
2025-09-11 22:25:45,796 [INFO] MainUpdater:2873 - connection check result : 10
2025-09-11 22:25:45,796 [INFO] MainUpdater:2873 - connection check result : 10
2025-09-11 22:25:54,106 [INFO] MicroXplorer:468 - Change Database Path : 
2025-09-11 22:25:54,106 [INFO] MicroXplorer:498 - Change Database Version : DB.6.0.100
2025-09-11 22:25:54,122 [ERROR] ProjectManagerView:394 - 
java.lang.NullPointerException: Cannot invoke "javax.swing.JTextField.getText()" because the return value of "java.util.List.get(int)" is null
	at com.st.microxplorer.plugins.projectmanager.gui.ProjectChoiceTab$10.caretUpdate(ProjectChoiceTab.java:2493) ~[filemanager.jar:?]
	at javax.swing.text.JTextComponent.fireCaretUpdate(JTextComponent.java:412) ~[?:?]
	at javax.swing.text.JTextComponent$MutableCaretEvent.fire(JTextComponent.java:4491) ~[?:?]
	at javax.swing.text.JTextComponent$MutableCaretEvent.stateChanged(JTextComponent.java:4513) ~[?:?]
	at javax.swing.text.DefaultCaret.fireStateChanged(DefaultCaret.java:842) ~[?:?]
	at javax.swing.text.DefaultCaret.changeCaretPosition(DefaultCaret.java:1313) ~[?:?]
	at javax.swing.text.DefaultCaret.handleSetDot(DefaultCaret.java:1212) ~[?:?]
	at javax.swing.text.DefaultCaret.setDot(DefaultCaret.java:1193) ~[?:?]
	at javax.swing.text.DefaultCaret$Handler.insertUpdate(DefaultCaret.java:1789) ~[?:?]
	at javax.swing.text.AbstractDocument.fireInsertUpdate(AbstractDocument.java:226) ~[?:?]
	at javax.swing.text.AbstractDocument.handleInsertString(AbstractDocument.java:780) ~[?:?]
	at javax.swing.text.AbstractDocument.insertString(AbstractDocument.java:739) ~[?:?]
	at javax.swing.text.PlainDocument.insertString(PlainDocument.java:131) ~[?:?]
	at javax.swing.text.AbstractDocument.replace(AbstractDocument.java:698) ~[?:?]
	at javax.swing.text.JTextComponent.setText(JTextComponent.java:1729) ~[?:?]
	at com.st.microxplorer.plugins.projectmanager.gui.ProjectChoiceTab.createHeapStackFields(ProjectChoiceTab.java:933) ~[filemanager.jar:?]
	at com.st.microxplorer.plugins.projectmanager.gui.ProjectChoiceTab.buildLinkSettingsPanel(ProjectChoiceTab.java:3426) ~[filemanager.jar:?]
	at com.st.microxplorer.plugins.projectmanager.gui.ProjectChoiceTab.defineWindowsFields(ProjectChoiceTab.java:1813) ~[filemanager.jar:?]
	at com.st.microxplorer.plugins.projectmanager.gui.ProjectChoiceTab.updateSettings(ProjectChoiceTab.java:533) ~[filemanager.jar:?]
	at com.st.microxplorer.plugins.projectmanager.gui.ProjectSettingsPanel.UpdateDialog(ProjectSettingsPanel.java:244) ~[filemanager.jar:?]
	at com.st.microxplorer.plugins.projectmanager.ProjectManagerView.propertyChange(ProjectManagerView.java:391) ~[filemanager.jar:?]
	at java.beans.PropertyChangeSupport.fire(PropertyChangeSupport.java:343) ~[?:?]
	at java.beans.PropertyChangeSupport.firePropertyChange(PropertyChangeSupport.java:335) ~[?:?]
	at java.beans.PropertyChangeSupport.firePropertyChange(PropertyChangeSupport.java:268) ~[?:?]
	at com.st.microxplorer.util.MXPropertyChangeSupport.firePropertyChange(MXPropertyChangeSupport.java:54) ~[STM32CubeMX.jar:?]
	at com.st.microxplorer.mxsystem.MxSystem.closeConfig(MxSystem.java:900) ~[STM32CubeMX.jar:?]
	at com.st.microxplorer.maingui.MainPanel.closeConfig(MainPanel.java:776) ~[STM32CubeMX.jar:?]
	at com.st.microxplorer.plugins.filemanager.engine.OpenFileManager.loadConfigurationFile(OpenFileManager.java:245) ~[filemanager.jar:?]
	at com.st.microxplorer.plugins.filemanager.engine.MainFileManager.userLoadConfig(MainFileManager.java:290) ~[filemanager.jar:?]
	at com.st.microxplorer.plugins.filemanager.FileManagerView.getSpecificTask(FileManagerView.java:247) ~[filemanager.jar:?]
	at com.st.stm32cube.common.mx.editor.CubeMxEditor.getMxTabbedPaneInstance(CubeMxEditor.java:1184) ~[com.st.stm32cube.common.mx_6.10.0.202311202037/:?]
	at com.st.stm32cube.common.mx.editor.CubeMxEditor$12$1.createSwingComponent(CubeMxEditor.java:1065) ~[com.st.stm32cube.common.mx_6.10.0.202311202037/:?]
	at com.st.stm32cube.common.mx.oss.core.awtswtbridge.EmbeddedSwingComposite.doComponentCreation(EmbeddedSwingComposite.java:492) ~[com.st.stm32cube.common.mx.oss_6.10.0.202311202037/:?]
	at com.st.stm32cube.common.mx.oss.core.awtswtbridge.EmbeddedSwingComposite$4.run(EmbeddedSwingComposite.java:291) ~[com.st.stm32cube.common.mx.oss_6.10.0.202311202037/:?]
	at com.st.stm32cube.common.mx.oss.core.awtswtbridge.AwtEnvironment$2.run(AwtEnvironment.java:166) ~[com.st.stm32cube.common.mx.oss_6.10.0.202311202037/:?]
	at java.awt.event.InvocationEvent.dispatch(InvocationEvent.java:318) ~[?:?]
	at java.awt.EventQueue.dispatchEventImpl(EventQueue.java:773) ~[?:?]
	at java.awt.EventQueue$4.run(EventQueue.java:720) ~[?:?]
	at java.awt.EventQueue$4.run(EventQueue.java:714) ~[?:?]
	at java.security.AccessController.doPrivileged(AccessController.java:399) ~[?:?]
	at java.security.ProtectionDomain$JavaSecurityAccessImpl.doIntersectionPrivilege(ProtectionDomain.java:86) ~[?:?]
	at java.awt.EventQueue.dispatchEvent(EventQueue.java:742) ~[?:?]
	at java.awt.EventDispatchThread.pumpOneEventForFilters(EventDispatchThread.java:203) ~[?:?]
	at java.awt.EventDispatchThread.pumpEventsForFilter(EventDispatchThread.java:124) ~[?:?]
	at java.awt.EventDispatchThread.pumpEventsForHierarchy(EventDispatchThread.java:113) ~[?:?]
	at java.awt.EventDispatchThread.pumpEvents(EventDispatchThread.java:109) ~[?:?]
	at java.awt.EventDispatchThread.pumpEvents(EventDispatchThread.java:101) ~[?:?]
	at java.awt.EventDispatchThread.run(EventDispatchThread.java:90) ~[?:?]
2025-09-11 22:25:54,129 [WARN] ThirdParty:871 - waiting for thirdparty lock release [close project]
2025-09-11 22:25:54,129 [INFO] ThirdParty:873 - entering critical section [close project]
2025-09-11 22:25:54,129 [INFO] ThirdParty:883 - exiting critical section [close project]
2025-09-11 22:25:54,133 [INFO] PinOutPanel:1499 - setPackage(No Configuration,No Configuration)
2025-09-11 22:25:54,140 [WARN] IpParametersView:151 - Warning: This peripheral hasn't parameters
2025-09-11 22:25:54,145 [WARN] MainPanel:272 - <html><b><center>Warning: This peripheral has no parameters to be configured<br></b></html>
2025-09-11 22:25:54,157 [INFO] UtilMem:75 - Begin LoadConfig() Used Memory: 797891024 Bytes (1073741824)
2025-09-11 22:25:54,157 [INFO] MicroXplorer:468 - Change Database Path : 
2025-09-11 22:25:54,157 [INFO] MicroXplorer:498 - Change Database Version : DB.6.0.100
2025-09-11 22:25:54,157 [INFO] OpenFileManager:312 - Change cursor
2025-09-11 22:25:54,170 [INFO] RulesReader:64 - Compatibility file has been processed (297 Rules)
2025-09-11 22:25:54,173 [INFO] Mcu:2016 - Initializing MCU STM32F767ZITx STM32F767ZITx STM32F767ZIT6
2025-09-11 22:25:57,397 [INFO] Context:659 - Trying to add GPIOservice into a context  which must be forbidden
2025-09-11 22:25:58,252 [INFO] ImportTextPane:194 - (OptionalMessage_ERROR) Unable to find key (Mcu.ThirdPartyNb) in loaded IOC file
2025-09-11 22:25:58,253 [INFO] ImportTextPane:194 - (OptionalMessage_ERROR) Unable to find key (Mcu.PinsNb) in loaded IOC file
2025-09-11 22:25:58,253 [INFO] ImportTextPane:194 - (OptionalMessage_ERROR) Unable to find key (Mcu.IPNb) in loaded IOC file
2025-09-11 22:25:58,294 [INFO] RtosManager:555 - Registered RTOS mode: class=CMSIS, group=RTOS, mode=CMSIS_V1, owner=FREERTOS
2025-09-11 22:25:58,294 [INFO] RtosManager:555 - Registered RTOS mode: class=CMSIS, group=RTOS2, mode=CMSIS_V2, owner=FREERTOS
2025-09-11 22:25:58,294 [INFO] RtosManager:555 - Registered RTOS mode: class=RTOS, group=Core, mode=CMSIS_V1, owner=FREERTOS
2025-09-11 22:25:58,294 [INFO] RtosManager:555 - Registered RTOS mode: class=RTOS, group=Core, mode=CMSIS_V2, owner=FREERTOS
2025-09-11 22:25:58,294 [WARN] ModelIntegratedComponent:184 - Missing modes for component STMicroelectronics:FreeRTOS:0.0.1:STMicroelectronics:RTOS:FreeRTOS:Core:::10.2.0:
2025-09-11 22:25:58,295 [WARN] ModelIntegratedComponent:63 - No mode defined for component null
2025-09-11 22:25:58,295 [WARN] ModelIntegratedComponent:63 - No mode defined for component null
2025-09-11 22:25:58,295 [WARN] ModelIntegratedComponent:63 - No mode defined for component null
2025-09-11 22:25:58,295 [WARN] ModelIntegratedComponent:63 - No mode defined for component null
2025-09-11 22:25:58,295 [WARN] ModelIntegratedComponent:63 - No mode defined for component null
2025-09-11 22:25:58,295 [WARN] ModelIntegratedComponent:63 - No mode defined for component null
2025-09-11 22:25:58,295 [WARN] ModelIntegratedComponent:63 - No mode defined for component null
2025-09-11 22:25:58,295 [WARN] ModelIntegratedComponent:63 - No mode defined for component null
2025-09-11 22:25:58,295 [WARN] ModelIntegratedComponent:63 - No mode defined for component null
2025-09-11 22:25:58,295 [WARN] ModelIntegratedComponent:63 - No mode defined for component null
2025-09-11 22:25:58,295 [WARN] ModelIntegratedComponent:63 - No mode defined for component null
2025-09-11 22:25:58,295 [WARN] ModelIntegratedComponent:63 - No mode defined for component null
2025-09-11 22:25:58,295 [WARN] ModelIntegratedComponent:63 - No mode defined for component null
2025-09-11 22:25:58,295 [WARN] ModelIntegratedComponent:63 - No mode defined for component null
2025-09-11 22:25:58,295 [WARN] ModelIntegratedComponent:63 - No mode defined for component null
2025-09-11 22:25:58,295 [WARN] ModelIntegratedComponent:63 - No mode defined for component null
2025-09-11 22:25:58,295 [WARN] ModelIntegratedComponent:63 - No mode defined for component null
2025-09-11 22:25:58,295 [WARN] ModelIntegratedComponent:63 - No mode defined for component null
2025-09-11 22:25:58,295 [WARN] ModelIntegratedComponent:63 - No mode defined for component null
2025-09-11 22:25:58,295 [WARN] ModelIntegratedComponent:63 - No mode defined for component null
2025-09-11 22:25:58,295 [WARN] ModelIntegratedComponent:63 - No mode defined for component null
2025-09-11 22:25:58,295 [WARN] ModelIntegratedComponent:63 - No mode defined for component null
2025-09-11 22:25:58,296 [WARN] ModelIntegratedComponent:63 - No mode defined for component null
2025-09-11 22:25:58,296 [WARN] ModelIntegratedComponent:63 - No mode defined for component null
2025-09-11 22:25:58,296 [WARN] ModelIntegratedComponent:63 - No mode defined for component null
2025-09-11 22:25:58,296 [WARN] ModelIntegratedComponent:63 - No mode defined for component null
2025-09-11 22:25:58,296 [WARN] ModelIntegratedComponent:63 - No mode defined for component null
2025-09-11 22:25:58,296 [WARN] ModelIntegratedComponent:63 - No mode defined for component null
2025-09-11 22:25:58,296 [WARN] ModelIntegratedComponent:63 - No mode defined for component null
2025-09-11 22:25:58,296 [WARN] ModelIntegratedComponent:63 - No mode defined for component null
2025-09-11 22:25:58,296 [WARN] ModelIntegratedComponent:63 - No mode defined for component null
2025-09-11 22:25:58,296 [WARN] ModelIntegratedComponent:63 - No mode defined for component null
2025-09-11 22:25:58,296 [WARN] ModelIntegratedComponent:63 - No mode defined for component null
2025-09-11 22:25:58,302 [INFO] ThirdPartyModel:298 - Start build external matchings
2025-09-11 22:25:58,305 [INFO] ThirdPartyModel:316 - End build external matchings
2025-09-11 22:25:58,929 [INFO] UtilMem:75 - End LoadConfig() Used Memory: 795159144 Bytes (1073741824)
2025-09-11 22:25:59,051 [INFO] MicroXplorer:468 - Change Database Path : 
2025-09-11 22:25:59,052 [INFO] MicroXplorer:498 - Change Database Version : DB.6.0.100
2025-09-11 22:25:59,052 [WARN] ThirdParty:833 - waiting for thirdparty lock release [change project]
2025-09-11 22:25:59,052 [INFO] ThirdParty:835 - entering critical section [change project]
2025-09-11 22:25:59,052 [INFO] ThirdParty:1030 - CMSIS Pack Vendor :STMicroelectronics USBPD 4.1
2025-09-11 22:25:59,052 [INFO] ThirdParty:1030 - CMSIS Pack Vendor :STMicroelectronics X-CUBE-DISPLAY 3.0.0
2025-09-11 22:25:59,052 [INFO] ThirdParty:1030 - CMSIS Pack Vendor :STMicroelectronics ThreadX 1.0.0
2025-09-11 22:25:59,052 [INFO] ThirdParty:1030 - CMSIS Pack Vendor :STMicroelectronics FP-SNS-SMARTAG2 1.2.0
2025-09-11 22:25:59,052 [INFO] ThirdParty:1030 - CMSIS Pack Vendor :STMicroelectronics USB_HOST 2.0.0
2025-09-11 22:25:59,052 [INFO] ThirdParty:1030 - CMSIS Pack Vendor :STMicroelectronics LIBJPEG 8.0.0
2025-09-11 22:25:59,052 [INFO] ThirdParty:1030 - CMSIS Pack Vendor :STMicroelectronics FP-ATR-SIGFOX1 3.2.0
2025-09-11 22:25:59,052 [INFO] ThirdParty:1030 - CMSIS Pack Vendor :STMicroelectronics FreeRTOS 0.0.1
2025-09-11 22:25:59,052 [INFO] ThirdParty:1030 - CMSIS Pack Vendor :STMicroelectronics USB_DEVICE 1.0.0
2025-09-11 22:25:59,052 [INFO] ThirdParty:1030 - CMSIS Pack Vendor :STMicroelectronics STM32_WPAN 1.0.0
2025-09-11 22:25:59,052 [INFO] ThirdParty:1030 - CMSIS Pack Vendor :STMicroelectronics USB_DEVICE 3.0.0
2025-09-11 22:25:59,052 [INFO] ThirdParty:1030 - CMSIS Pack Vendor :STMicroelectronics HAL Drivers 0.0.0
2025-09-11 22:25:59,052 [INFO] ThirdParty:1030 - CMSIS Pack Vendor :STMicroelectronics MBEDTLS 2.16.2
2025-09-11 22:25:59,052 [INFO] ThirdParty:1030 - CMSIS Pack Vendor :STMicroelectronics ThreadX 0.0.2
2025-09-11 22:25:59,052 [INFO] ThirdParty:1030 - CMSIS Pack Vendor :STMicroelectronics lwIP 2.0.3
2025-09-11 22:25:59,052 [INFO] ThirdParty:1030 - CMSIS Pack Vendor :STMicroelectronics lwIP 2.1.2
2025-09-11 22:25:59,052 [INFO] ThirdParty:1030 - CMSIS Pack Vendor :STMicroelectronics MBEDTLS 2.14.1
2025-09-11 22:25:59,052 [INFO] ThirdParty:1030 - CMSIS Pack Vendor :STMicroelectronics X-CUBE-BLE2 3.3.0
2025-09-11 22:25:59,052 [INFO] ThirdParty:1030 - CMSIS Pack Vendor :STMicroelectronics USB_HOST 1.0.0
2025-09-11 22:25:59,052 [INFO] ThirdParty:1030 - CMSIS Pack Vendor :STMicroelectronics PDM2PCM 3.1.0
2025-09-11 22:25:59,052 [INFO] ThirdParty:1030 - CMSIS Pack Vendor :STMicroelectronics PDM2PCM 3.2.0
2025-09-11 22:25:59,052 [INFO] ThirdParty:1030 - CMSIS Pack Vendor :STMicroelectronics USB_DEVICE 2.0.0
2025-09-11 22:25:59,052 [INFO] ThirdParty:1030 - CMSIS Pack Vendor :STMicroelectronics PDM2PCM 3.3.0
2025-09-11 22:25:59,053 [INFO] ThirdParty:841 - exiting critical section [change project]
2025-09-11 22:25:59,254 [INFO] PinOutPanel:1499 - setPackage(No Configuration,No Configuration)
2025-09-11 22:25:59,255 [INFO] PinOutPanel:1499 - setPackage(STM32F767ZITx,LQFP144)
2025-09-11 22:25:59,595 [INFO] UtilMem:75 - Before build in PCC Used Memory: 792801744 Bytes (1073741824)
2025-09-11 22:25:59,906 [INFO] UtilMem:75 - After build in PCC Used Memory: 843655632 Bytes (1073741824)
2025-09-11 22:25:59,924 [INFO] IPUIPlugin:80 - create IPUIPlugin
2025-09-11 22:25:59,924 [INFO] IPUIPlugin:80 - create IPUIPlugin
2025-09-11 22:25:59,924 [INFO] IPUIPlugin:80 - create IPUIPlugin
2025-09-11 22:25:59,924 [INFO] IPUIPlugin:80 - create IPUIPlugin
2025-09-11 22:25:59,924 [INFO] IPUIPlugin:80 - create IPUIPlugin
2025-09-11 22:25:59,924 [INFO] IPUIPlugin:80 - create IPUIPlugin
2025-09-11 22:25:59,924 [INFO] IPUIPlugin:80 - create IPUIPlugin
2025-09-11 22:25:59,924 [INFO] IPUIPlugin:80 - create IPUIPlugin
2025-09-11 22:25:59,924 [INFO] IPUIPlugin:80 - create IPUIPlugin
2025-09-11 22:25:59,924 [INFO] IPUIPlugin:80 - create IPUIPlugin
2025-09-11 22:25:59,924 [INFO] IPUIPlugin:80 - create IPUIPlugin
2025-09-11 22:25:59,924 [INFO] IPUIPlugin:80 - create IPUIPlugin
2025-09-11 22:25:59,925 [INFO] IPUIPlugin:80 - create IPUIPlugin
2025-09-11 22:25:59,925 [INFO] IPUIPlugin:80 - create IPUIPlugin
2025-09-11 22:25:59,925 [INFO] IPUIPlugin:80 - create IPUIPlugin
2025-09-11 22:25:59,925 [INFO] IPUIPlugin:80 - create IPUIPlugin
2025-09-11 22:25:59,925 [INFO] IPUIPlugin:80 - create IPUIPlugin
2025-09-11 22:25:59,925 [INFO] IPUIPlugin:80 - create IPUIPlugin
2025-09-11 22:25:59,925 [INFO] IPUIPlugin:80 - create IPUIPlugin
2025-09-11 22:25:59,925 [INFO] IPUIPlugin:80 - create IPUIPlugin
2025-09-11 22:25:59,925 [INFO] IPUIPlugin:80 - create IPUIPlugin
2025-09-11 22:25:59,925 [INFO] IPUIPlugin:80 - create IPUIPlugin
2025-09-11 22:25:59,925 [INFO] IPUIPlugin:80 - create IPUIPlugin
2025-09-11 22:25:59,925 [INFO] IPUIPlugin:80 - create IPUIPlugin
2025-09-11 22:25:59,925 [INFO] IPUIPlugin:80 - create IPUIPlugin
2025-09-11 22:25:59,925 [INFO] IPUIPlugin:80 - create IPUIPlugin
2025-09-11 22:25:59,925 [INFO] IPUIPlugin:80 - create IPUIPlugin
2025-09-11 22:25:59,926 [INFO] IPUIPlugin:80 - create IPUIPlugin
2025-09-11 22:25:59,926 [INFO] IPUIPlugin:80 - create IPUIPlugin
2025-09-11 22:25:59,926 [INFO] IPUIPlugin:80 - create IPUIPlugin
2025-09-11 22:25:59,926 [INFO] IPUIPlugin:80 - create IPUIPlugin
2025-09-11 22:25:59,926 [INFO] IPUIPlugin:80 - create IPUIPlugin
2025-09-11 22:25:59,926 [INFO] IPUIPlugin:80 - create IPUIPlugin
2025-09-11 22:25:59,926 [INFO] IPUIPlugin:80 - create IPUIPlugin
2025-09-11 22:25:59,926 [INFO] IPUIPlugin:80 - create IPUIPlugin
2025-09-11 22:25:59,927 [INFO] IPUIPlugin:80 - create IPUIPlugin
2025-09-11 22:25:59,927 [INFO] IPUIPlugin:80 - create IPUIPlugin
2025-09-11 22:25:59,927 [INFO] IPUIPlugin:80 - create IPUIPlugin
2025-09-11 22:25:59,928 [INFO] IPUIPlugin:80 - create IPUIPlugin
2025-09-11 22:25:59,928 [INFO] IPUIPlugin:80 - create IPUIPlugin
2025-09-11 22:25:59,928 [INFO] IPUIPlugin:80 - create IPUIPlugin
2025-09-11 22:25:59,928 [INFO] IPUIPlugin:80 - create IPUIPlugin
2025-09-11 22:25:59,929 [INFO] IPUIPlugin:80 - create IPUIPlugin
2025-09-11 22:25:59,929 [INFO] IPUIPlugin:80 - create IPUIPlugin
2025-09-11 22:25:59,929 [INFO] IPUIPlugin:80 - create IPUIPlugin
2025-09-11 22:25:59,929 [INFO] IPUIPlugin:80 - create IPUIPlugin
2025-09-11 22:25:59,929 [INFO] IPUIPlugin:80 - create IPUIPlugin
2025-09-11 22:25:59,929 [INFO] IPUIPlugin:80 - create IPUIPlugin
2025-09-11 22:25:59,929 [INFO] IPUIPlugin:80 - create IPUIPlugin
2025-09-11 22:25:59,930 [INFO] IPUIPlugin:80 - create IPUIPlugin
2025-09-11 22:25:59,930 [INFO] IPUIPlugin:80 - create IPUIPlugin
2025-09-11 22:25:59,930 [INFO] IPUIPlugin:80 - create IPUIPlugin
2025-09-11 22:25:59,931 [INFO] IPUIPlugin:80 - create IPUIPlugin
2025-09-11 22:25:59,931 [INFO] IPUIPlugin:80 - create IPUIPlugin
2025-09-11 22:25:59,931 [INFO] IPUIPlugin:80 - create IPUIPlugin
2025-09-11 22:25:59,931 [INFO] IPUIPlugin:80 - create IPUIPlugin
2025-09-11 22:25:59,932 [INFO] IPUIPlugin:80 - create IPUIPlugin
2025-09-11 22:25:59,932 [INFO] IPUIPlugin:80 - create IPUIPlugin
2025-09-11 22:25:59,932 [INFO] IPUIPlugin:80 - create IPUIPlugin
2025-09-11 22:25:59,932 [INFO] IPUIPlugin:80 - create IPUIPlugin
2025-09-11 22:25:59,932 [INFO] IPUIPlugin:80 - create IPUIPlugin
2025-09-11 22:25:59,932 [INFO] IPUIPlugin:80 - create IPUIPlugin
2025-09-11 22:25:59,932 [INFO] IPUIPlugin:80 - create IPUIPlugin
2025-09-11 22:25:59,933 [INFO] IPUIPlugin:80 - create IPUIPlugin
2025-09-11 22:25:59,933 [INFO] IPUIPlugin:80 - create IPUIPlugin
2025-09-11 22:25:59,933 [INFO] IPUIPlugin:80 - create IPUIPlugin
2025-09-11 22:25:59,933 [INFO] IPUIPlugin:80 - create IPUIPlugin
2025-09-11 22:25:59,933 [INFO] IPUIPlugin:80 - create IPUIPlugin
2025-09-11 22:25:59,934 [INFO] IPUIPlugin:80 - create IPUIPlugin
2025-09-11 22:25:59,934 [INFO] IPUIPlugin:80 - create IPUIPlugin
2025-09-11 22:25:59,934 [INFO] IPUIPlugin:80 - create IPUIPlugin
2025-09-11 22:25:59,934 [INFO] IPUIPlugin:80 - create IPUIPlugin
2025-09-11 22:25:59,935 [INFO] IPUIPlugin:80 - create IPUIPlugin
2025-09-11 22:25:59,935 [INFO] IPUIPlugin:80 - create IPUIPlugin
2025-09-11 22:25:59,935 [INFO] IPUIPlugin:80 - create IPUIPlugin
2025-09-11 22:25:59,935 [INFO] IPUIPlugin:80 - create IPUIPlugin
2025-09-11 22:25:59,936 [INFO] IPUIPlugin:80 - create IPUIPlugin
2025-09-11 22:25:59,936 [INFO] IPUIPlugin:80 - create IPUIPlugin
2025-09-11 22:25:59,936 [INFO] IPUIPlugin:80 - create IPUIPlugin
2025-09-11 22:25:59,946 [INFO] ApiDbMcu:508 - Load IP Config File for PDM2PCM
2025-09-11 22:25:59,967 [INFO] CADModel:165 - CPN selected for project levelSTM32F767ZIT6
2025-09-11 22:25:59,967 [INFO] CADModel:114 - Register for checkConnection events
2025-09-11 22:26:00,038 [INFO] OpenFileManager:343 - Restore cursor
2025-09-11 22:26:00,498 [INFO] UtilMem:75 - End SaveConfig() Used Memory: 757499264 Bytes (1073741824)
2025-09-11 22:26:01,483 [INFO] ServerAccessManage:473 - Download File stm32cube_fw_f7_v1170.zip
2025-09-11 22:37:35,729 [ERROR] ServerAccessManage:546 - IOException during http download : Connection reset
2025-09-11 22:37:35,819 [ERROR] ServerAccessManage:651 - Problem during Download of File : stm32cube_fw_f7_v1170.zip.
2025-09-11 22:37:38,121 [INFO] LoadServerPackagesThread:196 - End of LoadServerPackages Thread
2025-09-11 22:37:38,237 [INFO] ThirdPartyModel:298 - Start build external matchings
2025-09-11 22:37:38,238 [INFO] ThirdPartyModel:316 - End build external matchings
2025-09-11 22:37:38,238 [INFO] CheckServerUpdateThread:120 - End of CheckServer Thread
2025-09-11 22:37:40,972 [INFO] McuFinderGlobals:76 - Set McuFinderConnectedMode to true
2025-09-11 22:37:40,978 [INFO] ApiDb:448 - Save user favorites file C:\Users\chris/.stm32cubeide/favorites.mcus.txt: 0 item(s)
2025-09-11 22:37:40,978 [INFO] ApiDb:452 - User favorites MCUs=[]
2025-09-11 22:54:00,978 [INFO] MainUpdater:2873 - connection check result : 10
2025-09-11 22:54:00,979 [INFO] MainUpdater:2873 - connection check result : 10
2025-09-11 22:54:01,257 [INFO] MicroXplorer:468 - Change Database Path : 
2025-09-11 22:54:01,257 [INFO] MicroXplorer:498 - Change Database Version : DB.6.0.100
2025-09-11 22:54:01,271 [ERROR] ProjectManagerView:394 - 
java.lang.NullPointerException: Cannot invoke "javax.swing.JTextField.getText()" because the return value of "java.util.List.get(int)" is null
	at com.st.microxplorer.plugins.projectmanager.gui.ProjectChoiceTab$10.caretUpdate(ProjectChoiceTab.java:2493) ~[filemanager.jar:?]
	at javax.swing.text.JTextComponent.fireCaretUpdate(JTextComponent.java:412) ~[?:?]
	at javax.swing.text.JTextComponent$MutableCaretEvent.fire(JTextComponent.java:4491) ~[?:?]
	at javax.swing.text.JTextComponent$MutableCaretEvent.stateChanged(JTextComponent.java:4513) ~[?:?]
	at javax.swing.text.DefaultCaret.fireStateChanged(DefaultCaret.java:842) ~[?:?]
	at javax.swing.text.DefaultCaret.changeCaretPosition(DefaultCaret.java:1313) ~[?:?]
	at javax.swing.text.DefaultCaret.handleSetDot(DefaultCaret.java:1212) ~[?:?]
	at javax.swing.text.DefaultCaret.setDot(DefaultCaret.java:1193) ~[?:?]
	at javax.swing.text.DefaultCaret$Handler.insertUpdate(DefaultCaret.java:1789) ~[?:?]
	at javax.swing.text.AbstractDocument.fireInsertUpdate(AbstractDocument.java:226) ~[?:?]
	at javax.swing.text.AbstractDocument.handleInsertString(AbstractDocument.java:780) ~[?:?]
	at javax.swing.text.AbstractDocument.insertString(AbstractDocument.java:739) ~[?:?]
	at javax.swing.text.PlainDocument.insertString(PlainDocument.java:131) ~[?:?]
	at javax.swing.text.AbstractDocument.replace(AbstractDocument.java:698) ~[?:?]
	at javax.swing.text.JTextComponent.setText(JTextComponent.java:1729) ~[?:?]
	at com.st.microxplorer.plugins.projectmanager.gui.ProjectChoiceTab.createHeapStackFields(ProjectChoiceTab.java:933) ~[filemanager.jar:?]
	at com.st.microxplorer.plugins.projectmanager.gui.ProjectChoiceTab.buildLinkSettingsPanel(ProjectChoiceTab.java:3426) ~[filemanager.jar:?]
	at com.st.microxplorer.plugins.projectmanager.gui.ProjectChoiceTab.defineWindowsFields(ProjectChoiceTab.java:1813) ~[filemanager.jar:?]
	at com.st.microxplorer.plugins.projectmanager.gui.ProjectChoiceTab.updateSettings(ProjectChoiceTab.java:533) ~[filemanager.jar:?]
	at com.st.microxplorer.plugins.projectmanager.gui.ProjectSettingsPanel.UpdateDialog(ProjectSettingsPanel.java:244) ~[filemanager.jar:?]
	at com.st.microxplorer.plugins.projectmanager.ProjectManagerView.propertyChange(ProjectManagerView.java:391) ~[filemanager.jar:?]
	at java.beans.PropertyChangeSupport.fire(PropertyChangeSupport.java:343) ~[?:?]
	at java.beans.PropertyChangeSupport.firePropertyChange(PropertyChangeSupport.java:335) ~[?:?]
	at java.beans.PropertyChangeSupport.firePropertyChange(PropertyChangeSupport.java:268) ~[?:?]
	at com.st.microxplorer.util.MXPropertyChangeSupport.firePropertyChange(MXPropertyChangeSupport.java:54) ~[STM32CubeMX.jar:?]
	at com.st.microxplorer.mxsystem.MxSystem.closeConfig(MxSystem.java:900) ~[STM32CubeMX.jar:?]
	at com.st.microxplorer.maingui.MainPanel.closeConfig(MainPanel.java:776) ~[STM32CubeMX.jar:?]
	at com.st.microxplorer.plugins.filemanager.engine.OpenFileManager.loadConfigurationFile(OpenFileManager.java:245) ~[filemanager.jar:?]
	at com.st.microxplorer.plugins.filemanager.engine.MainFileManager.userLoadConfig(MainFileManager.java:290) ~[filemanager.jar:?]
	at com.st.microxplorer.plugins.filemanager.FileManagerView.getSpecificTask(FileManagerView.java:247) ~[filemanager.jar:?]
	at com.st.stm32cube.common.mx.editor.CubeMxEditor.getMxTabbedPaneInstance(CubeMxEditor.java:1184) ~[com.st.stm32cube.common.mx_6.10.0.202311202037/:?]
	at com.st.stm32cube.common.mx.editor.CubeMxEditor$12$1.createSwingComponent(CubeMxEditor.java:1065) ~[com.st.stm32cube.common.mx_6.10.0.202311202037/:?]
	at com.st.stm32cube.common.mx.oss.core.awtswtbridge.EmbeddedSwingComposite.doComponentCreation(EmbeddedSwingComposite.java:492) ~[com.st.stm32cube.common.mx.oss_6.10.0.202311202037/:?]
	at com.st.stm32cube.common.mx.oss.core.awtswtbridge.EmbeddedSwingComposite$4.run(EmbeddedSwingComposite.java:291) ~[com.st.stm32cube.common.mx.oss_6.10.0.202311202037/:?]
	at com.st.stm32cube.common.mx.oss.core.awtswtbridge.AwtEnvironment$2.run(AwtEnvironment.java:166) ~[com.st.stm32cube.common.mx.oss_6.10.0.202311202037/:?]
	at java.awt.event.InvocationEvent.dispatch(InvocationEvent.java:318) ~[?:?]
	at java.awt.EventQueue.dispatchEventImpl(EventQueue.java:773) ~[?:?]
	at java.awt.EventQueue$4.run(EventQueue.java:720) ~[?:?]
	at java.awt.EventQueue$4.run(EventQueue.java:714) ~[?:?]
	at java.security.AccessController.doPrivileged(AccessController.java:399) ~[?:?]
	at java.security.ProtectionDomain$JavaSecurityAccessImpl.doIntersectionPrivilege(ProtectionDomain.java:86) ~[?:?]
	at java.awt.EventQueue.dispatchEvent(EventQueue.java:742) ~[?:?]
	at java.awt.EventDispatchThread.pumpOneEventForFilters(EventDispatchThread.java:203) ~[?:?]
	at java.awt.EventDispatchThread.pumpEventsForFilter(EventDispatchThread.java:124) ~[?:?]
	at java.awt.EventDispatchThread.pumpEventsForHierarchy(EventDispatchThread.java:113) ~[?:?]
	at java.awt.EventDispatchThread.pumpEvents(EventDispatchThread.java:109) ~[?:?]
	at java.awt.EventDispatchThread.pumpEvents(EventDispatchThread.java:101) ~[?:?]
	at java.awt.EventDispatchThread.run(EventDispatchThread.java:90) ~[?:?]
2025-09-11 22:54:01,274 [WARN] ThirdParty:871 - waiting for thirdparty lock release [close project]
2025-09-11 22:54:01,275 [INFO] ThirdParty:873 - entering critical section [close project]
2025-09-11 22:54:01,275 [INFO] ThirdParty:883 - exiting critical section [close project]
2025-09-11 22:54:01,278 [INFO] PinOutPanel:1499 - setPackage(No Configuration,No Configuration)
2025-09-11 22:54:01,287 [WARN] IpParametersView:151 - Warning: This peripheral hasn't parameters
2025-09-11 22:54:01,295 [WARN] MainPanel:272 - <html><b><center>Warning: This peripheral has no parameters to be configured<br></b></html>
2025-09-11 22:54:01,298 [INFO] UtilMem:75 - Begin LoadConfig() Used Memory: 848942064 Bytes (1073741824)
2025-09-11 22:54:01,300 [INFO] MicroXplorer:468 - Change Database Path : 
2025-09-11 22:54:01,300 [INFO] MicroXplorer:498 - Change Database Version : DB.6.0.100
2025-09-11 22:54:01,300 [INFO] OpenFileManager:312 - Change cursor
2025-09-11 22:54:01,317 [INFO] RulesReader:64 - Compatibility file has been processed (297 Rules)
2025-09-11 22:54:01,323 [INFO] Mcu:2016 - Initializing MCU STM32F767ZITx STM32F767ZITx STM32F767ZIT6
2025-09-11 22:54:03,829 [INFO] Context:659 - Trying to add GPIOservice into a context  which must be forbidden
2025-09-11 22:54:04,372 [INFO] RtosManager:555 - Registered RTOS mode: class=CMSIS, group=RTOS, mode=CMSIS_V1, owner=FREERTOS
2025-09-11 22:54:04,372 [INFO] RtosManager:555 - Registered RTOS mode: class=CMSIS, group=RTOS2, mode=CMSIS_V2, owner=FREERTOS
2025-09-11 22:54:04,372 [INFO] RtosManager:555 - Registered RTOS mode: class=RTOS, group=Core, mode=CMSIS_V1, owner=FREERTOS
2025-09-11 22:54:04,372 [INFO] RtosManager:555 - Registered RTOS mode: class=RTOS, group=Core, mode=CMSIS_V2, owner=FREERTOS
2025-09-11 22:54:04,372 [WARN] ModelIntegratedComponent:184 - Missing modes for component STMicroelectronics:FreeRTOS:0.0.1:STMicroelectronics:RTOS:FreeRTOS:Core:::10.2.0:
2025-09-11 22:54:04,373 [WARN] ModelIntegratedComponent:63 - No mode defined for component null
2025-09-11 22:54:04,373 [WARN] ModelIntegratedComponent:63 - No mode defined for component null
2025-09-11 22:54:04,373 [WARN] ModelIntegratedComponent:63 - No mode defined for component null
2025-09-11 22:54:04,373 [WARN] ModelIntegratedComponent:63 - No mode defined for component null
2025-09-11 22:54:04,373 [WARN] ModelIntegratedComponent:63 - No mode defined for component null
2025-09-11 22:54:04,373 [WARN] ModelIntegratedComponent:63 - No mode defined for component null
2025-09-11 22:54:04,373 [WARN] ModelIntegratedComponent:63 - No mode defined for component null
2025-09-11 22:54:04,373 [WARN] ModelIntegratedComponent:63 - No mode defined for component null
2025-09-11 22:54:04,373 [WARN] ModelIntegratedComponent:63 - No mode defined for component null
2025-09-11 22:54:04,373 [WARN] ModelIntegratedComponent:63 - No mode defined for component null
2025-09-11 22:54:04,373 [WARN] ModelIntegratedComponent:63 - No mode defined for component null
2025-09-11 22:54:04,373 [WARN] ModelIntegratedComponent:63 - No mode defined for component null
2025-09-11 22:54:04,373 [WARN] ModelIntegratedComponent:63 - No mode defined for component null
2025-09-11 22:54:04,373 [WARN] ModelIntegratedComponent:63 - No mode defined for component null
2025-09-11 22:54:04,373 [WARN] ModelIntegratedComponent:63 - No mode defined for component null
2025-09-11 22:54:04,373 [WARN] ModelIntegratedComponent:63 - No mode defined for component null
2025-09-11 22:54:04,373 [WARN] ModelIntegratedComponent:63 - No mode defined for component null
2025-09-11 22:54:04,373 [WARN] ModelIntegratedComponent:63 - No mode defined for component null
2025-09-11 22:54:04,373 [WARN] ModelIntegratedComponent:63 - No mode defined for component null
2025-09-11 22:54:04,373 [WARN] ModelIntegratedComponent:63 - No mode defined for component null
2025-09-11 22:54:04,373 [WARN] ModelIntegratedComponent:63 - No mode defined for component null
2025-09-11 22:54:04,373 [WARN] ModelIntegratedComponent:63 - No mode defined for component null
2025-09-11 22:54:04,373 [WARN] ModelIntegratedComponent:63 - No mode defined for component null
2025-09-11 22:54:04,373 [WARN] ModelIntegratedComponent:63 - No mode defined for component null
2025-09-11 22:54:04,373 [WARN] ModelIntegratedComponent:63 - No mode defined for component null
2025-09-11 22:54:04,373 [WARN] ModelIntegratedComponent:63 - No mode defined for component null
2025-09-11 22:54:04,373 [WARN] ModelIntegratedComponent:63 - No mode defined for component null
2025-09-11 22:54:04,373 [WARN] ModelIntegratedComponent:63 - No mode defined for component null
2025-09-11 22:54:04,373 [WARN] ModelIntegratedComponent:63 - No mode defined for component null
2025-09-11 22:54:04,373 [WARN] ModelIntegratedComponent:63 - No mode defined for component null
2025-09-11 22:54:04,373 [WARN] ModelIntegratedComponent:63 - No mode defined for component null
2025-09-11 22:54:04,373 [WARN] ModelIntegratedComponent:63 - No mode defined for component null
2025-09-11 22:54:04,373 [WARN] ModelIntegratedComponent:63 - No mode defined for component null
2025-09-11 22:54:04,376 [INFO] ThirdPartyModel:298 - Start build external matchings
2025-09-11 22:54:04,378 [INFO] ThirdPartyModel:316 - End build external matchings
2025-09-11 22:54:04,382 [INFO] ImportTextPane:194 - (OptionalMessage_ERROR) IP (RCC) : Invalid parameter (48MHZClocksFreq_Value)
2025-09-11 22:54:04,382 [INFO] ImportTextPane:194 - (OptionalMessage_ERROR) IP (RCC) : Invalid parameter (ADC12outputFreq_Value)
2025-09-11 22:54:04,382 [INFO] ImportTextPane:194 - (OptionalMessage_ERROR) IP (RCC) : Invalid parameter (ADC34outputFreq_Value)
2025-09-11 22:54:04,382 [INFO] ImportTextPane:194 - (OptionalMessage_ERROR) IP (RCC) : Invalid parameter (FamilyName)
2025-09-11 22:54:04,383 [INFO] ImportTextPane:194 - (OptionalMessage_ERROR) IP (RCC) : Invalid parameter (I2SClocksFreq_Value)
2025-09-11 22:54:04,383 [INFO] ImportTextPane:194 - (OptionalMessage_ERROR) IP (RCC) : Invalid parameter (LCDTFToutputFreq_Value)
2025-09-11 22:54:04,383 [INFO] ImportTextPane:194 - (OptionalMessage_ERROR) IP (RCC) : Invalid parameter (MCOFreq_Value)
2025-09-11 22:54:04,383 [INFO] ImportTextPane:194 - (OptionalMessage_ERROR) IP (RCC) : Invalid parameter (PLLMCOFreq_Value)
2025-09-11 22:54:04,383 [INFO] ImportTextPane:194 - (OptionalMessage_ERROR) IP (RCC) : Invalid parameter (PLLMUL)
2025-09-11 22:54:04,383 [INFO] ImportTextPane:194 - (OptionalMessage_ERROR) IP (RCC) : Invalid parameter (PRESCALERUSB)
2025-09-11 22:54:04,383 [INFO] ImportTextPane:194 - (OptionalMessage_ERROR) IP (RCC) : Parameter (RNGFreq_Value) has invalid value (96000000)
2025-09-11 22:54:04,383 [INFO] ImportTextPane:194 - (OptionalMessage_ERROR) IP (RCC) : Invalid parameter (RTCHSEDivFreq_Value)
2025-09-11 22:54:04,383 [INFO] ImportTextPane:194 - (OptionalMessage_ERROR) IP (RCC) : Parameter (SDMMC2Freq_Value) has invalid value (96000000)
2025-09-11 22:54:04,383 [INFO] ImportTextPane:194 - (OptionalMessage_ERROR) IP (RCC) : Parameter (SDMMCFreq_Value) has invalid value (96000000)
2025-09-11 22:54:04,383 [INFO] ImportTextPane:194 - (OptionalMessage_ERROR) IP (RCC) : Invalid parameter (SYSCLKSourceVirtual)
2025-09-11 22:54:04,383 [INFO] ImportTextPane:194 - (OptionalMessage_ERROR) IP (RCC) : Invalid parameter (TIM15Freq_Value)
2025-09-11 22:54:04,383 [INFO] ImportTextPane:194 - (OptionalMessage_ERROR) IP (RCC) : Invalid parameter (TIM16Freq_Value)
2025-09-11 22:54:04,383 [INFO] ImportTextPane:194 - (OptionalMessage_ERROR) IP (RCC) : Invalid parameter (TIM17Freq_Value)
2025-09-11 22:54:04,383 [INFO] ImportTextPane:194 - (OptionalMessage_ERROR) IP (RCC) : Invalid parameter (TIM1Freq_Value)
2025-09-11 22:54:04,383 [INFO] ImportTextPane:194 - (OptionalMessage_ERROR) IP (RCC) : Invalid parameter (TIM20Freq_Value)
2025-09-11 22:54:04,383 [INFO] ImportTextPane:194 - (OptionalMessage_ERROR) IP (RCC) : Invalid parameter (TIM2Freq_Value)
2025-09-11 22:54:04,383 [INFO] ImportTextPane:194 - (OptionalMessage_ERROR) IP (RCC) : Invalid parameter (TIM3Freq_Value)
2025-09-11 22:54:04,383 [INFO] ImportTextPane:194 - (OptionalMessage_ERROR) IP (RCC) : Invalid parameter (TIM8Freq_Value)
2025-09-11 22:54:04,383 [INFO] ImportTextPane:194 - (OptionalMessage_ERROR) IP (RCC) : Parameter (USBFreq_Value) has invalid value (96000000)
2025-09-11 22:54:04,384 [INFO] ImportTextPane:194 - (OptionalMessage_ERROR) IP (RCC) : Invalid parameter (VCOOutput2Freq_Value)
2025-09-11 22:54:04,384 [INFO] ImportTextPane:194 - (OptionalMessage_ERROR) IP (RCC) : Invalid parameter (VcooutputI2S)
2025-09-11 22:54:04,387 [INFO] ImportTextPane:194 - (OptionalMessage_ERROR) IP (TIM3) : Parameter (Channel) has Id (PWM Generation1 CH1) currently not set
2025-09-11 22:54:05,205 [INFO] UtilMem:75 - End LoadConfig() Used Memory: 799873280 Bytes (1073741824)
2025-09-11 22:54:05,355 [INFO] MicroXplorer:468 - Change Database Path : 
2025-09-11 22:54:05,355 [INFO] MicroXplorer:498 - Change Database Version : DB.6.0.100
2025-09-11 22:54:05,355 [WARN] ThirdParty:833 - waiting for thirdparty lock release [change project]
2025-09-11 22:54:05,355 [INFO] ThirdParty:835 - entering critical section [change project]
2025-09-11 22:54:05,355 [INFO] ThirdParty:1030 - CMSIS Pack Vendor :STMicroelectronics USBPD 4.1
2025-09-11 22:54:05,355 [INFO] ThirdParty:1030 - CMSIS Pack Vendor :STMicroelectronics X-CUBE-DISPLAY 3.0.0
2025-09-11 22:54:05,355 [INFO] ThirdParty:1030 - CMSIS Pack Vendor :STMicroelectronics ThreadX 1.0.0
2025-09-11 22:54:05,355 [INFO] ThirdParty:1030 - CMSIS Pack Vendor :STMicroelectronics FP-SNS-SMARTAG2 1.2.0
2025-09-11 22:54:05,355 [INFO] ThirdParty:1030 - CMSIS Pack Vendor :STMicroelectronics USB_HOST 2.0.0
2025-09-11 22:54:05,355 [INFO] ThirdParty:1030 - CMSIS Pack Vendor :STMicroelectronics LIBJPEG 8.0.0
2025-09-11 22:54:05,355 [INFO] ThirdParty:1030 - CMSIS Pack Vendor :STMicroelectronics FP-ATR-SIGFOX1 3.2.0
2025-09-11 22:54:05,355 [INFO] ThirdParty:1030 - CMSIS Pack Vendor :STMicroelectronics FreeRTOS 0.0.1
2025-09-11 22:54:05,355 [INFO] ThirdParty:1030 - CMSIS Pack Vendor :STMicroelectronics USB_DEVICE 1.0.0
2025-09-11 22:54:05,355 [INFO] ThirdParty:1030 - CMSIS Pack Vendor :STMicroelectronics STM32_WPAN 1.0.0
2025-09-11 22:54:05,355 [INFO] ThirdParty:1030 - CMSIS Pack Vendor :STMicroelectronics USB_DEVICE 3.0.0
2025-09-11 22:54:05,355 [INFO] ThirdParty:1030 - CMSIS Pack Vendor :STMicroelectronics HAL Drivers 0.0.0
2025-09-11 22:54:05,355 [INFO] ThirdParty:1030 - CMSIS Pack Vendor :STMicroelectronics MBEDTLS 2.16.2
2025-09-11 22:54:05,355 [INFO] ThirdParty:1030 - CMSIS Pack Vendor :STMicroelectronics ThreadX 0.0.2
2025-09-11 22:54:05,356 [INFO] ThirdParty:1030 - CMSIS Pack Vendor :STMicroelectronics lwIP 2.0.3
2025-09-11 22:54:05,356 [INFO] ThirdParty:1030 - CMSIS Pack Vendor :STMicroelectronics lwIP 2.1.2
2025-09-11 22:54:05,356 [INFO] ThirdParty:1030 - CMSIS Pack Vendor :STMicroelectronics MBEDTLS 2.14.1
2025-09-11 22:54:05,356 [INFO] ThirdParty:1030 - CMSIS Pack Vendor :STMicroelectronics X-CUBE-BLE2 3.3.0
2025-09-11 22:54:05,356 [INFO] ThirdParty:1030 - CMSIS Pack Vendor :STMicroelectronics USB_HOST 1.0.0
2025-09-11 22:54:05,356 [INFO] ThirdParty:1030 - CMSIS Pack Vendor :STMicroelectronics PDM2PCM 3.1.0
2025-09-11 22:54:05,356 [INFO] ThirdParty:1030 - CMSIS Pack Vendor :STMicroelectronics PDM2PCM 3.2.0
2025-09-11 22:54:05,356 [INFO] ThirdParty:1030 - CMSIS Pack Vendor :STMicroelectronics USB_DEVICE 2.0.0
2025-09-11 22:54:05,356 [INFO] ThirdParty:1030 - CMSIS Pack Vendor :STMicroelectronics PDM2PCM 3.3.0
2025-09-11 22:54:05,356 [INFO] ThirdParty:841 - exiting critical section [change project]
2025-09-11 22:54:05,539 [INFO] PinOutPanel:1499 - setPackage(No Configuration,No Configuration)
2025-09-11 22:54:05,540 [INFO] PinOutPanel:1499 - setPackage(STM32F767ZITx,LQFP144)
2025-09-11 22:54:05,895 [INFO] UtilMem:75 - Before build in PCC Used Memory: 757769320 Bytes (1073741824)
2025-09-11 22:54:06,106 [INFO] UtilMem:75 - After build in PCC Used Memory: 808100968 Bytes (1073741824)
2025-09-11 22:54:06,127 [INFO] IPUIPlugin:80 - create IPUIPlugin
2025-09-11 22:54:06,127 [INFO] IPUIPlugin:80 - create IPUIPlugin
2025-09-11 22:54:06,127 [INFO] IPUIPlugin:80 - create IPUIPlugin
2025-09-11 22:54:06,127 [INFO] IPUIPlugin:80 - create IPUIPlugin
2025-09-11 22:54:06,127 [INFO] IPUIPlugin:80 - create IPUIPlugin
2025-09-11 22:54:06,127 [INFO] IPUIPlugin:80 - create IPUIPlugin
2025-09-11 22:54:06,127 [INFO] IPUIPlugin:80 - create IPUIPlugin
2025-09-11 22:54:06,127 [INFO] IPUIPlugin:80 - create IPUIPlugin
2025-09-11 22:54:06,129 [INFO] IPUIPlugin:80 - create IPUIPlugin
2025-09-11 22:54:06,129 [INFO] IPUIPlugin:80 - create IPUIPlugin
2025-09-11 22:54:06,129 [INFO] IPUIPlugin:80 - create IPUIPlugin
2025-09-11 22:54:06,129 [INFO] IPUIPlugin:80 - create IPUIPlugin
2025-09-11 22:54:06,129 [INFO] IPUIPlugin:80 - create IPUIPlugin
2025-09-11 22:54:06,129 [INFO] IPUIPlugin:80 - create IPUIPlugin
2025-09-11 22:54:06,129 [INFO] IPUIPlugin:80 - create IPUIPlugin
2025-09-11 22:54:06,129 [INFO] IPUIPlugin:80 - create IPUIPlugin
2025-09-11 22:54:06,129 [INFO] IPUIPlugin:80 - create IPUIPlugin
2025-09-11 22:54:06,129 [INFO] IPUIPlugin:80 - create IPUIPlugin
2025-09-11 22:54:06,129 [INFO] IPUIPlugin:80 - create IPUIPlugin
2025-09-11 22:54:06,129 [INFO] IPUIPlugin:80 - create IPUIPlugin
2025-09-11 22:54:06,130 [INFO] IPUIPlugin:80 - create IPUIPlugin
2025-09-11 22:54:06,130 [INFO] IPUIPlugin:80 - create IPUIPlugin
2025-09-11 22:54:06,130 [INFO] IPUIPlugin:80 - create IPUIPlugin
2025-09-11 22:54:06,130 [INFO] IPUIPlugin:80 - create IPUIPlugin
2025-09-11 22:54:06,130 [INFO] IPUIPlugin:80 - create IPUIPlugin
2025-09-11 22:54:06,130 [INFO] IPUIPlugin:80 - create IPUIPlugin
2025-09-11 22:54:06,130 [INFO] IPUIPlugin:80 - create IPUIPlugin
2025-09-11 22:54:06,130 [INFO] IPUIPlugin:80 - create IPUIPlugin
2025-09-11 22:54:06,130 [INFO] IPUIPlugin:80 - create IPUIPlugin
2025-09-11 22:54:06,130 [INFO] IPUIPlugin:80 - create IPUIPlugin
2025-09-11 22:54:06,130 [INFO] IPUIPlugin:80 - create IPUIPlugin
2025-09-11 22:54:06,130 [INFO] IPUIPlugin:80 - create IPUIPlugin
2025-09-11 22:54:06,130 [INFO] IPUIPlugin:80 - create IPUIPlugin
2025-09-11 22:54:06,131 [INFO] IPUIPlugin:80 - create IPUIPlugin
2025-09-11 22:54:06,131 [INFO] IPUIPlugin:80 - create IPUIPlugin
2025-09-11 22:54:06,131 [INFO] IPUIPlugin:80 - create IPUIPlugin
2025-09-11 22:54:06,131 [INFO] IPUIPlugin:80 - create IPUIPlugin
2025-09-11 22:54:06,131 [INFO] IPUIPlugin:80 - create IPUIPlugin
2025-09-11 22:54:06,132 [INFO] IPUIPlugin:80 - create IPUIPlugin
2025-09-11 22:54:06,132 [INFO] IPUIPlugin:80 - create IPUIPlugin
2025-09-11 22:54:06,132 [INFO] IPUIPlugin:80 - create IPUIPlugin
2025-09-11 22:54:06,132 [INFO] IPUIPlugin:80 - create IPUIPlugin
2025-09-11 22:54:06,133 [INFO] IPUIPlugin:80 - create IPUIPlugin
2025-09-11 22:54:06,133 [INFO] IPUIPlugin:80 - create IPUIPlugin
2025-09-11 22:54:06,133 [INFO] IPUIPlugin:80 - create IPUIPlugin
2025-09-11 22:54:06,133 [INFO] IPUIPlugin:80 - create IPUIPlugin
2025-09-11 22:54:06,133 [INFO] IPUIPlugin:80 - create IPUIPlugin
2025-09-11 22:54:06,133 [INFO] IPUIPlugin:80 - create IPUIPlugin
2025-09-11 22:54:06,133 [INFO] IPUIPlugin:80 - create IPUIPlugin
2025-09-11 22:54:06,133 [INFO] IPUIPlugin:80 - create IPUIPlugin
2025-09-11 22:54:06,134 [INFO] IPUIPlugin:80 - create IPUIPlugin
2025-09-11 22:54:06,134 [INFO] IPUIPlugin:80 - create IPUIPlugin
2025-09-11 22:54:06,134 [INFO] IPUIPlugin:80 - create IPUIPlugin
2025-09-11 22:54:06,134 [INFO] IPUIPlugin:80 - create IPUIPlugin
2025-09-11 22:54:06,134 [INFO] IPUIPlugin:80 - create IPUIPlugin
2025-09-11 22:54:06,134 [INFO] IPUIPlugin:80 - create IPUIPlugin
2025-09-11 22:54:06,134 [INFO] IPUIPlugin:80 - create IPUIPlugin
2025-09-11 22:54:06,135 [INFO] IPUIPlugin:80 - create IPUIPlugin
2025-09-11 22:54:06,135 [INFO] IPUIPlugin:80 - create IPUIPlugin
2025-09-11 22:54:06,135 [INFO] IPUIPlugin:80 - create IPUIPlugin
2025-09-11 22:54:06,135 [INFO] IPUIPlugin:80 - create IPUIPlugin
2025-09-11 22:54:06,135 [INFO] IPUIPlugin:80 - create IPUIPlugin
2025-09-11 22:54:06,135 [INFO] IPUIPlugin:80 - create IPUIPlugin
2025-09-11 22:54:06,136 [INFO] IPUIPlugin:80 - create IPUIPlugin
2025-09-11 22:54:06,136 [INFO] IPUIPlugin:80 - create IPUIPlugin
2025-09-11 22:54:06,136 [INFO] IPUIPlugin:80 - create IPUIPlugin
2025-09-11 22:54:06,137 [INFO] IPUIPlugin:80 - create IPUIPlugin
2025-09-11 22:54:06,137 [INFO] IPUIPlugin:80 - create IPUIPlugin
2025-09-11 22:54:06,137 [INFO] IPUIPlugin:80 - create IPUIPlugin
2025-09-11 22:54:06,137 [INFO] IPUIPlugin:80 - create IPUIPlugin
2025-09-11 22:54:06,138 [INFO] IPUIPlugin:80 - create IPUIPlugin
2025-09-11 22:54:06,138 [INFO] IPUIPlugin:80 - create IPUIPlugin
2025-09-11 22:54:06,138 [INFO] IPUIPlugin:80 - create IPUIPlugin
2025-09-11 22:54:06,138 [INFO] IPUIPlugin:80 - create IPUIPlugin
2025-09-11 22:54:06,139 [INFO] IPUIPlugin:80 - create IPUIPlugin
2025-09-11 22:54:06,139 [INFO] IPUIPlugin:80 - create IPUIPlugin
2025-09-11 22:54:06,139 [INFO] IPUIPlugin:80 - create IPUIPlugin
2025-09-11 22:54:06,139 [INFO] IPUIPlugin:80 - create IPUIPlugin
2025-09-11 22:54:06,140 [INFO] IPUIPlugin:80 - create IPUIPlugin
2025-09-11 22:54:06,153 [INFO] ApiDbMcu:508 - Load IP Config File for PDM2PCM
2025-09-11 22:54:06,188 [INFO] CADModel:165 - CPN selected for project levelSTM32F767ZIT6
2025-09-11 22:54:06,188 [INFO] CADModel:114 - Register for checkConnection events
2025-09-11 22:54:06,428 [INFO] OpenFileManager:343 - Restore cursor
2025-09-11 22:54:06,432 [INFO] ApiDb:581 - Connected to CubeFinder SQLite database (C:\Users\chris\.stmcufinder\plugins\mcufinder\mcu\cube-finder-db.db)
2025-09-11 22:54:15,510 [INFO] ADCParametersView:116 -                Rank 1 : false
2025-09-11 22:54:15,605 [INFO] ADCParametersView:116 -                Rank 1 : false
2025-09-11 22:54:15,606 [INFO] ADCParametersView:116 -                Rank 1 : false
2025-09-11 22:54:15,606 [INFO] ADCParametersView:116 -                Rank 1 : false
2025-09-11 22:54:15,606 [INFO] ADCParametersView:116 -                Rank 1 : false
2025-09-11 22:54:15,606 [INFO] ADCParametersView:116 -                Rank 1 : false
2025-09-11 22:54:15,606 [INFO] ADCParametersView:116 -                Rank 1 : false
2025-09-11 22:54:15,606 [INFO] ADCParametersView:116 -                Rank 1 : false
2025-09-11 22:54:15,606 [INFO] ADCParametersView:116 -                Rank 1 : false
2025-09-11 22:54:15,606 [INFO] ADCParametersView:116 -                Rank 1 : false
2025-09-11 22:54:15,606 [INFO] ADCParametersView:116 -                Rank 1 : false
2025-09-11 22:54:15,606 [INFO] ADCParametersView:116 -                Rank 1 : false
2025-09-11 22:54:15,606 [INFO] ADCParametersView:116 -                Rank 1 : false
2025-09-11 22:54:15,606 [INFO] ADCParametersView:116 -                Rank 1 : false
2025-09-11 22:54:15,606 [INFO] ADCParametersView:116 -                Rank 1 : false
2025-09-11 22:54:15,669 [INFO] ADCParametersView:116 -                Rank 1 : false
2025-09-11 22:59:54,168 [INFO] MainUpdater:2873 - connection check result : 10
2025-09-11 22:59:54,168 [INFO] MainUpdater:2873 - connection check result : 10
2025-09-11 22:59:54,402 [INFO] MicroXplorer:468 - Change Database Path : 
2025-09-11 22:59:54,403 [INFO] MicroXplorer:498 - Change Database Version : DB.6.0.100
2025-09-11 22:59:54,409 [ERROR] ProjectManagerView:394 - 
java.lang.NullPointerException: Cannot invoke "javax.swing.JTextField.getText()" because the return value of "java.util.List.get(int)" is null
	at com.st.microxplorer.plugins.projectmanager.gui.ProjectChoiceTab$10.caretUpdate(ProjectChoiceTab.java:2493) ~[filemanager.jar:?]
	at javax.swing.text.JTextComponent.fireCaretUpdate(JTextComponent.java:412) ~[?:?]
	at javax.swing.text.JTextComponent$MutableCaretEvent.fire(JTextComponent.java:4491) ~[?:?]
	at javax.swing.text.JTextComponent$MutableCaretEvent.stateChanged(JTextComponent.java:4513) ~[?:?]
	at javax.swing.text.DefaultCaret.fireStateChanged(DefaultCaret.java:842) ~[?:?]
	at javax.swing.text.DefaultCaret.changeCaretPosition(DefaultCaret.java:1313) ~[?:?]
	at javax.swing.text.DefaultCaret.handleSetDot(DefaultCaret.java:1212) ~[?:?]
	at javax.swing.text.DefaultCaret.setDot(DefaultCaret.java:1193) ~[?:?]
	at javax.swing.text.DefaultCaret$Handler.insertUpdate(DefaultCaret.java:1789) ~[?:?]
	at javax.swing.text.AbstractDocument.fireInsertUpdate(AbstractDocument.java:226) ~[?:?]
	at javax.swing.text.AbstractDocument.handleInsertString(AbstractDocument.java:780) ~[?:?]
	at javax.swing.text.AbstractDocument.insertString(AbstractDocument.java:739) ~[?:?]
	at javax.swing.text.PlainDocument.insertString(PlainDocument.java:131) ~[?:?]
	at javax.swing.text.AbstractDocument.replace(AbstractDocument.java:698) ~[?:?]
	at javax.swing.text.JTextComponent.setText(JTextComponent.java:1729) ~[?:?]
	at com.st.microxplorer.plugins.projectmanager.gui.ProjectChoiceTab.createHeapStackFields(ProjectChoiceTab.java:933) ~[filemanager.jar:?]
	at com.st.microxplorer.plugins.projectmanager.gui.ProjectChoiceTab.buildLinkSettingsPanel(ProjectChoiceTab.java:3426) ~[filemanager.jar:?]
	at com.st.microxplorer.plugins.projectmanager.gui.ProjectChoiceTab.defineWindowsFields(ProjectChoiceTab.java:1813) ~[filemanager.jar:?]
	at com.st.microxplorer.plugins.projectmanager.gui.ProjectChoiceTab.updateSettings(ProjectChoiceTab.java:533) ~[filemanager.jar:?]
	at com.st.microxplorer.plugins.projectmanager.gui.ProjectSettingsPanel.UpdateDialog(ProjectSettingsPanel.java:244) ~[filemanager.jar:?]
	at com.st.microxplorer.plugins.projectmanager.ProjectManagerView.propertyChange(ProjectManagerView.java:391) ~[filemanager.jar:?]
	at java.beans.PropertyChangeSupport.fire(PropertyChangeSupport.java:343) ~[?:?]
	at java.beans.PropertyChangeSupport.firePropertyChange(PropertyChangeSupport.java:335) ~[?:?]
	at java.beans.PropertyChangeSupport.firePropertyChange(PropertyChangeSupport.java:268) ~[?:?]
	at com.st.microxplorer.util.MXPropertyChangeSupport.firePropertyChange(MXPropertyChangeSupport.java:54) ~[STM32CubeMX.jar:?]
	at com.st.microxplorer.mxsystem.MxSystem.closeConfig(MxSystem.java:900) ~[STM32CubeMX.jar:?]
	at com.st.microxplorer.maingui.MainPanel.closeConfig(MainPanel.java:776) ~[STM32CubeMX.jar:?]
	at com.st.microxplorer.plugins.filemanager.engine.OpenFileManager.loadConfigurationFile(OpenFileManager.java:245) ~[filemanager.jar:?]
	at com.st.microxplorer.plugins.filemanager.engine.MainFileManager.userLoadConfig(MainFileManager.java:290) ~[filemanager.jar:?]
	at com.st.microxplorer.plugins.filemanager.FileManagerView.getSpecificTask(FileManagerView.java:247) ~[filemanager.jar:?]
	at com.st.stm32cube.common.mx.editor.CubeMxEditor.getMxTabbedPaneInstance(CubeMxEditor.java:1184) ~[com.st.stm32cube.common.mx_6.10.0.202311202037/:?]
	at com.st.stm32cube.common.mx.editor.CubeMxEditor$12$1.createSwingComponent(CubeMxEditor.java:1065) ~[com.st.stm32cube.common.mx_6.10.0.202311202037/:?]
	at com.st.stm32cube.common.mx.oss.core.awtswtbridge.EmbeddedSwingComposite.doComponentCreation(EmbeddedSwingComposite.java:492) ~[com.st.stm32cube.common.mx.oss_6.10.0.202311202037/:?]
	at com.st.stm32cube.common.mx.oss.core.awtswtbridge.EmbeddedSwingComposite$4.run(EmbeddedSwingComposite.java:291) ~[com.st.stm32cube.common.mx.oss_6.10.0.202311202037/:?]
	at com.st.stm32cube.common.mx.oss.core.awtswtbridge.AwtEnvironment$2.run(AwtEnvironment.java:166) ~[com.st.stm32cube.common.mx.oss_6.10.0.202311202037/:?]
	at java.awt.event.InvocationEvent.dispatch(InvocationEvent.java:318) ~[?:?]
	at java.awt.EventQueue.dispatchEventImpl(EventQueue.java:773) ~[?:?]
	at java.awt.EventQueue$4.run(EventQueue.java:720) ~[?:?]
	at java.awt.EventQueue$4.run(EventQueue.java:714) ~[?:?]
	at java.security.AccessController.doPrivileged(AccessController.java:399) ~[?:?]
	at java.security.ProtectionDomain$JavaSecurityAccessImpl.doIntersectionPrivilege(ProtectionDomain.java:86) ~[?:?]
	at java.awt.EventQueue.dispatchEvent(EventQueue.java:742) ~[?:?]
	at java.awt.EventDispatchThread.pumpOneEventForFilters(EventDispatchThread.java:203) ~[?:?]
	at java.awt.EventDispatchThread.pumpEventsForFilter(EventDispatchThread.java:124) ~[?:?]
	at java.awt.EventDispatchThread.pumpEventsForHierarchy(EventDispatchThread.java:113) ~[?:?]
	at java.awt.EventDispatchThread.pumpEvents(EventDispatchThread.java:109) ~[?:?]
	at java.awt.EventDispatchThread.pumpEvents(EventDispatchThread.java:101) ~[?:?]
	at java.awt.EventDispatchThread.run(EventDispatchThread.java:90) ~[?:?]
2025-09-11 22:59:54,410 [WARN] ThirdParty:871 - waiting for thirdparty lock release [close project]
2025-09-11 22:59:54,410 [INFO] ThirdParty:873 - entering critical section [close project]
2025-09-11 22:59:54,411 [INFO] ThirdParty:883 - exiting critical section [close project]
2025-09-11 22:59:54,413 [INFO] PinOutPanel:1499 - setPackage(No Configuration,No Configuration)
2025-09-11 22:59:54,418 [WARN] IpParametersView:151 - Warning: This peripheral hasn't parameters
2025-09-11 22:59:54,422 [WARN] MainPanel:272 - <html><b><center>Warning: This peripheral has no parameters to be configured<br></b></html>
2025-09-11 22:59:54,425 [INFO] UtilMem:75 - Begin LoadConfig() Used Memory: 730128872 Bytes (1073741824)
2025-09-11 22:59:54,425 [INFO] MicroXplorer:468 - Change Database Path : 
2025-09-11 22:59:54,425 [INFO] MicroXplorer:498 - Change Database Version : DB.6.0.100
2025-09-11 22:59:54,425 [INFO] OpenFileManager:312 - Change cursor
2025-09-11 22:59:54,437 [INFO] Mcu:2016 - Initializing MCU STM32F767ZITx STM32F767ZITx STM32F767ZIT6
2025-09-11 22:59:56,807 [INFO] Context:659 - Trying to add GPIOservice into a context  which must be forbidden
2025-09-11 22:59:57,245 [INFO] RtosManager:555 - Registered RTOS mode: class=CMSIS, group=RTOS, mode=CMSIS_V1, owner=FREERTOS
2025-09-11 22:59:57,245 [INFO] RtosManager:555 - Registered RTOS mode: class=CMSIS, group=RTOS2, mode=CMSIS_V2, owner=FREERTOS
2025-09-11 22:59:57,245 [INFO] RtosManager:555 - Registered RTOS mode: class=RTOS, group=Core, mode=CMSIS_V1, owner=FREERTOS
2025-09-11 22:59:57,245 [INFO] RtosManager:555 - Registered RTOS mode: class=RTOS, group=Core, mode=CMSIS_V2, owner=FREERTOS
2025-09-11 22:59:57,245 [WARN] ModelIntegratedComponent:184 - Missing modes for component STMicroelectronics:FreeRTOS:0.0.1:STMicroelectronics:RTOS:FreeRTOS:Core:::10.2.0:
2025-09-11 22:59:57,246 [WARN] ModelIntegratedComponent:63 - No mode defined for component null
2025-09-11 22:59:57,246 [WARN] ModelIntegratedComponent:63 - No mode defined for component null
2025-09-11 22:59:57,246 [WARN] ModelIntegratedComponent:63 - No mode defined for component null
2025-09-11 22:59:57,246 [WARN] ModelIntegratedComponent:63 - No mode defined for component null
2025-09-11 22:59:57,246 [WARN] ModelIntegratedComponent:63 - No mode defined for component null
2025-09-11 22:59:57,246 [WARN] ModelIntegratedComponent:63 - No mode defined for component null
2025-09-11 22:59:57,246 [WARN] ModelIntegratedComponent:63 - No mode defined for component null
2025-09-11 22:59:57,246 [WARN] ModelIntegratedComponent:63 - No mode defined for component null
2025-09-11 22:59:57,246 [WARN] ModelIntegratedComponent:63 - No mode defined for component null
2025-09-11 22:59:57,246 [WARN] ModelIntegratedComponent:63 - No mode defined for component null
2025-09-11 22:59:57,246 [WARN] ModelIntegratedComponent:63 - No mode defined for component null
2025-09-11 22:59:57,246 [WARN] ModelIntegratedComponent:63 - No mode defined for component null
2025-09-11 22:59:57,246 [WARN] ModelIntegratedComponent:63 - No mode defined for component null
2025-09-11 22:59:57,246 [WARN] ModelIntegratedComponent:63 - No mode defined for component null
2025-09-11 22:59:57,246 [WARN] ModelIntegratedComponent:63 - No mode defined for component null
2025-09-11 22:59:57,246 [WARN] ModelIntegratedComponent:63 - No mode defined for component null
2025-09-11 22:59:57,246 [WARN] ModelIntegratedComponent:63 - No mode defined for component null
2025-09-11 22:59:57,246 [WARN] ModelIntegratedComponent:63 - No mode defined for component null
2025-09-11 22:59:57,246 [WARN] ModelIntegratedComponent:63 - No mode defined for component null
2025-09-11 22:59:57,246 [WARN] ModelIntegratedComponent:63 - No mode defined for component null
2025-09-11 22:59:57,246 [WARN] ModelIntegratedComponent:63 - No mode defined for component null
2025-09-11 22:59:57,246 [WARN] ModelIntegratedComponent:63 - No mode defined for component null
2025-09-11 22:59:57,246 [WARN] ModelIntegratedComponent:63 - No mode defined for component null
2025-09-11 22:59:57,246 [WARN] ModelIntegratedComponent:63 - No mode defined for component null
2025-09-11 22:59:57,246 [WARN] ModelIntegratedComponent:63 - No mode defined for component null
2025-09-11 22:59:57,246 [WARN] ModelIntegratedComponent:63 - No mode defined for component null
2025-09-11 22:59:57,246 [WARN] ModelIntegratedComponent:63 - No mode defined for component null
2025-09-11 22:59:57,246 [WARN] ModelIntegratedComponent:63 - No mode defined for component null
2025-09-11 22:59:57,246 [WARN] ModelIntegratedComponent:63 - No mode defined for component null
2025-09-11 22:59:57,246 [WARN] ModelIntegratedComponent:63 - No mode defined for component null
2025-09-11 22:59:57,246 [WARN] ModelIntegratedComponent:63 - No mode defined for component null
2025-09-11 22:59:57,246 [WARN] ModelIntegratedComponent:63 - No mode defined for component null
2025-09-11 22:59:57,246 [WARN] ModelIntegratedComponent:63 - No mode defined for component null
2025-09-11 22:59:57,248 [INFO] ThirdPartyModel:298 - Start build external matchings
2025-09-11 22:59:57,250 [INFO] ThirdPartyModel:316 - End build external matchings
2025-09-11 22:59:57,251 [INFO] ImportTextPane:194 - (OptionalMessage_ERROR) IP (RCC) : Invalid parameter (48MHZClocksFreq_Value)
2025-09-11 22:59:57,251 [INFO] ImportTextPane:194 - (OptionalMessage_ERROR) IP (RCC) : Invalid parameter (ADC12outputFreq_Value)
2025-09-11 22:59:57,251 [INFO] ImportTextPane:194 - (OptionalMessage_ERROR) IP (RCC) : Invalid parameter (ADC34outputFreq_Value)
2025-09-11 22:59:57,251 [INFO] ImportTextPane:194 - (OptionalMessage_ERROR) IP (RCC) : Invalid parameter (FamilyName)
2025-09-11 22:59:57,251 [INFO] ImportTextPane:194 - (OptionalMessage_ERROR) IP (RCC) : Invalid parameter (I2SClocksFreq_Value)
2025-09-11 22:59:57,251 [INFO] ImportTextPane:194 - (OptionalMessage_ERROR) IP (RCC) : Invalid parameter (LCDTFToutputFreq_Value)
2025-09-11 22:59:57,251 [INFO] ImportTextPane:194 - (OptionalMessage_ERROR) IP (RCC) : Invalid parameter (MCOFreq_Value)
2025-09-11 22:59:57,252 [INFO] ImportTextPane:194 - (OptionalMessage_ERROR) IP (RCC) : Invalid parameter (PLLMCOFreq_Value)
2025-09-11 22:59:57,252 [INFO] ImportTextPane:194 - (OptionalMessage_ERROR) IP (RCC) : Invalid parameter (PLLMUL)
2025-09-11 22:59:57,252 [INFO] ImportTextPane:194 - (OptionalMessage_ERROR) IP (RCC) : Invalid parameter (PRESCALERUSB)
2025-09-11 22:59:57,252 [INFO] ImportTextPane:194 - (OptionalMessage_ERROR) IP (RCC) : Parameter (RNGFreq_Value) has invalid value (96000000)
2025-09-11 22:59:57,252 [INFO] ImportTextPane:194 - (OptionalMessage_ERROR) IP (RCC) : Invalid parameter (RTCHSEDivFreq_Value)
2025-09-11 22:59:57,252 [INFO] ImportTextPane:194 - (OptionalMessage_ERROR) IP (RCC) : Parameter (SDMMC2Freq_Value) has invalid value (96000000)
2025-09-11 22:59:57,252 [INFO] ImportTextPane:194 - (OptionalMessage_ERROR) IP (RCC) : Parameter (SDMMCFreq_Value) has invalid value (96000000)
2025-09-11 22:59:57,252 [INFO] ImportTextPane:194 - (OptionalMessage_ERROR) IP (RCC) : Invalid parameter (SYSCLKSourceVirtual)
2025-09-11 22:59:57,252 [INFO] ImportTextPane:194 - (OptionalMessage_ERROR) IP (RCC) : Invalid parameter (TIM15Freq_Value)
2025-09-11 22:59:57,252 [INFO] ImportTextPane:194 - (OptionalMessage_ERROR) IP (RCC) : Invalid parameter (TIM16Freq_Value)
2025-09-11 22:59:57,252 [INFO] ImportTextPane:194 - (OptionalMessage_ERROR) IP (RCC) : Invalid parameter (TIM17Freq_Value)
2025-09-11 22:59:57,252 [INFO] ImportTextPane:194 - (OptionalMessage_ERROR) IP (RCC) : Invalid parameter (TIM1Freq_Value)
2025-09-11 22:59:57,252 [INFO] ImportTextPane:194 - (OptionalMessage_ERROR) IP (RCC) : Invalid parameter (TIM20Freq_Value)
2025-09-11 22:59:57,252 [INFO] ImportTextPane:194 - (OptionalMessage_ERROR) IP (RCC) : Invalid parameter (TIM2Freq_Value)
2025-09-11 22:59:57,252 [INFO] ImportTextPane:194 - (OptionalMessage_ERROR) IP (RCC) : Invalid parameter (TIM3Freq_Value)
2025-09-11 22:59:57,252 [INFO] ImportTextPane:194 - (OptionalMessage_ERROR) IP (RCC) : Invalid parameter (TIM8Freq_Value)
2025-09-11 22:59:57,252 [INFO] ImportTextPane:194 - (OptionalMessage_ERROR) IP (RCC) : Parameter (USBFreq_Value) has invalid value (96000000)
2025-09-11 22:59:57,253 [INFO] ImportTextPane:194 - (OptionalMessage_ERROR) IP (RCC) : Invalid parameter (VCOOutput2Freq_Value)
2025-09-11 22:59:57,253 [INFO] ImportTextPane:194 - (OptionalMessage_ERROR) IP (RCC) : Invalid parameter (VcooutputI2S)
2025-09-11 22:59:57,781 [INFO] UtilMem:75 - End LoadConfig() Used Memory: 909796024 Bytes (1073741824)
2025-09-11 22:59:57,922 [INFO] MicroXplorer:468 - Change Database Path : 
2025-09-11 22:59:57,922 [INFO] MicroXplorer:498 - Change Database Version : DB.6.0.100
2025-09-11 22:59:57,923 [WARN] ThirdParty:833 - waiting for thirdparty lock release [change project]
2025-09-11 22:59:57,923 [INFO] ThirdParty:835 - entering critical section [change project]
2025-09-11 22:59:57,923 [INFO] ThirdParty:1030 - CMSIS Pack Vendor :STMicroelectronics USBPD 4.1
2025-09-11 22:59:57,923 [INFO] ThirdParty:1030 - CMSIS Pack Vendor :STMicroelectronics X-CUBE-DISPLAY 3.0.0
2025-09-11 22:59:57,923 [INFO] ThirdParty:1030 - CMSIS Pack Vendor :STMicroelectronics ThreadX 1.0.0
2025-09-11 22:59:57,923 [INFO] ThirdParty:1030 - CMSIS Pack Vendor :STMicroelectronics FP-SNS-SMARTAG2 1.2.0
2025-09-11 22:59:57,923 [INFO] ThirdParty:1030 - CMSIS Pack Vendor :STMicroelectronics USB_HOST 2.0.0
2025-09-11 22:59:57,923 [INFO] ThirdParty:1030 - CMSIS Pack Vendor :STMicroelectronics LIBJPEG 8.0.0
2025-09-11 22:59:57,923 [INFO] ThirdParty:1030 - CMSIS Pack Vendor :STMicroelectronics FP-ATR-SIGFOX1 3.2.0
2025-09-11 22:59:57,923 [INFO] ThirdParty:1030 - CMSIS Pack Vendor :STMicroelectronics FreeRTOS 0.0.1
2025-09-11 22:59:57,923 [INFO] ThirdParty:1030 - CMSIS Pack Vendor :STMicroelectronics USB_DEVICE 1.0.0
2025-09-11 22:59:57,923 [INFO] ThirdParty:1030 - CMSIS Pack Vendor :STMicroelectronics STM32_WPAN 1.0.0
2025-09-11 22:59:57,923 [INFO] ThirdParty:1030 - CMSIS Pack Vendor :STMicroelectronics USB_DEVICE 3.0.0
2025-09-11 22:59:57,923 [INFO] ThirdParty:1030 - CMSIS Pack Vendor :STMicroelectronics HAL Drivers 0.0.0
2025-09-11 22:59:57,923 [INFO] ThirdParty:1030 - CMSIS Pack Vendor :STMicroelectronics MBEDTLS 2.16.2
2025-09-11 22:59:57,923 [INFO] ThirdParty:1030 - CMSIS Pack Vendor :STMicroelectronics ThreadX 0.0.2
2025-09-11 22:59:57,923 [INFO] ThirdParty:1030 - CMSIS Pack Vendor :STMicroelectronics lwIP 2.0.3
2025-09-11 22:59:57,923 [INFO] ThirdParty:1030 - CMSIS Pack Vendor :STMicroelectronics lwIP 2.1.2
2025-09-11 22:59:57,923 [INFO] ThirdParty:1030 - CMSIS Pack Vendor :STMicroelectronics MBEDTLS 2.14.1
2025-09-11 22:59:57,923 [INFO] ThirdParty:1030 - CMSIS Pack Vendor :STMicroelectronics X-CUBE-BLE2 3.3.0
2025-09-11 22:59:57,923 [INFO] ThirdParty:1030 - CMSIS Pack Vendor :STMicroelectronics USB_HOST 1.0.0
2025-09-11 22:59:57,923 [INFO] ThirdParty:1030 - CMSIS Pack Vendor :STMicroelectronics PDM2PCM 3.1.0
2025-09-11 22:59:57,923 [INFO] ThirdParty:1030 - CMSIS Pack Vendor :STMicroelectronics PDM2PCM 3.2.0
2025-09-11 22:59:57,923 [INFO] ThirdParty:1030 - CMSIS Pack Vendor :STMicroelectronics USB_DEVICE 2.0.0
2025-09-11 22:59:57,923 [INFO] ThirdParty:1030 - CMSIS Pack Vendor :STMicroelectronics PDM2PCM 3.3.0
2025-09-11 22:59:57,923 [INFO] ThirdParty:841 - exiting critical section [change project]
2025-09-11 22:59:58,168 [INFO] PinOutPanel:1499 - setPackage(No Configuration,No Configuration)
2025-09-11 22:59:58,170 [INFO] PinOutPanel:1499 - setPackage(STM32F767ZITx,LQFP144)
2025-09-11 22:59:58,526 [INFO] UtilMem:75 - Before build in PCC Used Memory: 721049232 Bytes (1073741824)
2025-09-11 22:59:58,667 [INFO] UtilMem:75 - After build in PCC Used Memory: 726809592 Bytes (1073741824)
2025-09-11 22:59:58,683 [INFO] IPUIPlugin:80 - create IPUIPlugin
2025-09-11 22:59:58,683 [INFO] IPUIPlugin:80 - create IPUIPlugin
2025-09-11 22:59:58,684 [INFO] IPUIPlugin:80 - create IPUIPlugin
2025-09-11 22:59:58,684 [INFO] IPUIPlugin:80 - create IPUIPlugin
2025-09-11 22:59:58,684 [INFO] IPUIPlugin:80 - create IPUIPlugin
2025-09-11 22:59:58,684 [INFO] IPUIPlugin:80 - create IPUIPlugin
2025-09-11 22:59:58,684 [INFO] IPUIPlugin:80 - create IPUIPlugin
2025-09-11 22:59:58,684 [INFO] IPUIPlugin:80 - create IPUIPlugin
2025-09-11 22:59:58,684 [INFO] IPUIPlugin:80 - create IPUIPlugin
2025-09-11 22:59:58,684 [INFO] IPUIPlugin:80 - create IPUIPlugin
2025-09-11 22:59:58,684 [INFO] IPUIPlugin:80 - create IPUIPlugin
2025-09-11 22:59:58,684 [INFO] IPUIPlugin:80 - create IPUIPlugin
2025-09-11 22:59:58,684 [INFO] IPUIPlugin:80 - create IPUIPlugin
2025-09-11 22:59:58,684 [INFO] IPUIPlugin:80 - create IPUIPlugin
2025-09-11 22:59:58,684 [INFO] IPUIPlugin:80 - create IPUIPlugin
2025-09-11 22:59:58,684 [INFO] IPUIPlugin:80 - create IPUIPlugin
2025-09-11 22:59:58,684 [INFO] IPUIPlugin:80 - create IPUIPlugin
2025-09-11 22:59:58,684 [INFO] IPUIPlugin:80 - create IPUIPlugin
2025-09-11 22:59:58,684 [INFO] IPUIPlugin:80 - create IPUIPlugin
2025-09-11 22:59:58,684 [INFO] IPUIPlugin:80 - create IPUIPlugin
2025-09-11 22:59:58,684 [INFO] IPUIPlugin:80 - create IPUIPlugin
2025-09-11 22:59:58,684 [INFO] IPUIPlugin:80 - create IPUIPlugin
2025-09-11 22:59:58,684 [INFO] IPUIPlugin:80 - create IPUIPlugin
2025-09-11 22:59:58,685 [INFO] IPUIPlugin:80 - create IPUIPlugin
2025-09-11 22:59:58,685 [INFO] IPUIPlugin:80 - create IPUIPlugin
2025-09-11 22:59:58,685 [INFO] IPUIPlugin:80 - create IPUIPlugin
2025-09-11 22:59:58,685 [INFO] IPUIPlugin:80 - create IPUIPlugin
2025-09-11 22:59:58,685 [INFO] IPUIPlugin:80 - create IPUIPlugin
2025-09-11 22:59:58,685 [INFO] IPUIPlugin:80 - create IPUIPlugin
2025-09-11 22:59:58,685 [INFO] IPUIPlugin:80 - create IPUIPlugin
2025-09-11 22:59:58,685 [INFO] IPUIPlugin:80 - create IPUIPlugin
2025-09-11 22:59:58,686 [INFO] IPUIPlugin:80 - create IPUIPlugin
2025-09-11 22:59:58,686 [INFO] IPUIPlugin:80 - create IPUIPlugin
2025-09-11 22:59:58,686 [INFO] IPUIPlugin:80 - create IPUIPlugin
2025-09-11 22:59:58,686 [INFO] IPUIPlugin:80 - create IPUIPlugin
2025-09-11 22:59:58,686 [INFO] IPUIPlugin:80 - create IPUIPlugin
2025-09-11 22:59:58,686 [INFO] IPUIPlugin:80 - create IPUIPlugin
2025-09-11 22:59:58,686 [INFO] IPUIPlugin:80 - create IPUIPlugin
2025-09-11 22:59:58,687 [INFO] IPUIPlugin:80 - create IPUIPlugin
2025-09-11 22:59:58,687 [INFO] IPUIPlugin:80 - create IPUIPlugin
2025-09-11 22:59:58,687 [INFO] IPUIPlugin:80 - create IPUIPlugin
2025-09-11 22:59:58,688 [INFO] IPUIPlugin:80 - create IPUIPlugin
2025-09-11 22:59:58,688 [INFO] IPUIPlugin:80 - create IPUIPlugin
2025-09-11 22:59:58,688 [INFO] IPUIPlugin:80 - create IPUIPlugin
2025-09-11 22:59:58,688 [INFO] IPUIPlugin:80 - create IPUIPlugin
2025-09-11 22:59:58,688 [INFO] IPUIPlugin:80 - create IPUIPlugin
2025-09-11 22:59:58,688 [INFO] IPUIPlugin:80 - create IPUIPlugin
2025-09-11 22:59:58,688 [INFO] IPUIPlugin:80 - create IPUIPlugin
2025-09-11 22:59:58,688 [INFO] IPUIPlugin:80 - create IPUIPlugin
2025-09-11 22:59:58,689 [INFO] IPUIPlugin:80 - create IPUIPlugin
2025-09-11 22:59:58,689 [INFO] IPUIPlugin:80 - create IPUIPlugin
2025-09-11 22:59:58,689 [INFO] IPUIPlugin:80 - create IPUIPlugin
2025-09-11 22:59:58,689 [INFO] IPUIPlugin:80 - create IPUIPlugin
2025-09-11 22:59:58,690 [INFO] IPUIPlugin:80 - create IPUIPlugin
2025-09-11 22:59:58,690 [INFO] IPUIPlugin:80 - create IPUIPlugin
2025-09-11 22:59:58,690 [INFO] IPUIPlugin:80 - create IPUIPlugin
2025-09-11 22:59:58,690 [INFO] IPUIPlugin:80 - create IPUIPlugin
2025-09-11 22:59:58,690 [INFO] IPUIPlugin:80 - create IPUIPlugin
2025-09-11 22:59:58,691 [INFO] IPUIPlugin:80 - create IPUIPlugin
2025-09-11 22:59:58,691 [INFO] IPUIPlugin:80 - create IPUIPlugin
2025-09-11 22:59:58,691 [INFO] IPUIPlugin:80 - create IPUIPlugin
2025-09-11 22:59:58,691 [INFO] IPUIPlugin:80 - create IPUIPlugin
2025-09-11 22:59:58,691 [INFO] IPUIPlugin:80 - create IPUIPlugin
2025-09-11 22:59:58,691 [INFO] IPUIPlugin:80 - create IPUIPlugin
2025-09-11 22:59:58,691 [INFO] IPUIPlugin:80 - create IPUIPlugin
2025-09-11 22:59:58,692 [INFO] IPUIPlugin:80 - create IPUIPlugin
2025-09-11 22:59:58,692 [INFO] IPUIPlugin:80 - create IPUIPlugin
2025-09-11 22:59:58,692 [INFO] IPUIPlugin:80 - create IPUIPlugin
2025-09-11 22:59:58,692 [INFO] IPUIPlugin:80 - create IPUIPlugin
2025-09-11 22:59:58,692 [INFO] IPUIPlugin:80 - create IPUIPlugin
2025-09-11 22:59:58,693 [INFO] IPUIPlugin:80 - create IPUIPlugin
2025-09-11 22:59:58,693 [INFO] IPUIPlugin:80 - create IPUIPlugin
2025-09-11 22:59:58,693 [INFO] IPUIPlugin:80 - create IPUIPlugin
2025-09-11 22:59:58,694 [INFO] IPUIPlugin:80 - create IPUIPlugin
2025-09-11 22:59:58,695 [INFO] IPUIPlugin:80 - create IPUIPlugin
2025-09-11 22:59:58,695 [INFO] IPUIPlugin:80 - create IPUIPlugin
2025-09-11 22:59:58,695 [INFO] IPUIPlugin:80 - create IPUIPlugin
2025-09-11 22:59:58,696 [INFO] IPUIPlugin:80 - create IPUIPlugin
2025-09-11 22:59:58,696 [INFO] IPUIPlugin:80 - create IPUIPlugin
2025-09-11 22:59:58,705 [INFO] ApiDbMcu:508 - Load IP Config File for PDM2PCM
2025-09-11 22:59:58,750 [INFO] CADModel:165 - CPN selected for project levelSTM32F767ZIT6
2025-09-11 22:59:58,750 [INFO] CADModel:114 - Register for checkConnection events
2025-09-11 22:59:58,809 [INFO] OpenFileManager:343 - Restore cursor
2025-09-11 23:00:30,930 [INFO] ADCParametersView:116 -                Rank 1 : false
2025-09-11 23:00:30,993 [INFO] ADCParametersView:116 -                Rank 1 : false
2025-09-11 23:00:30,993 [INFO] ADCParametersView:116 -                Rank 1 : false
2025-09-11 23:00:30,993 [INFO] ADCParametersView:116 -                Rank 1 : false
2025-09-11 23:00:30,993 [INFO] ADCParametersView:116 -                Rank 1 : false
2025-09-11 23:00:30,993 [INFO] ADCParametersView:116 -                Rank 1 : false
2025-09-11 23:00:30,993 [INFO] ADCParametersView:116 -                Rank 1 : false
2025-09-11 23:00:30,993 [INFO] ADCParametersView:116 -                Rank 1 : false
2025-09-11 23:00:30,993 [INFO] ADCParametersView:116 -                Rank 1 : false
2025-09-11 23:00:30,993 [INFO] ADCParametersView:116 -                Rank 1 : false
2025-09-11 23:00:30,993 [INFO] ADCParametersView:116 -                Rank 1 : false
2025-09-11 23:00:30,993 [INFO] ADCParametersView:116 -                Rank 1 : false
2025-09-11 23:00:30,993 [INFO] ADCParametersView:116 -                Rank 1 : false
2025-09-11 23:00:30,993 [INFO] ADCParametersView:116 -                Rank 1 : false
2025-09-11 23:00:30,993 [INFO] ADCParametersView:116 -                Rank 1 : false
2025-09-11 23:00:31,041 [INFO] ADCParametersView:116 -                Rank 1 : false
2025-09-11 23:00:38,893 [INFO] NvicIntPanel:101 - NVIC parent = com.st.microxplorer.plugins.ip.nvic.MultiNvicIntPanel[,0,0,0x0,invalid,layout=javax.swing.BoxLayout,alignmentX=0.0,alignmentY=0.0,border=,flags=9,maximumSize=,minimumSize=,preferredSize=]
2025-09-11 23:00:42,092 [INFO] ADCParametersView:116 -                Rank 1 : false
2025-09-11 23:00:42,093 [INFO] ADCParametersView:116 -                Rank 1 : false
2025-09-11 23:00:42,093 [INFO] ADCParametersView:116 -                Rank 1 : false
2025-09-11 23:00:42,093 [INFO] ADCParametersView:116 -                Rank 1 : false
2025-09-11 23:00:42,093 [INFO] ADCParametersView:116 -                Rank 1 : false
2025-09-11 23:00:42,093 [INFO] ADCParametersView:116 -                Rank 1 : false
2025-09-11 23:00:42,093 [INFO] ADCParametersView:116 -                Rank 1 : false
2025-09-11 23:00:42,093 [INFO] ADCParametersView:116 -                Rank 1 : false
2025-09-11 23:00:42,093 [INFO] ADCParametersView:116 -                Rank 1 : false
2025-09-11 23:00:42,093 [INFO] ADCParametersView:116 -                Rank 1 : false
2025-09-11 23:00:42,094 [INFO] ADCParametersView:116 -                Rank 1 : false
2025-09-11 23:00:42,094 [INFO] ADCParametersView:116 -                Rank 1 : false
2025-09-11 23:00:42,094 [INFO] ADCParametersView:116 -                Rank 1 : false
2025-09-11 23:00:42,094 [INFO] ADCParametersView:116 -                Rank 1 : false
2025-09-11 23:00:42,109 [INFO] ADCParametersView:116 -                Rank 1 : false
2025-09-11 23:00:42,137 [INFO] ADCParametersView:116 -                Rank 1 : false
2025-09-11 23:00:42,137 [INFO] ADCParametersView:116 -                Rank 1 : false
2025-09-11 23:00:42,137 [INFO] ADCParametersView:116 -                Rank 1 : false
2025-09-11 23:00:42,137 [INFO] ADCParametersView:116 -                Rank 1 : false
2025-09-11 23:00:42,138 [INFO] ADCParametersView:116 -                Rank 1 : false
2025-09-11 23:00:42,138 [INFO] ADCParametersView:116 -                Rank 1 : false
2025-09-11 23:00:42,138 [INFO] ADCParametersView:116 -                Rank 1 : false
2025-09-11 23:00:42,138 [INFO] ADCParametersView:116 -                Rank 1 : false
2025-09-11 23:00:42,138 [INFO] ADCParametersView:116 -                Rank 1 : false
2025-09-11 23:00:42,138 [INFO] ADCParametersView:116 -                Rank 1 : false
2025-09-11 23:00:42,138 [INFO] ADCParametersView:116 -                Rank 1 : false
2025-09-11 23:00:42,138 [INFO] ADCParametersView:116 -                Rank 1 : false
2025-09-11 23:00:42,138 [INFO] ADCParametersView:116 -                Rank 1 : false
2025-09-11 23:00:42,138 [INFO] ADCParametersView:116 -                Rank 1 : false
2025-09-11 23:00:42,150 [INFO] ADCParametersView:116 -                Rank 1 : false
2025-09-11 23:00:44,959 [INFO] NvicIntPanel:101 - NVIC parent = com.st.microxplorer.plugins.ip.nvic.MultiNvicIntPanel[,0,0,450x112,layout=javax.swing.BoxLayout,alignmentX=0.0,alignmentY=0.0,border=,flags=9,maximumSize=,minimumSize=,preferredSize=]
2025-09-11 23:00:52,145 [INFO] UtilMem:75 - End SaveConfig() Used Memory: 755692992 Bytes (1073741824)
2025-09-11 23:00:52,339 [INFO] UtilMem:75 - End SaveConfig() Used Memory: 782953920 Bytes (1073741824)
2025-09-11 23:00:53,263 [INFO] ServerAccessManage:473 - Download File stm32cube_fw_f7_v1170.zip
2025-09-11 23:09:18,064 [INFO] AnalyticsPlugin:368 - Accepted License(s): [FW.F7.1.17.0]
2025-09-11 23:09:18,066 [INFO] FileExtend:240 - Unzip File : stm32cube_fw_f7_v1170.zip
2025-09-11 23:09:18,066 [INFO] FileExtend:255 - Standard Zip Deflate
2025-09-11 23:10:03,032 [INFO] ServerAccessManage:473 - Download File stm32cube_fw_f7_v1174.zip
2025-09-11 23:13:02,301 [INFO] FileExtend:240 - Unzip File : stm32cube_fw_f7_v1174.zip
2025-09-11 23:13:02,301 [INFO] FileExtend:255 - Standard Zip Deflate
2025-09-11 23:13:45,561 [INFO] LoadServerPackagesThread:196 - End of LoadServerPackages Thread
2025-09-11 23:13:45,703 [INFO] ThirdPartyModel:298 - Start build external matchings
2025-09-11 23:13:45,706 [INFO] ThirdPartyModel:316 - End build external matchings
2025-09-11 23:13:45,706 [INFO] CheckServerUpdateThread:120 - End of CheckServer Thread
2025-09-11 23:13:45,709 [INFO] UtilMem:75 - End SaveConfig() Used Memory: 962161440 Bytes (1073741824)
2025-09-11 23:13:46,455 [INFO] BlockDiagram:2759 - set Specific Code input for plugin: TIM1_8F77
2025-09-11 23:13:46,455 [INFO] BlockDiagram:2759 - set Specific Code input for plugin: SYS
2025-09-11 23:13:46,455 [INFO] BlockDiagram:2759 - set Specific Code input for plugin: ADC
2025-09-11 23:13:46,456 [INFO] BlockDiagram:2759 - set Specific Code input for plugin: RCC
2025-09-11 23:13:46,456 [INFO] BlockDiagram:2759 - set Specific Code input for plugin: NVIC
2025-09-11 23:13:46,456 [INFO] BlockDiagram:2759 - set Specific Code input for plugin: GPIO
2025-09-11 23:13:46,457 [INFO] CodeGenerator:807 - code generatio: config db path: C:\ST\STM32CubeIDE_1.14.1\STM32CubeIDE\plugins\com.st.stm32cube.common.mx_6.10.0.202311202037\\db\
2025-09-11 23:13:46,758 [INFO] CodeEngine:255 - oldGeneratedFile, C:\Users\chris\STM32CubeIDE\workspace_1.14.1\pwm_servo_controller\MXTmpFiles\license.tmp_save
2025-09-11 23:13:47,429 [INFO] CodeEngine:279 - Generated code: C:\Users\chris\STM32CubeIDE\workspace_1.14.1\pwm_servo_controller\MXTmpFiles\license.tmp
2025-09-11 23:13:47,689 [INFO] CodeEngine:255 - oldGeneratedFile, C:\Users\chris\STM32CubeIDE\workspace_1.14.1\pwm_servo_controller\MXTmpFiles\gpio.tmp_save
2025-09-11 23:13:48,148 [INFO] CodeEngine:279 - Generated code: C:\Users\chris\STM32CubeIDE\workspace_1.14.1\pwm_servo_controller\MXTmpFiles\gpio.tmp
2025-09-11 23:13:48,954 [INFO] CodeEngine:255 - oldGeneratedFile, C:\Users\chris\STM32CubeIDE\workspace_1.14.1\pwm_servo_controller\MXTmpFiles\cortex.tmp_save
2025-09-11 23:13:49,146 [INFO] CodeEngine:279 - Generated code: C:\Users\chris\STM32CubeIDE\workspace_1.14.1\pwm_servo_controller\MXTmpFiles\cortex.tmp
2025-09-11 23:13:49,223 [INFO] CodeEngine:255 - oldGeneratedFile, C:\Users\chris\STM32CubeIDE\workspace_1.14.1\pwm_servo_controller\Core\Src\stm32f7xx_it.c_save
2025-09-11 23:13:49,481 [INFO] CodeEngine:279 - Generated code: C:\Users\chris\STM32CubeIDE\workspace_1.14.1\pwm_servo_controller\Core\Src\stm32f7xx_it.c
2025-09-11 23:13:49,546 [INFO] CodeEngine:255 - oldGeneratedFile, C:\Users\chris\STM32CubeIDE\workspace_1.14.1\pwm_servo_controller\Core\Inc\stm32f7xx_it.h_save
2025-09-11 23:13:49,707 [INFO] CodeEngine:279 - Generated code: C:\Users\chris\STM32CubeIDE\workspace_1.14.1\pwm_servo_controller\Core\Inc\stm32f7xx_it.h
2025-09-11 23:13:49,785 [INFO] CodeEngine:255 - oldGeneratedFile, C:\Users\chris\STM32CubeIDE\workspace_1.14.1\pwm_servo_controller\Core\Src\stm32f7xx_hal_msp.c_save
2025-09-11 23:13:50,087 [INFO] CodeEngine:279 - Generated code: C:\Users\chris\STM32CubeIDE\workspace_1.14.1\pwm_servo_controller\Core\Src\stm32f7xx_hal_msp.c
2025-09-11 23:13:50,114 [INFO] CodeEngine:255 - oldGeneratedFile, C:\Users\chris\STM32CubeIDE\workspace_1.14.1\pwm_servo_controller\MXTmpFiles\system.tmp_save
2025-09-11 23:13:50,283 [INFO] CodeEngine:279 - Generated code: C:\Users\chris\STM32CubeIDE\workspace_1.14.1\pwm_servo_controller\MXTmpFiles\system.tmp
2025-09-11 23:13:50,345 [INFO] CodeEngine:311 - oldGeneratedFile, C:\Users\chris\STM32CubeIDE\workspace_1.14.1\pwm_servo_controller\Core\Inc\stm32f7xx_hal_conf.h_save
2025-09-11 23:13:50,597 [INFO] CodeEngine:335 - Generated code: C:\Users\chris\STM32CubeIDE\workspace_1.14.1\pwm_servo_controller\Core\Inc\stm32f7xx_hal_conf.h
2025-09-11 23:13:50,746 [WARN] IPConfigManager:3440 - IP not found : TIM
2025-09-11 23:13:50,748 [WARN] CodeGenerator:3939 - IP not found : null
2025-09-11 23:13:50,809 [INFO] CodeEngine:255 - oldGeneratedFile, C:\Users\chris\STM32CubeIDE\workspace_1.14.1\pwm_servo_controller\Core\Inc\main.h_save
2025-09-11 23:13:50,999 [INFO] CodeEngine:279 - Generated code: C:\Users\chris\STM32CubeIDE\workspace_1.14.1\pwm_servo_controller\Core\Inc\main.h
2025-09-11 23:13:51,071 [INFO] CodeEngine:255 - oldGeneratedFile, C:\Users\chris\STM32CubeIDE\workspace_1.14.1\pwm_servo_controller\Core\Src\main.c_save
2025-09-11 23:13:51,417 [INFO] CodeEngine:279 - Generated code: C:\Users\chris\STM32CubeIDE\workspace_1.14.1\pwm_servo_controller\Core\Src\main.c
2025-09-11 23:13:52,296 [INFO] ProjectBuilder:3076 - Time for Copy HAL[1] : 268mS.
2025-09-11 23:13:52,311 [INFO] ProjectBuilder:4485 - Project Generator version: 4.2.0-B44
2025-09-11 23:13:52,669 [INFO] ConfigFileManager:1495 - The Die is : DIE451
2025-09-11 23:13:52,707 [INFO] ApiDbMcu:508 - Load IP Config File for FATFS
2025-09-11 23:13:52,730 [INFO] ApiDbMcu:508 - Load IP Config File for FREERTOS
2025-09-11 23:13:52,751 [INFO] ApiDbMcu:508 - Load IP Config File for LIBJPEG
2025-09-11 23:13:52,779 [INFO] ApiDbMcu:508 - Load IP Config File for LWIP
2025-09-11 23:13:52,804 [INFO] ApiDbMcu:508 - Load IP Config File for MBEDTLS
2025-09-11 23:13:52,843 [INFO] ApiDbMcu:508 - Load IP Config File for USB_DEVICE
2025-09-11 23:13:52,867 [INFO] ApiDbMcu:508 - Load IP Config File for USB_HOST
2025-09-11 23:13:54,413 [INFO] LogOutputStream:77 - [STDOUT_REDIRECT] 
2025-09-11 23:13:56,728 [INFO] ProjectBuilder:4747 - Time for Generating toolchain IDE Files: 4417mS.
2025-09-11 23:13:56,730 [INFO] ProjectBuilder:2947 - Time for Copy CMSIS : 2mS.
2025-09-11 23:13:56,733 [INFO] ProjectBuilder:2947 - Time for Copy CMSIS : 0mS.
