2026-02-06 10:34:58,233 [INFO] Activator:176 - 


2026-02-06 10:34:58,238 [INFO] Activator:177 - !SESSION log4j initialized
2026-02-06 10:35:03,739 [INFO] LogOutputStream:77 - [STDOUT_REDIRECT] 
2026-02-06 10:35:05,621 [INFO] ApplicationProperties:184 - Using Application install path: C:\ST\STM32CubeIDE_1.14.1\STM32CubeIDE\plugins\com.st.stm32cube.common.mx_6.15.0.202507011659
2026-02-06 10:35:05,638 [INFO] DbMcusXml:78 - Set database path to: C:\ST\STM32CubeIDE_1.14.1\STM32CubeIDE\plugins\com.st.stm32cube.common.mx_6.15.0.202507011659\\db\/mcu/
2026-02-06 10:35:05,638 [INFO] ApiDb:274 - Set plugin database path to: C:\ST\STM32CubeIDE_1.14.1\STM32CubeIDE\plugins\com.st.stm32cube.common.mx_6.15.0.202507011659\\db\/plugins/boardmanager/
2026-02-06 10:35:05,639 [WARN] ApiDb:259 - Overriding images path with different value:  => C:\ST\STM32CubeIDE_1.14.1\STM32CubeIDE\plugins\com.st.stm32cube.common.mx_6.15.0.202507011659\\db\/plugins/mcufinder/images/
2026-02-06 10:35:05,650 [INFO] ApiDb:250 - Set database path to: C:\Users\dkim5\.stmcufinder\plugins\mcufinder//mcu/
2026-02-06 10:35:05,651 [INFO] DbMcusAds:125 - Set database path to: C:\Users\dkim5\.stmcufinder\plugins\mcufinder//mcu/
2026-02-06 10:35:05,653 [INFO] CrossReferenceDbSqlite:203 - Set database path to: C:\Users\dkim5\.stmcufinder\plugins\mcufinder//mcu/cs/
2026-02-06 10:35:05,807 [INFO] RulesReader:64 - Compatibility file has been processed (317 Rules)
2026-02-06 10:35:05,882 [INFO] DbMcusXml:78 - Set database path to: C:\ST\STM32CubeIDE_1.14.1\STM32CubeIDE\plugins\com.st.stm32cube.common.mx_6.15.0.202507011659\\db\/mcu/
2026-02-06 10:35:05,882 [INFO] ApiDb:274 - Set plugin database path to: C:\ST\STM32CubeIDE_1.14.1\STM32CubeIDE\plugins\com.st.stm32cube.common.mx_6.15.0.202507011659\\db\/plugins/boardmanager/
2026-02-06 10:35:05,882 [INFO] ApiDb:261 - Set plugin images path to: C:\ST\STM32CubeIDE_1.14.1\STM32CubeIDE\plugins\com.st.stm32cube.common.mx_6.15.0.202507011659\\db\/plugins/mcufinder/images/
2026-02-06 10:35:05,882 [WARN] DbFile:41 - Overriding database path with different value: C:\Users\dkim5\.stmcufinder\plugins\mcufinder/ => C:\Users\dkim5\.stmcufinder\plugins\mcufinder
2026-02-06 10:35:05,882 [INFO] ApiDb:250 - Set database path to: C:\Users\dkim5\.stmcufinder\plugins\mcufinder//mcu/
2026-02-06 10:35:05,882 [WARN] DbFile:41 - Overriding database path with different value: C:\Users\dkim5\.stmcufinder\plugins\mcufinder/ => C:\Users\dkim5\.stmcufinder\plugins\mcufinder
2026-02-06 10:35:05,882 [INFO] DbMcusAds:125 - Set database path to: C:\Users\dkim5\.stmcufinder\plugins\mcufinder//mcu/
2026-02-06 10:35:05,882 [WARN] DbFile:41 - Overriding database path with different value: C:\Users\dkim5\.stmcufinder\plugins\mcufinder/ => C:\Users\dkim5\.stmcufinder\plugins\mcufinder
2026-02-06 10:35:05,883 [WARN] DbFile:41 - Overriding database path with different value: C:\Users\dkim5\.stmcufinder\plugins\mcufinder/ => C:\Users\dkim5\.stmcufinder\plugins\mcufinder
2026-02-06 10:35:05,883 [INFO] CrossReferenceDbSqlite:203 - Set database path to: C:\Users\dkim5\.stmcufinder\plugins\mcufinder//mcu/cs/
2026-02-06 10:35:05,957 [INFO] MainPanel:274 - HeapMemory: 268435456
2026-02-06 10:35:06,067 [INFO] DbMcusXml:78 - Set database path to: C:\ST\STM32CubeIDE_1.14.1\STM32CubeIDE\plugins\com.st.stm32cube.common.mx_6.15.0.202507011659\\db\/mcu/
2026-02-06 10:35:06,067 [INFO] ApiDb:274 - Set plugin database path to: C:\ST\STM32CubeIDE_1.14.1\STM32CubeIDE\plugins\com.st.stm32cube.common.mx_6.15.0.202507011659\\db\/plugins/boardmanager/
2026-02-06 10:35:06,067 [INFO] ApiDb:261 - Set plugin images path to: C:\ST\STM32CubeIDE_1.14.1\STM32CubeIDE\plugins\com.st.stm32cube.common.mx_6.15.0.202507011659\\db\/plugins/mcufinder/images/
2026-02-06 10:35:06,067 [WARN] DbFile:41 - Overriding database path with different value: C:\Users\dkim5\.stmcufinder\plugins\mcufinder/ => C:\Users\dkim5\.stmcufinder\plugins\mcufinder
2026-02-06 10:35:06,068 [INFO] ApiDb:250 - Set database path to: C:\Users\dkim5\.stmcufinder\plugins\mcufinder//mcu/
2026-02-06 10:35:06,068 [WARN] DbFile:41 - Overriding database path with different value: C:\Users\dkim5\.stmcufinder\plugins\mcufinder/ => C:\Users\dkim5\.stmcufinder\plugins\mcufinder
2026-02-06 10:35:06,068 [INFO] DbMcusAds:125 - Set database path to: C:\Users\dkim5\.stmcufinder\plugins\mcufinder//mcu/
2026-02-06 10:35:06,068 [WARN] DbFile:41 - Overriding database path with different value: C:\Users\dkim5\.stmcufinder\plugins\mcufinder/ => C:\Users\dkim5\.stmcufinder\plugins\mcufinder
2026-02-06 10:35:06,068 [WARN] DbFile:41 - Overriding database path with different value: C:\Users\dkim5\.stmcufinder\plugins\mcufinder/ => C:\Users\dkim5\.stmcufinder\plugins\mcufinder
2026-02-06 10:35:06,068 [INFO] CrossReferenceDbSqlite:203 - Set database path to: C:\Users\dkim5\.stmcufinder\plugins\mcufinder//mcu/cs/
2026-02-06 10:35:06,084 [INFO] ApplicationProperties:184 - Using Application install path: C:\ST\STM32CubeIDE_1.14.1\STM32CubeIDE\plugins\com.st.stm32cube.common.mx_6.15.0.202507011659
2026-02-06 10:35:06,085 [INFO] PluginManage:196 - Search for loadable plugins [exclusion list=, ]
2026-02-06 10:35:06,086 [INFO] PluginManage:310 - Check plugin analytics
2026-02-06 10:35:06,313 [INFO] AnalyticsPlugin:253 - Accepted Software Licenses: 
2026-02-06 10:35:06,313 [INFO] AnalyticsPlugin:255 - Accepted CMSIS Pack Licenses: 
2026-02-06 10:35:06,313 [INFO] AnalyticsPlugin:257 - Accepted Firmware Licenses: FW.F7.1.17.0
2026-02-06 10:35:06,317 [INFO] PluginManage:359 - Loaded plugin analytics (category:tool,tabindex:-1)
2026-02-06 10:35:06,317 [INFO] PluginManage:310 - Check plugin cadmodel
2026-02-06 10:35:06,326 [INFO] CADModel:105 - Init CAD model plugin
2026-02-06 10:35:06,326 [INFO] PluginManage:359 - Loaded plugin cadmodel (category:power,tabindex:5)
2026-02-06 10:35:06,326 [INFO] PluginManage:310 - Check plugin clock
2026-02-06 10:35:06,340 [INFO] PluginManage:359 - Loaded plugin clock (category:base,tabindex:2)
2026-02-06 10:35:06,340 [INFO] PluginManage:310 - Check plugin ddr
2026-02-06 10:35:06,343 [INFO] PluginManage:359 - Loaded plugin ddr (category:tool,tabindex:6)
2026-02-06 10:35:06,343 [INFO] PluginManage:310 - Check plugin filemanager
2026-02-06 10:35:06,509 [INFO] PluginManage:359 - Loaded plugin filemanager (category:base,tabindex:10)
2026-02-06 10:35:06,509 [INFO] PluginManage:310 - Check plugin ipmanager
2026-02-06 10:35:06,515 [INFO] PluginManage:359 - Loaded plugin ipmanager (category:base,tabindex:5)
2026-02-06 10:35:06,515 [INFO] PluginManage:310 - Check plugin lpbam
2026-02-06 10:35:06,524 [INFO] PluginManage:359 - Loaded plugin lpbam (category:base,tabindex:0)
2026-02-06 10:35:06,524 [INFO] PluginManage:310 - Check plugin memorymap
2026-02-06 10:35:06,538 [INFO] PluginManage:359 - Loaded plugin memorymap (category:base,tabindex:4)
2026-02-06 10:35:06,538 [INFO] PluginManage:310 - Check plugin pinoutandconfiguration
2026-02-06 10:35:06,555 [INFO] PluginManage:359 - Loaded plugin pinoutandconfiguration (category:base,tabindex:1)
2026-02-06 10:35:06,555 [INFO] PluginManage:310 - Check plugin pinoutconfig
2026-02-06 10:35:06,639 [WARN] SupportedApi:132 - Cannot load RTOS API schema: s4s-elt-must-match.1: The content of 'definitions' must match (annotation?, (simpleType | complexType)?, (unique | key | keyref)*)). A problem was found starting at: attribute.
2026-02-06 10:35:06,814 [INFO] PluginManage:359 - Loaded plugin pinoutconfig (category:base,tabindex:0)
2026-02-06 10:35:06,814 [INFO] PluginManage:310 - Check plugin power
2026-02-06 10:35:06,828 [INFO] PluginManage:359 - Loaded plugin power (category:power,tabindex:4)
2026-02-06 10:35:06,828 [INFO] PluginManage:310 - Check plugin projectmanager
2026-02-06 10:35:06,852 [INFO] PluginManage:359 - Loaded plugin projectmanager (category:projectmanager,tabindex:4)
2026-02-06 10:35:06,852 [INFO] PluginManage:310 - Check plugin rif
2026-02-06 10:35:06,861 [INFO] PluginManage:359 - Loaded plugin rif (category:base,tabindex:3)
2026-02-06 10:35:06,861 [INFO] PluginManage:310 - Check plugin thirdparty
2026-02-06 10:35:07,045 [WARN] IntegrityCheckThread:84 - waiting for thirdparty lock release [integrity check]
2026-02-06 10:35:07,045 [INFO] IntegrityCheckThread:86 - entering critical section [integrity check]
2026-02-06 10:35:07,046 [INFO] ThirdPartyUpdaterWithRetryManager:70 - Updater plugin not ready yet. [1/15]
2026-02-06 10:35:07,046 [INFO] PluginManage:359 - Loaded plugin thirdparty (category:base,tabindex:-1)
2026-02-06 10:35:07,046 [INFO] PluginManage:310 - Check plugin tools
2026-02-06 10:35:07,050 [INFO] PluginManage:359 - Loaded plugin tools (category:base,tabindex:7)
2026-02-06 10:35:07,051 [INFO] PluginManage:310 - Check plugin tutovideos
2026-02-06 10:35:07,263 [INFO] PluginManage:359 - Loaded plugin tutovideos (category:base,tabindex:-1)
2026-02-06 10:35:07,263 [INFO] PluginManage:310 - Check plugin updater
2026-02-06 10:35:07,304 [INFO] PluginManage:359 - Loaded plugin updater (category:base,tabindex:12)
2026-02-06 10:35:07,304 [INFO] PluginManage:310 - Check plugin userauth
2026-02-06 10:35:07,309 [INFO] UserAuth:118 - Init User Auth plugin
2026-02-06 10:35:07,310 [INFO] PluginManage:359 - Loaded plugin userauth (category:base,tabindex:14)
2026-02-06 10:35:07,310 [INFO] PluginManage:283 - PluginManage : Loaded plugins [18]
2026-02-06 10:35:07,538 [INFO] PinOutPanel:1589 - setPackage(No Configuration,No Configuration)
2026-02-06 10:35:07,612 [INFO] CADModel:165 - CPN selected for project level
2026-02-06 10:35:07,612 [INFO] CADModel:114 - Register for checkConnection events
2026-02-06 10:35:07,631 [INFO] IPUIPlugin:80 - create IPUIPlugin
2026-02-06 10:35:07,631 [INFO] PluginManager:220 - loadIPPluginJar : add adc
2026-02-06 10:35:07,633 [INFO] IPUIPlugin:80 - create IPUIPlugin
2026-02-06 10:35:07,634 [INFO] PluginManager:220 - loadIPPluginJar : add aes
2026-02-06 10:35:07,636 [INFO] IPUIPlugin:80 - create IPUIPlugin
2026-02-06 10:35:07,636 [INFO] PluginManager:220 - loadIPPluginJar : add can
2026-02-06 10:35:07,638 [INFO] IPUIPlugin:80 - create IPUIPlugin
2026-02-06 10:35:07,638 [INFO] PluginManager:220 - loadIPPluginJar : add comp
2026-02-06 10:35:07,640 [INFO] IPUIPlugin:80 - create IPUIPlugin
2026-02-06 10:35:07,641 [INFO] PluginManager:220 - loadIPPluginJar : add cryp
2026-02-06 10:35:07,644 [INFO] IPUIPlugin:80 - create IPUIPlugin
2026-02-06 10:35:07,644 [INFO] PluginManager:220 - loadIPPluginJar : add ddr_ctrl_phy
2026-02-06 10:35:07,646 [INFO] IPUIPlugin:80 - create IPUIPlugin
2026-02-06 10:35:07,646 [INFO] PluginManager:220 - loadIPPluginJar : add dfsdm
2026-02-06 10:35:07,652 [INFO] IPUIPlugin:80 - create IPUIPlugin
2026-02-06 10:35:07,652 [INFO] PluginManager:220 - loadIPPluginJar : add dma
2026-02-06 10:35:07,655 [INFO] IPUIPlugin:80 - create IPUIPlugin
2026-02-06 10:35:07,655 [INFO] PluginManager:220 - loadIPPluginJar : add dma3
2026-02-06 10:35:07,658 [INFO] IPUIPlugin:80 - create IPUIPlugin
2026-02-06 10:35:07,658 [INFO] PluginManager:220 - loadIPPluginJar : add extmemmanager
2026-02-06 10:35:07,660 [INFO] IPUIPlugin:80 - create IPUIPlugin
2026-02-06 10:35:07,660 [INFO] PluginManager:220 - loadIPPluginJar : add fatfs
2026-02-06 10:35:07,664 [INFO] IPUIPlugin:80 - create IPUIPlugin
2026-02-06 10:35:07,664 [INFO] PluginManager:220 - loadIPPluginJar : add fmc
2026-02-06 10:35:07,670 [INFO] IPUIPlugin:80 - create IPUIPlugin
2026-02-06 10:35:07,670 [INFO] PluginManager:220 - loadIPPluginJar : add freertos
2026-02-06 10:35:07,671 [INFO] IPUIPlugin:80 - create IPUIPlugin
2026-02-06 10:35:07,672 [INFO] PluginManager:220 - loadIPPluginJar : add genericplugin
2026-02-06 10:35:07,674 [INFO] IPUIPlugin:80 - create IPUIPlugin
2026-02-06 10:35:07,674 [INFO] PluginManager:220 - loadIPPluginJar : add gfxmmu
2026-02-06 10:35:07,679 [INFO] IPUIPlugin:80 - create IPUIPlugin
2026-02-06 10:35:07,679 [INFO] PluginManager:220 - loadIPPluginJar : add gic
2026-02-06 10:35:07,683 [INFO] IPUIPlugin:80 - create IPUIPlugin
2026-02-06 10:35:07,683 [INFO] PluginManager:220 - loadIPPluginJar : add gpio
2026-02-06 10:35:07,685 [INFO] IPUIPlugin:80 - create IPUIPlugin
2026-02-06 10:35:07,685 [INFO] PluginManager:220 - loadIPPluginJar : add gtzc
2026-02-06 10:35:07,688 [INFO] IPUIPlugin:80 - create IPUIPlugin
2026-02-06 10:35:07,688 [INFO] PluginManager:220 - loadIPPluginJar : add hash
2026-02-06 10:35:07,690 [INFO] IPUIPlugin:80 - create IPUIPlugin
2026-02-06 10:35:07,690 [INFO] PluginManager:220 - loadIPPluginJar : add i2c
2026-02-06 10:35:07,693 [INFO] IPUIPlugin:80 - create IPUIPlugin
2026-02-06 10:35:07,693 [INFO] PluginManager:220 - loadIPPluginJar : add i2s
2026-02-06 10:35:07,696 [INFO] IPUIPlugin:80 - create IPUIPlugin
2026-02-06 10:35:07,696 [INFO] PluginManager:220 - loadIPPluginJar : add i3c
2026-02-06 10:35:07,699 [INFO] IPUIPlugin:80 - create IPUIPlugin
2026-02-06 10:35:07,699 [INFO] PluginManager:220 - loadIPPluginJar : add ipddr
2026-02-06 10:35:07,706 [INFO] IPUIPlugin:80 - create IPUIPlugin
2026-02-06 10:35:07,706 [INFO] PluginManager:220 - loadIPPluginJar : add linkedlist
2026-02-06 10:35:07,711 [INFO] IPUIPlugin:80 - create IPUIPlugin
2026-02-06 10:35:07,711 [INFO] PluginManager:220 - loadIPPluginJar : add lorawan
2026-02-06 10:35:07,712 [INFO] IPUIPlugin:80 - create IPUIPlugin
2026-02-06 10:35:07,713 [INFO] PluginManager:220 - loadIPPluginJar : add ltdc
2026-02-06 10:35:07,727 [INFO] IPUIPlugin:80 - create IPUIPlugin
2026-02-06 10:35:07,729 [INFO] PluginManager:220 - loadIPPluginJar : add mdma
2026-02-06 10:35:07,735 [INFO] IPUIPlugin:80 - create IPUIPlugin
2026-02-06 10:35:07,735 [INFO] PluginManager:220 - loadIPPluginJar : add nvic
2026-02-06 10:35:07,740 [INFO] IPUIPlugin:80 - create IPUIPlugin
2026-02-06 10:35:07,740 [INFO] PluginManager:220 - loadIPPluginJar : add opamp
2026-02-06 10:35:07,744 [INFO] IPUIPlugin:80 - create IPUIPlugin
2026-02-06 10:35:07,744 [INFO] PluginManager:220 - loadIPPluginJar : add openamp
2026-02-06 10:35:07,747 [INFO] IPUIPlugin:80 - create IPUIPlugin
2026-02-06 10:35:07,748 [INFO] PluginManager:220 - loadIPPluginJar : add pdm2pcm
2026-02-06 10:35:07,755 [INFO] IPUIPlugin:80 - create IPUIPlugin
2026-02-06 10:35:07,757 [INFO] PluginManager:220 - loadIPPluginJar : add plateformsettings
2026-02-06 10:35:07,760 [INFO] IPUIPlugin:80 - create IPUIPlugin
2026-02-06 10:35:07,760 [INFO] PluginManager:220 - loadIPPluginJar : add quadspi
2026-02-06 10:35:07,764 [INFO] IPUIPlugin:80 - create IPUIPlugin
2026-02-06 10:35:07,764 [INFO] PluginManager:220 - loadIPPluginJar : add radio
2026-02-06 10:35:07,769 [INFO] IPUIPlugin:80 - create IPUIPlugin
2026-02-06 10:35:07,769 [INFO] PluginManager:220 - loadIPPluginJar : add resmgrutility
2026-02-06 10:35:07,773 [INFO] IPUIPlugin:80 - create IPUIPlugin
2026-02-06 10:35:07,773 [INFO] PluginManager:220 - loadIPPluginJar : add sai
2026-02-06 10:35:07,776 [INFO] IPUIPlugin:80 - create IPUIPlugin
2026-02-06 10:35:07,776 [INFO] PluginManager:220 - loadIPPluginJar : add spi
2026-02-06 10:35:07,784 [INFO] IPUIPlugin:80 - create IPUIPlugin
2026-02-06 10:35:07,784 [INFO] PluginManager:220 - loadIPPluginJar : add stm32_wpan
2026-02-06 10:35:07,788 [INFO] IPUIPlugin:80 - create IPUIPlugin
2026-02-06 10:35:07,789 [INFO] PluginManager:220 - loadIPPluginJar : add tim
2026-02-06 10:35:07,794 [INFO] IPUIPlugin:80 - create IPUIPlugin
2026-02-06 10:35:07,794 [INFO] PluginManager:220 - loadIPPluginJar : add touchsensing
2026-02-06 10:35:07,799 [INFO] IPUIPlugin:80 - create IPUIPlugin
2026-02-06 10:35:07,799 [INFO] PluginManager:220 - loadIPPluginJar : add tracer_emb
2026-02-06 10:35:07,804 [INFO] IPUIPlugin:80 - create IPUIPlugin
2026-02-06 10:35:07,804 [INFO] PluginManager:220 - loadIPPluginJar : add ts
2026-02-06 10:35:07,807 [INFO] IPUIPlugin:80 - create IPUIPlugin
2026-02-06 10:35:07,807 [INFO] PluginManager:220 - loadIPPluginJar : add tsc
2026-02-06 10:35:07,810 [INFO] IPUIPlugin:80 - create IPUIPlugin
2026-02-06 10:35:07,810 [INFO] PluginManager:220 - loadIPPluginJar : add ucpd
2026-02-06 10:35:07,814 [INFO] IPUIPlugin:80 - create IPUIPlugin
2026-02-06 10:35:07,814 [INFO] PluginManager:220 - loadIPPluginJar : add usart
2026-02-06 10:35:07,821 [INFO] IPUIPlugin:80 - create IPUIPlugin
2026-02-06 10:35:07,821 [INFO] PluginManager:220 - loadIPPluginJar : add usbx
2026-02-06 10:35:07,953 [FATAL] Updater:351 - Updater called before beeing initialized
2026-02-06 10:35:07,988 [INFO] RulesReader:64 - Compatibility file has been processed (317 Rules)
2026-02-06 10:35:07,996 [INFO] RulesReader:64 - Compatibility file has been processed (317 Rules)
2026-02-06 10:35:08,009 [INFO] CADModel:165 - CPN selected for project level
2026-02-06 10:35:08,009 [INFO] CADModel:114 - Register for checkConnection events
2026-02-06 10:35:08,009 [FATAL] Updater:351 - Updater called before beeing initialized
2026-02-06 10:35:08,009 [ERROR] CADModel:125 - Updater not yet initialized, retry later 
2026-02-06 10:35:08,161 [FATAL] Updater:351 - Updater called before beeing initialized
2026-02-06 10:35:08,163 [INFO] CADModel:165 - CPN selected for project level
2026-02-06 10:35:08,163 [INFO] CADModel:114 - Register for checkConnection events
2026-02-06 10:35:08,163 [FATAL] Updater:351 - Updater called before beeing initialized
2026-02-06 10:35:08,163 [ERROR] CADModel:125 - Updater not yet initialized, retry later 
2026-02-06 10:35:08,166 [FATAL] Updater:351 - Updater called before beeing initialized
2026-02-06 10:35:08,273 [FATAL] Updater:351 - Updater called before beeing initialized
2026-02-06 10:35:08,279 [INFO] DbMcusAds:53 - JSON generation date=Thu Jan 08 07:57:51 PST 2026 (1767887871456)
2026-02-06 10:35:08,279 [FATAL] Updater:351 - Updater called before beeing initialized
2026-02-06 10:35:08,316 [WARN] DetailPanel:346 - Failed to get advertising image, set to default
2026-02-06 10:35:08,392 [FATAL] Updater:351 - Updater called before beeing initialized
2026-02-06 10:35:08,393 [FATAL] Updater:351 - Updater called before beeing initialized
2026-02-06 10:35:08,393 [FATAL] Updater:351 - Updater called before beeing initialized
2026-02-06 10:35:08,394 [WARN] DetailPanel:346 - Failed to get advertising image, set to default
2026-02-06 10:35:08,394 [FATAL] Updater:351 - Updater called before beeing initialized
2026-02-06 10:35:08,436 [ERROR] Updater:1198 - MainUpdater not yet initialized. External WinMGr cannot be set.
2026-02-06 10:35:08,438 [INFO] Updater:1134 - Updater Version found : 6.15.0
2026-02-06 10:35:08,455 [INFO] ApplicationProperties:184 - Using Application install path: C:\ST\STM32CubeIDE_1.14.1\STM32CubeIDE\plugins\com.st.stm32cube.common.mx_6.15.0.202507011659
2026-02-06 10:35:10,046 [INFO] ThirdPartyUpdaterWithRetryManager:70 - Updater plugin not ready yet. [2/15]
2026-02-06 10:35:10,046 [ERROR] LogOutputStream:75 - [STDERR_REDIRECT] Feb 06, 2026 10:35:10 AM java.util.prefs.WindowsPreferences <init>
2026-02-06 10:35:10,048 [ERROR] LogOutputStream:75 - [STDERR_REDIRECT] WARNING: Could not open/create prefs root node Software\JavaSoft\Prefs at root 0xffffffff80000002. Windows RegCreateKeyEx(...) returned error code 5.
2026-02-06 10:35:10,048 [ERROR] LogOutputStream:75 - [STDERR_REDIRECT] 
2026-02-06 10:35:10,378 [INFO] MainUpdater:2872 - connection check result : 10
2026-02-06 10:35:10,378 [INFO] MainUpdater:289 - Updater Check For Update Now.
2026-02-06 10:35:10,378 [INFO] MicroXplorer:498 - Change Database Version : DB.6.0.150
2026-02-06 10:35:10,405 [INFO] McuFinderGlobals:63 - Set McuFinder mode to 2 (CubeIDE integrated)
2026-02-06 10:35:10,405 [INFO] UserAuth:171 - activating auth plugin
2026-02-06 10:35:10,410 [INFO] UserAuth:487 - Internet connection configuration mode: 1
2026-02-06 10:35:10,469 [INFO] JxBrowserEngine:152 - Initiate JxBrowser Engine with user profile folder
2026-02-06 10:35:10,578 [INFO] CheckServerUpdateThread:120 - End of CheckServer Thread
2026-02-06 10:35:12,507 [INFO] WebApp:169 - Instantiating new browser for Auth
2026-02-06 10:35:13,364 [WARN] PackLoader:240 - Cannot read IP mode file for STMicroelectronics.FP-SNS-MOTENVWB1.1.4.0
2026-02-06 10:35:13,386 [WARN] PackLoader:240 - Cannot read IP mode file for STMicroelectronics.X-CUBE-SMBUS.2.1.0
2026-02-06 10:35:13,394 [WARN] PackLoader:240 - Cannot read IP mode file for STMicroelectronics.X-CUBE-ST60.1.0.0
2026-02-06 10:35:13,430 [WARN] PackLoader:240 - Cannot read IP mode file for STMicroelectronics.X-CUBE-AZRTOS-F7.1.1.0
2026-02-06 10:35:13,440 [WARN] PackLoader:240 - Cannot read IP mode file for STMicroelectronics.FP-SNS-MOTENV1.5.1.0
2026-02-06 10:35:13,456 [WARN] PackLoader:240 - Cannot read IP mode file for WES.I-CUBE-Cesium.1.4.0
2026-02-06 10:35:13,474 [INFO] WebApp:463 - Apply proxy settings
2026-02-06 10:35:13,475 [INFO] WebApp:548 - Chromium requires no authentication
2026-02-06 10:35:13,484 [WARN] PackLoader:240 - Cannot read IP mode file for Infineon.AIROC-Wi-Fi-Bluetooth-STM32.1.7.1
2026-02-06 10:35:13,509 [WARN] PackLoader:240 - Cannot read IP mode file for STMicroelectronics.X-CUBE-AZRTOS-H7.3.4.0
2026-02-06 10:35:13,509 [INFO] WebApp:491 - Direct internet connection detected
2026-02-06 10:35:13,537 [WARN] PackLoader:240 - Cannot read IP mode file for STMicroelectronics.X-CUBE-DISPLAY.3.0.0
2026-02-06 10:35:13,563 [WARN] PackLoader:240 - Cannot read IP mode file for STMicroelectronics.X-CUBE-NFC10.1.0.0
2026-02-06 10:35:13,608 [WARN] PackLoader:240 - Cannot read IP mode file for STMicroelectronics.X-CUBE-BLEMGR.4.0.0
2026-02-06 10:35:13,610 [INFO] WebApp:900 - Register for checkConnection events
2026-02-06 10:35:13,610 [INFO] WebApp:463 - Apply proxy settings
2026-02-06 10:35:13,610 [INFO] WebApp:548 - Chromium requires no authentication
2026-02-06 10:35:13,611 [INFO] WebApp:491 - Direct internet connection detected
2026-02-06 10:35:13,619 [WARN] PackLoader:240 - Cannot read IP mode file for STMicroelectronics.X-CUBE-ST60.1.1.0
2026-02-06 10:35:13,628 [WARN] PackLoader:240 - Cannot read IP mode file for emotas.I-CUBE-CANOPEN.1.3.0
2026-02-06 10:35:13,638 [WARN] PackLoader:240 - Cannot read IP mode file for STMicroelectronics.X-CUBE-GNSS1.7.1.0
2026-02-06 10:35:13,645 [WARN] PackLoader:240 - Cannot read IP mode file for STMicroelectronics.X-CUBE-AI.10.0.0
2026-02-06 10:35:13,652 [WARN] PackLoader:240 - Cannot read IP mode file for STMicroelectronics.FP-SNS-STBOX1.2.1.0
2026-02-06 10:35:13,659 [WARN] PackLoader:240 - Cannot read IP mode file for STMicroelectronics.FP-SNS-SMARTAG2.1.2.0
2026-02-06 10:35:13,666 [INFO] LogOutputStream:77 - [STDOUT_REDIRECT] 1 : Invalid condition id : UX_CORESTACK_Condition cause : null
2026-02-06 10:35:13,667 [INFO] LogOutputStream:77 - [STDOUT_REDIRECT] 1 : Invalid condition id : UX_CORESTACK_Condition cause : null
2026-02-06 10:35:13,669 [INFO] LogOutputStream:77 - [STDOUT_REDIRECT] 1 : Invalid condition id : UX_CORESTACK_Condition cause : null
2026-02-06 10:35:13,671 [INFO] LogOutputStream:77 - [STDOUT_REDIRECT] 1 : Invalid condition id : UX_CORESTACK_Condition cause : null
2026-02-06 10:35:13,673 [INFO] LogOutputStream:77 - [STDOUT_REDIRECT] 1 : Invalid condition id : UX_CORESTACK_Condition cause : null
2026-02-06 10:35:13,675 [WARN] PackLoader:240 - Cannot read IP mode file for STMicroelectronics.X-CUBE-AZRTOS-WL.2.0.0
2026-02-06 10:35:13,680 [WARN] PackLoader:240 - Cannot read IP mode file for STMicroelectronics.FP-SNS-MOTENV1.5.0.0
2026-02-06 10:35:13,692 [WARN] PackLoader:240 - Cannot read IP mode file for STMicroelectronics.X-CUBE-AZRTOS-H7RS.1.2.0
2026-02-06 10:35:13,700 [WARN] PackLoader:240 - Cannot read IP mode file for STMicroelectronics.X-CUBE-BLE2.3.3.0
2026-02-06 10:35:13,723 [WARN] PackLoader:240 - Cannot read IP mode file for STMicroelectronics.X-CUBE-NFC9.1.0.0
2026-02-06 10:35:13,727 [WARN] PackLoader:240 - Cannot read IP mode file for wolfSSL.I-CUBE-wolfMQTT.1.19.2
2026-02-06 10:35:13,732 [WARN] PackLoader:240 - Cannot read IP mode file for STMicroelectronics.X-CUBE-FREERTOS.1.4.0
2026-02-06 10:35:13,736 [WARN] PackLoader:240 - Cannot read IP mode file for STMicroelectronics.X-CUBE-EEPRMA1.5.2.0
2026-02-06 10:35:13,743 [WARN] PackLoader:240 - Cannot read IP mode file for STMicroelectronics.X-CUBE-ST67W61.1.1.0
2026-02-06 10:35:13,780 [WARN] PackLoader:240 - Cannot read IP mode file for STMicroelectronics.X-CUBE-MEMS1.12.0.0
2026-02-06 10:35:13,813 [INFO] WebApp:191 - Connection restablished
2026-02-06 10:35:13,925 [WARN] PackLoader:240 - Cannot read IP mode file for STMicroelectronics.X-CUBE-MEMS1.11.2.0
2026-02-06 10:35:14,084 [WARN] PackLoader:240 - Cannot read IP mode file for STMicroelectronics.X-CUBE-AZRTOS-G0.1.1.0
2026-02-06 10:35:14,091 [WARN] PackLoader:240 - Cannot read IP mode file for STMicroelectronics.X-CUBE-SAFEA1.1.2.2
2026-02-06 10:35:14,097 [WARN] PackLoader:240 - Cannot read IP mode file for STMicroelectronics.X-CUBE-NFC4.3.0.0
2026-02-06 10:35:14,104 [WARN] PackLoader:240 - Cannot read IP mode file for EmbeddedOffice.I-CUBE-FS-RTOS.1.0.1
2026-02-06 10:35:14,107 [WARN] PackLoader:240 - Cannot read IP mode file for wolfSSL.I-CUBE-wolfTPM.3.8.0
2026-02-06 10:35:14,112 [WARN] PackLoader:240 - Cannot read IP mode file for STMicroelectronics.X-CUBE-TCPP.4.2.0
2026-02-06 10:35:14,117 [WARN] PackLoader:240 - Cannot read IP mode file for RealThread.X-CUBE-RT-Thread_Nano.4.1.1
2026-02-06 10:35:14,120 [WARN] PackLoader:240 - Cannot read IP mode file for STMicroelectronics.FP-ATR-SIGFOX1.3.2.0
2026-02-06 10:35:14,125 [WARN] PackLoader:240 - Cannot read IP mode file for STMicroelectronics.X-CUBE-EEPRMA1.5.1.0
2026-02-06 10:35:14,132 [WARN] PackLoader:240 - Cannot read IP mode file for ITTIA_DB.I-CUBE-ITTIADB.8.9.0
2026-02-06 10:35:14,141 [WARN] PackLoader:240 - Cannot read IP mode file for STMicroelectronics.X-CUBE-NFC6.3.2.0
2026-02-06 10:35:14,154 [WARN] PackLoader:240 - Cannot read IP mode file for STMicroelectronics.X-CUBE-ST67W61.1.0.0
2026-02-06 10:35:14,167 [WARN] PackLoader:240 - Cannot read IP mode file for STMicroelectronics.X-CUBE-AI.10.2.0
2026-02-06 10:35:14,208 [WARN] PackLoader:240 - Cannot read IP mode file for SEGGER.I-CUBE-embOS.1.3.1
2026-02-06 10:35:14,302 [WARN] PackLoader:240 - Cannot read IP mode file for STMicroelectronics.X-CUBE-ALGOBUILD.1.4.0
2026-02-06 10:35:14,305 [INFO] WebApp:225 - Starting web application
2026-02-06 10:35:14,306 [INFO] WebApp:593 - Web application path used C:\ST\STM32CubeIDE_1.14.1\STM32CubeIDE\plugins\com.st.stm32cube.common.mx_6.15.0.202507011659\db\plugins\mcufinder\reactClient1\index.html
2026-02-06 10:35:14,352 [WARN] PackLoader:240 - Cannot read IP mode file for STMicroelectronics.X-CUBE-MEMS1.11.3.0
2026-02-06 10:35:14,470 [WARN] PackLoader:240 - Cannot read IP mode file for STMicroelectronics.X-CUBE-PM33A1.1.0.0
2026-02-06 10:35:14,488 [WARN] PackLoader:240 - Cannot read IP mode file for STMicroelectronics.X-CUBE-AZRTOS-F4.1.1.0
2026-02-06 10:35:14,495 [WARN] PackLoader:240 - Cannot read IP mode file for Avnet-IotConnect.X-CUBE-IoTC-DA16k-PMOD.1.0.0
2026-02-06 10:35:14,503 [WARN] PackLoader:240 - Cannot read IP mode file for STMicroelectronics.X-CUBE-ISPU.2.1.0
2026-02-06 10:35:14,519 [WARN] PackLoader:240 - Cannot read IP mode file for STMicroelectronics.X-CUBE-IPS.3.2.0
2026-02-06 10:35:14,527 [WARN] PackLoader:240 - Cannot read IP mode file for STMicroelectronics.X-CUBE-NFC12.1.0.0
2026-02-06 10:35:14,539 [WARN] PackLoader:240 - Cannot read IP mode file for STMicroelectronics.X-CUBE-AZRTOS-L5.2.0.0
2026-02-06 10:35:14,546 [WARN] PackLoader:240 - Cannot read IP mode file for STMicroelectronics.X-CUBE-NFC6.3.1.0
2026-02-06 10:35:14,551 [WARN] PackLoader:240 - Cannot read IP mode file for STMicroelectronics.X-CUBE-FREERTOS.1.3.1
2026-02-06 10:35:14,557 [WARN] PackLoader:240 - Cannot read IP mode file for STMicroelectronics.X-CUBE-TOUCHGFX.4.26.0
2026-02-06 10:35:14,561 [WARN] PackLoader:240 - Cannot read IP mode file for STMicroelectronics.FP-SNS-STAIOTCFT.1.0.0
2026-02-06 10:35:14,572 [WARN] ConditionMgr:438 - getConditionDescription Invalid condition id : LAN8742 Phy interface Condition cause : null
2026-02-06 10:35:14,572 [WARN] PackLoader:240 - Cannot read IP mode file for STMicroelectronics.X-CUBE-AZRTOS-L4.2.0.0
2026-02-06 10:35:14,577 [WARN] ConditionMgr:1044 - genDependencies : Invalid condition id : LAN8742 Phy interface Condition cause : null
2026-02-06 10:35:14,578 [WARN] ConditionMgr:1044 - genDependencies : Invalid condition id : LAN8742 Phy interface Condition cause : null
2026-02-06 10:35:14,578 [WARN] ConditionMgr:1044 - genDependencies : Invalid condition id : LAN8742 Phy interface Condition cause : null
2026-02-06 10:35:14,586 [WARN] PackLoader:240 - Cannot read IP mode file for STMicroelectronics.X-CUBE-SFXS2LP1.4.0.0
2026-02-06 10:35:14,592 [WARN] PackLoader:240 - Cannot read IP mode file for STMicroelectronics.X-CUBE-ST67W61.1.2.0
2026-02-06 10:35:14,614 [WARN] PackLoader:240 - Cannot read IP mode file for STMicroelectronics.X-CUBE-AZRTOS-H7.3.3.0
2026-02-06 10:35:14,628 [WARN] PackLoader:240 - Cannot read IP mode file for STMicroelectronics.X-CUBE-BLEMGR.4.1.0
2026-02-06 10:35:14,639 [WARN] ConditionMgr:438 - getConditionDescription Invalid condition id : UX DEVICE CLASS RTOS Condition cause : null
2026-02-06 10:35:14,640 [WARN] ConditionMgr:438 - getConditionDescription Invalid condition id : UX DEVICE CLASS RTOS Condition cause : null
2026-02-06 10:35:14,642 [WARN] PackLoader:240 - Cannot read IP mode file for STMicroelectronics.X-CUBE-AZRTOS-WB.2.0.0
2026-02-06 10:35:14,643 [WARN] ConditionMgr:1044 - genDependencies : Invalid condition id : UX DEVICE CLASS RTOS Condition cause : null
2026-02-06 10:35:14,643 [WARN] ConditionMgr:1044 - genDependencies : Invalid condition id : UX DEVICE CLASS RTOS Condition cause : null
2026-02-06 10:35:14,644 [WARN] ConditionMgr:1044 - genDependencies : Invalid condition id : UX DEVICE CLASS RTOS Condition cause : null
2026-02-06 10:35:14,644 [WARN] ConditionMgr:1044 - genDependencies : Invalid condition id : UX DEVICE CLASS RTOS Condition cause : null
2026-02-06 10:35:14,644 [WARN] ConditionMgr:1044 - genDependencies : Invalid condition id : UX DEVICE CLASS RTOS Condition cause : null
2026-02-06 10:35:14,649 [WARN] PackLoader:240 - Cannot read IP mode file for STMicroelectronics.X-CUBE-GNSS1.7.0.1
2026-02-06 10:35:14,652 [WARN] PackLoader:240 - Cannot read IP mode file for STMicroelectronics.X-CUBE-TOUCHGFX.4.25.0
2026-02-06 10:35:14,656 [WARN] PackLoader:240 - Cannot read IP mode file for STMicroelectronics.FP-SNS-STBOX1.2.0.0
2026-02-06 10:35:14,660 [WARN] ConditionMgr:438 - getConditionDescription Invalid condition id : Cortex-A Device cause : null
2026-02-06 10:35:14,670 [WARN] ConditionMgr:1044 - genDependencies : Invalid condition id : Cortex-A Device cause : null
2026-02-06 10:35:14,670 [WARN] ConditionMgr:1044 - genDependencies : Invalid condition id : Cortex-A Device cause : null
2026-02-06 10:35:14,670 [WARN] ConditionMgr:1044 - genDependencies : Invalid condition id : Cortex-A Device cause : null
2026-02-06 10:35:14,675 [WARN] PackLoader:240 - Cannot read IP mode file for STMicroelectronics.X-CUBE-STSE01.2.0.0
2026-02-06 10:35:14,685 [WARN] PackLoader:240 - Cannot read IP mode file for STMicroelectronics.X-CUBE-SUBG2.5.0.0
2026-02-06 10:35:14,698 [WARN] PackLoader:240 - Cannot read IP mode file for STMicroelectronics.X-CUBE-AZRTOS-H7RS.1.1.0
2026-02-06 10:35:14,705 [WARN] PackLoader:240 - Cannot read IP mode file for Cesanta.I-CUBE-Mongoose.7.13.0
2026-02-06 10:35:14,714 [WARN] PackLoader:240 - Cannot read IP mode file for STMicroelectronics.X-CUBE-AZRTOS-G4.2.0.0
2026-02-06 10:35:14,718 [WARN] PackLoader:240 - Cannot read IP mode file for wolfSSL.I-CUBE-wolfSSH.1.4.20
2026-02-06 10:35:14,724 [WARN] PackLoader:240 - Cannot read IP mode file for STMicroelectronics.X-CUBE-IPS.3.1.0
2026-02-06 10:35:14,730 [WARN] PackLoader:240 - Cannot read IP mode file for STMicroelectronics.X-CUBE-ALS.1.0.2
2026-02-06 10:35:14,734 [WARN] PackLoader:240 - Cannot read IP mode file for STMicroelectronics.X-CUBE-STSE01.1.0.0
2026-02-06 10:35:14,735 [INFO] ThirdParty:978 - Integrity check success = true
2026-02-06 10:35:14,735 [INFO] IntegrityCheckThread:100 - exiting critical section [integrity check]
2026-02-06 10:35:14,735 [INFO] IntegrityCheckThread:103 - End integrity checks thread
2026-02-06 10:35:14,758 [ERROR] LogOutputStream:75 - [STDERR_REDIRECT] [Fatal Error] :1:1: Premature end of file.
2026-02-06 10:35:14,759 [ERROR] LogOutputStream:75 - [STDERR_REDIRECT] 
2026-02-06 10:35:15,732 [ERROR] LogOutputStream:75 - [STDERR_REDIRECT] [Fatal Error] :1:1: Premature end of file.
2026-02-06 10:35:15,733 [ERROR] LogOutputStream:75 - [STDERR_REDIRECT] 
2026-02-06 10:35:16,719 [ERROR] LogOutputStream:75 - [STDERR_REDIRECT] [Fatal Error] :1:1: Premature end of file.
2026-02-06 10:35:16,719 [ERROR] LogOutputStream:75 - [STDERR_REDIRECT] 
2026-02-06 10:35:17,715 [ERROR] LogOutputStream:75 - [STDERR_REDIRECT] [Fatal Error] :1:1: Premature end of file.
2026-02-06 10:35:17,716 [ERROR] LogOutputStream:75 - [STDERR_REDIRECT] 
2026-02-06 10:35:18,710 [ERROR] LogOutputStream:75 - [STDERR_REDIRECT] [Fatal Error] :1:1: Premature end of file.
2026-02-06 10:35:18,711 [ERROR] LogOutputStream:75 - [STDERR_REDIRECT] 
2026-02-06 10:35:19,713 [ERROR] LogOutputStream:75 - [STDERR_REDIRECT] [Fatal Error] :1:1: Premature end of file.
2026-02-06 10:35:19,714 [ERROR] LogOutputStream:75 - [STDERR_REDIRECT] 
2026-02-06 10:35:20,721 [ERROR] LogOutputStream:75 - [STDERR_REDIRECT] [Fatal Error] :1:1: Premature end of file.
2026-02-06 10:35:20,721 [ERROR] LogOutputStream:75 - [STDERR_REDIRECT] 
2026-02-06 10:35:21,751 [ERROR] LogOutputStream:75 - [STDERR_REDIRECT] [Fatal Error] :1:1: Premature end of file.
2026-02-06 10:35:21,752 [ERROR] LogOutputStream:75 - [STDERR_REDIRECT] 
2026-02-06 10:35:22,731 [ERROR] LogOutputStream:75 - [STDERR_REDIRECT] [Fatal Error] :1:1: Premature end of file.
2026-02-06 10:35:22,732 [ERROR] LogOutputStream:75 - [STDERR_REDIRECT] 
2026-02-06 10:35:23,729 [ERROR] LogOutputStream:75 - [STDERR_REDIRECT] [Fatal Error] :1:1: Premature end of file.
2026-02-06 10:35:23,730 [ERROR] LogOutputStream:75 - [STDERR_REDIRECT] 
2026-02-06 10:35:24,729 [ERROR] LogOutputStream:75 - [STDERR_REDIRECT] [Fatal Error] :1:1: Premature end of file.
2026-02-06 10:35:24,729 [ERROR] LogOutputStream:75 - [STDERR_REDIRECT] 
2026-02-06 10:35:25,752 [ERROR] LogOutputStream:75 - [STDERR_REDIRECT] [Fatal Error] :1:1: Premature end of file.
2026-02-06 10:35:25,753 [ERROR] LogOutputStream:75 - [STDERR_REDIRECT] 
2026-02-06 10:35:26,712 [ERROR] LogOutputStream:75 - [STDERR_REDIRECT] [Fatal Error] :1:1: Premature end of file.
2026-02-06 10:35:26,713 [ERROR] LogOutputStream:75 - [STDERR_REDIRECT] 
2026-02-06 10:35:27,723 [ERROR] LogOutputStream:75 - [STDERR_REDIRECT] [Fatal Error] :1:1: Premature end of file.
2026-02-06 10:35:27,724 [ERROR] LogOutputStream:75 - [STDERR_REDIRECT] 
2026-02-06 10:35:28,735 [ERROR] LogOutputStream:75 - [STDERR_REDIRECT] [Fatal Error] :1:1: Premature end of file.
2026-02-06 10:35:28,736 [ERROR] LogOutputStream:75 - [STDERR_REDIRECT] 
2026-02-06 10:35:29,734 [ERROR] LogOutputStream:75 - [STDERR_REDIRECT] [Fatal Error] :1:1: Premature end of file.
2026-02-06 10:35:29,734 [ERROR] LogOutputStream:75 - [STDERR_REDIRECT] 
2026-02-06 10:35:30,727 [ERROR] LogOutputStream:75 - [STDERR_REDIRECT] [Fatal Error] :1:1: Premature end of file.
2026-02-06 10:35:30,727 [ERROR] LogOutputStream:75 - [STDERR_REDIRECT] 
2026-02-06 10:35:31,726 [ERROR] LogOutputStream:75 - [STDERR_REDIRECT] [Fatal Error] :1:1: Premature end of file.
2026-02-06 10:35:31,727 [ERROR] LogOutputStream:75 - [STDERR_REDIRECT] 
2026-02-06 10:35:32,727 [ERROR] LogOutputStream:75 - [STDERR_REDIRECT] [Fatal Error] :1:1: Premature end of file.
2026-02-06 10:35:32,727 [ERROR] LogOutputStream:75 - [STDERR_REDIRECT] 
2026-02-06 10:35:33,735 [ERROR] LogOutputStream:75 - [STDERR_REDIRECT] [Fatal Error] :1:1: Premature end of file.
2026-02-06 10:35:33,735 [ERROR] LogOutputStream:75 - [STDERR_REDIRECT] 
2026-02-06 10:35:34,729 [ERROR] LogOutputStream:75 - [STDERR_REDIRECT] [Fatal Error] :1:1: Premature end of file.
2026-02-06 10:35:34,729 [ERROR] LogOutputStream:75 - [STDERR_REDIRECT] 
2026-02-06 10:35:35,703 [ERROR] LogOutputStream:75 - [STDERR_REDIRECT] [Fatal Error] :1:1: Premature end of file.
2026-02-06 10:35:35,703 [ERROR] LogOutputStream:75 - [STDERR_REDIRECT] 
2026-02-06 10:35:36,703 [ERROR] LogOutputStream:75 - [STDERR_REDIRECT] [Fatal Error] :1:1: Premature end of file.
2026-02-06 10:35:36,704 [ERROR] LogOutputStream:75 - [STDERR_REDIRECT] 
2026-02-06 10:35:37,740 [ERROR] LogOutputStream:75 - [STDERR_REDIRECT] [Fatal Error] :1:1: Premature end of file.
2026-02-06 10:35:37,740 [ERROR] LogOutputStream:75 - [STDERR_REDIRECT] 
2026-02-06 10:35:38,719 [ERROR] LogOutputStream:75 - [STDERR_REDIRECT] [Fatal Error] :1:1: Premature end of file.
2026-02-06 10:35:38,719 [ERROR] LogOutputStream:75 - [STDERR_REDIRECT] 
2026-02-06 10:35:39,707 [ERROR] LogOutputStream:75 - [STDERR_REDIRECT] [Fatal Error] :1:1: Premature end of file.
2026-02-06 10:35:39,707 [ERROR] LogOutputStream:75 - [STDERR_REDIRECT] 
2026-02-06 10:35:40,698 [ERROR] LogOutputStream:75 - [STDERR_REDIRECT] [Fatal Error] :1:1: Premature end of file.
2026-02-06 10:35:40,700 [ERROR] LogOutputStream:75 - [STDERR_REDIRECT] 
2026-02-06 10:35:41,719 [ERROR] LogOutputStream:75 - [STDERR_REDIRECT] [Fatal Error] :1:1: Premature end of file.
2026-02-06 10:35:41,720 [ERROR] LogOutputStream:75 - [STDERR_REDIRECT] 
2026-02-06 10:35:42,707 [ERROR] LogOutputStream:75 - [STDERR_REDIRECT] [Fatal Error] :1:1: Premature end of file.
2026-02-06 10:35:42,708 [ERROR] LogOutputStream:75 - [STDERR_REDIRECT] 
2026-02-06 10:35:43,704 [ERROR] LogOutputStream:75 - [STDERR_REDIRECT] [Fatal Error] :1:1: Premature end of file.
2026-02-06 10:35:43,704 [ERROR] LogOutputStream:75 - [STDERR_REDIRECT] 
2026-02-06 10:35:44,728 [ERROR] LogOutputStream:75 - [STDERR_REDIRECT] [Fatal Error] :1:1: Premature end of file.
2026-02-06 10:35:44,728 [ERROR] LogOutputStream:75 - [STDERR_REDIRECT] 
2026-02-06 10:35:45,711 [ERROR] LogOutputStream:75 - [STDERR_REDIRECT] [Fatal Error] :1:1: Premature end of file.
2026-02-06 10:35:45,711 [ERROR] LogOutputStream:75 - [STDERR_REDIRECT] 
2026-02-06 10:35:46,701 [ERROR] LogOutputStream:75 - [STDERR_REDIRECT] [Fatal Error] :1:1: Premature end of file.
2026-02-06 10:35:46,701 [ERROR] LogOutputStream:75 - [STDERR_REDIRECT] 
2026-02-06 10:35:47,698 [ERROR] LogOutputStream:75 - [STDERR_REDIRECT] [Fatal Error] :1:1: Premature end of file.
2026-02-06 10:35:47,698 [ERROR] LogOutputStream:75 - [STDERR_REDIRECT] 
2026-02-06 10:35:48,704 [ERROR] LogOutputStream:75 - [STDERR_REDIRECT] [Fatal Error] :1:1: Premature end of file.
2026-02-06 10:35:48,704 [ERROR] LogOutputStream:75 - [STDERR_REDIRECT] 
2026-02-06 10:35:49,719 [ERROR] LogOutputStream:75 - [STDERR_REDIRECT] [Fatal Error] :1:1: Premature end of file.
2026-02-06 10:35:49,719 [ERROR] LogOutputStream:75 - [STDERR_REDIRECT] 
2026-02-06 10:35:50,700 [ERROR] LogOutputStream:75 - [STDERR_REDIRECT] [Fatal Error] :1:1: Premature end of file.
2026-02-06 10:35:50,700 [ERROR] LogOutputStream:75 - [STDERR_REDIRECT] 
2026-02-06 10:35:51,718 [ERROR] LogOutputStream:75 - [STDERR_REDIRECT] [Fatal Error] :1:1: Premature end of file.
2026-02-06 10:35:51,719 [ERROR] LogOutputStream:75 - [STDERR_REDIRECT] 
2026-02-06 10:35:52,720 [ERROR] LogOutputStream:75 - [STDERR_REDIRECT] [Fatal Error] :1:1: Premature end of file.
2026-02-06 10:35:52,720 [ERROR] LogOutputStream:75 - [STDERR_REDIRECT] 
2026-02-06 10:35:53,709 [ERROR] LogOutputStream:75 - [STDERR_REDIRECT] [Fatal Error] :1:1: Premature end of file.
2026-02-06 10:35:53,710 [ERROR] LogOutputStream:75 - [STDERR_REDIRECT] 
2026-02-06 10:35:54,718 [ERROR] LogOutputStream:75 - [STDERR_REDIRECT] [Fatal Error] :1:1: Premature end of file.
2026-02-06 10:35:54,718 [ERROR] LogOutputStream:75 - [STDERR_REDIRECT] 
2026-02-06 10:35:55,720 [ERROR] LogOutputStream:75 - [STDERR_REDIRECT] [Fatal Error] :1:1: Premature end of file.
2026-02-06 10:35:55,721 [ERROR] LogOutputStream:75 - [STDERR_REDIRECT] 
2026-02-06 10:35:56,716 [ERROR] LogOutputStream:75 - [STDERR_REDIRECT] [Fatal Error] :1:1: Premature end of file.
2026-02-06 10:35:56,717 [ERROR] LogOutputStream:75 - [STDERR_REDIRECT] 
2026-02-06 10:35:57,701 [ERROR] LogOutputStream:75 - [STDERR_REDIRECT] [Fatal Error] :1:1: Premature end of file.
2026-02-06 10:35:57,701 [ERROR] LogOutputStream:75 - [STDERR_REDIRECT] 
2026-02-06 10:35:58,717 [ERROR] LogOutputStream:75 - [STDERR_REDIRECT] [Fatal Error] :1:1: Premature end of file.
2026-02-06 10:35:58,717 [ERROR] LogOutputStream:75 - [STDERR_REDIRECT] 
2026-02-06 10:35:59,718 [ERROR] LogOutputStream:75 - [STDERR_REDIRECT] [Fatal Error] :1:1: Premature end of file.
2026-02-06 10:35:59,718 [ERROR] LogOutputStream:75 - [STDERR_REDIRECT] 
2026-02-06 10:36:00,717 [ERROR] LogOutputStream:75 - [STDERR_REDIRECT] [Fatal Error] :1:1: Premature end of file.
2026-02-06 10:36:00,718 [ERROR] LogOutputStream:75 - [STDERR_REDIRECT] 
2026-02-06 10:36:01,717 [ERROR] LogOutputStream:75 - [STDERR_REDIRECT] [Fatal Error] :1:1: Premature end of file.
2026-02-06 10:36:01,717 [ERROR] LogOutputStream:75 - [STDERR_REDIRECT] 
2026-02-06 10:36:02,701 [ERROR] LogOutputStream:75 - [STDERR_REDIRECT] [Fatal Error] :1:1: Premature end of file.
2026-02-06 10:36:02,701 [ERROR] LogOutputStream:75 - [STDERR_REDIRECT] 
2026-02-06 10:36:03,716 [ERROR] LogOutputStream:75 - [STDERR_REDIRECT] [Fatal Error] :1:1: Premature end of file.
2026-02-06 10:36:03,716 [ERROR] LogOutputStream:75 - [STDERR_REDIRECT] 
2026-02-06 10:36:04,717 [ERROR] LogOutputStream:75 - [STDERR_REDIRECT] [Fatal Error] :1:1: Premature end of file.
2026-02-06 10:36:04,717 [ERROR] LogOutputStream:75 - [STDERR_REDIRECT] 
2026-02-06 10:36:05,756 [ERROR] LogOutputStream:75 - [STDERR_REDIRECT] [Fatal Error] :1:1: Premature end of file.
2026-02-06 10:36:05,756 [ERROR] LogOutputStream:75 - [STDERR_REDIRECT] 
2026-02-06 10:36:06,706 [ERROR] LogOutputStream:75 - [STDERR_REDIRECT] [Fatal Error] :1:1: Premature end of file.
2026-02-06 10:36:06,706 [ERROR] LogOutputStream:75 - [STDERR_REDIRECT] 
2026-02-06 10:36:07,708 [ERROR] LogOutputStream:75 - [STDERR_REDIRECT] [Fatal Error] :1:1: Premature end of file.
2026-02-06 10:36:07,709 [ERROR] LogOutputStream:75 - [STDERR_REDIRECT] 
2026-02-06 10:36:08,718 [ERROR] LogOutputStream:75 - [STDERR_REDIRECT] [Fatal Error] :1:1: Premature end of file.
2026-02-06 10:36:08,718 [ERROR] LogOutputStream:75 - [STDERR_REDIRECT] 
2026-02-06 10:36:09,719 [ERROR] LogOutputStream:75 - [STDERR_REDIRECT] [Fatal Error] :1:1: Premature end of file.
2026-02-06 10:36:09,719 [ERROR] LogOutputStream:75 - [STDERR_REDIRECT] 
2026-02-06 10:36:10,696 [ERROR] LogOutputStream:75 - [STDERR_REDIRECT] [Fatal Error] :1:1: Premature end of file.
2026-02-06 10:36:10,696 [ERROR] LogOutputStream:75 - [STDERR_REDIRECT] 
2026-02-06 10:36:11,723 [ERROR] LogOutputStream:75 - [STDERR_REDIRECT] [Fatal Error] :1:1: Premature end of file.
2026-02-06 10:36:11,723 [ERROR] LogOutputStream:75 - [STDERR_REDIRECT] 
2026-02-06 10:36:12,727 [ERROR] LogOutputStream:75 - [STDERR_REDIRECT] [Fatal Error] :1:1: Premature end of file.
2026-02-06 10:36:12,728 [ERROR] LogOutputStream:75 - [STDERR_REDIRECT] 
2026-02-06 10:36:13,702 [ERROR] LogOutputStream:75 - [STDERR_REDIRECT] [Fatal Error] :1:1: Premature end of file.
2026-02-06 10:36:13,702 [ERROR] LogOutputStream:75 - [STDERR_REDIRECT] 
2026-02-06 10:36:14,734 [ERROR] LogOutputStream:75 - [STDERR_REDIRECT] [Fatal Error] :1:1: Premature end of file.
2026-02-06 10:36:14,734 [ERROR] LogOutputStream:75 - [STDERR_REDIRECT] 
2026-02-06 10:36:15,706 [ERROR] LogOutputStream:75 - [STDERR_REDIRECT] [Fatal Error] :1:1: Premature end of file.
2026-02-06 10:36:15,706 [ERROR] LogOutputStream:75 - [STDERR_REDIRECT] 
2026-02-06 10:36:16,731 [ERROR] LogOutputStream:75 - [STDERR_REDIRECT] [Fatal Error] :1:1: Premature end of file.
2026-02-06 10:36:16,732 [ERROR] LogOutputStream:75 - [STDERR_REDIRECT] 
2026-02-06 10:36:17,704 [ERROR] LogOutputStream:75 - [STDERR_REDIRECT] [Fatal Error] :1:1: Premature end of file.
2026-02-06 10:36:17,704 [ERROR] LogOutputStream:75 - [STDERR_REDIRECT] 
2026-02-06 10:36:18,720 [ERROR] LogOutputStream:75 - [STDERR_REDIRECT] [Fatal Error] :1:1: Premature end of file.
2026-02-06 10:36:18,721 [ERROR] LogOutputStream:75 - [STDERR_REDIRECT] 
2026-02-06 10:36:19,769 [ERROR] LogOutputStream:75 - [STDERR_REDIRECT] [Fatal Error] :1:1: Premature end of file.
2026-02-06 10:36:19,770 [ERROR] LogOutputStream:75 - [STDERR_REDIRECT] 
2026-02-06 10:36:20,719 [ERROR] LogOutputStream:75 - [STDERR_REDIRECT] [Fatal Error] :1:1: Premature end of file.
2026-02-06 10:36:20,720 [ERROR] LogOutputStream:75 - [STDERR_REDIRECT] 
2026-02-06 10:36:21,730 [ERROR] LogOutputStream:75 - [STDERR_REDIRECT] [Fatal Error] :1:1: Premature end of file.
2026-02-06 10:36:21,730 [ERROR] LogOutputStream:75 - [STDERR_REDIRECT] 
2026-02-06 10:36:22,717 [ERROR] LogOutputStream:75 - [STDERR_REDIRECT] [Fatal Error] :1:1: Premature end of file.
2026-02-06 10:36:22,718 [ERROR] LogOutputStream:75 - [STDERR_REDIRECT] 
2026-02-06 10:36:23,725 [ERROR] LogOutputStream:75 - [STDERR_REDIRECT] [Fatal Error] :1:1: Premature end of file.
2026-02-06 10:36:23,726 [ERROR] LogOutputStream:75 - [STDERR_REDIRECT] 
2026-02-06 10:36:24,726 [ERROR] LogOutputStream:75 - [STDERR_REDIRECT] [Fatal Error] :1:1: Premature end of file.
2026-02-06 10:36:24,726 [ERROR] LogOutputStream:75 - [STDERR_REDIRECT] 
2026-02-06 10:36:25,742 [ERROR] LogOutputStream:75 - [STDERR_REDIRECT] [Fatal Error] :1:1: Premature end of file.
2026-02-06 10:36:25,743 [ERROR] LogOutputStream:75 - [STDERR_REDIRECT] 
2026-02-06 10:36:26,724 [ERROR] LogOutputStream:75 - [STDERR_REDIRECT] [Fatal Error] :1:1: Premature end of file.
2026-02-06 10:36:26,725 [ERROR] LogOutputStream:75 - [STDERR_REDIRECT] 
2026-02-06 10:36:27,771 [ERROR] LogOutputStream:75 - [STDERR_REDIRECT] [Fatal Error] :1:1: Premature end of file.
2026-02-06 10:36:27,772 [ERROR] LogOutputStream:75 - [STDERR_REDIRECT] 
2026-02-06 10:36:28,716 [ERROR] LogOutputStream:75 - [STDERR_REDIRECT] [Fatal Error] :1:1: Premature end of file.
2026-02-06 10:36:28,717 [ERROR] LogOutputStream:75 - [STDERR_REDIRECT] 
2026-02-06 10:36:29,729 [ERROR] LogOutputStream:75 - [STDERR_REDIRECT] [Fatal Error] :1:1: Premature end of file.
2026-02-06 10:36:29,730 [ERROR] LogOutputStream:75 - [STDERR_REDIRECT] 
2026-02-06 10:36:30,708 [ERROR] LogOutputStream:75 - [STDERR_REDIRECT] [Fatal Error] :1:1: Premature end of file.
2026-02-06 10:36:30,708 [ERROR] LogOutputStream:75 - [STDERR_REDIRECT] 
2026-02-06 10:36:31,712 [ERROR] LogOutputStream:75 - [STDERR_REDIRECT] [Fatal Error] :1:1: Premature end of file.
2026-02-06 10:36:31,712 [ERROR] LogOutputStream:75 - [STDERR_REDIRECT] 
2026-02-06 10:36:32,752 [ERROR] LogOutputStream:75 - [STDERR_REDIRECT] [Fatal Error] :1:1: Premature end of file.
2026-02-06 10:36:32,753 [ERROR] LogOutputStream:75 - [STDERR_REDIRECT] 
2026-02-06 10:36:33,704 [ERROR] LogOutputStream:75 - [STDERR_REDIRECT] [Fatal Error] :1:1: Premature end of file.
2026-02-06 10:36:33,705 [ERROR] LogOutputStream:75 - [STDERR_REDIRECT] 
2026-02-06 10:36:34,723 [ERROR] LogOutputStream:75 - [STDERR_REDIRECT] [Fatal Error] :1:1: Premature end of file.
2026-02-06 10:36:34,724 [ERROR] LogOutputStream:75 - [STDERR_REDIRECT] 
2026-02-06 10:36:35,708 [ERROR] LogOutputStream:75 - [STDERR_REDIRECT] [Fatal Error] :1:1: Premature end of file.
2026-02-06 10:36:35,708 [ERROR] LogOutputStream:75 - [STDERR_REDIRECT] 
2026-02-06 10:36:36,706 [ERROR] LogOutputStream:75 - [STDERR_REDIRECT] [Fatal Error] :1:1: Premature end of file.
2026-02-06 10:36:36,706 [ERROR] LogOutputStream:75 - [STDERR_REDIRECT] 
2026-02-06 10:36:37,736 [ERROR] LogOutputStream:75 - [STDERR_REDIRECT] [Fatal Error] :1:1: Premature end of file.
2026-02-06 10:36:37,738 [ERROR] LogOutputStream:75 - [STDERR_REDIRECT] 
2026-02-06 10:36:38,734 [ERROR] LogOutputStream:75 - [STDERR_REDIRECT] [Fatal Error] :1:1: Premature end of file.
2026-02-06 10:36:38,735 [ERROR] LogOutputStream:75 - [STDERR_REDIRECT] 
2026-02-06 10:36:39,702 [ERROR] LogOutputStream:75 - [STDERR_REDIRECT] [Fatal Error] :1:1: Premature end of file.
2026-02-06 10:36:39,702 [ERROR] LogOutputStream:75 - [STDERR_REDIRECT] 
2026-02-06 10:36:40,725 [ERROR] LogOutputStream:75 - [STDERR_REDIRECT] [Fatal Error] :1:1: Premature end of file.
2026-02-06 10:36:40,725 [ERROR] LogOutputStream:75 - [STDERR_REDIRECT] 
2026-02-06 10:36:41,704 [ERROR] LogOutputStream:75 - [STDERR_REDIRECT] [Fatal Error] :1:1: Premature end of file.
2026-02-06 10:36:41,704 [ERROR] LogOutputStream:75 - [STDERR_REDIRECT] 
2026-02-06 10:36:42,706 [ERROR] LogOutputStream:75 - [STDERR_REDIRECT] [Fatal Error] :1:1: Premature end of file.
2026-02-06 10:36:42,707 [ERROR] LogOutputStream:75 - [STDERR_REDIRECT] 
2026-02-06 10:36:43,706 [ERROR] LogOutputStream:75 - [STDERR_REDIRECT] [Fatal Error] :1:1: Premature end of file.
2026-02-06 10:36:43,706 [ERROR] LogOutputStream:75 - [STDERR_REDIRECT] 
2026-02-06 10:36:44,704 [ERROR] LogOutputStream:75 - [STDERR_REDIRECT] [Fatal Error] :1:1: Premature end of file.
2026-02-06 10:36:44,704 [ERROR] LogOutputStream:75 - [STDERR_REDIRECT] 
2026-02-06 10:36:45,706 [ERROR] LogOutputStream:75 - [STDERR_REDIRECT] [Fatal Error] :1:1: Premature end of file.
2026-02-06 10:36:45,706 [ERROR] LogOutputStream:75 - [STDERR_REDIRECT] 
2026-02-06 10:36:46,728 [ERROR] LogOutputStream:75 - [STDERR_REDIRECT] [Fatal Error] :1:1: Premature end of file.
2026-02-06 10:36:46,728 [ERROR] LogOutputStream:75 - [STDERR_REDIRECT] 
2026-02-06 10:36:47,713 [ERROR] LogOutputStream:75 - [STDERR_REDIRECT] [Fatal Error] :1:1: Premature end of file.
2026-02-06 10:36:47,714 [ERROR] LogOutputStream:75 - [STDERR_REDIRECT] 
2026-02-06 10:36:48,708 [ERROR] LogOutputStream:75 - [STDERR_REDIRECT] [Fatal Error] :1:1: Premature end of file.
2026-02-06 10:36:48,708 [ERROR] LogOutputStream:75 - [STDERR_REDIRECT] 
2026-02-06 10:36:49,728 [ERROR] LogOutputStream:75 - [STDERR_REDIRECT] [Fatal Error] :1:1: Premature end of file.
2026-02-06 10:36:49,729 [ERROR] LogOutputStream:75 - [STDERR_REDIRECT] 
2026-02-06 10:36:50,724 [ERROR] LogOutputStream:75 - [STDERR_REDIRECT] [Fatal Error] :1:1: Premature end of file.
2026-02-06 10:36:50,724 [ERROR] LogOutputStream:75 - [STDERR_REDIRECT] 
2026-02-06 10:36:51,723 [ERROR] LogOutputStream:75 - [STDERR_REDIRECT] [Fatal Error] :1:1: Premature end of file.
2026-02-06 10:36:51,724 [ERROR] LogOutputStream:75 - [STDERR_REDIRECT] 
2026-02-06 10:36:52,722 [ERROR] LogOutputStream:75 - [STDERR_REDIRECT] [Fatal Error] :1:1: Premature end of file.
2026-02-06 10:36:52,723 [ERROR] LogOutputStream:75 - [STDERR_REDIRECT] 
2026-02-06 10:36:53,720 [ERROR] LogOutputStream:75 - [STDERR_REDIRECT] [Fatal Error] :1:1: Premature end of file.
2026-02-06 10:36:53,721 [ERROR] LogOutputStream:75 - [STDERR_REDIRECT] 
2026-02-06 10:36:54,714 [ERROR] LogOutputStream:75 - [STDERR_REDIRECT] [Fatal Error] :1:1: Premature end of file.
2026-02-06 10:36:54,715 [ERROR] LogOutputStream:75 - [STDERR_REDIRECT] 
2026-02-06 10:36:55,719 [ERROR] LogOutputStream:75 - [STDERR_REDIRECT] [Fatal Error] :1:1: Premature end of file.
2026-02-06 10:36:55,719 [ERROR] LogOutputStream:75 - [STDERR_REDIRECT] 
2026-02-06 10:36:56,718 [ERROR] LogOutputStream:75 - [STDERR_REDIRECT] [Fatal Error] :1:1: Premature end of file.
2026-02-06 10:36:56,718 [ERROR] LogOutputStream:75 - [STDERR_REDIRECT] 
2026-02-06 10:36:57,724 [ERROR] LogOutputStream:75 - [STDERR_REDIRECT] [Fatal Error] :1:1: Premature end of file.
2026-02-06 10:36:57,724 [ERROR] LogOutputStream:75 - [STDERR_REDIRECT] 
2026-02-06 10:36:58,721 [ERROR] LogOutputStream:75 - [STDERR_REDIRECT] [Fatal Error] :1:1: Premature end of file.
2026-02-06 10:36:58,721 [ERROR] LogOutputStream:75 - [STDERR_REDIRECT] 
2026-02-06 10:36:59,717 [ERROR] LogOutputStream:75 - [STDERR_REDIRECT] [Fatal Error] :1:1: Premature end of file.
2026-02-06 10:36:59,717 [ERROR] LogOutputStream:75 - [STDERR_REDIRECT] 
2026-02-06 10:37:00,713 [ERROR] LogOutputStream:75 - [STDERR_REDIRECT] [Fatal Error] :1:1: Premature end of file.
2026-02-06 10:37:00,713 [ERROR] LogOutputStream:75 - [STDERR_REDIRECT] 
2026-02-06 10:37:01,723 [ERROR] LogOutputStream:75 - [STDERR_REDIRECT] [Fatal Error] :1:1: Premature end of file.
2026-02-06 10:37:01,723 [ERROR] LogOutputStream:75 - [STDERR_REDIRECT] 
2026-02-06 10:37:02,723 [ERROR] LogOutputStream:75 - [STDERR_REDIRECT] [Fatal Error] :1:1: Premature end of file.
2026-02-06 10:37:02,723 [ERROR] LogOutputStream:75 - [STDERR_REDIRECT] 
2026-02-06 10:37:03,725 [ERROR] LogOutputStream:75 - [STDERR_REDIRECT] [Fatal Error] :1:1: Premature end of file.
2026-02-06 10:37:03,726 [ERROR] LogOutputStream:75 - [STDERR_REDIRECT] 
2026-02-06 10:37:04,722 [ERROR] LogOutputStream:75 - [STDERR_REDIRECT] [Fatal Error] :1:1: Premature end of file.
2026-02-06 10:37:04,723 [ERROR] LogOutputStream:75 - [STDERR_REDIRECT] 
2026-02-06 10:37:05,701 [ERROR] LogOutputStream:75 - [STDERR_REDIRECT] [Fatal Error] :1:1: Premature end of file.
2026-02-06 10:37:05,701 [ERROR] LogOutputStream:75 - [STDERR_REDIRECT] 
2026-02-06 10:37:06,721 [ERROR] LogOutputStream:75 - [STDERR_REDIRECT] [Fatal Error] :1:1: Premature end of file.
2026-02-06 10:37:06,721 [ERROR] LogOutputStream:75 - [STDERR_REDIRECT] 
2026-02-06 10:37:07,714 [ERROR] LogOutputStream:75 - [STDERR_REDIRECT] [Fatal Error] :1:1: Premature end of file.
2026-02-06 10:37:07,714 [ERROR] LogOutputStream:75 - [STDERR_REDIRECT] 
2026-02-06 10:37:08,716 [ERROR] LogOutputStream:75 - [STDERR_REDIRECT] [Fatal Error] :1:1: Premature end of file.
2026-02-06 10:37:08,716 [ERROR] LogOutputStream:75 - [STDERR_REDIRECT] 
2026-02-06 10:37:09,723 [ERROR] LogOutputStream:75 - [STDERR_REDIRECT] [Fatal Error] :1:1: Premature end of file.
2026-02-06 10:37:09,724 [ERROR] LogOutputStream:75 - [STDERR_REDIRECT] 
2026-02-06 10:37:10,718 [ERROR] LogOutputStream:75 - [STDERR_REDIRECT] [Fatal Error] :1:1: Premature end of file.
2026-02-06 10:37:10,718 [ERROR] LogOutputStream:75 - [STDERR_REDIRECT] 
2026-02-06 10:37:11,721 [ERROR] LogOutputStream:75 - [STDERR_REDIRECT] [Fatal Error] :1:1: Premature end of file.
2026-02-06 10:37:11,721 [ERROR] LogOutputStream:75 - [STDERR_REDIRECT] 
2026-02-06 10:37:12,722 [ERROR] LogOutputStream:75 - [STDERR_REDIRECT] [Fatal Error] :1:1: Premature end of file.
2026-02-06 10:37:12,722 [ERROR] LogOutputStream:75 - [STDERR_REDIRECT] 
2026-02-06 10:37:13,711 [ERROR] LogOutputStream:75 - [STDERR_REDIRECT] [Fatal Error] :1:1: Premature end of file.
2026-02-06 10:37:13,711 [ERROR] LogOutputStream:75 - [STDERR_REDIRECT] 
2026-02-06 10:37:14,728 [ERROR] LogOutputStream:75 - [STDERR_REDIRECT] [Fatal Error] :1:1: Premature end of file.
2026-02-06 10:37:14,729 [ERROR] LogOutputStream:75 - [STDERR_REDIRECT] 
2026-02-06 10:37:15,717 [ERROR] LogOutputStream:75 - [STDERR_REDIRECT] [Fatal Error] :1:1: Premature end of file.
2026-02-06 10:37:15,719 [ERROR] LogOutputStream:75 - [STDERR_REDIRECT] 
2026-02-06 10:37:16,705 [ERROR] LogOutputStream:75 - [STDERR_REDIRECT] [Fatal Error] :1:1: Premature end of file.
2026-02-06 10:37:16,705 [ERROR] LogOutputStream:75 - [STDERR_REDIRECT] 
2026-02-06 10:37:17,705 [ERROR] LogOutputStream:75 - [STDERR_REDIRECT] [Fatal Error] :1:1: Premature end of file.
2026-02-06 10:37:17,705 [ERROR] LogOutputStream:75 - [STDERR_REDIRECT] 
2026-02-06 10:37:18,722 [ERROR] LogOutputStream:75 - [STDERR_REDIRECT] [Fatal Error] :1:1: Premature end of file.
2026-02-06 10:37:18,723 [ERROR] LogOutputStream:75 - [STDERR_REDIRECT] 
2026-02-06 10:37:19,712 [ERROR] LogOutputStream:75 - [STDERR_REDIRECT] [Fatal Error] :1:1: Premature end of file.
2026-02-06 10:37:19,712 [ERROR] LogOutputStream:75 - [STDERR_REDIRECT] 
2026-02-06 10:37:20,708 [ERROR] LogOutputStream:75 - [STDERR_REDIRECT] [Fatal Error] :1:1: Premature end of file.
2026-02-06 10:37:20,709 [ERROR] LogOutputStream:75 - [STDERR_REDIRECT] 
2026-02-06 10:37:21,718 [ERROR] LogOutputStream:75 - [STDERR_REDIRECT] [Fatal Error] :1:1: Premature end of file.
2026-02-06 10:37:21,719 [ERROR] LogOutputStream:75 - [STDERR_REDIRECT] 
2026-02-06 10:37:22,720 [ERROR] LogOutputStream:75 - [STDERR_REDIRECT] [Fatal Error] :1:1: Premature end of file.
2026-02-06 10:37:22,721 [ERROR] LogOutputStream:75 - [STDERR_REDIRECT] 
2026-02-06 10:37:23,722 [ERROR] LogOutputStream:75 - [STDERR_REDIRECT] [Fatal Error] :1:1: Premature end of file.
2026-02-06 10:37:23,723 [ERROR] LogOutputStream:75 - [STDERR_REDIRECT] 
2026-02-06 10:37:24,707 [ERROR] LogOutputStream:75 - [STDERR_REDIRECT] [Fatal Error] :1:1: Premature end of file.
2026-02-06 10:37:24,707 [ERROR] LogOutputStream:75 - [STDERR_REDIRECT] 
2026-02-06 10:37:25,722 [ERROR] LogOutputStream:75 - [STDERR_REDIRECT] [Fatal Error] :1:1: Premature end of file.
2026-02-06 10:37:25,722 [ERROR] LogOutputStream:75 - [STDERR_REDIRECT] 
2026-02-06 10:37:26,722 [ERROR] LogOutputStream:75 - [STDERR_REDIRECT] [Fatal Error] :1:1: Premature end of file.
2026-02-06 10:37:26,722 [ERROR] LogOutputStream:75 - [STDERR_REDIRECT] 
2026-02-06 10:37:27,723 [ERROR] LogOutputStream:75 - [STDERR_REDIRECT] [Fatal Error] :1:1: Premature end of file.
2026-02-06 10:37:27,723 [ERROR] LogOutputStream:75 - [STDERR_REDIRECT] 
2026-02-06 10:37:28,721 [ERROR] LogOutputStream:75 - [STDERR_REDIRECT] [Fatal Error] :1:1: Premature end of file.
2026-02-06 10:37:28,722 [ERROR] LogOutputStream:75 - [STDERR_REDIRECT] 
2026-02-06 10:37:29,716 [ERROR] LogOutputStream:75 - [STDERR_REDIRECT] [Fatal Error] :1:1: Premature end of file.
2026-02-06 10:37:29,717 [ERROR] LogOutputStream:75 - [STDERR_REDIRECT] 
2026-02-06 10:37:30,722 [ERROR] LogOutputStream:75 - [STDERR_REDIRECT] [Fatal Error] :1:1: Premature end of file.
2026-02-06 10:37:30,722 [ERROR] LogOutputStream:75 - [STDERR_REDIRECT] 
2026-02-06 10:37:31,721 [ERROR] LogOutputStream:75 - [STDERR_REDIRECT] [Fatal Error] :1:1: Premature end of file.
2026-02-06 10:37:31,722 [ERROR] LogOutputStream:75 - [STDERR_REDIRECT] 
2026-02-06 10:37:32,720 [ERROR] LogOutputStream:75 - [STDERR_REDIRECT] [Fatal Error] :1:1: Premature end of file.
2026-02-06 10:37:32,720 [ERROR] LogOutputStream:75 - [STDERR_REDIRECT] 
2026-02-06 10:37:33,701 [ERROR] LogOutputStream:75 - [STDERR_REDIRECT] [Fatal Error] :1:1: Premature end of file.
2026-02-06 10:37:33,701 [ERROR] LogOutputStream:75 - [STDERR_REDIRECT] 
2026-02-06 10:37:34,723 [ERROR] LogOutputStream:75 - [STDERR_REDIRECT] [Fatal Error] :1:1: Premature end of file.
2026-02-06 10:37:34,723 [ERROR] LogOutputStream:75 - [STDERR_REDIRECT] 
2026-02-06 10:37:35,710 [ERROR] LogOutputStream:75 - [STDERR_REDIRECT] [Fatal Error] :1:1: Premature end of file.
2026-02-06 10:37:35,710 [ERROR] LogOutputStream:75 - [STDERR_REDIRECT] 
2026-02-06 10:37:36,722 [ERROR] LogOutputStream:75 - [STDERR_REDIRECT] [Fatal Error] :1:1: Premature end of file.
2026-02-06 10:37:36,722 [ERROR] LogOutputStream:75 - [STDERR_REDIRECT] 
2026-02-06 10:37:37,719 [ERROR] LogOutputStream:75 - [STDERR_REDIRECT] [Fatal Error] :1:1: Premature end of file.
2026-02-06 10:37:37,719 [ERROR] LogOutputStream:75 - [STDERR_REDIRECT] 
2026-02-06 10:37:38,733 [ERROR] LogOutputStream:75 - [STDERR_REDIRECT] [Fatal Error] :1:1: Premature end of file.
2026-02-06 10:37:38,734 [ERROR] LogOutputStream:75 - [STDERR_REDIRECT] 
2026-02-06 10:37:39,717 [ERROR] LogOutputStream:75 - [STDERR_REDIRECT] [Fatal Error] :1:1: Premature end of file.
2026-02-06 10:37:39,718 [ERROR] LogOutputStream:75 - [STDERR_REDIRECT] 
2026-02-06 10:37:40,706 [ERROR] LogOutputStream:75 - [STDERR_REDIRECT] [Fatal Error] :1:1: Premature end of file.
2026-02-06 10:37:40,706 [ERROR] LogOutputStream:75 - [STDERR_REDIRECT] 
2026-02-06 10:37:41,756 [ERROR] LogOutputStream:75 - [STDERR_REDIRECT] [Fatal Error] :1:1: Premature end of file.
2026-02-06 10:37:41,757 [ERROR] LogOutputStream:75 - [STDERR_REDIRECT] 
2026-02-06 10:37:42,722 [ERROR] LogOutputStream:75 - [STDERR_REDIRECT] [Fatal Error] :1:1: Premature end of file.
2026-02-06 10:37:42,723 [ERROR] LogOutputStream:75 - [STDERR_REDIRECT] 
2026-02-06 10:37:43,718 [ERROR] LogOutputStream:75 - [STDERR_REDIRECT] [Fatal Error] :1:1: Premature end of file.
2026-02-06 10:37:43,719 [ERROR] LogOutputStream:75 - [STDERR_REDIRECT] 
2026-02-06 10:37:44,703 [ERROR] LogOutputStream:75 - [STDERR_REDIRECT] [Fatal Error] :1:1: Premature end of file.
2026-02-06 10:37:44,703 [ERROR] LogOutputStream:75 - [STDERR_REDIRECT] 
2026-02-06 10:37:45,724 [ERROR] LogOutputStream:75 - [STDERR_REDIRECT] [Fatal Error] :1:1: Premature end of file.
2026-02-06 10:37:45,724 [ERROR] LogOutputStream:75 - [STDERR_REDIRECT] 
2026-02-06 10:37:46,719 [ERROR] LogOutputStream:75 - [STDERR_REDIRECT] [Fatal Error] :1:1: Premature end of file.
2026-02-06 10:37:46,719 [ERROR] LogOutputStream:75 - [STDERR_REDIRECT] 
2026-02-06 10:37:47,721 [ERROR] LogOutputStream:75 - [STDERR_REDIRECT] [Fatal Error] :1:1: Premature end of file.
2026-02-06 10:37:47,721 [ERROR] LogOutputStream:75 - [STDERR_REDIRECT] 
2026-02-06 10:37:48,708 [ERROR] LogOutputStream:75 - [STDERR_REDIRECT] [Fatal Error] :1:1: Premature end of file.
2026-02-06 10:37:48,708 [ERROR] LogOutputStream:75 - [STDERR_REDIRECT] 
2026-02-06 10:37:49,704 [ERROR] LogOutputStream:75 - [STDERR_REDIRECT] [Fatal Error] :1:1: Premature end of file.
2026-02-06 10:37:49,706 [ERROR] LogOutputStream:75 - [STDERR_REDIRECT] 
2026-02-06 10:37:50,718 [ERROR] LogOutputStream:75 - [STDERR_REDIRECT] [Fatal Error] :1:1: Premature end of file.
2026-02-06 10:37:50,718 [ERROR] LogOutputStream:75 - [STDERR_REDIRECT] 
2026-02-06 10:37:51,709 [ERROR] LogOutputStream:75 - [STDERR_REDIRECT] [Fatal Error] :1:1: Premature end of file.
2026-02-06 10:37:51,710 [ERROR] LogOutputStream:75 - [STDERR_REDIRECT] 
2026-02-06 10:37:52,715 [ERROR] LogOutputStream:75 - [STDERR_REDIRECT] [Fatal Error] :1:1: Premature end of file.
2026-02-06 10:37:52,716 [ERROR] LogOutputStream:75 - [STDERR_REDIRECT] 
2026-02-06 10:37:53,713 [ERROR] LogOutputStream:75 - [STDERR_REDIRECT] [Fatal Error] :1:1: Premature end of file.
2026-02-06 10:37:53,714 [ERROR] LogOutputStream:75 - [STDERR_REDIRECT] 
2026-02-06 10:37:54,712 [ERROR] LogOutputStream:75 - [STDERR_REDIRECT] [Fatal Error] :1:1: Premature end of file.
2026-02-06 10:37:54,712 [ERROR] LogOutputStream:75 - [STDERR_REDIRECT] 
2026-02-06 10:37:55,720 [ERROR] LogOutputStream:75 - [STDERR_REDIRECT] [Fatal Error] :1:1: Premature end of file.
2026-02-06 10:37:55,720 [ERROR] LogOutputStream:75 - [STDERR_REDIRECT] 
2026-02-06 10:37:56,718 [ERROR] LogOutputStream:75 - [STDERR_REDIRECT] [Fatal Error] :1:1: Premature end of file.
2026-02-06 10:37:56,718 [ERROR] LogOutputStream:75 - [STDERR_REDIRECT] 
2026-02-06 10:37:57,723 [ERROR] LogOutputStream:75 - [STDERR_REDIRECT] [Fatal Error] :1:1: Premature end of file.
2026-02-06 10:37:57,723 [ERROR] LogOutputStream:75 - [STDERR_REDIRECT] 
2026-02-06 10:37:58,724 [ERROR] LogOutputStream:75 - [STDERR_REDIRECT] [Fatal Error] :1:1: Premature end of file.
2026-02-06 10:37:58,725 [ERROR] LogOutputStream:75 - [STDERR_REDIRECT] 
2026-02-06 10:37:59,724 [ERROR] LogOutputStream:75 - [STDERR_REDIRECT] [Fatal Error] :1:1: Premature end of file.
2026-02-06 10:37:59,724 [ERROR] LogOutputStream:75 - [STDERR_REDIRECT] 
2026-02-06 10:38:00,725 [ERROR] LogOutputStream:75 - [STDERR_REDIRECT] [Fatal Error] :1:1: Premature end of file.
2026-02-06 10:38:00,726 [ERROR] LogOutputStream:75 - [STDERR_REDIRECT] 
2026-02-06 10:38:01,720 [ERROR] LogOutputStream:75 - [STDERR_REDIRECT] [Fatal Error] :1:1: Premature end of file.
2026-02-06 10:38:01,720 [ERROR] LogOutputStream:75 - [STDERR_REDIRECT] 
2026-02-06 10:38:02,720 [ERROR] LogOutputStream:75 - [STDERR_REDIRECT] [Fatal Error] :1:1: Premature end of file.
2026-02-06 10:38:02,720 [ERROR] LogOutputStream:75 - [STDERR_REDIRECT] 
2026-02-06 10:38:03,721 [ERROR] LogOutputStream:75 - [STDERR_REDIRECT] [Fatal Error] :1:1: Premature end of file.
2026-02-06 10:38:03,721 [ERROR] LogOutputStream:75 - [STDERR_REDIRECT] 
2026-02-06 10:38:04,721 [ERROR] LogOutputStream:75 - [STDERR_REDIRECT] [Fatal Error] :1:1: Premature end of file.
2026-02-06 10:38:04,721 [ERROR] LogOutputStream:75 - [STDERR_REDIRECT] 
2026-02-06 10:38:05,726 [ERROR] LogOutputStream:75 - [STDERR_REDIRECT] [Fatal Error] :1:1: Premature end of file.
2026-02-06 10:38:05,727 [ERROR] LogOutputStream:75 - [STDERR_REDIRECT] 
2026-02-06 10:38:06,706 [ERROR] LogOutputStream:75 - [STDERR_REDIRECT] [Fatal Error] :1:1: Premature end of file.
2026-02-06 10:38:06,706 [ERROR] LogOutputStream:75 - [STDERR_REDIRECT] 
2026-02-06 10:38:07,724 [ERROR] LogOutputStream:75 - [STDERR_REDIRECT] [Fatal Error] :1:1: Premature end of file.
2026-02-06 10:38:07,725 [ERROR] LogOutputStream:75 - [STDERR_REDIRECT] 
2026-02-06 10:38:08,722 [ERROR] LogOutputStream:75 - [STDERR_REDIRECT] [Fatal Error] :1:1: Premature end of file.
2026-02-06 10:38:08,722 [ERROR] LogOutputStream:75 - [STDERR_REDIRECT] 
2026-02-06 10:38:09,743 [ERROR] LogOutputStream:75 - [STDERR_REDIRECT] [Fatal Error] :1:1: Premature end of file.
2026-02-06 10:38:09,743 [ERROR] LogOutputStream:75 - [STDERR_REDIRECT] 
2026-02-06 10:38:10,730 [ERROR] LogOutputStream:75 - [STDERR_REDIRECT] [Fatal Error] :1:1: Premature end of file.
2026-02-06 10:38:10,731 [ERROR] LogOutputStream:75 - [STDERR_REDIRECT] 
2026-02-06 10:38:11,702 [ERROR] LogOutputStream:75 - [STDERR_REDIRECT] [Fatal Error] :1:1: Premature end of file.
2026-02-06 10:38:11,702 [ERROR] LogOutputStream:75 - [STDERR_REDIRECT] 
2026-02-06 10:38:12,717 [ERROR] LogOutputStream:75 - [STDERR_REDIRECT] [Fatal Error] :1:1: Premature end of file.
2026-02-06 10:38:12,717 [ERROR] LogOutputStream:75 - [STDERR_REDIRECT] 
2026-02-06 10:38:13,727 [ERROR] LogOutputStream:75 - [STDERR_REDIRECT] [Fatal Error] :1:1: Premature end of file.
2026-02-06 10:38:13,727 [ERROR] LogOutputStream:75 - [STDERR_REDIRECT] 
2026-02-06 10:38:14,704 [ERROR] LogOutputStream:75 - [STDERR_REDIRECT] [Fatal Error] :1:1: Premature end of file.
2026-02-06 10:38:14,704 [ERROR] LogOutputStream:75 - [STDERR_REDIRECT] 
2026-02-06 10:38:15,730 [ERROR] LogOutputStream:75 - [STDERR_REDIRECT] [Fatal Error] :1:1: Premature end of file.
2026-02-06 10:38:15,730 [ERROR] LogOutputStream:75 - [STDERR_REDIRECT] 
2026-02-06 10:38:16,726 [ERROR] LogOutputStream:75 - [STDERR_REDIRECT] [Fatal Error] :1:1: Premature end of file.
2026-02-06 10:38:16,726 [ERROR] LogOutputStream:75 - [STDERR_REDIRECT] 
2026-02-06 10:38:17,714 [ERROR] LogOutputStream:75 - [STDERR_REDIRECT] [Fatal Error] :1:1: Premature end of file.
2026-02-06 10:38:17,715 [ERROR] LogOutputStream:75 - [STDERR_REDIRECT] 
2026-02-06 10:38:18,709 [ERROR] LogOutputStream:75 - [STDERR_REDIRECT] [Fatal Error] :1:1: Premature end of file.
2026-02-06 10:38:18,709 [ERROR] LogOutputStream:75 - [STDERR_REDIRECT] 
2026-02-06 10:38:19,716 [ERROR] LogOutputStream:75 - [STDERR_REDIRECT] [Fatal Error] :1:1: Premature end of file.
2026-02-06 10:38:19,717 [ERROR] LogOutputStream:75 - [STDERR_REDIRECT] 
2026-02-06 10:38:20,705 [ERROR] LogOutputStream:75 - [STDERR_REDIRECT] [Fatal Error] :1:1: Premature end of file.
2026-02-06 10:38:20,705 [ERROR] LogOutputStream:75 - [STDERR_REDIRECT] 
2026-02-06 10:38:21,763 [ERROR] LogOutputStream:75 - [STDERR_REDIRECT] [Fatal Error] :1:1: Premature end of file.
2026-02-06 10:38:21,763 [ERROR] LogOutputStream:75 - [STDERR_REDIRECT] 
2026-02-06 10:38:22,728 [ERROR] LogOutputStream:75 - [STDERR_REDIRECT] [Fatal Error] :1:1: Premature end of file.
2026-02-06 10:38:22,728 [ERROR] LogOutputStream:75 - [STDERR_REDIRECT] 
2026-02-06 10:38:23,707 [ERROR] LogOutputStream:75 - [STDERR_REDIRECT] [Fatal Error] :1:1: Premature end of file.
2026-02-06 10:38:23,707 [ERROR] LogOutputStream:75 - [STDERR_REDIRECT] 
2026-02-06 10:38:24,738 [ERROR] LogOutputStream:75 - [STDERR_REDIRECT] [Fatal Error] :1:1: Premature end of file.
2026-02-06 10:38:24,739 [ERROR] LogOutputStream:75 - [STDERR_REDIRECT] 
2026-02-06 10:38:25,732 [ERROR] LogOutputStream:75 - [STDERR_REDIRECT] [Fatal Error] :1:1: Premature end of file.
2026-02-06 10:38:25,733 [ERROR] LogOutputStream:75 - [STDERR_REDIRECT] 
2026-02-06 10:38:26,729 [ERROR] LogOutputStream:75 - [STDERR_REDIRECT] [Fatal Error] :1:1: Premature end of file.
2026-02-06 10:38:26,729 [ERROR] LogOutputStream:75 - [STDERR_REDIRECT] 
2026-02-06 10:38:27,736 [ERROR] LogOutputStream:75 - [STDERR_REDIRECT] [Fatal Error] :1:1: Premature end of file.
2026-02-06 10:38:27,737 [ERROR] LogOutputStream:75 - [STDERR_REDIRECT] 
2026-02-06 10:38:28,703 [ERROR] LogOutputStream:75 - [STDERR_REDIRECT] [Fatal Error] :1:1: Premature end of file.
2026-02-06 10:38:28,703 [ERROR] LogOutputStream:75 - [STDERR_REDIRECT] 
2026-02-06 10:38:29,700 [ERROR] LogOutputStream:75 - [STDERR_REDIRECT] [Fatal Error] :1:1: Premature end of file.
2026-02-06 10:38:29,700 [ERROR] LogOutputStream:75 - [STDERR_REDIRECT] 
2026-02-06 10:38:30,721 [ERROR] LogOutputStream:75 - [STDERR_REDIRECT] [Fatal Error] :1:1: Premature end of file.
2026-02-06 10:38:30,721 [ERROR] LogOutputStream:75 - [STDERR_REDIRECT] 
2026-02-06 10:38:31,713 [ERROR] LogOutputStream:75 - [STDERR_REDIRECT] [Fatal Error] :1:1: Premature end of file.
2026-02-06 10:38:31,713 [ERROR] LogOutputStream:75 - [STDERR_REDIRECT] 
2026-02-06 10:38:32,742 [ERROR] LogOutputStream:75 - [STDERR_REDIRECT] [Fatal Error] :1:1: Premature end of file.
2026-02-06 10:38:32,743 [ERROR] LogOutputStream:75 - [STDERR_REDIRECT] 
2026-02-06 10:38:33,714 [ERROR] LogOutputStream:75 - [STDERR_REDIRECT] [Fatal Error] :1:1: Premature end of file.
2026-02-06 10:38:33,715 [ERROR] LogOutputStream:75 - [STDERR_REDIRECT] 
2026-02-06 10:38:34,730 [ERROR] LogOutputStream:75 - [STDERR_REDIRECT] [Fatal Error] :1:1: Premature end of file.
2026-02-06 10:38:34,731 [ERROR] LogOutputStream:75 - [STDERR_REDIRECT] 
2026-02-06 10:38:35,703 [ERROR] LogOutputStream:75 - [STDERR_REDIRECT] [Fatal Error] :1:1: Premature end of file.
2026-02-06 10:38:35,704 [ERROR] LogOutputStream:75 - [STDERR_REDIRECT] 
2026-02-06 10:38:36,718 [ERROR] LogOutputStream:75 - [STDERR_REDIRECT] [Fatal Error] :1:1: Premature end of file.
2026-02-06 10:38:36,719 [ERROR] LogOutputStream:75 - [STDERR_REDIRECT] 
2026-02-06 10:38:37,716 [ERROR] LogOutputStream:75 - [STDERR_REDIRECT] [Fatal Error] :1:1: Premature end of file.
2026-02-06 10:38:37,717 [ERROR] LogOutputStream:75 - [STDERR_REDIRECT] 
2026-02-06 10:38:38,721 [ERROR] LogOutputStream:75 - [STDERR_REDIRECT] [Fatal Error] :1:1: Premature end of file.
2026-02-06 10:38:38,722 [ERROR] LogOutputStream:75 - [STDERR_REDIRECT] 
2026-02-06 10:38:39,704 [ERROR] LogOutputStream:75 - [STDERR_REDIRECT] [Fatal Error] :1:1: Premature end of file.
2026-02-06 10:38:39,704 [ERROR] LogOutputStream:75 - [STDERR_REDIRECT] 
2026-02-06 10:38:40,719 [ERROR] LogOutputStream:75 - [STDERR_REDIRECT] [Fatal Error] :1:1: Premature end of file.
2026-02-06 10:38:40,720 [ERROR] LogOutputStream:75 - [STDERR_REDIRECT] 
2026-02-06 10:38:41,726 [ERROR] LogOutputStream:75 - [STDERR_REDIRECT] [Fatal Error] :1:1: Premature end of file.
2026-02-06 10:38:41,727 [ERROR] LogOutputStream:75 - [STDERR_REDIRECT] 
2026-02-06 10:38:42,735 [ERROR] LogOutputStream:75 - [STDERR_REDIRECT] [Fatal Error] :1:1: Premature end of file.
2026-02-06 10:38:42,735 [ERROR] LogOutputStream:75 - [STDERR_REDIRECT] 
2026-02-06 10:38:43,725 [ERROR] LogOutputStream:75 - [STDERR_REDIRECT] [Fatal Error] :1:1: Premature end of file.
2026-02-06 10:38:43,725 [ERROR] LogOutputStream:75 - [STDERR_REDIRECT] 
2026-02-06 10:38:44,742 [ERROR] LogOutputStream:75 - [STDERR_REDIRECT] [Fatal Error] :1:1: Premature end of file.
2026-02-06 10:38:44,743 [ERROR] LogOutputStream:75 - [STDERR_REDIRECT] 
2026-02-06 10:38:45,717 [ERROR] LogOutputStream:75 - [STDERR_REDIRECT] [Fatal Error] :1:1: Premature end of file.
2026-02-06 10:38:45,718 [ERROR] LogOutputStream:75 - [STDERR_REDIRECT] 
2026-02-06 10:38:46,734 [ERROR] LogOutputStream:75 - [STDERR_REDIRECT] [Fatal Error] :1:1: Premature end of file.
2026-02-06 10:38:46,735 [ERROR] LogOutputStream:75 - [STDERR_REDIRECT] 
2026-02-06 10:38:47,736 [ERROR] LogOutputStream:75 - [STDERR_REDIRECT] [Fatal Error] :1:1: Premature end of file.
2026-02-06 10:38:47,737 [ERROR] LogOutputStream:75 - [STDERR_REDIRECT] 
2026-02-06 10:38:48,726 [ERROR] LogOutputStream:75 - [STDERR_REDIRECT] [Fatal Error] :1:1: Premature end of file.
2026-02-06 10:38:48,726 [ERROR] LogOutputStream:75 - [STDERR_REDIRECT] 
2026-02-06 10:38:49,733 [ERROR] LogOutputStream:75 - [STDERR_REDIRECT] [Fatal Error] :1:1: Premature end of file.
2026-02-06 10:38:49,734 [ERROR] LogOutputStream:75 - [STDERR_REDIRECT] 
2026-02-06 10:38:50,732 [ERROR] LogOutputStream:75 - [STDERR_REDIRECT] [Fatal Error] :1:1: Premature end of file.
2026-02-06 10:38:50,733 [ERROR] LogOutputStream:75 - [STDERR_REDIRECT] 
2026-02-06 10:38:51,731 [ERROR] LogOutputStream:75 - [STDERR_REDIRECT] [Fatal Error] :1:1: Premature end of file.
2026-02-06 10:38:51,731 [ERROR] LogOutputStream:75 - [STDERR_REDIRECT] 
2026-02-06 10:38:52,726 [ERROR] LogOutputStream:75 - [STDERR_REDIRECT] [Fatal Error] :1:1: Premature end of file.
2026-02-06 10:38:52,727 [ERROR] LogOutputStream:75 - [STDERR_REDIRECT] 
2026-02-06 10:38:53,723 [ERROR] LogOutputStream:75 - [STDERR_REDIRECT] [Fatal Error] :1:1: Premature end of file.
2026-02-06 10:38:53,724 [ERROR] LogOutputStream:75 - [STDERR_REDIRECT] 
2026-02-06 10:38:54,725 [ERROR] LogOutputStream:75 - [STDERR_REDIRECT] [Fatal Error] :1:1: Premature end of file.
2026-02-06 10:38:54,726 [ERROR] LogOutputStream:75 - [STDERR_REDIRECT] 
2026-02-06 10:38:55,724 [ERROR] LogOutputStream:75 - [STDERR_REDIRECT] [Fatal Error] :1:1: Premature end of file.
2026-02-06 10:38:55,725 [ERROR] LogOutputStream:75 - [STDERR_REDIRECT] 
2026-02-06 10:38:56,724 [ERROR] LogOutputStream:75 - [STDERR_REDIRECT] [Fatal Error] :1:1: Premature end of file.
2026-02-06 10:38:56,724 [ERROR] LogOutputStream:75 - [STDERR_REDIRECT] 
2026-02-06 10:38:57,712 [ERROR] LogOutputStream:75 - [STDERR_REDIRECT] [Fatal Error] :1:1: Premature end of file.
2026-02-06 10:38:57,712 [ERROR] LogOutputStream:75 - [STDERR_REDIRECT] 
2026-02-06 10:38:58,723 [ERROR] LogOutputStream:75 - [STDERR_REDIRECT] [Fatal Error] :1:1: Premature end of file.
2026-02-06 10:38:58,724 [ERROR] LogOutputStream:75 - [STDERR_REDIRECT] 
2026-02-06 10:38:59,726 [ERROR] LogOutputStream:75 - [STDERR_REDIRECT] [Fatal Error] :1:1: Premature end of file.
2026-02-06 10:38:59,727 [ERROR] LogOutputStream:75 - [STDERR_REDIRECT] 
2026-02-06 10:39:00,733 [ERROR] LogOutputStream:75 - [STDERR_REDIRECT] [Fatal Error] :1:1: Premature end of file.
2026-02-06 10:39:00,734 [ERROR] LogOutputStream:75 - [STDERR_REDIRECT] 
2026-02-06 10:39:01,735 [ERROR] LogOutputStream:75 - [STDERR_REDIRECT] [Fatal Error] :1:1: Premature end of file.
2026-02-06 10:39:01,735 [ERROR] LogOutputStream:75 - [STDERR_REDIRECT] 
2026-02-06 10:39:02,733 [ERROR] LogOutputStream:75 - [STDERR_REDIRECT] [Fatal Error] :1:1: Premature end of file.
2026-02-06 10:39:02,733 [ERROR] LogOutputStream:75 - [STDERR_REDIRECT] 
2026-02-06 10:39:03,739 [ERROR] LogOutputStream:75 - [STDERR_REDIRECT] [Fatal Error] :1:1: Premature end of file.
2026-02-06 10:39:03,739 [ERROR] LogOutputStream:75 - [STDERR_REDIRECT] 
2026-02-06 10:39:04,733 [ERROR] LogOutputStream:75 - [STDERR_REDIRECT] [Fatal Error] :1:1: Premature end of file.
2026-02-06 10:39:04,733 [ERROR] LogOutputStream:75 - [STDERR_REDIRECT] 
2026-02-06 10:39:05,731 [ERROR] LogOutputStream:75 - [STDERR_REDIRECT] [Fatal Error] :1:1: Premature end of file.
2026-02-06 10:39:05,732 [ERROR] LogOutputStream:75 - [STDERR_REDIRECT] 
2026-02-06 10:39:06,738 [ERROR] LogOutputStream:75 - [STDERR_REDIRECT] [Fatal Error] :1:1: Premature end of file.
2026-02-06 10:39:06,738 [ERROR] LogOutputStream:75 - [STDERR_REDIRECT] 
2026-02-06 10:39:07,729 [ERROR] LogOutputStream:75 - [STDERR_REDIRECT] [Fatal Error] :1:1: Premature end of file.
2026-02-06 10:39:07,731 [ERROR] LogOutputStream:75 - [STDERR_REDIRECT] 
2026-02-06 10:39:08,733 [ERROR] LogOutputStream:75 - [STDERR_REDIRECT] [Fatal Error] :1:1: Premature end of file.
2026-02-06 10:39:08,733 [ERROR] LogOutputStream:75 - [STDERR_REDIRECT] 
2026-02-06 10:39:09,733 [ERROR] LogOutputStream:75 - [STDERR_REDIRECT] [Fatal Error] :1:1: Premature end of file.
2026-02-06 10:39:09,733 [ERROR] LogOutputStream:75 - [STDERR_REDIRECT] 
2026-02-06 10:39:10,740 [ERROR] LogOutputStream:75 - [STDERR_REDIRECT] [Fatal Error] :1:1: Premature end of file.
2026-02-06 10:39:10,742 [ERROR] LogOutputStream:75 - [STDERR_REDIRECT] 
2026-02-06 10:39:11,732 [ERROR] LogOutputStream:75 - [STDERR_REDIRECT] [Fatal Error] :1:1: Premature end of file.
2026-02-06 10:39:11,733 [ERROR] LogOutputStream:75 - [STDERR_REDIRECT] 
2026-02-06 10:39:12,729 [ERROR] LogOutputStream:75 - [STDERR_REDIRECT] [Fatal Error] :1:1: Premature end of file.
2026-02-06 10:39:12,729 [ERROR] LogOutputStream:75 - [STDERR_REDIRECT] 
2026-02-06 10:39:13,733 [ERROR] LogOutputStream:75 - [STDERR_REDIRECT] [Fatal Error] :1:1: Premature end of file.
2026-02-06 10:39:13,733 [ERROR] LogOutputStream:75 - [STDERR_REDIRECT] 
2026-02-06 10:39:14,732 [ERROR] LogOutputStream:75 - [STDERR_REDIRECT] [Fatal Error] :1:1: Premature end of file.
2026-02-06 10:39:14,733 [ERROR] LogOutputStream:75 - [STDERR_REDIRECT] 
2026-02-06 10:39:15,733 [ERROR] LogOutputStream:75 - [STDERR_REDIRECT] [Fatal Error] :1:1: Premature end of file.
2026-02-06 10:39:15,733 [ERROR] LogOutputStream:75 - [STDERR_REDIRECT] 
2026-02-06 10:39:16,731 [ERROR] LogOutputStream:75 - [STDERR_REDIRECT] [Fatal Error] :1:1: Premature end of file.
2026-02-06 10:39:16,731 [ERROR] LogOutputStream:75 - [STDERR_REDIRECT] 
2026-02-06 10:39:17,719 [ERROR] LogOutputStream:75 - [STDERR_REDIRECT] [Fatal Error] :1:1: Premature end of file.
2026-02-06 10:39:17,720 [ERROR] LogOutputStream:75 - [STDERR_REDIRECT] 
2026-02-06 10:39:18,730 [ERROR] LogOutputStream:75 - [STDERR_REDIRECT] [Fatal Error] :1:1: Premature end of file.
2026-02-06 10:39:18,731 [ERROR] LogOutputStream:75 - [STDERR_REDIRECT] 
2026-02-06 10:39:19,724 [ERROR] LogOutputStream:75 - [STDERR_REDIRECT] [Fatal Error] :1:1: Premature end of file.
2026-02-06 10:39:19,725 [ERROR] LogOutputStream:75 - [STDERR_REDIRECT] 
2026-02-06 10:39:20,723 [ERROR] LogOutputStream:75 - [STDERR_REDIRECT] [Fatal Error] :1:1: Premature end of file.
2026-02-06 10:39:20,723 [ERROR] LogOutputStream:75 - [STDERR_REDIRECT] 
2026-02-06 10:39:21,733 [ERROR] LogOutputStream:75 - [STDERR_REDIRECT] [Fatal Error] :1:1: Premature end of file.
2026-02-06 10:39:21,733 [ERROR] LogOutputStream:75 - [STDERR_REDIRECT] 
2026-02-06 10:39:22,727 [ERROR] LogOutputStream:75 - [STDERR_REDIRECT] [Fatal Error] :1:1: Premature end of file.
2026-02-06 10:39:22,728 [ERROR] LogOutputStream:75 - [STDERR_REDIRECT] 
2026-02-06 10:39:23,727 [ERROR] LogOutputStream:75 - [STDERR_REDIRECT] [Fatal Error] :1:1: Premature end of file.
2026-02-06 10:39:23,728 [ERROR] LogOutputStream:75 - [STDERR_REDIRECT] 
2026-02-06 10:39:24,730 [ERROR] LogOutputStream:75 - [STDERR_REDIRECT] [Fatal Error] :1:1: Premature end of file.
2026-02-06 10:39:24,732 [ERROR] LogOutputStream:75 - [STDERR_REDIRECT] 
2026-02-06 10:39:25,724 [ERROR] LogOutputStream:75 - [STDERR_REDIRECT] [Fatal Error] :1:1: Premature end of file.
2026-02-06 10:39:25,725 [ERROR] LogOutputStream:75 - [STDERR_REDIRECT] 
2026-02-06 10:39:26,740 [ERROR] LogOutputStream:75 - [STDERR_REDIRECT] [Fatal Error] :1:1: Premature end of file.
2026-02-06 10:39:26,740 [ERROR] LogOutputStream:75 - [STDERR_REDIRECT] 
2026-02-06 10:39:27,728 [ERROR] LogOutputStream:75 - [STDERR_REDIRECT] [Fatal Error] :1:1: Premature end of file.
2026-02-06 10:39:27,728 [ERROR] LogOutputStream:75 - [STDERR_REDIRECT] 
2026-02-06 10:39:28,729 [ERROR] LogOutputStream:75 - [STDERR_REDIRECT] [Fatal Error] :1:1: Premature end of file.
2026-02-06 10:39:28,729 [ERROR] LogOutputStream:75 - [STDERR_REDIRECT] 
2026-02-06 10:39:29,713 [ERROR] LogOutputStream:75 - [STDERR_REDIRECT] [Fatal Error] :1:1: Premature end of file.
2026-02-06 10:39:29,714 [ERROR] LogOutputStream:75 - [STDERR_REDIRECT] 
2026-02-06 10:39:30,727 [ERROR] LogOutputStream:75 - [STDERR_REDIRECT] [Fatal Error] :1:1: Premature end of file.
2026-02-06 10:39:30,728 [ERROR] LogOutputStream:75 - [STDERR_REDIRECT] 
2026-02-06 10:39:31,728 [ERROR] LogOutputStream:75 - [STDERR_REDIRECT] [Fatal Error] :1:1: Premature end of file.
2026-02-06 10:39:31,728 [ERROR] LogOutputStream:75 - [STDERR_REDIRECT] 
2026-02-06 10:39:32,727 [ERROR] LogOutputStream:75 - [STDERR_REDIRECT] [Fatal Error] :1:1: Premature end of file.
2026-02-06 10:39:32,728 [ERROR] LogOutputStream:75 - [STDERR_REDIRECT] 
2026-02-06 10:39:33,726 [ERROR] LogOutputStream:75 - [STDERR_REDIRECT] [Fatal Error] :1:1: Premature end of file.
2026-02-06 10:39:33,726 [ERROR] LogOutputStream:75 - [STDERR_REDIRECT] 
2026-02-06 10:39:34,716 [ERROR] LogOutputStream:75 - [STDERR_REDIRECT] [Fatal Error] :1:1: Premature end of file.
2026-02-06 10:39:34,716 [ERROR] LogOutputStream:75 - [STDERR_REDIRECT] 
2026-02-06 10:39:35,723 [ERROR] LogOutputStream:75 - [STDERR_REDIRECT] [Fatal Error] :1:1: Premature end of file.
2026-02-06 10:39:35,724 [ERROR] LogOutputStream:75 - [STDERR_REDIRECT] 
2026-02-06 10:39:36,724 [ERROR] LogOutputStream:75 - [STDERR_REDIRECT] [Fatal Error] :1:1: Premature end of file.
2026-02-06 10:39:36,724 [ERROR] LogOutputStream:75 - [STDERR_REDIRECT] 
2026-02-06 10:39:37,726 [ERROR] LogOutputStream:75 - [STDERR_REDIRECT] [Fatal Error] :1:1: Premature end of file.
2026-02-06 10:39:37,726 [ERROR] LogOutputStream:75 - [STDERR_REDIRECT] 
2026-02-06 10:39:38,730 [ERROR] LogOutputStream:75 - [STDERR_REDIRECT] [Fatal Error] :1:1: Premature end of file.
2026-02-06 10:39:38,731 [ERROR] LogOutputStream:75 - [STDERR_REDIRECT] 
2026-02-06 10:39:39,724 [ERROR] LogOutputStream:75 - [STDERR_REDIRECT] [Fatal Error] :1:1: Premature end of file.
2026-02-06 10:39:39,725 [ERROR] LogOutputStream:75 - [STDERR_REDIRECT] 
2026-02-06 10:39:40,732 [ERROR] LogOutputStream:75 - [STDERR_REDIRECT] [Fatal Error] :1:1: Premature end of file.
2026-02-06 10:39:40,733 [ERROR] LogOutputStream:75 - [STDERR_REDIRECT] 
2026-02-06 10:39:41,718 [ERROR] LogOutputStream:75 - [STDERR_REDIRECT] [Fatal Error] :1:1: Premature end of file.
2026-02-06 10:39:41,718 [ERROR] LogOutputStream:75 - [STDERR_REDIRECT] 
2026-02-06 10:39:42,730 [ERROR] LogOutputStream:75 - [STDERR_REDIRECT] [Fatal Error] :1:1: Premature end of file.
2026-02-06 10:39:42,731 [ERROR] LogOutputStream:75 - [STDERR_REDIRECT] 
2026-02-06 10:39:43,724 [ERROR] LogOutputStream:75 - [STDERR_REDIRECT] [Fatal Error] :1:1: Premature end of file.
2026-02-06 10:39:43,725 [ERROR] LogOutputStream:75 - [STDERR_REDIRECT] 
2026-02-06 10:39:44,726 [ERROR] LogOutputStream:75 - [STDERR_REDIRECT] [Fatal Error] :1:1: Premature end of file.
2026-02-06 10:39:44,727 [ERROR] LogOutputStream:75 - [STDERR_REDIRECT] 
2026-02-06 10:39:45,749 [ERROR] LogOutputStream:75 - [STDERR_REDIRECT] [Fatal Error] :1:1: Premature end of file.
2026-02-06 10:39:45,750 [ERROR] LogOutputStream:75 - [STDERR_REDIRECT] 
2026-02-06 10:39:46,730 [ERROR] LogOutputStream:75 - [STDERR_REDIRECT] [Fatal Error] :1:1: Premature end of file.
2026-02-06 10:39:46,730 [ERROR] LogOutputStream:75 - [STDERR_REDIRECT] 
2026-02-06 10:39:47,725 [ERROR] LogOutputStream:75 - [STDERR_REDIRECT] [Fatal Error] :1:1: Premature end of file.
2026-02-06 10:39:47,726 [ERROR] LogOutputStream:75 - [STDERR_REDIRECT] 
2026-02-06 10:39:48,729 [ERROR] LogOutputStream:75 - [STDERR_REDIRECT] [Fatal Error] :1:1: Premature end of file.
2026-02-06 10:39:48,730 [ERROR] LogOutputStream:75 - [STDERR_REDIRECT] 
2026-02-06 10:39:49,727 [ERROR] LogOutputStream:75 - [STDERR_REDIRECT] [Fatal Error] :1:1: Premature end of file.
2026-02-06 10:39:49,727 [ERROR] LogOutputStream:75 - [STDERR_REDIRECT] 
2026-02-06 10:39:50,740 [ERROR] LogOutputStream:75 - [STDERR_REDIRECT] [Fatal Error] :1:1: Premature end of file.
2026-02-06 10:39:50,740 [ERROR] LogOutputStream:75 - [STDERR_REDIRECT] 
2026-02-06 10:39:51,728 [ERROR] LogOutputStream:75 - [STDERR_REDIRECT] [Fatal Error] :1:1: Premature end of file.
2026-02-06 10:39:51,729 [ERROR] LogOutputStream:75 - [STDERR_REDIRECT] 
2026-02-06 10:39:52,725 [ERROR] LogOutputStream:75 - [STDERR_REDIRECT] [Fatal Error] :1:1: Premature end of file.
2026-02-06 10:39:52,726 [ERROR] LogOutputStream:75 - [STDERR_REDIRECT] 
2026-02-06 10:39:53,728 [ERROR] LogOutputStream:75 - [STDERR_REDIRECT] [Fatal Error] :1:1: Premature end of file.
2026-02-06 10:39:53,728 [ERROR] LogOutputStream:75 - [STDERR_REDIRECT] 
2026-02-06 10:39:54,724 [ERROR] LogOutputStream:75 - [STDERR_REDIRECT] [Fatal Error] :1:1: Premature end of file.
2026-02-06 10:39:54,725 [ERROR] LogOutputStream:75 - [STDERR_REDIRECT] 
2026-02-06 10:39:55,721 [ERROR] LogOutputStream:75 - [STDERR_REDIRECT] [Fatal Error] :1:1: Premature end of file.
2026-02-06 10:39:55,721 [ERROR] LogOutputStream:75 - [STDERR_REDIRECT] 
2026-02-06 10:39:56,723 [ERROR] LogOutputStream:75 - [STDERR_REDIRECT] [Fatal Error] :1:1: Premature end of file.
2026-02-06 10:39:56,724 [ERROR] LogOutputStream:75 - [STDERR_REDIRECT] 
2026-02-06 10:39:57,725 [ERROR] LogOutputStream:75 - [STDERR_REDIRECT] [Fatal Error] :1:1: Premature end of file.
2026-02-06 10:39:57,725 [ERROR] LogOutputStream:75 - [STDERR_REDIRECT] 
2026-02-06 10:39:58,729 [ERROR] LogOutputStream:75 - [STDERR_REDIRECT] [Fatal Error] :1:1: Premature end of file.
2026-02-06 10:39:58,729 [ERROR] LogOutputStream:75 - [STDERR_REDIRECT] 
2026-02-06 10:39:59,736 [ERROR] LogOutputStream:75 - [STDERR_REDIRECT] [Fatal Error] :1:1: Premature end of file.
2026-02-06 10:39:59,736 [ERROR] LogOutputStream:75 - [STDERR_REDIRECT] 
2026-02-06 10:40:00,721 [ERROR] LogOutputStream:75 - [STDERR_REDIRECT] [Fatal Error] :1:1: Premature end of file.
2026-02-06 10:40:00,722 [ERROR] LogOutputStream:75 - [STDERR_REDIRECT] 
2026-02-06 10:40:01,722 [ERROR] LogOutputStream:75 - [STDERR_REDIRECT] [Fatal Error] :1:1: Premature end of file.
2026-02-06 10:40:01,722 [ERROR] LogOutputStream:75 - [STDERR_REDIRECT] 
2026-02-06 10:40:02,727 [ERROR] LogOutputStream:75 - [STDERR_REDIRECT] [Fatal Error] :1:1: Premature end of file.
2026-02-06 10:40:02,727 [ERROR] LogOutputStream:75 - [STDERR_REDIRECT] 
2026-02-06 10:40:03,728 [ERROR] LogOutputStream:75 - [STDERR_REDIRECT] [Fatal Error] :1:1: Premature end of file.
2026-02-06 10:40:03,728 [ERROR] LogOutputStream:75 - [STDERR_REDIRECT] 
2026-02-06 10:40:04,737 [ERROR] LogOutputStream:75 - [STDERR_REDIRECT] [Fatal Error] :1:1: Premature end of file.
2026-02-06 10:40:04,738 [ERROR] LogOutputStream:75 - [STDERR_REDIRECT] 
2026-02-06 10:40:05,742 [ERROR] LogOutputStream:75 - [STDERR_REDIRECT] [Fatal Error] :1:1: Premature end of file.
2026-02-06 10:40:05,743 [ERROR] LogOutputStream:75 - [STDERR_REDIRECT] 
2026-02-06 10:40:06,725 [ERROR] LogOutputStream:75 - [STDERR_REDIRECT] [Fatal Error] :1:1: Premature end of file.
2026-02-06 10:40:06,725 [ERROR] LogOutputStream:75 - [STDERR_REDIRECT] 
2026-02-06 10:40:07,724 [ERROR] LogOutputStream:75 - [STDERR_REDIRECT] [Fatal Error] :1:1: Premature end of file.
2026-02-06 10:40:07,724 [ERROR] LogOutputStream:75 - [STDERR_REDIRECT] 
2026-02-06 10:40:08,730 [ERROR] LogOutputStream:75 - [STDERR_REDIRECT] [Fatal Error] :1:1: Premature end of file.
2026-02-06 10:40:08,730 [ERROR] LogOutputStream:75 - [STDERR_REDIRECT] 
2026-02-06 10:40:09,734 [ERROR] LogOutputStream:75 - [STDERR_REDIRECT] [Fatal Error] :1:1: Premature end of file.
2026-02-06 10:40:09,734 [ERROR] LogOutputStream:75 - [STDERR_REDIRECT] 
2026-02-06 10:40:10,741 [ERROR] LogOutputStream:75 - [STDERR_REDIRECT] [Fatal Error] :1:1: Premature end of file.
2026-02-06 10:40:10,741 [ERROR] LogOutputStream:75 - [STDERR_REDIRECT] 
2026-02-06 10:40:11,741 [ERROR] LogOutputStream:75 - [STDERR_REDIRECT] [Fatal Error] :1:1: Premature end of file.
2026-02-06 10:40:11,742 [ERROR] LogOutputStream:75 - [STDERR_REDIRECT] 
2026-02-06 10:40:12,738 [ERROR] LogOutputStream:75 - [STDERR_REDIRECT] [Fatal Error] :1:1: Premature end of file.
2026-02-06 10:40:12,738 [ERROR] LogOutputStream:75 - [STDERR_REDIRECT] 
2026-02-06 10:40:13,735 [ERROR] LogOutputStream:75 - [STDERR_REDIRECT] [Fatal Error] :1:1: Premature end of file.
2026-02-06 10:40:13,736 [ERROR] LogOutputStream:75 - [STDERR_REDIRECT] 
2026-02-06 10:40:14,738 [ERROR] LogOutputStream:75 - [STDERR_REDIRECT] [Fatal Error] :1:1: Premature end of file.
2026-02-06 10:40:14,738 [ERROR] LogOutputStream:75 - [STDERR_REDIRECT] 
2026-02-06 10:40:15,719 [ERROR] LogOutputStream:75 - [STDERR_REDIRECT] [Fatal Error] :1:1: Premature end of file.
2026-02-06 10:40:15,719 [ERROR] LogOutputStream:75 - [STDERR_REDIRECT] 
2026-02-06 10:40:16,729 [ERROR] LogOutputStream:75 - [STDERR_REDIRECT] [Fatal Error] :1:1: Premature end of file.
2026-02-06 10:40:16,730 [ERROR] LogOutputStream:75 - [STDERR_REDIRECT] 
2026-02-06 10:40:17,722 [ERROR] LogOutputStream:75 - [STDERR_REDIRECT] [Fatal Error] :1:1: Premature end of file.
2026-02-06 10:40:17,722 [ERROR] LogOutputStream:75 - [STDERR_REDIRECT] 
2026-02-06 10:40:18,725 [ERROR] LogOutputStream:75 - [STDERR_REDIRECT] [Fatal Error] :1:1: Premature end of file.
2026-02-06 10:40:18,726 [ERROR] LogOutputStream:75 - [STDERR_REDIRECT] 
2026-02-06 10:40:19,726 [ERROR] LogOutputStream:75 - [STDERR_REDIRECT] [Fatal Error] :1:1: Premature end of file.
2026-02-06 10:40:19,726 [ERROR] LogOutputStream:75 - [STDERR_REDIRECT] 
2026-02-06 10:40:20,729 [ERROR] LogOutputStream:75 - [STDERR_REDIRECT] [Fatal Error] :1:1: Premature end of file.
2026-02-06 10:40:20,730 [ERROR] LogOutputStream:75 - [STDERR_REDIRECT] 
2026-02-06 10:40:21,726 [ERROR] LogOutputStream:75 - [STDERR_REDIRECT] [Fatal Error] :1:1: Premature end of file.
2026-02-06 10:40:21,727 [ERROR] LogOutputStream:75 - [STDERR_REDIRECT] 
2026-02-06 10:40:22,718 [ERROR] LogOutputStream:75 - [STDERR_REDIRECT] [Fatal Error] :1:1: Premature end of file.
2026-02-06 10:40:22,719 [ERROR] LogOutputStream:75 - [STDERR_REDIRECT] 
2026-02-06 10:40:23,735 [ERROR] LogOutputStream:75 - [STDERR_REDIRECT] [Fatal Error] :1:1: Premature end of file.
2026-02-06 10:40:23,736 [ERROR] LogOutputStream:75 - [STDERR_REDIRECT] 
2026-02-06 10:40:24,730 [ERROR] LogOutputStream:75 - [STDERR_REDIRECT] [Fatal Error] :1:1: Premature end of file.
2026-02-06 10:40:24,730 [ERROR] LogOutputStream:75 - [STDERR_REDIRECT] 
2026-02-06 10:40:25,723 [ERROR] LogOutputStream:75 - [STDERR_REDIRECT] [Fatal Error] :1:1: Premature end of file.
2026-02-06 10:40:25,723 [ERROR] LogOutputStream:75 - [STDERR_REDIRECT] 
2026-02-06 10:40:26,769 [ERROR] LogOutputStream:75 - [STDERR_REDIRECT] [Fatal Error] :1:1: Premature end of file.
2026-02-06 10:40:26,769 [ERROR] LogOutputStream:75 - [STDERR_REDIRECT] 
2026-02-06 10:40:27,745 [ERROR] LogOutputStream:75 - [STDERR_REDIRECT] [Fatal Error] :1:1: Premature end of file.
2026-02-06 10:40:27,746 [ERROR] LogOutputStream:75 - [STDERR_REDIRECT] 
2026-02-06 10:40:28,729 [ERROR] LogOutputStream:75 - [STDERR_REDIRECT] [Fatal Error] :1:1: Premature end of file.
2026-02-06 10:40:28,729 [ERROR] LogOutputStream:75 - [STDERR_REDIRECT] 
2026-02-06 10:40:29,721 [ERROR] LogOutputStream:75 - [STDERR_REDIRECT] [Fatal Error] :1:1: Premature end of file.
2026-02-06 10:40:29,722 [ERROR] LogOutputStream:75 - [STDERR_REDIRECT] 
2026-02-06 10:40:30,719 [ERROR] LogOutputStream:75 - [STDERR_REDIRECT] [Fatal Error] :1:1: Premature end of file.
2026-02-06 10:40:30,719 [ERROR] LogOutputStream:75 - [STDERR_REDIRECT] 
2026-02-06 10:40:31,724 [ERROR] LogOutputStream:75 - [STDERR_REDIRECT] [Fatal Error] :1:1: Premature end of file.
2026-02-06 10:40:31,725 [ERROR] LogOutputStream:75 - [STDERR_REDIRECT] 
2026-02-06 10:40:32,739 [ERROR] LogOutputStream:75 - [STDERR_REDIRECT] [Fatal Error] :1:1: Premature end of file.
2026-02-06 10:40:32,739 [ERROR] LogOutputStream:75 - [STDERR_REDIRECT] 
2026-02-06 10:40:33,729 [ERROR] LogOutputStream:75 - [STDERR_REDIRECT] [Fatal Error] :1:1: Premature end of file.
2026-02-06 10:40:33,730 [ERROR] LogOutputStream:75 - [STDERR_REDIRECT] 
2026-02-06 10:40:34,735 [ERROR] LogOutputStream:75 - [STDERR_REDIRECT] [Fatal Error] :1:1: Premature end of file.
2026-02-06 10:40:34,735 [ERROR] LogOutputStream:75 - [STDERR_REDIRECT] 
2026-02-06 10:40:35,729 [ERROR] LogOutputStream:75 - [STDERR_REDIRECT] [Fatal Error] :1:1: Premature end of file.
2026-02-06 10:40:35,730 [ERROR] LogOutputStream:75 - [STDERR_REDIRECT] 
2026-02-06 10:40:36,708 [ERROR] LogOutputStream:75 - [STDERR_REDIRECT] [Fatal Error] :1:1: Premature end of file.
2026-02-06 10:40:36,708 [ERROR] LogOutputStream:75 - [STDERR_REDIRECT] 
2026-02-06 10:40:37,735 [ERROR] LogOutputStream:75 - [STDERR_REDIRECT] [Fatal Error] :1:1: Premature end of file.
2026-02-06 10:40:37,736 [ERROR] LogOutputStream:75 - [STDERR_REDIRECT] 
2026-02-06 10:40:38,731 [ERROR] LogOutputStream:75 - [STDERR_REDIRECT] [Fatal Error] :1:1: Premature end of file.
2026-02-06 10:40:38,732 [ERROR] LogOutputStream:75 - [STDERR_REDIRECT] 
2026-02-06 10:40:39,737 [ERROR] LogOutputStream:75 - [STDERR_REDIRECT] [Fatal Error] :1:1: Premature end of file.
2026-02-06 10:40:39,737 [ERROR] LogOutputStream:75 - [STDERR_REDIRECT] 
2026-02-06 10:40:40,730 [ERROR] LogOutputStream:75 - [STDERR_REDIRECT] [Fatal Error] :1:1: Premature end of file.
2026-02-06 10:40:40,731 [ERROR] LogOutputStream:75 - [STDERR_REDIRECT] 
2026-02-06 10:40:41,764 [ERROR] LogOutputStream:75 - [STDERR_REDIRECT] [Fatal Error] :1:1: Premature end of file.
2026-02-06 10:40:41,764 [ERROR] LogOutputStream:75 - [STDERR_REDIRECT] 
2026-02-06 10:40:42,730 [ERROR] LogOutputStream:75 - [STDERR_REDIRECT] [Fatal Error] :1:1: Premature end of file.
2026-02-06 10:40:42,731 [ERROR] LogOutputStream:75 - [STDERR_REDIRECT] 
2026-02-06 10:40:43,740 [ERROR] LogOutputStream:75 - [STDERR_REDIRECT] [Fatal Error] :1:1: Premature end of file.
2026-02-06 10:40:43,741 [ERROR] LogOutputStream:75 - [STDERR_REDIRECT] 
2026-02-06 10:40:44,735 [ERROR] LogOutputStream:75 - [STDERR_REDIRECT] [Fatal Error] :1:1: Premature end of file.
2026-02-06 10:40:44,735 [ERROR] LogOutputStream:75 - [STDERR_REDIRECT] 
2026-02-06 10:40:45,738 [ERROR] LogOutputStream:75 - [STDERR_REDIRECT] [Fatal Error] :1:1: Premature end of file.
2026-02-06 10:40:45,739 [ERROR] LogOutputStream:75 - [STDERR_REDIRECT] 
2026-02-06 10:40:46,733 [ERROR] LogOutputStream:75 - [STDERR_REDIRECT] [Fatal Error] :1:1: Premature end of file.
2026-02-06 10:40:46,734 [ERROR] LogOutputStream:75 - [STDERR_REDIRECT] 
2026-02-06 10:40:47,743 [ERROR] LogOutputStream:75 - [STDERR_REDIRECT] [Fatal Error] :1:1: Premature end of file.
2026-02-06 10:40:47,743 [ERROR] LogOutputStream:75 - [STDERR_REDIRECT] 
2026-02-06 10:40:48,739 [ERROR] LogOutputStream:75 - [STDERR_REDIRECT] [Fatal Error] :1:1: Premature end of file.
2026-02-06 10:40:48,739 [ERROR] LogOutputStream:75 - [STDERR_REDIRECT] 
2026-02-06 10:40:49,792 [ERROR] LogOutputStream:75 - [STDERR_REDIRECT] [Fatal Error] :1:1: Premature end of file.
2026-02-06 10:40:49,793 [ERROR] LogOutputStream:75 - [STDERR_REDIRECT] 
2026-02-06 10:40:50,757 [ERROR] LogOutputStream:75 - [STDERR_REDIRECT] [Fatal Error] :1:1: Premature end of file.
2026-02-06 10:40:50,758 [ERROR] LogOutputStream:75 - [STDERR_REDIRECT] 
2026-02-06 10:40:51,776 [ERROR] LogOutputStream:75 - [STDERR_REDIRECT] [Fatal Error] :1:1: Premature end of file.
2026-02-06 10:40:51,776 [ERROR] LogOutputStream:75 - [STDERR_REDIRECT] 
2026-02-06 10:40:52,765 [ERROR] LogOutputStream:75 - [STDERR_REDIRECT] [Fatal Error] :1:1: Premature end of file.
2026-02-06 10:40:52,766 [ERROR] LogOutputStream:75 - [STDERR_REDIRECT] 
2026-02-06 10:40:53,759 [ERROR] LogOutputStream:75 - [STDERR_REDIRECT] [Fatal Error] :1:1: Premature end of file.
2026-02-06 10:40:53,760 [ERROR] LogOutputStream:75 - [STDERR_REDIRECT] 
2026-02-06 10:40:54,790 [ERROR] LogOutputStream:75 - [STDERR_REDIRECT] [Fatal Error] :1:1: Premature end of file.
2026-02-06 10:40:54,790 [ERROR] LogOutputStream:75 - [STDERR_REDIRECT] 
2026-02-06 10:40:55,783 [ERROR] LogOutputStream:75 - [STDERR_REDIRECT] [Fatal Error] :1:1: Premature end of file.
2026-02-06 10:40:55,784 [ERROR] LogOutputStream:75 - [STDERR_REDIRECT] 
2026-02-06 10:40:56,743 [ERROR] LogOutputStream:75 - [STDERR_REDIRECT] [Fatal Error] :1:1: Premature end of file.
2026-02-06 10:40:56,743 [ERROR] LogOutputStream:75 - [STDERR_REDIRECT] 
2026-02-06 10:40:57,741 [ERROR] LogOutputStream:75 - [STDERR_REDIRECT] [Fatal Error] :1:1: Premature end of file.
2026-02-06 10:40:57,741 [ERROR] LogOutputStream:75 - [STDERR_REDIRECT] 
2026-02-06 10:40:58,732 [ERROR] LogOutputStream:75 - [STDERR_REDIRECT] [Fatal Error] :1:1: Premature end of file.
2026-02-06 10:40:58,732 [ERROR] LogOutputStream:75 - [STDERR_REDIRECT] 
2026-02-06 10:40:59,799 [ERROR] LogOutputStream:75 - [STDERR_REDIRECT] [Fatal Error] :1:1: Premature end of file.
2026-02-06 10:40:59,800 [ERROR] LogOutputStream:75 - [STDERR_REDIRECT] 
2026-02-06 10:41:00,739 [ERROR] LogOutputStream:75 - [STDERR_REDIRECT] [Fatal Error] :1:1: Premature end of file.
2026-02-06 10:41:00,739 [ERROR] LogOutputStream:75 - [STDERR_REDIRECT] 
2026-02-06 10:41:01,746 [ERROR] LogOutputStream:75 - [STDERR_REDIRECT] [Fatal Error] :1:1: Premature end of file.
2026-02-06 10:41:01,746 [ERROR] LogOutputStream:75 - [STDERR_REDIRECT] 
2026-02-06 10:41:02,731 [ERROR] LogOutputStream:75 - [STDERR_REDIRECT] [Fatal Error] :1:1: Premature end of file.
2026-02-06 10:41:02,732 [ERROR] LogOutputStream:75 - [STDERR_REDIRECT] 
2026-02-06 10:41:03,719 [ERROR] LogOutputStream:75 - [STDERR_REDIRECT] [Fatal Error] :1:1: Premature end of file.
2026-02-06 10:41:03,719 [ERROR] LogOutputStream:75 - [STDERR_REDIRECT] 
2026-02-06 10:41:04,726 [ERROR] LogOutputStream:75 - [STDERR_REDIRECT] [Fatal Error] :1:1: Premature end of file.
2026-02-06 10:41:04,726 [ERROR] LogOutputStream:75 - [STDERR_REDIRECT] 
2026-02-06 10:41:05,727 [ERROR] LogOutputStream:75 - [STDERR_REDIRECT] [Fatal Error] :1:1: Premature end of file.
2026-02-06 10:41:05,727 [ERROR] LogOutputStream:75 - [STDERR_REDIRECT] 
2026-02-06 10:41:06,712 [ERROR] LogOutputStream:75 - [STDERR_REDIRECT] [Fatal Error] :1:1: Premature end of file.
2026-02-06 10:41:06,714 [ERROR] LogOutputStream:75 - [STDERR_REDIRECT] 
2026-02-06 10:41:07,730 [ERROR] LogOutputStream:75 - [STDERR_REDIRECT] [Fatal Error] :1:1: Premature end of file.
2026-02-06 10:41:07,730 [ERROR] LogOutputStream:75 - [STDERR_REDIRECT] 
2026-02-06 10:41:08,712 [ERROR] LogOutputStream:75 - [STDERR_REDIRECT] [Fatal Error] :1:1: Premature end of file.
2026-02-06 10:41:08,712 [ERROR] LogOutputStream:75 - [STDERR_REDIRECT] 
2026-02-06 10:41:09,722 [ERROR] LogOutputStream:75 - [STDERR_REDIRECT] [Fatal Error] :1:1: Premature end of file.
2026-02-06 10:41:09,722 [ERROR] LogOutputStream:75 - [STDERR_REDIRECT] 
2026-02-06 10:41:10,729 [ERROR] LogOutputStream:75 - [STDERR_REDIRECT] [Fatal Error] :1:1: Premature end of file.
2026-02-06 10:41:10,729 [ERROR] LogOutputStream:75 - [STDERR_REDIRECT] 
2026-02-06 10:41:11,706 [ERROR] LogOutputStream:75 - [STDERR_REDIRECT] [Fatal Error] :1:1: Premature end of file.
2026-02-06 10:41:11,707 [ERROR] LogOutputStream:75 - [STDERR_REDIRECT] 
2026-02-06 10:41:12,730 [ERROR] LogOutputStream:75 - [STDERR_REDIRECT] [Fatal Error] :1:1: Premature end of file.
2026-02-06 10:41:12,730 [ERROR] LogOutputStream:75 - [STDERR_REDIRECT] 
2026-02-06 10:41:13,709 [ERROR] LogOutputStream:75 - [STDERR_REDIRECT] [Fatal Error] :1:1: Premature end of file.
2026-02-06 10:41:13,709 [ERROR] LogOutputStream:75 - [STDERR_REDIRECT] 
2026-02-06 10:41:14,701 [ERROR] LogOutputStream:75 - [STDERR_REDIRECT] [Fatal Error] :1:1: Premature end of file.
2026-02-06 10:41:14,702 [ERROR] LogOutputStream:75 - [STDERR_REDIRECT] 
2026-02-06 10:41:15,740 [ERROR] LogOutputStream:75 - [STDERR_REDIRECT] [Fatal Error] :1:1: Premature end of file.
2026-02-06 10:41:15,741 [ERROR] LogOutputStream:75 - [STDERR_REDIRECT] 
2026-02-06 10:41:16,700 [ERROR] LogOutputStream:75 - [STDERR_REDIRECT] [Fatal Error] :1:1: Premature end of file.
2026-02-06 10:41:16,701 [ERROR] LogOutputStream:75 - [STDERR_REDIRECT] 
2026-02-06 10:41:17,708 [ERROR] LogOutputStream:75 - [STDERR_REDIRECT] [Fatal Error] :1:1: Premature end of file.
2026-02-06 10:41:17,709 [ERROR] LogOutputStream:75 - [STDERR_REDIRECT] 
2026-02-06 10:41:18,709 [ERROR] LogOutputStream:75 - [STDERR_REDIRECT] [Fatal Error] :1:1: Premature end of file.
2026-02-06 10:41:18,709 [ERROR] LogOutputStream:75 - [STDERR_REDIRECT] 
2026-02-06 10:41:19,750 [ERROR] LogOutputStream:75 - [STDERR_REDIRECT] [Fatal Error] :1:1: Premature end of file.
2026-02-06 10:41:19,750 [ERROR] LogOutputStream:75 - [STDERR_REDIRECT] 
2026-02-06 10:41:20,707 [ERROR] LogOutputStream:75 - [STDERR_REDIRECT] [Fatal Error] :1:1: Premature end of file.
2026-02-06 10:41:20,707 [ERROR] LogOutputStream:75 - [STDERR_REDIRECT] 
2026-02-06 10:41:21,706 [ERROR] LogOutputStream:75 - [STDERR_REDIRECT] [Fatal Error] :1:1: Premature end of file.
2026-02-06 10:41:21,706 [ERROR] LogOutputStream:75 - [STDERR_REDIRECT] 
2026-02-06 10:41:22,731 [ERROR] LogOutputStream:75 - [STDERR_REDIRECT] [Fatal Error] :1:1: Premature end of file.
2026-02-06 10:41:22,731 [ERROR] LogOutputStream:75 - [STDERR_REDIRECT] 
2026-02-06 10:41:23,722 [ERROR] LogOutputStream:75 - [STDERR_REDIRECT] [Fatal Error] :1:1: Premature end of file.
2026-02-06 10:41:23,723 [ERROR] LogOutputStream:75 - [STDERR_REDIRECT] 
2026-02-06 10:41:24,714 [ERROR] LogOutputStream:75 - [STDERR_REDIRECT] [Fatal Error] :1:1: Premature end of file.
2026-02-06 10:41:24,714 [ERROR] LogOutputStream:75 - [STDERR_REDIRECT] 
2026-02-06 10:41:25,709 [ERROR] LogOutputStream:75 - [STDERR_REDIRECT] [Fatal Error] :1:1: Premature end of file.
2026-02-06 10:41:25,709 [ERROR] LogOutputStream:75 - [STDERR_REDIRECT] 
2026-02-06 10:41:26,720 [ERROR] LogOutputStream:75 - [STDERR_REDIRECT] [Fatal Error] :1:1: Premature end of file.
2026-02-06 10:41:26,720 [ERROR] LogOutputStream:75 - [STDERR_REDIRECT] 
2026-02-06 10:41:27,708 [ERROR] LogOutputStream:75 - [STDERR_REDIRECT] [Fatal Error] :1:1: Premature end of file.
2026-02-06 10:41:27,708 [ERROR] LogOutputStream:75 - [STDERR_REDIRECT] 
2026-02-06 10:41:28,724 [ERROR] LogOutputStream:75 - [STDERR_REDIRECT] [Fatal Error] :1:1: Premature end of file.
2026-02-06 10:41:28,725 [ERROR] LogOutputStream:75 - [STDERR_REDIRECT] 
2026-02-06 10:41:29,741 [ERROR] LogOutputStream:75 - [STDERR_REDIRECT] [Fatal Error] :1:1: Premature end of file.
2026-02-06 10:41:29,741 [ERROR] LogOutputStream:75 - [STDERR_REDIRECT] 
2026-02-06 10:41:30,723 [ERROR] LogOutputStream:75 - [STDERR_REDIRECT] [Fatal Error] :1:1: Premature end of file.
2026-02-06 10:41:30,724 [ERROR] LogOutputStream:75 - [STDERR_REDIRECT] 
2026-02-06 10:41:31,719 [ERROR] LogOutputStream:75 - [STDERR_REDIRECT] [Fatal Error] :1:1: Premature end of file.
2026-02-06 10:41:31,719 [ERROR] LogOutputStream:75 - [STDERR_REDIRECT] 
2026-02-06 10:41:32,710 [ERROR] LogOutputStream:75 - [STDERR_REDIRECT] [Fatal Error] :1:1: Premature end of file.
2026-02-06 10:41:32,710 [ERROR] LogOutputStream:75 - [STDERR_REDIRECT] 
2026-02-06 10:41:33,721 [ERROR] LogOutputStream:75 - [STDERR_REDIRECT] [Fatal Error] :1:1: Premature end of file.
2026-02-06 10:41:33,722 [ERROR] LogOutputStream:75 - [STDERR_REDIRECT] 
2026-02-06 10:41:34,711 [ERROR] LogOutputStream:75 - [STDERR_REDIRECT] [Fatal Error] :1:1: Premature end of file.
2026-02-06 10:41:34,711 [ERROR] LogOutputStream:75 - [STDERR_REDIRECT] 
2026-02-06 10:41:35,700 [ERROR] LogOutputStream:75 - [STDERR_REDIRECT] [Fatal Error] :1:1: Premature end of file.
2026-02-06 10:41:35,700 [ERROR] LogOutputStream:75 - [STDERR_REDIRECT] 
2026-02-06 10:41:36,857 [ERROR] LogOutputStream:75 - [STDERR_REDIRECT] [Fatal Error] :1:1: Premature end of file.
2026-02-06 10:41:36,858 [ERROR] LogOutputStream:75 - [STDERR_REDIRECT] 
2026-02-06 10:41:37,720 [ERROR] LogOutputStream:75 - [STDERR_REDIRECT] [Fatal Error] :1:1: Premature end of file.
2026-02-06 10:41:37,720 [ERROR] LogOutputStream:75 - [STDERR_REDIRECT] 
2026-02-06 10:41:38,729 [ERROR] LogOutputStream:75 - [STDERR_REDIRECT] [Fatal Error] :1:1: Premature end of file.
2026-02-06 10:41:38,729 [ERROR] LogOutputStream:75 - [STDERR_REDIRECT] 
2026-02-06 10:41:39,764 [ERROR] LogOutputStream:75 - [STDERR_REDIRECT] [Fatal Error] :1:1: Premature end of file.
2026-02-06 10:41:39,764 [ERROR] LogOutputStream:75 - [STDERR_REDIRECT] 
2026-02-06 10:41:40,724 [ERROR] LogOutputStream:75 - [STDERR_REDIRECT] [Fatal Error] :1:1: Premature end of file.
2026-02-06 10:41:40,724 [ERROR] LogOutputStream:75 - [STDERR_REDIRECT] 
2026-02-06 10:41:41,729 [ERROR] LogOutputStream:75 - [STDERR_REDIRECT] [Fatal Error] :1:1: Premature end of file.
2026-02-06 10:41:41,729 [ERROR] LogOutputStream:75 - [STDERR_REDIRECT] 
2026-02-06 10:41:42,724 [ERROR] LogOutputStream:75 - [STDERR_REDIRECT] [Fatal Error] :1:1: Premature end of file.
2026-02-06 10:41:42,725 [ERROR] LogOutputStream:75 - [STDERR_REDIRECT] 
2026-02-06 10:41:43,734 [ERROR] LogOutputStream:75 - [STDERR_REDIRECT] [Fatal Error] :1:1: Premature end of file.
2026-02-06 10:41:43,735 [ERROR] LogOutputStream:75 - [STDERR_REDIRECT] 
2026-02-06 10:41:44,731 [ERROR] LogOutputStream:75 - [STDERR_REDIRECT] [Fatal Error] :1:1: Premature end of file.
2026-02-06 10:41:44,732 [ERROR] LogOutputStream:75 - [STDERR_REDIRECT] 
2026-02-06 10:41:45,722 [ERROR] LogOutputStream:75 - [STDERR_REDIRECT] [Fatal Error] :1:1: Premature end of file.
2026-02-06 10:41:45,723 [ERROR] LogOutputStream:75 - [STDERR_REDIRECT] 
2026-02-06 10:41:46,722 [ERROR] LogOutputStream:75 - [STDERR_REDIRECT] [Fatal Error] :1:1: Premature end of file.
2026-02-06 10:41:46,723 [ERROR] LogOutputStream:75 - [STDERR_REDIRECT] 
2026-02-06 10:41:47,726 [ERROR] LogOutputStream:75 - [STDERR_REDIRECT] [Fatal Error] :1:1: Premature end of file.
2026-02-06 10:41:47,727 [ERROR] LogOutputStream:75 - [STDERR_REDIRECT] 
2026-02-06 10:41:48,723 [ERROR] LogOutputStream:75 - [STDERR_REDIRECT] [Fatal Error] :1:1: Premature end of file.
2026-02-06 10:41:48,723 [ERROR] LogOutputStream:75 - [STDERR_REDIRECT] 
2026-02-06 10:41:49,728 [ERROR] LogOutputStream:75 - [STDERR_REDIRECT] [Fatal Error] :1:1: Premature end of file.
2026-02-06 10:41:49,728 [ERROR] LogOutputStream:75 - [STDERR_REDIRECT] 
2026-02-06 10:41:50,720 [ERROR] LogOutputStream:75 - [STDERR_REDIRECT] [Fatal Error] :1:1: Premature end of file.
2026-02-06 10:41:50,720 [ERROR] LogOutputStream:75 - [STDERR_REDIRECT] 
2026-02-06 10:41:51,732 [ERROR] LogOutputStream:75 - [STDERR_REDIRECT] [Fatal Error] :1:1: Premature end of file.
2026-02-06 10:41:51,733 [ERROR] LogOutputStream:75 - [STDERR_REDIRECT] 
2026-02-06 10:41:52,730 [ERROR] LogOutputStream:75 - [STDERR_REDIRECT] [Fatal Error] :1:1: Premature end of file.
2026-02-06 10:41:52,730 [ERROR] LogOutputStream:75 - [STDERR_REDIRECT] 
2026-02-06 10:41:53,727 [ERROR] LogOutputStream:75 - [STDERR_REDIRECT] [Fatal Error] :1:1: Premature end of file.
2026-02-06 10:41:53,728 [ERROR] LogOutputStream:75 - [STDERR_REDIRECT] 
2026-02-06 10:41:54,727 [ERROR] LogOutputStream:75 - [STDERR_REDIRECT] [Fatal Error] :1:1: Premature end of file.
2026-02-06 10:41:54,727 [ERROR] LogOutputStream:75 - [STDERR_REDIRECT] 
2026-02-06 10:41:55,729 [ERROR] LogOutputStream:75 - [STDERR_REDIRECT] [Fatal Error] :1:1: Premature end of file.
2026-02-06 10:41:55,730 [ERROR] LogOutputStream:75 - [STDERR_REDIRECT] 
2026-02-06 10:41:56,730 [ERROR] LogOutputStream:75 - [STDERR_REDIRECT] [Fatal Error] :1:1: Premature end of file.
2026-02-06 10:41:56,730 [ERROR] LogOutputStream:75 - [STDERR_REDIRECT] 
2026-02-06 10:41:57,723 [ERROR] LogOutputStream:75 - [STDERR_REDIRECT] [Fatal Error] :1:1: Premature end of file.
2026-02-06 10:41:57,723 [ERROR] LogOutputStream:75 - [STDERR_REDIRECT] 
2026-02-06 10:41:58,732 [ERROR] LogOutputStream:75 - [STDERR_REDIRECT] [Fatal Error] :1:1: Premature end of file.
2026-02-06 10:41:58,733 [ERROR] LogOutputStream:75 - [STDERR_REDIRECT] 
2026-02-06 10:41:59,803 [ERROR] LogOutputStream:75 - [STDERR_REDIRECT] [Fatal Error] :1:1: Premature end of file.
2026-02-06 10:41:59,803 [ERROR] LogOutputStream:75 - [STDERR_REDIRECT] 
2026-02-06 10:42:00,736 [ERROR] LogOutputStream:75 - [STDERR_REDIRECT] [Fatal Error] :1:1: Premature end of file.
2026-02-06 10:42:00,737 [ERROR] LogOutputStream:75 - [STDERR_REDIRECT] 
2026-02-06 10:42:01,724 [ERROR] LogOutputStream:75 - [STDERR_REDIRECT] [Fatal Error] :1:1: Premature end of file.
2026-02-06 10:42:01,725 [ERROR] LogOutputStream:75 - [STDERR_REDIRECT] 
2026-02-06 10:42:02,729 [ERROR] LogOutputStream:75 - [STDERR_REDIRECT] [Fatal Error] :1:1: Premature end of file.
2026-02-06 10:42:02,730 [ERROR] LogOutputStream:75 - [STDERR_REDIRECT] 
2026-02-06 10:42:03,721 [ERROR] LogOutputStream:75 - [STDERR_REDIRECT] [Fatal Error] :1:1: Premature end of file.
2026-02-06 10:42:03,721 [ERROR] LogOutputStream:75 - [STDERR_REDIRECT] 
2026-02-06 10:42:04,734 [ERROR] LogOutputStream:75 - [STDERR_REDIRECT] [Fatal Error] :1:1: Premature end of file.
2026-02-06 10:42:04,734 [ERROR] LogOutputStream:75 - [STDERR_REDIRECT] 
2026-02-06 10:42:05,723 [ERROR] LogOutputStream:75 - [STDERR_REDIRECT] [Fatal Error] :1:1: Premature end of file.
2026-02-06 10:42:05,723 [ERROR] LogOutputStream:75 - [STDERR_REDIRECT] 
2026-02-06 10:42:06,735 [ERROR] LogOutputStream:75 - [STDERR_REDIRECT] [Fatal Error] :1:1: Premature end of file.
2026-02-06 10:42:06,736 [ERROR] LogOutputStream:75 - [STDERR_REDIRECT] 
2026-02-06 10:42:07,723 [ERROR] LogOutputStream:75 - [STDERR_REDIRECT] [Fatal Error] :1:1: Premature end of file.
2026-02-06 10:42:07,723 [ERROR] LogOutputStream:75 - [STDERR_REDIRECT] 
2026-02-06 10:42:08,727 [ERROR] LogOutputStream:75 - [STDERR_REDIRECT] [Fatal Error] :1:1: Premature end of file.
2026-02-06 10:42:08,728 [ERROR] LogOutputStream:75 - [STDERR_REDIRECT] 
2026-02-06 10:42:09,718 [ERROR] LogOutputStream:75 - [STDERR_REDIRECT] [Fatal Error] :1:1: Premature end of file.
2026-02-06 10:42:09,718 [ERROR] LogOutputStream:75 - [STDERR_REDIRECT] 
2026-02-06 10:42:10,721 [ERROR] LogOutputStream:75 - [STDERR_REDIRECT] [Fatal Error] :1:1: Premature end of file.
2026-02-06 10:42:10,721 [ERROR] LogOutputStream:75 - [STDERR_REDIRECT] 
2026-02-06 10:42:11,727 [ERROR] LogOutputStream:75 - [STDERR_REDIRECT] [Fatal Error] :1:1: Premature end of file.
2026-02-06 10:42:11,728 [ERROR] LogOutputStream:75 - [STDERR_REDIRECT] 
2026-02-06 10:42:12,737 [ERROR] LogOutputStream:75 - [STDERR_REDIRECT] [Fatal Error] :1:1: Premature end of file.
2026-02-06 10:42:12,738 [ERROR] LogOutputStream:75 - [STDERR_REDIRECT] 
2026-02-06 10:42:13,731 [ERROR] LogOutputStream:75 - [STDERR_REDIRECT] [Fatal Error] :1:1: Premature end of file.
2026-02-06 10:42:13,731 [ERROR] LogOutputStream:75 - [STDERR_REDIRECT] 
2026-02-06 10:42:14,725 [ERROR] LogOutputStream:75 - [STDERR_REDIRECT] [Fatal Error] :1:1: Premature end of file.
2026-02-06 10:42:14,726 [ERROR] LogOutputStream:75 - [STDERR_REDIRECT] 
2026-02-06 10:42:15,728 [ERROR] LogOutputStream:75 - [STDERR_REDIRECT] [Fatal Error] :1:1: Premature end of file.
2026-02-06 10:42:15,728 [ERROR] LogOutputStream:75 - [STDERR_REDIRECT] 
2026-02-06 10:42:16,728 [ERROR] LogOutputStream:75 - [STDERR_REDIRECT] [Fatal Error] :1:1: Premature end of file.
2026-02-06 10:42:16,730 [ERROR] LogOutputStream:75 - [STDERR_REDIRECT] 
2026-02-06 10:42:17,722 [ERROR] LogOutputStream:75 - [STDERR_REDIRECT] [Fatal Error] :1:1: Premature end of file.
2026-02-06 10:42:17,723 [ERROR] LogOutputStream:75 - [STDERR_REDIRECT] 
2026-02-06 10:42:18,708 [ERROR] LogOutputStream:75 - [STDERR_REDIRECT] [Fatal Error] :1:1: Premature end of file.
2026-02-06 10:42:18,708 [ERROR] LogOutputStream:75 - [STDERR_REDIRECT] 
2026-02-06 10:42:19,705 [ERROR] LogOutputStream:75 - [STDERR_REDIRECT] [Fatal Error] :1:1: Premature end of file.
2026-02-06 10:42:19,705 [ERROR] LogOutputStream:75 - [STDERR_REDIRECT] 
2026-02-06 10:42:20,720 [ERROR] LogOutputStream:75 - [STDERR_REDIRECT] [Fatal Error] :1:1: Premature end of file.
2026-02-06 10:42:20,720 [ERROR] LogOutputStream:75 - [STDERR_REDIRECT] 
2026-02-06 10:42:21,724 [ERROR] LogOutputStream:75 - [STDERR_REDIRECT] [Fatal Error] :1:1: Premature end of file.
2026-02-06 10:42:21,724 [ERROR] LogOutputStream:75 - [STDERR_REDIRECT] 
2026-02-06 10:42:22,723 [ERROR] LogOutputStream:75 - [STDERR_REDIRECT] [Fatal Error] :1:1: Premature end of file.
2026-02-06 10:42:22,723 [ERROR] LogOutputStream:75 - [STDERR_REDIRECT] 
2026-02-06 10:42:23,725 [ERROR] LogOutputStream:75 - [STDERR_REDIRECT] [Fatal Error] :1:1: Premature end of file.
2026-02-06 10:42:23,726 [ERROR] LogOutputStream:75 - [STDERR_REDIRECT] 
2026-02-06 10:42:24,722 [ERROR] LogOutputStream:75 - [STDERR_REDIRECT] [Fatal Error] :1:1: Premature end of file.
2026-02-06 10:42:24,723 [ERROR] LogOutputStream:75 - [STDERR_REDIRECT] 
2026-02-06 10:42:25,721 [ERROR] LogOutputStream:75 - [STDERR_REDIRECT] [Fatal Error] :1:1: Premature end of file.
2026-02-06 10:42:25,721 [ERROR] LogOutputStream:75 - [STDERR_REDIRECT] 
2026-02-06 10:42:26,724 [ERROR] LogOutputStream:75 - [STDERR_REDIRECT] [Fatal Error] :1:1: Premature end of file.
2026-02-06 10:42:26,725 [ERROR] LogOutputStream:75 - [STDERR_REDIRECT] 
2026-02-06 10:42:27,721 [ERROR] LogOutputStream:75 - [STDERR_REDIRECT] [Fatal Error] :1:1: Premature end of file.
2026-02-06 10:42:27,721 [ERROR] LogOutputStream:75 - [STDERR_REDIRECT] 
2026-02-06 10:42:28,722 [ERROR] LogOutputStream:75 - [STDERR_REDIRECT] [Fatal Error] :1:1: Premature end of file.
2026-02-06 10:42:28,723 [ERROR] LogOutputStream:75 - [STDERR_REDIRECT] 
2026-02-06 10:42:29,728 [ERROR] LogOutputStream:75 - [STDERR_REDIRECT] [Fatal Error] :1:1: Premature end of file.
2026-02-06 10:42:29,728 [ERROR] LogOutputStream:75 - [STDERR_REDIRECT] 
2026-02-06 10:42:30,723 [ERROR] LogOutputStream:75 - [STDERR_REDIRECT] [Fatal Error] :1:1: Premature end of file.
2026-02-06 10:42:30,724 [ERROR] LogOutputStream:75 - [STDERR_REDIRECT] 
2026-02-06 10:42:31,714 [ERROR] LogOutputStream:75 - [STDERR_REDIRECT] [Fatal Error] :1:1: Premature end of file.
2026-02-06 10:42:31,715 [ERROR] LogOutputStream:75 - [STDERR_REDIRECT] 
2026-02-06 10:42:32,722 [ERROR] LogOutputStream:75 - [STDERR_REDIRECT] [Fatal Error] :1:1: Premature end of file.
2026-02-06 10:42:32,722 [ERROR] LogOutputStream:75 - [STDERR_REDIRECT] 
2026-02-06 10:42:33,727 [ERROR] LogOutputStream:75 - [STDERR_REDIRECT] [Fatal Error] :1:1: Premature end of file.
2026-02-06 10:42:33,728 [ERROR] LogOutputStream:75 - [STDERR_REDIRECT] 
2026-02-06 10:42:34,718 [ERROR] LogOutputStream:75 - [STDERR_REDIRECT] [Fatal Error] :1:1: Premature end of file.
2026-02-06 10:42:34,719 [ERROR] LogOutputStream:75 - [STDERR_REDIRECT] 
2026-02-06 10:42:35,708 [ERROR] LogOutputStream:75 - [STDERR_REDIRECT] [Fatal Error] :1:1: Premature end of file.
2026-02-06 10:42:35,708 [ERROR] LogOutputStream:75 - [STDERR_REDIRECT] 
2026-02-06 10:42:36,745 [ERROR] LogOutputStream:75 - [STDERR_REDIRECT] [Fatal Error] :1:1: Premature end of file.
2026-02-06 10:42:36,745 [ERROR] LogOutputStream:75 - [STDERR_REDIRECT] 
2026-02-06 10:42:37,730 [ERROR] LogOutputStream:75 - [STDERR_REDIRECT] [Fatal Error] :1:1: Premature end of file.
2026-02-06 10:42:37,730 [ERROR] LogOutputStream:75 - [STDERR_REDIRECT] 
2026-02-06 10:42:38,718 [ERROR] LogOutputStream:75 - [STDERR_REDIRECT] [Fatal Error] :1:1: Premature end of file.
2026-02-06 10:42:38,719 [ERROR] LogOutputStream:75 - [STDERR_REDIRECT] 
2026-02-06 10:42:39,727 [ERROR] LogOutputStream:75 - [STDERR_REDIRECT] [Fatal Error] :1:1: Premature end of file.
2026-02-06 10:42:39,727 [ERROR] LogOutputStream:75 - [STDERR_REDIRECT] 
2026-02-06 10:42:40,722 [ERROR] LogOutputStream:75 - [STDERR_REDIRECT] [Fatal Error] :1:1: Premature end of file.
2026-02-06 10:42:40,723 [ERROR] LogOutputStream:75 - [STDERR_REDIRECT] 
2026-02-06 10:42:41,723 [ERROR] LogOutputStream:75 - [STDERR_REDIRECT] [Fatal Error] :1:1: Premature end of file.
2026-02-06 10:42:41,723 [ERROR] LogOutputStream:75 - [STDERR_REDIRECT] 
2026-02-06 10:42:42,719 [ERROR] LogOutputStream:75 - [STDERR_REDIRECT] [Fatal Error] :1:1: Premature end of file.
2026-02-06 10:42:42,720 [ERROR] LogOutputStream:75 - [STDERR_REDIRECT] 
2026-02-06 10:42:43,729 [ERROR] LogOutputStream:75 - [STDERR_REDIRECT] [Fatal Error] :1:1: Premature end of file.
2026-02-06 10:42:43,730 [ERROR] LogOutputStream:75 - [STDERR_REDIRECT] 
2026-02-06 10:42:44,717 [ERROR] LogOutputStream:75 - [STDERR_REDIRECT] [Fatal Error] :1:1: Premature end of file.
2026-02-06 10:42:44,717 [ERROR] LogOutputStream:75 - [STDERR_REDIRECT] 
2026-02-06 10:42:45,701 [ERROR] LogOutputStream:75 - [STDERR_REDIRECT] [Fatal Error] :1:1: Premature end of file.
2026-02-06 10:42:45,701 [ERROR] LogOutputStream:75 - [STDERR_REDIRECT] 
2026-02-06 10:42:46,706 [ERROR] LogOutputStream:75 - [STDERR_REDIRECT] [Fatal Error] :1:1: Premature end of file.
2026-02-06 10:42:46,706 [ERROR] LogOutputStream:75 - [STDERR_REDIRECT] 
2026-02-06 10:42:47,743 [ERROR] LogOutputStream:75 - [STDERR_REDIRECT] [Fatal Error] :1:1: Premature end of file.
2026-02-06 10:42:47,743 [ERROR] LogOutputStream:75 - [STDERR_REDIRECT] 
2026-02-06 10:42:48,719 [ERROR] LogOutputStream:75 - [STDERR_REDIRECT] [Fatal Error] :1:1: Premature end of file.
2026-02-06 10:42:48,719 [ERROR] LogOutputStream:75 - [STDERR_REDIRECT] 
2026-02-06 10:42:49,724 [ERROR] LogOutputStream:75 - [STDERR_REDIRECT] [Fatal Error] :1:1: Premature end of file.
2026-02-06 10:42:49,724 [ERROR] LogOutputStream:75 - [STDERR_REDIRECT] 
2026-02-06 10:42:50,727 [ERROR] LogOutputStream:75 - [STDERR_REDIRECT] [Fatal Error] :1:1: Premature end of file.
2026-02-06 10:42:50,728 [ERROR] LogOutputStream:75 - [STDERR_REDIRECT] 
2026-02-06 10:42:51,730 [ERROR] LogOutputStream:75 - [STDERR_REDIRECT] [Fatal Error] :1:1: Premature end of file.
2026-02-06 10:42:51,730 [ERROR] LogOutputStream:75 - [STDERR_REDIRECT] 
2026-02-06 10:42:52,701 [ERROR] LogOutputStream:75 - [STDERR_REDIRECT] [Fatal Error] :1:1: Premature end of file.
2026-02-06 10:42:52,701 [ERROR] LogOutputStream:75 - [STDERR_REDIRECT] 
2026-02-06 10:42:53,727 [ERROR] LogOutputStream:75 - [STDERR_REDIRECT] [Fatal Error] :1:1: Premature end of file.
2026-02-06 10:42:53,727 [ERROR] LogOutputStream:75 - [STDERR_REDIRECT] 
2026-02-06 10:42:54,723 [ERROR] LogOutputStream:75 - [STDERR_REDIRECT] [Fatal Error] :1:1: Premature end of file.
2026-02-06 10:42:54,723 [ERROR] LogOutputStream:75 - [STDERR_REDIRECT] 
2026-02-06 10:42:55,724 [ERROR] LogOutputStream:75 - [STDERR_REDIRECT] [Fatal Error] :1:1: Premature end of file.
2026-02-06 10:42:55,725 [ERROR] LogOutputStream:75 - [STDERR_REDIRECT] 
2026-02-06 10:42:56,751 [ERROR] LogOutputStream:75 - [STDERR_REDIRECT] [Fatal Error] :1:1: Premature end of file.
2026-02-06 10:42:56,751 [ERROR] LogOutputStream:75 - [STDERR_REDIRECT] 
2026-02-06 10:42:57,720 [ERROR] LogOutputStream:75 - [STDERR_REDIRECT] [Fatal Error] :1:1: Premature end of file.
2026-02-06 10:42:57,721 [ERROR] LogOutputStream:75 - [STDERR_REDIRECT] 
2026-02-06 10:42:58,728 [ERROR] LogOutputStream:75 - [STDERR_REDIRECT] [Fatal Error] :1:1: Premature end of file.
2026-02-06 10:42:58,728 [ERROR] LogOutputStream:75 - [STDERR_REDIRECT] 
2026-02-06 10:42:59,720 [ERROR] LogOutputStream:75 - [STDERR_REDIRECT] [Fatal Error] :1:1: Premature end of file.
2026-02-06 10:42:59,721 [ERROR] LogOutputStream:75 - [STDERR_REDIRECT] 
2026-02-06 10:43:00,720 [ERROR] LogOutputStream:75 - [STDERR_REDIRECT] [Fatal Error] :1:1: Premature end of file.
2026-02-06 10:43:00,720 [ERROR] LogOutputStream:75 - [STDERR_REDIRECT] 
2026-02-06 10:43:01,722 [ERROR] LogOutputStream:75 - [STDERR_REDIRECT] [Fatal Error] :1:1: Premature end of file.
2026-02-06 10:43:01,722 [ERROR] LogOutputStream:75 - [STDERR_REDIRECT] 
2026-02-06 10:43:02,722 [ERROR] LogOutputStream:75 - [STDERR_REDIRECT] [Fatal Error] :1:1: Premature end of file.
2026-02-06 10:43:02,723 [ERROR] LogOutputStream:75 - [STDERR_REDIRECT] 
2026-02-06 10:43:03,718 [ERROR] LogOutputStream:75 - [STDERR_REDIRECT] [Fatal Error] :1:1: Premature end of file.
2026-02-06 10:43:03,718 [ERROR] LogOutputStream:75 - [STDERR_REDIRECT] 
2026-02-06 10:43:04,723 [ERROR] LogOutputStream:75 - [STDERR_REDIRECT] [Fatal Error] :1:1: Premature end of file.
2026-02-06 10:43:04,724 [ERROR] LogOutputStream:75 - [STDERR_REDIRECT] 
2026-02-06 10:43:05,722 [ERROR] LogOutputStream:75 - [STDERR_REDIRECT] [Fatal Error] :1:1: Premature end of file.
2026-02-06 10:43:05,722 [ERROR] LogOutputStream:75 - [STDERR_REDIRECT] 
2026-02-06 10:43:06,727 [ERROR] LogOutputStream:75 - [STDERR_REDIRECT] [Fatal Error] :1:1: Premature end of file.
2026-02-06 10:43:06,727 [ERROR] LogOutputStream:75 - [STDERR_REDIRECT] 
2026-02-06 10:43:07,727 [ERROR] LogOutputStream:75 - [STDERR_REDIRECT] [Fatal Error] :1:1: Premature end of file.
2026-02-06 10:43:07,727 [ERROR] LogOutputStream:75 - [STDERR_REDIRECT] 
2026-02-06 10:43:08,725 [ERROR] LogOutputStream:75 - [STDERR_REDIRECT] [Fatal Error] :1:1: Premature end of file.
2026-02-06 10:43:08,726 [ERROR] LogOutputStream:75 - [STDERR_REDIRECT] 
2026-02-06 10:43:09,713 [ERROR] LogOutputStream:75 - [STDERR_REDIRECT] [Fatal Error] :1:1: Premature end of file.
2026-02-06 10:43:09,713 [ERROR] LogOutputStream:75 - [STDERR_REDIRECT] 
2026-02-06 10:43:10,720 [ERROR] LogOutputStream:75 - [STDERR_REDIRECT] [Fatal Error] :1:1: Premature end of file.
2026-02-06 10:43:10,721 [ERROR] LogOutputStream:75 - [STDERR_REDIRECT] 
2026-02-06 10:43:11,720 [ERROR] LogOutputStream:75 - [STDERR_REDIRECT] [Fatal Error] :1:1: Premature end of file.
2026-02-06 10:43:11,720 [ERROR] LogOutputStream:75 - [STDERR_REDIRECT] 
2026-02-06 10:43:12,707 [ERROR] LogOutputStream:75 - [STDERR_REDIRECT] [Fatal Error] :1:1: Premature end of file.
2026-02-06 10:43:12,707 [ERROR] LogOutputStream:75 - [STDERR_REDIRECT] 
2026-02-06 10:43:13,722 [ERROR] LogOutputStream:75 - [STDERR_REDIRECT] [Fatal Error] :1:1: Premature end of file.
2026-02-06 10:43:13,722 [ERROR] LogOutputStream:75 - [STDERR_REDIRECT] 
2026-02-06 10:43:14,743 [ERROR] LogOutputStream:75 - [STDERR_REDIRECT] [Fatal Error] :1:1: Premature end of file.
2026-02-06 10:43:14,744 [ERROR] LogOutputStream:75 - [STDERR_REDIRECT] 
2026-02-06 10:43:15,718 [ERROR] LogOutputStream:75 - [STDERR_REDIRECT] [Fatal Error] :1:1: Premature end of file.
2026-02-06 10:43:15,718 [ERROR] LogOutputStream:75 - [STDERR_REDIRECT] 
2026-02-06 10:43:16,721 [ERROR] LogOutputStream:75 - [STDERR_REDIRECT] [Fatal Error] :1:1: Premature end of file.
2026-02-06 10:43:16,722 [ERROR] LogOutputStream:75 - [STDERR_REDIRECT] 
2026-02-06 10:43:17,720 [ERROR] LogOutputStream:75 - [STDERR_REDIRECT] [Fatal Error] :1:1: Premature end of file.
2026-02-06 10:43:17,720 [ERROR] LogOutputStream:75 - [STDERR_REDIRECT] 
2026-02-06 10:43:18,718 [ERROR] LogOutputStream:75 - [STDERR_REDIRECT] [Fatal Error] :1:1: Premature end of file.
2026-02-06 10:43:18,719 [ERROR] LogOutputStream:75 - [STDERR_REDIRECT] 
2026-02-06 10:43:19,721 [ERROR] LogOutputStream:75 - [STDERR_REDIRECT] [Fatal Error] :1:1: Premature end of file.
2026-02-06 10:43:19,722 [ERROR] LogOutputStream:75 - [STDERR_REDIRECT] 
2026-02-06 10:43:20,709 [ERROR] LogOutputStream:75 - [STDERR_REDIRECT] [Fatal Error] :1:1: Premature end of file.
2026-02-06 10:43:20,709 [ERROR] LogOutputStream:75 - [STDERR_REDIRECT] 
2026-02-06 10:43:21,726 [ERROR] LogOutputStream:75 - [STDERR_REDIRECT] [Fatal Error] :1:1: Premature end of file.
2026-02-06 10:43:21,727 [ERROR] LogOutputStream:75 - [STDERR_REDIRECT] 
2026-02-06 10:43:22,728 [ERROR] LogOutputStream:75 - [STDERR_REDIRECT] [Fatal Error] :1:1: Premature end of file.
2026-02-06 10:43:22,728 [ERROR] LogOutputStream:75 - [STDERR_REDIRECT] 
2026-02-06 10:43:23,730 [ERROR] LogOutputStream:75 - [STDERR_REDIRECT] [Fatal Error] :1:1: Premature end of file.
2026-02-06 10:43:23,731 [ERROR] LogOutputStream:75 - [STDERR_REDIRECT] 
2026-02-06 10:43:24,728 [ERROR] LogOutputStream:75 - [STDERR_REDIRECT] [Fatal Error] :1:1: Premature end of file.
2026-02-06 10:43:24,728 [ERROR] LogOutputStream:75 - [STDERR_REDIRECT] 
2026-02-06 10:43:25,724 [ERROR] LogOutputStream:75 - [STDERR_REDIRECT] [Fatal Error] :1:1: Premature end of file.
2026-02-06 10:43:25,725 [ERROR] LogOutputStream:75 - [STDERR_REDIRECT] 
2026-02-06 10:43:26,732 [ERROR] LogOutputStream:75 - [STDERR_REDIRECT] [Fatal Error] :1:1: Premature end of file.
2026-02-06 10:43:26,732 [ERROR] LogOutputStream:75 - [STDERR_REDIRECT] 
2026-02-06 10:43:27,723 [ERROR] LogOutputStream:75 - [STDERR_REDIRECT] [Fatal Error] :1:1: Premature end of file.
2026-02-06 10:43:27,723 [ERROR] LogOutputStream:75 - [STDERR_REDIRECT] 
2026-02-06 10:43:28,721 [ERROR] LogOutputStream:75 - [STDERR_REDIRECT] [Fatal Error] :1:1: Premature end of file.
2026-02-06 10:43:28,721 [ERROR] LogOutputStream:75 - [STDERR_REDIRECT] 
2026-02-06 10:43:29,719 [ERROR] LogOutputStream:75 - [STDERR_REDIRECT] [Fatal Error] :1:1: Premature end of file.
2026-02-06 10:43:29,719 [ERROR] LogOutputStream:75 - [STDERR_REDIRECT] 
2026-02-06 10:43:30,722 [ERROR] LogOutputStream:75 - [STDERR_REDIRECT] [Fatal Error] :1:1: Premature end of file.
2026-02-06 10:43:30,722 [ERROR] LogOutputStream:75 - [STDERR_REDIRECT] 
2026-02-06 10:43:31,727 [ERROR] LogOutputStream:75 - [STDERR_REDIRECT] [Fatal Error] :1:1: Premature end of file.
2026-02-06 10:43:31,727 [ERROR] LogOutputStream:75 - [STDERR_REDIRECT] 
2026-02-06 10:43:32,723 [ERROR] LogOutputStream:75 - [STDERR_REDIRECT] [Fatal Error] :1:1: Premature end of file.
2026-02-06 10:43:32,723 [ERROR] LogOutputStream:75 - [STDERR_REDIRECT] 
2026-02-06 10:43:33,722 [ERROR] LogOutputStream:75 - [STDERR_REDIRECT] [Fatal Error] :1:1: Premature end of file.
2026-02-06 10:43:33,722 [ERROR] LogOutputStream:75 - [STDERR_REDIRECT] 
2026-02-06 10:43:34,726 [ERROR] LogOutputStream:75 - [STDERR_REDIRECT] [Fatal Error] :1:1: Premature end of file.
2026-02-06 10:43:34,726 [ERROR] LogOutputStream:75 - [STDERR_REDIRECT] 
2026-02-06 10:43:35,724 [ERROR] LogOutputStream:75 - [STDERR_REDIRECT] [Fatal Error] :1:1: Premature end of file.
2026-02-06 10:43:35,725 [ERROR] LogOutputStream:75 - [STDERR_REDIRECT] 
2026-02-06 10:43:36,745 [ERROR] LogOutputStream:75 - [STDERR_REDIRECT] [Fatal Error] :1:1: Premature end of file.
2026-02-06 10:43:36,745 [ERROR] LogOutputStream:75 - [STDERR_REDIRECT] 
2026-02-06 10:43:37,718 [ERROR] LogOutputStream:75 - [STDERR_REDIRECT] [Fatal Error] :1:1: Premature end of file.
2026-02-06 10:43:37,718 [ERROR] LogOutputStream:75 - [STDERR_REDIRECT] 
2026-02-06 10:43:38,720 [ERROR] LogOutputStream:75 - [STDERR_REDIRECT] [Fatal Error] :1:1: Premature end of file.
2026-02-06 10:43:38,720 [ERROR] LogOutputStream:75 - [STDERR_REDIRECT] 
2026-02-06 10:43:39,724 [ERROR] LogOutputStream:75 - [STDERR_REDIRECT] [Fatal Error] :1:1: Premature end of file.
2026-02-06 10:43:39,724 [ERROR] LogOutputStream:75 - [STDERR_REDIRECT] 
2026-02-06 10:43:40,714 [ERROR] LogOutputStream:75 - [STDERR_REDIRECT] [Fatal Error] :1:1: Premature end of file.
2026-02-06 10:43:40,714 [ERROR] LogOutputStream:75 - [STDERR_REDIRECT] 
2026-02-06 10:43:41,725 [ERROR] LogOutputStream:75 - [STDERR_REDIRECT] [Fatal Error] :1:1: Premature end of file.
2026-02-06 10:43:41,726 [ERROR] LogOutputStream:75 - [STDERR_REDIRECT] 
2026-02-06 10:43:42,726 [ERROR] LogOutputStream:75 - [STDERR_REDIRECT] [Fatal Error] :1:1: Premature end of file.
2026-02-06 10:43:42,726 [ERROR] LogOutputStream:75 - [STDERR_REDIRECT] 
2026-02-06 10:43:43,727 [ERROR] LogOutputStream:75 - [STDERR_REDIRECT] [Fatal Error] :1:1: Premature end of file.
2026-02-06 10:43:43,727 [ERROR] LogOutputStream:75 - [STDERR_REDIRECT] 
2026-02-06 10:43:44,724 [ERROR] LogOutputStream:75 - [STDERR_REDIRECT] [Fatal Error] :1:1: Premature end of file.
2026-02-06 10:43:44,724 [ERROR] LogOutputStream:75 - [STDERR_REDIRECT] 
2026-02-06 10:43:45,726 [ERROR] LogOutputStream:75 - [STDERR_REDIRECT] [Fatal Error] :1:1: Premature end of file.
2026-02-06 10:43:45,727 [ERROR] LogOutputStream:75 - [STDERR_REDIRECT] 
2026-02-06 10:43:46,719 [ERROR] LogOutputStream:75 - [STDERR_REDIRECT] [Fatal Error] :1:1: Premature end of file.
2026-02-06 10:43:46,720 [ERROR] LogOutputStream:75 - [STDERR_REDIRECT] 
2026-02-06 10:43:47,726 [ERROR] LogOutputStream:75 - [STDERR_REDIRECT] [Fatal Error] :1:1: Premature end of file.
2026-02-06 10:43:47,726 [ERROR] LogOutputStream:75 - [STDERR_REDIRECT] 
2026-02-06 10:43:48,721 [ERROR] LogOutputStream:75 - [STDERR_REDIRECT] [Fatal Error] :1:1: Premature end of file.
2026-02-06 10:43:48,721 [ERROR] LogOutputStream:75 - [STDERR_REDIRECT] 
2026-02-06 10:43:49,723 [ERROR] LogOutputStream:75 - [STDERR_REDIRECT] [Fatal Error] :1:1: Premature end of file.
2026-02-06 10:43:49,723 [ERROR] LogOutputStream:75 - [STDERR_REDIRECT] 
2026-02-06 10:43:50,726 [ERROR] LogOutputStream:75 - [STDERR_REDIRECT] [Fatal Error] :1:1: Premature end of file.
2026-02-06 10:43:50,727 [ERROR] LogOutputStream:75 - [STDERR_REDIRECT] 
2026-02-06 10:43:51,728 [ERROR] LogOutputStream:75 - [STDERR_REDIRECT] [Fatal Error] :1:1: Premature end of file.
2026-02-06 10:43:51,728 [ERROR] LogOutputStream:75 - [STDERR_REDIRECT] 
2026-02-06 10:43:52,728 [ERROR] LogOutputStream:75 - [STDERR_REDIRECT] [Fatal Error] :1:1: Premature end of file.
2026-02-06 10:43:52,729 [ERROR] LogOutputStream:75 - [STDERR_REDIRECT] 
2026-02-06 10:43:53,726 [ERROR] LogOutputStream:75 - [STDERR_REDIRECT] [Fatal Error] :1:1: Premature end of file.
2026-02-06 10:43:53,727 [ERROR] LogOutputStream:75 - [STDERR_REDIRECT] 
2026-02-06 10:43:54,725 [ERROR] LogOutputStream:75 - [STDERR_REDIRECT] [Fatal Error] :1:1: Premature end of file.
2026-02-06 10:43:54,725 [ERROR] LogOutputStream:75 - [STDERR_REDIRECT] 
2026-02-06 10:43:55,723 [ERROR] LogOutputStream:75 - [STDERR_REDIRECT] [Fatal Error] :1:1: Premature end of file.
2026-02-06 10:43:55,723 [ERROR] LogOutputStream:75 - [STDERR_REDIRECT] 
2026-02-06 10:43:56,729 [ERROR] LogOutputStream:75 - [STDERR_REDIRECT] [Fatal Error] :1:1: Premature end of file.
2026-02-06 10:43:56,729 [ERROR] LogOutputStream:75 - [STDERR_REDIRECT] 
2026-02-06 10:43:57,725 [ERROR] LogOutputStream:75 - [STDERR_REDIRECT] [Fatal Error] :1:1: Premature end of file.
2026-02-06 10:43:57,725 [ERROR] LogOutputStream:75 - [STDERR_REDIRECT] 
2026-02-06 10:43:58,719 [ERROR] LogOutputStream:75 - [STDERR_REDIRECT] [Fatal Error] :1:1: Premature end of file.
2026-02-06 10:43:58,719 [ERROR] LogOutputStream:75 - [STDERR_REDIRECT] 
2026-02-06 10:43:59,721 [ERROR] LogOutputStream:75 - [STDERR_REDIRECT] [Fatal Error] :1:1: Premature end of file.
2026-02-06 10:43:59,721 [ERROR] LogOutputStream:75 - [STDERR_REDIRECT] 
2026-02-06 10:44:00,720 [ERROR] LogOutputStream:75 - [STDERR_REDIRECT] [Fatal Error] :1:1: Premature end of file.
2026-02-06 10:44:00,720 [ERROR] LogOutputStream:75 - [STDERR_REDIRECT] 
2026-02-06 10:44:01,728 [ERROR] LogOutputStream:75 - [STDERR_REDIRECT] [Fatal Error] :1:1: Premature end of file.
2026-02-06 10:44:01,728 [ERROR] LogOutputStream:75 - [STDERR_REDIRECT] 
2026-02-06 10:44:02,722 [ERROR] LogOutputStream:75 - [STDERR_REDIRECT] [Fatal Error] :1:1: Premature end of file.
2026-02-06 10:44:02,722 [ERROR] LogOutputStream:75 - [STDERR_REDIRECT] 
2026-02-06 10:44:03,718 [ERROR] LogOutputStream:75 - [STDERR_REDIRECT] [Fatal Error] :1:1: Premature end of file.
2026-02-06 10:44:03,718 [ERROR] LogOutputStream:75 - [STDERR_REDIRECT] 
2026-02-06 10:44:04,720 [ERROR] LogOutputStream:75 - [STDERR_REDIRECT] [Fatal Error] :1:1: Premature end of file.
2026-02-06 10:44:04,721 [ERROR] LogOutputStream:75 - [STDERR_REDIRECT] 
2026-02-06 10:44:05,719 [ERROR] LogOutputStream:75 - [STDERR_REDIRECT] [Fatal Error] :1:1: Premature end of file.
2026-02-06 10:44:05,719 [ERROR] LogOutputStream:75 - [STDERR_REDIRECT] 
2026-02-06 10:44:06,718 [ERROR] LogOutputStream:75 - [STDERR_REDIRECT] [Fatal Error] :1:1: Premature end of file.
2026-02-06 10:44:06,718 [ERROR] LogOutputStream:75 - [STDERR_REDIRECT] 
2026-02-06 10:44:07,727 [ERROR] LogOutputStream:75 - [STDERR_REDIRECT] [Fatal Error] :1:1: Premature end of file.
2026-02-06 10:44:07,728 [ERROR] LogOutputStream:75 - [STDERR_REDIRECT] 
2026-02-06 10:44:08,724 [ERROR] LogOutputStream:75 - [STDERR_REDIRECT] [Fatal Error] :1:1: Premature end of file.
2026-02-06 10:44:08,724 [ERROR] LogOutputStream:75 - [STDERR_REDIRECT] 
2026-02-06 10:44:09,728 [ERROR] LogOutputStream:75 - [STDERR_REDIRECT] [Fatal Error] :1:1: Premature end of file.
2026-02-06 10:44:09,728 [ERROR] LogOutputStream:75 - [STDERR_REDIRECT] 
2026-02-06 10:44:10,728 [ERROR] LogOutputStream:75 - [STDERR_REDIRECT] [Fatal Error] :1:1: Premature end of file.
2026-02-06 10:44:10,728 [ERROR] LogOutputStream:75 - [STDERR_REDIRECT] 
2026-02-06 10:44:11,728 [ERROR] LogOutputStream:75 - [STDERR_REDIRECT] [Fatal Error] :1:1: Premature end of file.
2026-02-06 10:44:11,728 [ERROR] LogOutputStream:75 - [STDERR_REDIRECT] 
2026-02-06 10:44:12,724 [ERROR] LogOutputStream:75 - [STDERR_REDIRECT] [Fatal Error] :1:1: Premature end of file.
2026-02-06 10:44:12,724 [ERROR] LogOutputStream:75 - [STDERR_REDIRECT] 
2026-02-06 10:44:13,729 [ERROR] LogOutputStream:75 - [STDERR_REDIRECT] [Fatal Error] :1:1: Premature end of file.
2026-02-06 10:44:13,729 [ERROR] LogOutputStream:75 - [STDERR_REDIRECT] 
2026-02-06 10:44:14,722 [ERROR] LogOutputStream:75 - [STDERR_REDIRECT] [Fatal Error] :1:1: Premature end of file.
2026-02-06 10:44:14,723 [ERROR] LogOutputStream:75 - [STDERR_REDIRECT] 
2026-02-06 10:44:15,721 [ERROR] LogOutputStream:75 - [STDERR_REDIRECT] [Fatal Error] :1:1: Premature end of file.
2026-02-06 10:44:15,721 [ERROR] LogOutputStream:75 - [STDERR_REDIRECT] 
2026-02-06 10:44:16,715 [ERROR] LogOutputStream:75 - [STDERR_REDIRECT] [Fatal Error] :1:1: Premature end of file.
2026-02-06 10:44:16,715 [ERROR] LogOutputStream:75 - [STDERR_REDIRECT] 
2026-02-06 10:44:17,730 [ERROR] LogOutputStream:75 - [STDERR_REDIRECT] [Fatal Error] :1:1: Premature end of file.
2026-02-06 10:44:17,730 [ERROR] LogOutputStream:75 - [STDERR_REDIRECT] 
2026-02-06 10:44:18,726 [ERROR] LogOutputStream:75 - [STDERR_REDIRECT] [Fatal Error] :1:1: Premature end of file.
2026-02-06 10:44:18,726 [ERROR] LogOutputStream:75 - [STDERR_REDIRECT] 
2026-02-06 10:44:19,718 [ERROR] LogOutputStream:75 - [STDERR_REDIRECT] [Fatal Error] :1:1: Premature end of file.
2026-02-06 10:44:19,718 [ERROR] LogOutputStream:75 - [STDERR_REDIRECT] 
2026-02-06 10:44:20,722 [ERROR] LogOutputStream:75 - [STDERR_REDIRECT] [Fatal Error] :1:1: Premature end of file.
2026-02-06 10:44:20,722 [ERROR] LogOutputStream:75 - [STDERR_REDIRECT] 
2026-02-06 10:44:21,722 [ERROR] LogOutputStream:75 - [STDERR_REDIRECT] [Fatal Error] :1:1: Premature end of file.
2026-02-06 10:44:21,722 [ERROR] LogOutputStream:75 - [STDERR_REDIRECT] 
2026-02-06 10:44:22,730 [ERROR] LogOutputStream:75 - [STDERR_REDIRECT] [Fatal Error] :1:1: Premature end of file.
2026-02-06 10:44:22,730 [ERROR] LogOutputStream:75 - [STDERR_REDIRECT] 
2026-02-06 10:44:23,721 [ERROR] LogOutputStream:75 - [STDERR_REDIRECT] [Fatal Error] :1:1: Premature end of file.
2026-02-06 10:44:23,721 [ERROR] LogOutputStream:75 - [STDERR_REDIRECT] 
2026-02-06 10:44:24,724 [ERROR] LogOutputStream:75 - [STDERR_REDIRECT] [Fatal Error] :1:1: Premature end of file.
2026-02-06 10:44:24,724 [ERROR] LogOutputStream:75 - [STDERR_REDIRECT] 
2026-02-06 10:44:25,718 [ERROR] LogOutputStream:75 - [STDERR_REDIRECT] [Fatal Error] :1:1: Premature end of file.
2026-02-06 10:44:25,719 [ERROR] LogOutputStream:75 - [STDERR_REDIRECT] 
2026-02-06 10:44:26,726 [ERROR] LogOutputStream:75 - [STDERR_REDIRECT] [Fatal Error] :1:1: Premature end of file.
2026-02-06 10:44:26,727 [ERROR] LogOutputStream:75 - [STDERR_REDIRECT] 
2026-02-06 10:44:27,723 [ERROR] LogOutputStream:75 - [STDERR_REDIRECT] [Fatal Error] :1:1: Premature end of file.
2026-02-06 10:44:27,724 [ERROR] LogOutputStream:75 - [STDERR_REDIRECT] 
2026-02-06 10:44:28,726 [ERROR] LogOutputStream:75 - [STDERR_REDIRECT] [Fatal Error] :1:1: Premature end of file.
2026-02-06 10:44:28,726 [ERROR] LogOutputStream:75 - [STDERR_REDIRECT] 
2026-02-06 10:44:29,722 [ERROR] LogOutputStream:75 - [STDERR_REDIRECT] [Fatal Error] :1:1: Premature end of file.
2026-02-06 10:44:29,723 [ERROR] LogOutputStream:75 - [STDERR_REDIRECT] 
2026-02-06 10:44:30,725 [ERROR] LogOutputStream:75 - [STDERR_REDIRECT] [Fatal Error] :1:1: Premature end of file.
2026-02-06 10:44:30,725 [ERROR] LogOutputStream:75 - [STDERR_REDIRECT] 
2026-02-06 10:44:31,728 [ERROR] LogOutputStream:75 - [STDERR_REDIRECT] [Fatal Error] :1:1: Premature end of file.
2026-02-06 10:44:31,728 [ERROR] LogOutputStream:75 - [STDERR_REDIRECT] 
2026-02-06 10:44:32,725 [ERROR] LogOutputStream:75 - [STDERR_REDIRECT] [Fatal Error] :1:1: Premature end of file.
2026-02-06 10:44:32,726 [ERROR] LogOutputStream:75 - [STDERR_REDIRECT] 
2026-02-06 10:44:33,725 [ERROR] LogOutputStream:75 - [STDERR_REDIRECT] [Fatal Error] :1:1: Premature end of file.
2026-02-06 10:44:33,725 [ERROR] LogOutputStream:75 - [STDERR_REDIRECT] 
2026-02-06 10:44:34,721 [ERROR] LogOutputStream:75 - [STDERR_REDIRECT] [Fatal Error] :1:1: Premature end of file.
2026-02-06 10:44:34,721 [ERROR] LogOutputStream:75 - [STDERR_REDIRECT] 
2026-02-06 10:44:35,722 [ERROR] LogOutputStream:75 - [STDERR_REDIRECT] [Fatal Error] :1:1: Premature end of file.
2026-02-06 10:44:35,722 [ERROR] LogOutputStream:75 - [STDERR_REDIRECT] 
2026-02-06 10:44:36,727 [ERROR] LogOutputStream:75 - [STDERR_REDIRECT] [Fatal Error] :1:1: Premature end of file.
2026-02-06 10:44:36,727 [ERROR] LogOutputStream:75 - [STDERR_REDIRECT] 
2026-02-06 10:44:37,732 [ERROR] LogOutputStream:75 - [STDERR_REDIRECT] [Fatal Error] :1:1: Premature end of file.
2026-02-06 10:44:37,733 [ERROR] LogOutputStream:75 - [STDERR_REDIRECT] 
2026-02-06 10:44:38,727 [ERROR] LogOutputStream:75 - [STDERR_REDIRECT] [Fatal Error] :1:1: Premature end of file.
2026-02-06 10:44:38,727 [ERROR] LogOutputStream:75 - [STDERR_REDIRECT] 
2026-02-06 10:44:39,724 [ERROR] LogOutputStream:75 - [STDERR_REDIRECT] [Fatal Error] :1:1: Premature end of file.
2026-02-06 10:44:39,724 [ERROR] LogOutputStream:75 - [STDERR_REDIRECT] 
2026-02-06 10:44:40,725 [ERROR] LogOutputStream:75 - [STDERR_REDIRECT] [Fatal Error] :1:1: Premature end of file.
2026-02-06 10:44:40,725 [ERROR] LogOutputStream:75 - [STDERR_REDIRECT] 
2026-02-06 10:44:41,724 [ERROR] LogOutputStream:75 - [STDERR_REDIRECT] [Fatal Error] :1:1: Premature end of file.
2026-02-06 10:44:41,724 [ERROR] LogOutputStream:75 - [STDERR_REDIRECT] 
2026-02-06 10:44:42,720 [ERROR] LogOutputStream:75 - [STDERR_REDIRECT] [Fatal Error] :1:1: Premature end of file.
2026-02-06 10:44:42,721 [ERROR] LogOutputStream:75 - [STDERR_REDIRECT] 
2026-02-06 10:44:43,723 [ERROR] LogOutputStream:75 - [STDERR_REDIRECT] [Fatal Error] :1:1: Premature end of file.
2026-02-06 10:44:43,724 [ERROR] LogOutputStream:75 - [STDERR_REDIRECT] 
2026-02-06 10:44:44,713 [ERROR] LogOutputStream:75 - [STDERR_REDIRECT] [Fatal Error] :1:1: Premature end of file.
2026-02-06 10:44:44,714 [ERROR] LogOutputStream:75 - [STDERR_REDIRECT] 
2026-02-06 10:44:45,725 [ERROR] LogOutputStream:75 - [STDERR_REDIRECT] [Fatal Error] :1:1: Premature end of file.
2026-02-06 10:44:45,725 [ERROR] LogOutputStream:75 - [STDERR_REDIRECT] 
2026-02-06 10:44:46,724 [ERROR] LogOutputStream:75 - [STDERR_REDIRECT] [Fatal Error] :1:1: Premature end of file.
2026-02-06 10:44:46,724 [ERROR] LogOutputStream:75 - [STDERR_REDIRECT] 
2026-02-06 10:44:47,726 [ERROR] LogOutputStream:75 - [STDERR_REDIRECT] [Fatal Error] :1:1: Premature end of file.
2026-02-06 10:44:47,726 [ERROR] LogOutputStream:75 - [STDERR_REDIRECT] 
2026-02-06 10:44:48,723 [ERROR] LogOutputStream:75 - [STDERR_REDIRECT] [Fatal Error] :1:1: Premature end of file.
2026-02-06 10:44:48,724 [ERROR] LogOutputStream:75 - [STDERR_REDIRECT] 
2026-02-06 10:44:49,722 [ERROR] LogOutputStream:75 - [STDERR_REDIRECT] [Fatal Error] :1:1: Premature end of file.
2026-02-06 10:44:49,722 [ERROR] LogOutputStream:75 - [STDERR_REDIRECT] 
2026-02-06 10:44:50,723 [ERROR] LogOutputStream:75 - [STDERR_REDIRECT] [Fatal Error] :1:1: Premature end of file.
2026-02-06 10:44:50,723 [ERROR] LogOutputStream:75 - [STDERR_REDIRECT] 
2026-02-06 10:44:51,723 [ERROR] LogOutputStream:75 - [STDERR_REDIRECT] [Fatal Error] :1:1: Premature end of file.
2026-02-06 10:44:51,723 [ERROR] LogOutputStream:75 - [STDERR_REDIRECT] 
2026-02-06 10:44:52,726 [ERROR] LogOutputStream:75 - [STDERR_REDIRECT] [Fatal Error] :1:1: Premature end of file.
2026-02-06 10:44:52,726 [ERROR] LogOutputStream:75 - [STDERR_REDIRECT] 
2026-02-06 10:44:53,724 [ERROR] LogOutputStream:75 - [STDERR_REDIRECT] [Fatal Error] :1:1: Premature end of file.
2026-02-06 10:44:53,725 [ERROR] LogOutputStream:75 - [STDERR_REDIRECT] 
2026-02-06 10:44:54,726 [ERROR] LogOutputStream:75 - [STDERR_REDIRECT] [Fatal Error] :1:1: Premature end of file.
2026-02-06 10:44:54,726 [ERROR] LogOutputStream:75 - [STDERR_REDIRECT] 
2026-02-06 10:44:55,723 [ERROR] LogOutputStream:75 - [STDERR_REDIRECT] [Fatal Error] :1:1: Premature end of file.
2026-02-06 10:44:55,724 [ERROR] LogOutputStream:75 - [STDERR_REDIRECT] 
2026-02-06 10:44:56,721 [ERROR] LogOutputStream:75 - [STDERR_REDIRECT] [Fatal Error] :1:1: Premature end of file.
2026-02-06 10:44:56,721 [ERROR] LogOutputStream:75 - [STDERR_REDIRECT] 
2026-02-06 10:44:57,724 [ERROR] LogOutputStream:75 - [STDERR_REDIRECT] [Fatal Error] :1:1: Premature end of file.
2026-02-06 10:44:57,724 [ERROR] LogOutputStream:75 - [STDERR_REDIRECT] 
2026-02-06 10:44:58,721 [ERROR] LogOutputStream:75 - [STDERR_REDIRECT] [Fatal Error] :1:1: Premature end of file.
2026-02-06 10:44:58,721 [ERROR] LogOutputStream:75 - [STDERR_REDIRECT] 
2026-02-06 10:44:59,724 [ERROR] LogOutputStream:75 - [STDERR_REDIRECT] [Fatal Error] :1:1: Premature end of file.
2026-02-06 10:44:59,724 [ERROR] LogOutputStream:75 - [STDERR_REDIRECT] 
2026-02-06 10:45:00,728 [ERROR] LogOutputStream:75 - [STDERR_REDIRECT] [Fatal Error] :1:1: Premature end of file.
2026-02-06 10:45:00,728 [ERROR] LogOutputStream:75 - [STDERR_REDIRECT] 
2026-02-06 10:45:01,728 [ERROR] LogOutputStream:75 - [STDERR_REDIRECT] [Fatal Error] :1:1: Premature end of file.
2026-02-06 10:45:01,728 [ERROR] LogOutputStream:75 - [STDERR_REDIRECT] 
2026-02-06 10:45:02,728 [ERROR] LogOutputStream:75 - [STDERR_REDIRECT] [Fatal Error] :1:1: Premature end of file.
2026-02-06 10:45:02,728 [ERROR] LogOutputStream:75 - [STDERR_REDIRECT] 
2026-02-06 10:45:03,719 [ERROR] LogOutputStream:75 - [STDERR_REDIRECT] [Fatal Error] :1:1: Premature end of file.
2026-02-06 10:45:03,719 [ERROR] LogOutputStream:75 - [STDERR_REDIRECT] 
2026-02-06 10:45:04,729 [ERROR] LogOutputStream:75 - [STDERR_REDIRECT] [Fatal Error] :1:1: Premature end of file.
2026-02-06 10:45:04,729 [ERROR] LogOutputStream:75 - [STDERR_REDIRECT] 
2026-02-06 10:45:05,725 [ERROR] LogOutputStream:75 - [STDERR_REDIRECT] [Fatal Error] :1:1: Premature end of file.
2026-02-06 10:45:05,725 [ERROR] LogOutputStream:75 - [STDERR_REDIRECT] 
2026-02-06 10:45:06,728 [ERROR] LogOutputStream:75 - [STDERR_REDIRECT] [Fatal Error] :1:1: Premature end of file.
2026-02-06 10:45:06,728 [ERROR] LogOutputStream:75 - [STDERR_REDIRECT] 
2026-02-06 10:45:07,726 [ERROR] LogOutputStream:75 - [STDERR_REDIRECT] [Fatal Error] :1:1: Premature end of file.
2026-02-06 10:45:07,726 [ERROR] LogOutputStream:75 - [STDERR_REDIRECT] 
2026-02-06 10:45:08,730 [ERROR] LogOutputStream:75 - [STDERR_REDIRECT] [Fatal Error] :1:1: Premature end of file.
2026-02-06 10:45:08,730 [ERROR] LogOutputStream:75 - [STDERR_REDIRECT] 
2026-02-06 10:45:09,727 [ERROR] LogOutputStream:75 - [STDERR_REDIRECT] [Fatal Error] :1:1: Premature end of file.
2026-02-06 10:45:09,727 [ERROR] LogOutputStream:75 - [STDERR_REDIRECT] 
2026-02-06 10:45:10,718 [ERROR] LogOutputStream:75 - [STDERR_REDIRECT] [Fatal Error] :1:1: Premature end of file.
2026-02-06 10:45:10,719 [ERROR] LogOutputStream:75 - [STDERR_REDIRECT] 
2026-02-06 10:45:11,723 [ERROR] LogOutputStream:75 - [STDERR_REDIRECT] [Fatal Error] :1:1: Premature end of file.
2026-02-06 10:45:11,723 [ERROR] LogOutputStream:75 - [STDERR_REDIRECT] 
2026-02-06 10:45:12,718 [ERROR] LogOutputStream:75 - [STDERR_REDIRECT] [Fatal Error] :1:1: Premature end of file.
2026-02-06 10:45:12,718 [ERROR] LogOutputStream:75 - [STDERR_REDIRECT] 
2026-02-06 10:45:13,722 [ERROR] LogOutputStream:75 - [STDERR_REDIRECT] [Fatal Error] :1:1: Premature end of file.
2026-02-06 10:45:13,722 [ERROR] LogOutputStream:75 - [STDERR_REDIRECT] 
2026-02-06 10:45:14,719 [ERROR] LogOutputStream:75 - [STDERR_REDIRECT] [Fatal Error] :1:1: Premature end of file.
2026-02-06 10:45:14,719 [ERROR] LogOutputStream:75 - [STDERR_REDIRECT] 
2026-02-06 10:45:15,722 [ERROR] LogOutputStream:75 - [STDERR_REDIRECT] [Fatal Error] :1:1: Premature end of file.
2026-02-06 10:45:15,722 [ERROR] LogOutputStream:75 - [STDERR_REDIRECT] 
2026-02-06 10:45:16,724 [ERROR] LogOutputStream:75 - [STDERR_REDIRECT] [Fatal Error] :1:1: Premature end of file.
2026-02-06 10:45:16,724 [ERROR] LogOutputStream:75 - [STDERR_REDIRECT] 
2026-02-06 10:45:17,728 [ERROR] LogOutputStream:75 - [STDERR_REDIRECT] [Fatal Error] :1:1: Premature end of file.
2026-02-06 10:45:17,729 [ERROR] LogOutputStream:75 - [STDERR_REDIRECT] 
2026-02-06 10:45:18,727 [ERROR] LogOutputStream:75 - [STDERR_REDIRECT] [Fatal Error] :1:1: Premature end of file.
2026-02-06 10:45:18,728 [ERROR] LogOutputStream:75 - [STDERR_REDIRECT] 
2026-02-06 10:45:19,719 [ERROR] LogOutputStream:75 - [STDERR_REDIRECT] [Fatal Error] :1:1: Premature end of file.
2026-02-06 10:45:19,719 [ERROR] LogOutputStream:75 - [STDERR_REDIRECT] 
2026-02-06 10:45:20,724 [ERROR] LogOutputStream:75 - [STDERR_REDIRECT] [Fatal Error] :1:1: Premature end of file.
2026-02-06 10:45:20,724 [ERROR] LogOutputStream:75 - [STDERR_REDIRECT] 
2026-02-06 10:45:21,719 [ERROR] LogOutputStream:75 - [STDERR_REDIRECT] [Fatal Error] :1:1: Premature end of file.
2026-02-06 10:45:21,719 [ERROR] LogOutputStream:75 - [STDERR_REDIRECT] 
2026-02-06 10:45:22,727 [ERROR] LogOutputStream:75 - [STDERR_REDIRECT] [Fatal Error] :1:1: Premature end of file.
2026-02-06 10:45:22,727 [ERROR] LogOutputStream:75 - [STDERR_REDIRECT] 
2026-02-06 10:45:23,726 [ERROR] LogOutputStream:75 - [STDERR_REDIRECT] [Fatal Error] :1:1: Premature end of file.
2026-02-06 10:45:23,726 [ERROR] LogOutputStream:75 - [STDERR_REDIRECT] 
2026-02-06 10:45:24,729 [ERROR] LogOutputStream:75 - [STDERR_REDIRECT] [Fatal Error] :1:1: Premature end of file.
2026-02-06 10:45:24,729 [ERROR] LogOutputStream:75 - [STDERR_REDIRECT] 
2026-02-06 10:45:25,719 [ERROR] LogOutputStream:75 - [STDERR_REDIRECT] [Fatal Error] :1:1: Premature end of file.
2026-02-06 10:45:25,720 [ERROR] LogOutputStream:75 - [STDERR_REDIRECT] 
2026-02-06 10:45:26,722 [ERROR] LogOutputStream:75 - [STDERR_REDIRECT] [Fatal Error] :1:1: Premature end of file.
2026-02-06 10:45:26,722 [ERROR] LogOutputStream:75 - [STDERR_REDIRECT] 
2026-02-06 10:45:27,729 [ERROR] LogOutputStream:75 - [STDERR_REDIRECT] [Fatal Error] :1:1: Premature end of file.
2026-02-06 10:45:27,729 [ERROR] LogOutputStream:75 - [STDERR_REDIRECT] 
2026-02-06 10:45:28,726 [ERROR] LogOutputStream:75 - [STDERR_REDIRECT] [Fatal Error] :1:1: Premature end of file.
2026-02-06 10:45:28,727 [ERROR] LogOutputStream:75 - [STDERR_REDIRECT] 
2026-02-06 10:45:29,724 [ERROR] LogOutputStream:75 - [STDERR_REDIRECT] [Fatal Error] :1:1: Premature end of file.
2026-02-06 10:45:29,724 [ERROR] LogOutputStream:75 - [STDERR_REDIRECT] 
2026-02-06 10:45:30,735 [ERROR] LogOutputStream:75 - [STDERR_REDIRECT] [Fatal Error] :1:1: Premature end of file.
2026-02-06 10:45:30,735 [ERROR] LogOutputStream:75 - [STDERR_REDIRECT] 
2026-02-06 10:45:31,711 [ERROR] LogOutputStream:75 - [STDERR_REDIRECT] [Fatal Error] :1:1: Premature end of file.
2026-02-06 10:45:31,711 [ERROR] LogOutputStream:75 - [STDERR_REDIRECT] 
2026-02-06 10:45:32,696 [ERROR] LogOutputStream:75 - [STDERR_REDIRECT] [Fatal Error] :1:1: Premature end of file.
2026-02-06 10:45:32,696 [ERROR] LogOutputStream:75 - [STDERR_REDIRECT] 
2026-02-06 10:45:33,700 [ERROR] LogOutputStream:75 - [STDERR_REDIRECT] [Fatal Error] :1:1: Premature end of file.
2026-02-06 10:45:33,700 [ERROR] LogOutputStream:75 - [STDERR_REDIRECT] 
2026-02-06 10:45:34,749 [ERROR] LogOutputStream:75 - [STDERR_REDIRECT] [Fatal Error] :1:1: Premature end of file.
2026-02-06 10:45:34,749 [ERROR] LogOutputStream:75 - [STDERR_REDIRECT] 
2026-02-06 10:45:35,714 [ERROR] LogOutputStream:75 - [STDERR_REDIRECT] [Fatal Error] :1:1: Premature end of file.
2026-02-06 10:45:35,714 [ERROR] LogOutputStream:75 - [STDERR_REDIRECT] 
2026-02-06 10:45:36,706 [ERROR] LogOutputStream:75 - [STDERR_REDIRECT] [Fatal Error] :1:1: Premature end of file.
2026-02-06 10:45:36,706 [ERROR] LogOutputStream:75 - [STDERR_REDIRECT] 
2026-02-06 10:45:37,747 [ERROR] LogOutputStream:75 - [STDERR_REDIRECT] [Fatal Error] :1:1: Premature end of file.
2026-02-06 10:45:37,748 [ERROR] LogOutputStream:75 - [STDERR_REDIRECT] 
2026-02-06 10:45:38,727 [ERROR] LogOutputStream:75 - [STDERR_REDIRECT] [Fatal Error] :1:1: Premature end of file.
2026-02-06 10:45:38,727 [ERROR] LogOutputStream:75 - [STDERR_REDIRECT] 
2026-02-06 10:45:39,733 [ERROR] LogOutputStream:75 - [STDERR_REDIRECT] [Fatal Error] :1:1: Premature end of file.
2026-02-06 10:45:39,733 [ERROR] LogOutputStream:75 - [STDERR_REDIRECT] 
2026-02-06 10:45:40,715 [ERROR] LogOutputStream:75 - [STDERR_REDIRECT] [Fatal Error] :1:1: Premature end of file.
2026-02-06 10:45:40,715 [ERROR] LogOutputStream:75 - [STDERR_REDIRECT] 
2026-02-06 10:45:41,721 [ERROR] LogOutputStream:75 - [STDERR_REDIRECT] [Fatal Error] :1:1: Premature end of file.
2026-02-06 10:45:41,721 [ERROR] LogOutputStream:75 - [STDERR_REDIRECT] 
2026-02-06 10:45:42,735 [ERROR] LogOutputStream:75 - [STDERR_REDIRECT] [Fatal Error] :1:1: Premature end of file.
2026-02-06 10:45:42,736 [ERROR] LogOutputStream:75 - [STDERR_REDIRECT] 
2026-02-06 10:45:43,721 [ERROR] LogOutputStream:75 - [STDERR_REDIRECT] [Fatal Error] :1:1: Premature end of file.
2026-02-06 10:45:43,721 [ERROR] LogOutputStream:75 - [STDERR_REDIRECT] 
2026-02-06 10:45:44,733 [ERROR] LogOutputStream:75 - [STDERR_REDIRECT] [Fatal Error] :1:1: Premature end of file.
2026-02-06 10:45:44,734 [ERROR] LogOutputStream:75 - [STDERR_REDIRECT] 
2026-02-06 10:45:45,740 [ERROR] LogOutputStream:75 - [STDERR_REDIRECT] [Fatal Error] :1:1: Premature end of file.
2026-02-06 10:45:45,740 [ERROR] LogOutputStream:75 - [STDERR_REDIRECT] 
2026-02-06 10:45:46,736 [ERROR] LogOutputStream:75 - [STDERR_REDIRECT] [Fatal Error] :1:1: Premature end of file.
2026-02-06 10:45:46,736 [ERROR] LogOutputStream:75 - [STDERR_REDIRECT] 
2026-02-06 10:45:47,705 [ERROR] LogOutputStream:75 - [STDERR_REDIRECT] [Fatal Error] :1:1: Premature end of file.
2026-02-06 10:45:47,706 [ERROR] LogOutputStream:75 - [STDERR_REDIRECT] 
2026-02-06 10:45:48,721 [ERROR] LogOutputStream:75 - [STDERR_REDIRECT] [Fatal Error] :1:1: Premature end of file.
2026-02-06 10:45:48,722 [ERROR] LogOutputStream:75 - [STDERR_REDIRECT] 
2026-02-06 10:45:49,732 [ERROR] LogOutputStream:75 - [STDERR_REDIRECT] [Fatal Error] :1:1: Premature end of file.
2026-02-06 10:45:49,732 [ERROR] LogOutputStream:75 - [STDERR_REDIRECT] 
2026-02-06 10:45:50,723 [ERROR] LogOutputStream:75 - [STDERR_REDIRECT] [Fatal Error] :1:1: Premature end of file.
2026-02-06 10:45:50,723 [ERROR] LogOutputStream:75 - [STDERR_REDIRECT] 
2026-02-06 10:45:51,720 [ERROR] LogOutputStream:75 - [STDERR_REDIRECT] [Fatal Error] :1:1: Premature end of file.
2026-02-06 10:45:51,721 [ERROR] LogOutputStream:75 - [STDERR_REDIRECT] 
2026-02-06 10:45:52,724 [ERROR] LogOutputStream:75 - [STDERR_REDIRECT] [Fatal Error] :1:1: Premature end of file.
2026-02-06 10:45:52,725 [ERROR] LogOutputStream:75 - [STDERR_REDIRECT] 
2026-02-06 10:45:53,731 [ERROR] LogOutputStream:75 - [STDERR_REDIRECT] [Fatal Error] :1:1: Premature end of file.
2026-02-06 10:45:53,731 [ERROR] LogOutputStream:75 - [STDERR_REDIRECT] 
2026-02-06 10:45:54,733 [ERROR] LogOutputStream:75 - [STDERR_REDIRECT] [Fatal Error] :1:1: Premature end of file.
2026-02-06 10:45:54,733 [ERROR] LogOutputStream:75 - [STDERR_REDIRECT] 
2026-02-06 10:45:55,729 [ERROR] LogOutputStream:75 - [STDERR_REDIRECT] [Fatal Error] :1:1: Premature end of file.
2026-02-06 10:45:55,729 [ERROR] LogOutputStream:75 - [STDERR_REDIRECT] 
2026-02-06 10:45:56,732 [ERROR] LogOutputStream:75 - [STDERR_REDIRECT] [Fatal Error] :1:1: Premature end of file.
2026-02-06 10:45:56,733 [ERROR] LogOutputStream:75 - [STDERR_REDIRECT] 
2026-02-06 10:45:57,726 [ERROR] LogOutputStream:75 - [STDERR_REDIRECT] [Fatal Error] :1:1: Premature end of file.
2026-02-06 10:45:57,726 [ERROR] LogOutputStream:75 - [STDERR_REDIRECT] 
2026-02-06 10:45:58,735 [ERROR] LogOutputStream:75 - [STDERR_REDIRECT] [Fatal Error] :1:1: Premature end of file.
2026-02-06 10:45:58,736 [ERROR] LogOutputStream:75 - [STDERR_REDIRECT] 
2026-02-06 10:45:59,731 [ERROR] LogOutputStream:75 - [STDERR_REDIRECT] [Fatal Error] :1:1: Premature end of file.
2026-02-06 10:45:59,732 [ERROR] LogOutputStream:75 - [STDERR_REDIRECT] 
2026-02-06 10:46:00,697 [ERROR] LogOutputStream:75 - [STDERR_REDIRECT] [Fatal Error] :1:1: Premature end of file.
2026-02-06 10:46:00,699 [ERROR] LogOutputStream:75 - [STDERR_REDIRECT] 
2026-02-06 10:46:01,708 [ERROR] LogOutputStream:75 - [STDERR_REDIRECT] [Fatal Error] :1:1: Premature end of file.
2026-02-06 10:46:01,708 [ERROR] LogOutputStream:75 - [STDERR_REDIRECT] 
2026-02-06 10:46:02,727 [ERROR] LogOutputStream:75 - [STDERR_REDIRECT] [Fatal Error] :1:1: Premature end of file.
2026-02-06 10:46:02,728 [ERROR] LogOutputStream:75 - [STDERR_REDIRECT] 
2026-02-06 10:46:03,726 [ERROR] LogOutputStream:75 - [STDERR_REDIRECT] [Fatal Error] :1:1: Premature end of file.
2026-02-06 10:46:03,727 [ERROR] LogOutputStream:75 - [STDERR_REDIRECT] 
2026-02-06 10:46:04,726 [ERROR] LogOutputStream:75 - [STDERR_REDIRECT] [Fatal Error] :1:1: Premature end of file.
2026-02-06 10:46:04,726 [ERROR] LogOutputStream:75 - [STDERR_REDIRECT] 
2026-02-06 10:46:05,717 [ERROR] LogOutputStream:75 - [STDERR_REDIRECT] [Fatal Error] :1:1: Premature end of file.
2026-02-06 10:46:05,718 [ERROR] LogOutputStream:75 - [STDERR_REDIRECT] 
2026-02-06 10:46:06,725 [ERROR] LogOutputStream:75 - [STDERR_REDIRECT] [Fatal Error] :1:1: Premature end of file.
2026-02-06 10:46:06,725 [ERROR] LogOutputStream:75 - [STDERR_REDIRECT] 
2026-02-06 10:46:07,726 [ERROR] LogOutputStream:75 - [STDERR_REDIRECT] [Fatal Error] :1:1: Premature end of file.
2026-02-06 10:46:07,727 [ERROR] LogOutputStream:75 - [STDERR_REDIRECT] 
2026-02-06 10:46:08,729 [ERROR] LogOutputStream:75 - [STDERR_REDIRECT] [Fatal Error] :1:1: Premature end of file.
2026-02-06 10:46:08,729 [ERROR] LogOutputStream:75 - [STDERR_REDIRECT] 
2026-02-06 10:46:09,728 [ERROR] LogOutputStream:75 - [STDERR_REDIRECT] [Fatal Error] :1:1: Premature end of file.
2026-02-06 10:46:09,729 [ERROR] LogOutputStream:75 - [STDERR_REDIRECT] 
2026-02-06 10:46:10,729 [ERROR] LogOutputStream:75 - [STDERR_REDIRECT] [Fatal Error] :1:1: Premature end of file.
2026-02-06 10:46:10,730 [ERROR] LogOutputStream:75 - [STDERR_REDIRECT] 
2026-02-06 10:46:11,724 [ERROR] LogOutputStream:75 - [STDERR_REDIRECT] [Fatal Error] :1:1: Premature end of file.
2026-02-06 10:46:11,724 [ERROR] LogOutputStream:75 - [STDERR_REDIRECT] 
2026-02-06 10:46:12,726 [ERROR] LogOutputStream:75 - [STDERR_REDIRECT] [Fatal Error] :1:1: Premature end of file.
2026-02-06 10:46:12,727 [ERROR] LogOutputStream:75 - [STDERR_REDIRECT] 
2026-02-06 10:46:13,733 [ERROR] LogOutputStream:75 - [STDERR_REDIRECT] [Fatal Error] :1:1: Premature end of file.
2026-02-06 10:46:13,733 [ERROR] LogOutputStream:75 - [STDERR_REDIRECT] 
2026-02-06 10:46:14,734 [ERROR] LogOutputStream:75 - [STDERR_REDIRECT] [Fatal Error] :1:1: Premature end of file.
2026-02-06 10:46:14,735 [ERROR] LogOutputStream:75 - [STDERR_REDIRECT] 
2026-02-06 10:46:15,719 [ERROR] LogOutputStream:75 - [STDERR_REDIRECT] [Fatal Error] :1:1: Premature end of file.
2026-02-06 10:46:15,719 [ERROR] LogOutputStream:75 - [STDERR_REDIRECT] 
2026-02-06 10:46:16,732 [ERROR] LogOutputStream:75 - [STDERR_REDIRECT] [Fatal Error] :1:1: Premature end of file.
2026-02-06 10:46:16,732 [ERROR] LogOutputStream:75 - [STDERR_REDIRECT] 
2026-02-06 10:46:17,732 [ERROR] LogOutputStream:75 - [STDERR_REDIRECT] [Fatal Error] :1:1: Premature end of file.
2026-02-06 10:46:17,732 [ERROR] LogOutputStream:75 - [STDERR_REDIRECT] 
2026-02-06 10:46:18,745 [ERROR] LogOutputStream:75 - [STDERR_REDIRECT] [Fatal Error] :1:1: Premature end of file.
2026-02-06 10:46:18,745 [ERROR] LogOutputStream:75 - [STDERR_REDIRECT] 
2026-02-06 10:46:19,741 [ERROR] LogOutputStream:75 - [STDERR_REDIRECT] [Fatal Error] :1:1: Premature end of file.
2026-02-06 10:46:19,741 [ERROR] LogOutputStream:75 - [STDERR_REDIRECT] 
2026-02-06 10:46:20,748 [ERROR] LogOutputStream:75 - [STDERR_REDIRECT] [Fatal Error] :1:1: Premature end of file.
2026-02-06 10:46:20,749 [ERROR] LogOutputStream:75 - [STDERR_REDIRECT] 
2026-02-06 10:46:21,709 [ERROR] LogOutputStream:75 - [STDERR_REDIRECT] [Fatal Error] :1:1: Premature end of file.
2026-02-06 10:46:21,709 [ERROR] LogOutputStream:75 - [STDERR_REDIRECT] 
2026-02-06 10:46:22,706 [ERROR] LogOutputStream:75 - [STDERR_REDIRECT] [Fatal Error] :1:1: Premature end of file.
2026-02-06 10:46:22,706 [ERROR] LogOutputStream:75 - [STDERR_REDIRECT] 
2026-02-06 10:46:23,743 [ERROR] LogOutputStream:75 - [STDERR_REDIRECT] [Fatal Error] :1:1: Premature end of file.
2026-02-06 10:46:23,743 [ERROR] LogOutputStream:75 - [STDERR_REDIRECT] 
2026-02-06 10:46:24,732 [ERROR] LogOutputStream:75 - [STDERR_REDIRECT] [Fatal Error] :1:1: Premature end of file.
2026-02-06 10:46:24,732 [ERROR] LogOutputStream:75 - [STDERR_REDIRECT] 
2026-02-06 10:46:26,018 [ERROR] LogOutputStream:75 - [STDERR_REDIRECT] [Fatal Error] :1:1: Premature end of file.
2026-02-06 10:46:26,018 [ERROR] LogOutputStream:75 - [STDERR_REDIRECT] 
2026-02-06 10:46:26,734 [ERROR] LogOutputStream:75 - [STDERR_REDIRECT] [Fatal Error] :1:1: Premature end of file.
2026-02-06 10:46:26,735 [ERROR] LogOutputStream:75 - [STDERR_REDIRECT] 
2026-02-06 10:46:27,731 [ERROR] LogOutputStream:75 - [STDERR_REDIRECT] [Fatal Error] :1:1: Premature end of file.
2026-02-06 10:46:27,731 [ERROR] LogOutputStream:75 - [STDERR_REDIRECT] 
2026-02-06 10:46:28,730 [ERROR] LogOutputStream:75 - [STDERR_REDIRECT] [Fatal Error] :1:1: Premature end of file.
2026-02-06 10:46:28,730 [ERROR] LogOutputStream:75 - [STDERR_REDIRECT] 
2026-02-06 10:46:29,737 [ERROR] LogOutputStream:75 - [STDERR_REDIRECT] [Fatal Error] :1:1: Premature end of file.
2026-02-06 10:46:29,737 [ERROR] LogOutputStream:75 - [STDERR_REDIRECT] 
2026-02-06 10:46:30,707 [ERROR] LogOutputStream:75 - [STDERR_REDIRECT] [Fatal Error] :1:1: Premature end of file.
2026-02-06 10:46:30,708 [ERROR] LogOutputStream:75 - [STDERR_REDIRECT] 
2026-02-06 10:46:31,729 [ERROR] LogOutputStream:75 - [STDERR_REDIRECT] [Fatal Error] :1:1: Premature end of file.
2026-02-06 10:46:31,729 [ERROR] LogOutputStream:75 - [STDERR_REDIRECT] 
2026-02-06 10:46:32,705 [ERROR] LogOutputStream:75 - [STDERR_REDIRECT] [Fatal Error] :1:1: Premature end of file.
2026-02-06 10:46:32,705 [ERROR] LogOutputStream:75 - [STDERR_REDIRECT] 
2026-02-06 10:46:33,732 [ERROR] LogOutputStream:75 - [STDERR_REDIRECT] [Fatal Error] :1:1: Premature end of file.
2026-02-06 10:46:33,732 [ERROR] LogOutputStream:75 - [STDERR_REDIRECT] 
2026-02-06 10:46:34,725 [ERROR] LogOutputStream:75 - [STDERR_REDIRECT] [Fatal Error] :1:1: Premature end of file.
2026-02-06 10:46:34,726 [ERROR] LogOutputStream:75 - [STDERR_REDIRECT] 
2026-02-06 10:46:35,724 [ERROR] LogOutputStream:75 - [STDERR_REDIRECT] [Fatal Error] :1:1: Premature end of file.
2026-02-06 10:46:35,724 [ERROR] LogOutputStream:75 - [STDERR_REDIRECT] 
2026-02-06 10:46:36,718 [ERROR] LogOutputStream:75 - [STDERR_REDIRECT] [Fatal Error] :1:1: Premature end of file.
2026-02-06 10:46:36,719 [ERROR] LogOutputStream:75 - [STDERR_REDIRECT] 
2026-02-06 10:46:37,747 [ERROR] LogOutputStream:75 - [STDERR_REDIRECT] [Fatal Error] :1:1: Premature end of file.
2026-02-06 10:46:37,747 [ERROR] LogOutputStream:75 - [STDERR_REDIRECT] 
2026-02-06 10:46:38,717 [ERROR] LogOutputStream:75 - [STDERR_REDIRECT] [Fatal Error] :1:1: Premature end of file.
2026-02-06 10:46:38,717 [ERROR] LogOutputStream:75 - [STDERR_REDIRECT] 
2026-02-06 10:46:39,726 [ERROR] LogOutputStream:75 - [STDERR_REDIRECT] [Fatal Error] :1:1: Premature end of file.
2026-02-06 10:46:39,726 [ERROR] LogOutputStream:75 - [STDERR_REDIRECT] 
2026-02-06 10:46:40,711 [ERROR] LogOutputStream:75 - [STDERR_REDIRECT] [Fatal Error] :1:1: Premature end of file.
2026-02-06 10:46:40,711 [ERROR] LogOutputStream:75 - [STDERR_REDIRECT] 
2026-02-06 10:46:41,720 [ERROR] LogOutputStream:75 - [STDERR_REDIRECT] [Fatal Error] :1:1: Premature end of file.
2026-02-06 10:46:41,720 [ERROR] LogOutputStream:75 - [STDERR_REDIRECT] 
2026-02-06 10:46:42,728 [ERROR] LogOutputStream:75 - [STDERR_REDIRECT] [Fatal Error] :1:1: Premature end of file.
2026-02-06 10:46:42,729 [ERROR] LogOutputStream:75 - [STDERR_REDIRECT] 
2026-02-06 10:46:43,737 [ERROR] LogOutputStream:75 - [STDERR_REDIRECT] [Fatal Error] :1:1: Premature end of file.
2026-02-06 10:46:43,738 [ERROR] LogOutputStream:75 - [STDERR_REDIRECT] 
2026-02-06 10:46:44,721 [ERROR] LogOutputStream:75 - [STDERR_REDIRECT] [Fatal Error] :1:1: Premature end of file.
2026-02-06 10:46:44,721 [ERROR] LogOutputStream:75 - [STDERR_REDIRECT] 
2026-02-06 10:46:45,734 [ERROR] LogOutputStream:75 - [STDERR_REDIRECT] [Fatal Error] :1:1: Premature end of file.
2026-02-06 10:46:45,734 [ERROR] LogOutputStream:75 - [STDERR_REDIRECT] 
2026-02-06 10:46:46,717 [ERROR] LogOutputStream:75 - [STDERR_REDIRECT] [Fatal Error] :1:1: Premature end of file.
2026-02-06 10:46:46,717 [ERROR] LogOutputStream:75 - [STDERR_REDIRECT] 
2026-02-06 10:46:47,716 [ERROR] LogOutputStream:75 - [STDERR_REDIRECT] [Fatal Error] :1:1: Premature end of file.
2026-02-06 10:46:47,716 [ERROR] LogOutputStream:75 - [STDERR_REDIRECT] 
2026-02-06 10:46:48,722 [ERROR] LogOutputStream:75 - [STDERR_REDIRECT] [Fatal Error] :1:1: Premature end of file.
2026-02-06 10:46:48,723 [ERROR] LogOutputStream:75 - [STDERR_REDIRECT] 
2026-02-06 10:46:49,726 [ERROR] LogOutputStream:75 - [STDERR_REDIRECT] [Fatal Error] :1:1: Premature end of file.
2026-02-06 10:46:49,726 [ERROR] LogOutputStream:75 - [STDERR_REDIRECT] 
2026-02-06 10:46:50,702 [ERROR] LogOutputStream:75 - [STDERR_REDIRECT] [Fatal Error] :1:1: Premature end of file.
2026-02-06 10:46:50,702 [ERROR] LogOutputStream:75 - [STDERR_REDIRECT] 
2026-02-06 10:46:51,709 [ERROR] LogOutputStream:75 - [STDERR_REDIRECT] [Fatal Error] :1:1: Premature end of file.
2026-02-06 10:46:51,709 [ERROR] LogOutputStream:75 - [STDERR_REDIRECT] 
2026-02-06 10:46:52,700 [ERROR] LogOutputStream:75 - [STDERR_REDIRECT] [Fatal Error] :1:1: Premature end of file.
2026-02-06 10:46:52,700 [ERROR] LogOutputStream:75 - [STDERR_REDIRECT] 
2026-02-06 10:46:53,721 [ERROR] LogOutputStream:75 - [STDERR_REDIRECT] [Fatal Error] :1:1: Premature end of file.
2026-02-06 10:46:53,722 [ERROR] LogOutputStream:75 - [STDERR_REDIRECT] 
2026-02-06 10:46:54,730 [ERROR] LogOutputStream:75 - [STDERR_REDIRECT] [Fatal Error] :1:1: Premature end of file.
2026-02-06 10:46:54,731 [ERROR] LogOutputStream:75 - [STDERR_REDIRECT] 
2026-02-06 10:46:55,720 [ERROR] LogOutputStream:75 - [STDERR_REDIRECT] [Fatal Error] :1:1: Premature end of file.
2026-02-06 10:46:55,721 [ERROR] LogOutputStream:75 - [STDERR_REDIRECT] 
2026-02-06 10:46:56,716 [ERROR] LogOutputStream:75 - [STDERR_REDIRECT] [Fatal Error] :1:1: Premature end of file.
2026-02-06 10:46:56,716 [ERROR] LogOutputStream:75 - [STDERR_REDIRECT] 
2026-02-06 10:46:57,727 [ERROR] LogOutputStream:75 - [STDERR_REDIRECT] [Fatal Error] :1:1: Premature end of file.
2026-02-06 10:46:57,728 [ERROR] LogOutputStream:75 - [STDERR_REDIRECT] 
2026-02-06 10:46:58,736 [ERROR] LogOutputStream:75 - [STDERR_REDIRECT] [Fatal Error] :1:1: Premature end of file.
2026-02-06 10:46:58,737 [ERROR] LogOutputStream:75 - [STDERR_REDIRECT] 
2026-02-06 10:46:59,734 [ERROR] LogOutputStream:75 - [STDERR_REDIRECT] [Fatal Error] :1:1: Premature end of file.
2026-02-06 10:46:59,734 [ERROR] LogOutputStream:75 - [STDERR_REDIRECT] 
2026-02-06 10:47:00,723 [ERROR] LogOutputStream:75 - [STDERR_REDIRECT] [Fatal Error] :1:1: Premature end of file.
2026-02-06 10:47:00,723 [ERROR] LogOutputStream:75 - [STDERR_REDIRECT] 
2026-02-06 10:47:01,713 [ERROR] LogOutputStream:75 - [STDERR_REDIRECT] [Fatal Error] :1:1: Premature end of file.
2026-02-06 10:47:01,714 [ERROR] LogOutputStream:75 - [STDERR_REDIRECT] 
2026-02-06 10:47:02,708 [ERROR] LogOutputStream:75 - [STDERR_REDIRECT] [Fatal Error] :1:1: Premature end of file.
2026-02-06 10:47:02,708 [ERROR] LogOutputStream:75 - [STDERR_REDIRECT] 
2026-02-06 10:47:03,716 [ERROR] LogOutputStream:75 - [STDERR_REDIRECT] [Fatal Error] :1:1: Premature end of file.
2026-02-06 10:47:03,717 [ERROR] LogOutputStream:75 - [STDERR_REDIRECT] 
2026-02-06 10:47:04,740 [ERROR] LogOutputStream:75 - [STDERR_REDIRECT] [Fatal Error] :1:1: Premature end of file.
2026-02-06 10:47:04,740 [ERROR] LogOutputStream:75 - [STDERR_REDIRECT] 
2026-02-06 10:47:05,726 [ERROR] LogOutputStream:75 - [STDERR_REDIRECT] [Fatal Error] :1:1: Premature end of file.
2026-02-06 10:47:05,726 [ERROR] LogOutputStream:75 - [STDERR_REDIRECT] 
2026-02-06 10:47:06,739 [ERROR] LogOutputStream:75 - [STDERR_REDIRECT] [Fatal Error] :1:1: Premature end of file.
2026-02-06 10:47:06,739 [ERROR] LogOutputStream:75 - [STDERR_REDIRECT] 
2026-02-06 10:47:07,704 [ERROR] LogOutputStream:75 - [STDERR_REDIRECT] [Fatal Error] :1:1: Premature end of file.
2026-02-06 10:47:07,704 [ERROR] LogOutputStream:75 - [STDERR_REDIRECT] 
2026-02-06 10:47:08,736 [ERROR] LogOutputStream:75 - [STDERR_REDIRECT] [Fatal Error] :1:1: Premature end of file.
2026-02-06 10:47:08,737 [ERROR] LogOutputStream:75 - [STDERR_REDIRECT] 
2026-02-06 10:47:09,713 [ERROR] LogOutputStream:75 - [STDERR_REDIRECT] [Fatal Error] :1:1: Premature end of file.
2026-02-06 10:47:09,713 [ERROR] LogOutputStream:75 - [STDERR_REDIRECT] 
2026-02-06 10:47:10,716 [ERROR] LogOutputStream:75 - [STDERR_REDIRECT] [Fatal Error] :1:1: Premature end of file.
2026-02-06 10:47:10,716 [ERROR] LogOutputStream:75 - [STDERR_REDIRECT] 
2026-02-06 10:47:11,728 [ERROR] LogOutputStream:75 - [STDERR_REDIRECT] [Fatal Error] :1:1: Premature end of file.
2026-02-06 10:47:11,729 [ERROR] LogOutputStream:75 - [STDERR_REDIRECT] 
2026-02-06 10:47:12,720 [ERROR] LogOutputStream:75 - [STDERR_REDIRECT] [Fatal Error] :1:1: Premature end of file.
2026-02-06 10:47:12,720 [ERROR] LogOutputStream:75 - [STDERR_REDIRECT] 
2026-02-06 10:47:13,745 [ERROR] LogOutputStream:75 - [STDERR_REDIRECT] [Fatal Error] :1:1: Premature end of file.
2026-02-06 10:47:13,745 [ERROR] LogOutputStream:75 - [STDERR_REDIRECT] 
2026-02-06 10:47:14,704 [ERROR] LogOutputStream:75 - [STDERR_REDIRECT] [Fatal Error] :1:1: Premature end of file.
2026-02-06 10:47:14,704 [ERROR] LogOutputStream:75 - [STDERR_REDIRECT] 
2026-02-06 10:47:15,709 [ERROR] LogOutputStream:75 - [STDERR_REDIRECT] [Fatal Error] :1:1: Premature end of file.
2026-02-06 10:47:15,710 [ERROR] LogOutputStream:75 - [STDERR_REDIRECT] 
2026-02-06 10:47:16,703 [ERROR] LogOutputStream:75 - [STDERR_REDIRECT] [Fatal Error] :1:1: Premature end of file.
2026-02-06 10:47:16,705 [ERROR] LogOutputStream:75 - [STDERR_REDIRECT] 
2026-02-06 10:47:17,701 [ERROR] LogOutputStream:75 - [STDERR_REDIRECT] [Fatal Error] :1:1: Premature end of file.
2026-02-06 10:47:17,702 [ERROR] LogOutputStream:75 - [STDERR_REDIRECT] 
2026-02-06 10:47:18,717 [ERROR] LogOutputStream:75 - [STDERR_REDIRECT] [Fatal Error] :1:1: Premature end of file.
2026-02-06 10:47:18,717 [ERROR] LogOutputStream:75 - [STDERR_REDIRECT] 
2026-02-06 10:47:19,711 [ERROR] LogOutputStream:75 - [STDERR_REDIRECT] [Fatal Error] :1:1: Premature end of file.
2026-02-06 10:47:19,711 [ERROR] LogOutputStream:75 - [STDERR_REDIRECT] 
2026-02-06 10:47:20,716 [ERROR] LogOutputStream:75 - [STDERR_REDIRECT] [Fatal Error] :1:1: Premature end of file.
2026-02-06 10:47:20,717 [ERROR] LogOutputStream:75 - [STDERR_REDIRECT] 
2026-02-06 10:47:21,728 [ERROR] LogOutputStream:75 - [STDERR_REDIRECT] [Fatal Error] :1:1: Premature end of file.
2026-02-06 10:47:21,729 [ERROR] LogOutputStream:75 - [STDERR_REDIRECT] 
2026-02-06 10:47:22,721 [ERROR] LogOutputStream:75 - [STDERR_REDIRECT] [Fatal Error] :1:1: Premature end of file.
2026-02-06 10:47:22,722 [ERROR] LogOutputStream:75 - [STDERR_REDIRECT] 
2026-02-06 10:47:23,733 [ERROR] LogOutputStream:75 - [STDERR_REDIRECT] [Fatal Error] :1:1: Premature end of file.
2026-02-06 10:47:23,733 [ERROR] LogOutputStream:75 - [STDERR_REDIRECT] 
2026-02-06 10:47:24,725 [ERROR] LogOutputStream:75 - [STDERR_REDIRECT] [Fatal Error] :1:1: Premature end of file.
2026-02-06 10:47:24,725 [ERROR] LogOutputStream:75 - [STDERR_REDIRECT] 
2026-02-06 10:47:25,725 [ERROR] LogOutputStream:75 - [STDERR_REDIRECT] [Fatal Error] :1:1: Premature end of file.
2026-02-06 10:47:25,725 [ERROR] LogOutputStream:75 - [STDERR_REDIRECT] 
2026-02-06 10:47:26,709 [ERROR] LogOutputStream:75 - [STDERR_REDIRECT] [Fatal Error] :1:1: Premature end of file.
2026-02-06 10:47:26,709 [ERROR] LogOutputStream:75 - [STDERR_REDIRECT] 
2026-02-06 10:47:27,728 [ERROR] LogOutputStream:75 - [STDERR_REDIRECT] [Fatal Error] :1:1: Premature end of file.
2026-02-06 10:47:27,728 [ERROR] LogOutputStream:75 - [STDERR_REDIRECT] 
2026-02-06 10:47:28,719 [ERROR] LogOutputStream:75 - [STDERR_REDIRECT] [Fatal Error] :1:1: Premature end of file.
2026-02-06 10:47:28,720 [ERROR] LogOutputStream:75 - [STDERR_REDIRECT] 
2026-02-06 10:47:29,732 [ERROR] LogOutputStream:75 - [STDERR_REDIRECT] [Fatal Error] :1:1: Premature end of file.
2026-02-06 10:47:29,732 [ERROR] LogOutputStream:75 - [STDERR_REDIRECT] 
2026-02-06 10:47:30,727 [ERROR] LogOutputStream:75 - [STDERR_REDIRECT] [Fatal Error] :1:1: Premature end of file.
2026-02-06 10:47:30,727 [ERROR] LogOutputStream:75 - [STDERR_REDIRECT] 
2026-02-06 10:47:31,733 [ERROR] LogOutputStream:75 - [STDERR_REDIRECT] [Fatal Error] :1:1: Premature end of file.
2026-02-06 10:47:31,734 [ERROR] LogOutputStream:75 - [STDERR_REDIRECT] 
2026-02-06 10:47:32,730 [ERROR] LogOutputStream:75 - [STDERR_REDIRECT] [Fatal Error] :1:1: Premature end of file.
2026-02-06 10:47:32,730 [ERROR] LogOutputStream:75 - [STDERR_REDIRECT] 
2026-02-06 10:47:33,735 [ERROR] LogOutputStream:75 - [STDERR_REDIRECT] [Fatal Error] :1:1: Premature end of file.
2026-02-06 10:47:33,736 [ERROR] LogOutputStream:75 - [STDERR_REDIRECT] 
2026-02-06 10:47:34,720 [ERROR] LogOutputStream:75 - [STDERR_REDIRECT] [Fatal Error] :1:1: Premature end of file.
2026-02-06 10:47:34,720 [ERROR] LogOutputStream:75 - [STDERR_REDIRECT] 
2026-02-06 10:47:35,713 [ERROR] LogOutputStream:75 - [STDERR_REDIRECT] [Fatal Error] :1:1: Premature end of file.
2026-02-06 10:47:35,714 [ERROR] LogOutputStream:75 - [STDERR_REDIRECT] 
2026-02-06 10:47:36,716 [ERROR] LogOutputStream:75 - [STDERR_REDIRECT] [Fatal Error] :1:1: Premature end of file.
2026-02-06 10:47:36,716 [ERROR] LogOutputStream:75 - [STDERR_REDIRECT] 
2026-02-06 10:47:37,708 [ERROR] LogOutputStream:75 - [STDERR_REDIRECT] [Fatal Error] :1:1: Premature end of file.
2026-02-06 10:47:37,708 [ERROR] LogOutputStream:75 - [STDERR_REDIRECT] 
2026-02-06 10:47:38,709 [ERROR] LogOutputStream:75 - [STDERR_REDIRECT] [Fatal Error] :1:1: Premature end of file.
2026-02-06 10:47:38,709 [ERROR] LogOutputStream:75 - [STDERR_REDIRECT] 
2026-02-06 10:47:39,704 [ERROR] LogOutputStream:75 - [STDERR_REDIRECT] [Fatal Error] :1:1: Premature end of file.
2026-02-06 10:47:39,704 [ERROR] LogOutputStream:75 - [STDERR_REDIRECT] 
2026-02-06 10:47:40,717 [ERROR] LogOutputStream:75 - [STDERR_REDIRECT] [Fatal Error] :1:1: Premature end of file.
2026-02-06 10:47:40,718 [ERROR] LogOutputStream:75 - [STDERR_REDIRECT] 
2026-02-06 10:47:41,703 [ERROR] LogOutputStream:75 - [STDERR_REDIRECT] [Fatal Error] :1:1: Premature end of file.
2026-02-06 10:47:41,703 [ERROR] LogOutputStream:75 - [STDERR_REDIRECT] 
2026-02-06 10:47:42,710 [ERROR] LogOutputStream:75 - [STDERR_REDIRECT] [Fatal Error] :1:1: Premature end of file.
2026-02-06 10:47:42,710 [ERROR] LogOutputStream:75 - [STDERR_REDIRECT] 
2026-02-06 10:47:43,704 [ERROR] LogOutputStream:75 - [STDERR_REDIRECT] [Fatal Error] :1:1: Premature end of file.
2026-02-06 10:47:43,704 [ERROR] LogOutputStream:75 - [STDERR_REDIRECT] 
2026-02-06 10:47:44,706 [ERROR] LogOutputStream:75 - [STDERR_REDIRECT] [Fatal Error] :1:1: Premature end of file.
2026-02-06 10:47:44,706 [ERROR] LogOutputStream:75 - [STDERR_REDIRECT] 
2026-02-06 10:47:45,706 [ERROR] LogOutputStream:75 - [STDERR_REDIRECT] [Fatal Error] :1:1: Premature end of file.
2026-02-06 10:47:45,707 [ERROR] LogOutputStream:75 - [STDERR_REDIRECT] 
2026-02-06 10:47:46,715 [ERROR] LogOutputStream:75 - [STDERR_REDIRECT] [Fatal Error] :1:1: Premature end of file.
2026-02-06 10:47:46,715 [ERROR] LogOutputStream:75 - [STDERR_REDIRECT] 
2026-02-06 10:47:47,703 [ERROR] LogOutputStream:75 - [STDERR_REDIRECT] [Fatal Error] :1:1: Premature end of file.
2026-02-06 10:47:47,703 [ERROR] LogOutputStream:75 - [STDERR_REDIRECT] 
2026-02-06 10:47:48,704 [ERROR] LogOutputStream:75 - [STDERR_REDIRECT] [Fatal Error] :1:1: Premature end of file.
2026-02-06 10:47:48,705 [ERROR] LogOutputStream:75 - [STDERR_REDIRECT] 
2026-02-06 10:47:49,709 [ERROR] LogOutputStream:75 - [STDERR_REDIRECT] [Fatal Error] :1:1: Premature end of file.
2026-02-06 10:47:49,709 [ERROR] LogOutputStream:75 - [STDERR_REDIRECT] 
2026-02-06 10:47:50,740 [ERROR] LogOutputStream:75 - [STDERR_REDIRECT] [Fatal Error] :1:1: Premature end of file.
2026-02-06 10:47:50,740 [ERROR] LogOutputStream:75 - [STDERR_REDIRECT] 
2026-02-06 10:47:51,713 [ERROR] LogOutputStream:75 - [STDERR_REDIRECT] [Fatal Error] :1:1: Premature end of file.
2026-02-06 10:47:51,713 [ERROR] LogOutputStream:75 - [STDERR_REDIRECT] 
2026-02-06 10:47:52,722 [ERROR] LogOutputStream:75 - [STDERR_REDIRECT] [Fatal Error] :1:1: Premature end of file.
2026-02-06 10:47:52,722 [ERROR] LogOutputStream:75 - [STDERR_REDIRECT] 
2026-02-06 10:47:53,709 [ERROR] LogOutputStream:75 - [STDERR_REDIRECT] [Fatal Error] :1:1: Premature end of file.
2026-02-06 10:47:53,709 [ERROR] LogOutputStream:75 - [STDERR_REDIRECT] 
2026-02-06 10:47:54,706 [ERROR] LogOutputStream:75 - [STDERR_REDIRECT] [Fatal Error] :1:1: Premature end of file.
2026-02-06 10:47:54,706 [ERROR] LogOutputStream:75 - [STDERR_REDIRECT] 
2026-02-06 10:47:55,705 [ERROR] LogOutputStream:75 - [STDERR_REDIRECT] [Fatal Error] :1:1: Premature end of file.
2026-02-06 10:47:55,705 [ERROR] LogOutputStream:75 - [STDERR_REDIRECT] 
2026-02-06 10:47:56,717 [ERROR] LogOutputStream:75 - [STDERR_REDIRECT] [Fatal Error] :1:1: Premature end of file.
2026-02-06 10:47:56,717 [ERROR] LogOutputStream:75 - [STDERR_REDIRECT] 
2026-02-06 10:47:57,717 [ERROR] LogOutputStream:75 - [STDERR_REDIRECT] [Fatal Error] :1:1: Premature end of file.
2026-02-06 10:47:57,718 [ERROR] LogOutputStream:75 - [STDERR_REDIRECT] 
2026-02-06 10:47:58,727 [ERROR] LogOutputStream:75 - [STDERR_REDIRECT] [Fatal Error] :1:1: Premature end of file.
2026-02-06 10:47:58,728 [ERROR] LogOutputStream:75 - [STDERR_REDIRECT] 
2026-02-06 10:47:59,702 [ERROR] LogOutputStream:75 - [STDERR_REDIRECT] [Fatal Error] :1:1: Premature end of file.
2026-02-06 10:47:59,702 [ERROR] LogOutputStream:75 - [STDERR_REDIRECT] 
2026-02-06 10:48:00,710 [ERROR] LogOutputStream:75 - [STDERR_REDIRECT] [Fatal Error] :1:1: Premature end of file.
2026-02-06 10:48:00,710 [ERROR] LogOutputStream:75 - [STDERR_REDIRECT] 
2026-02-06 10:48:01,701 [ERROR] LogOutputStream:75 - [STDERR_REDIRECT] [Fatal Error] :1:1: Premature end of file.
2026-02-06 10:48:01,701 [ERROR] LogOutputStream:75 - [STDERR_REDIRECT] 
2026-02-06 10:48:02,704 [ERROR] LogOutputStream:75 - [STDERR_REDIRECT] [Fatal Error] :1:1: Premature end of file.
2026-02-06 10:48:02,704 [ERROR] LogOutputStream:75 - [STDERR_REDIRECT] 
2026-02-06 10:48:03,713 [ERROR] LogOutputStream:75 - [STDERR_REDIRECT] [Fatal Error] :1:1: Premature end of file.
2026-02-06 10:48:03,713 [ERROR] LogOutputStream:75 - [STDERR_REDIRECT] 
2026-02-06 10:48:04,724 [ERROR] LogOutputStream:75 - [STDERR_REDIRECT] [Fatal Error] :1:1: Premature end of file.
2026-02-06 10:48:04,724 [ERROR] LogOutputStream:75 - [STDERR_REDIRECT] 
2026-02-06 10:48:05,701 [ERROR] LogOutputStream:75 - [STDERR_REDIRECT] [Fatal Error] :1:1: Premature end of file.
2026-02-06 10:48:05,701 [ERROR] LogOutputStream:75 - [STDERR_REDIRECT] 
2026-02-06 10:48:06,695 [ERROR] LogOutputStream:75 - [STDERR_REDIRECT] [Fatal Error] :1:1: Premature end of file.
2026-02-06 10:48:06,695 [ERROR] LogOutputStream:75 - [STDERR_REDIRECT] 
2026-02-06 10:48:07,717 [ERROR] LogOutputStream:75 - [STDERR_REDIRECT] [Fatal Error] :1:1: Premature end of file.
2026-02-06 10:48:07,717 [ERROR] LogOutputStream:75 - [STDERR_REDIRECT] 
2026-02-06 10:48:08,695 [ERROR] LogOutputStream:75 - [STDERR_REDIRECT] [Fatal Error] :1:1: Premature end of file.
2026-02-06 10:48:08,695 [ERROR] LogOutputStream:75 - [STDERR_REDIRECT] 
2026-02-06 10:48:09,697 [ERROR] LogOutputStream:75 - [STDERR_REDIRECT] [Fatal Error] :1:1: Premature end of file.
2026-02-06 10:48:09,697 [ERROR] LogOutputStream:75 - [STDERR_REDIRECT] 
2026-02-06 10:48:10,699 [ERROR] LogOutputStream:75 - [STDERR_REDIRECT] [Fatal Error] :1:1: Premature end of file.
2026-02-06 10:48:10,699 [ERROR] LogOutputStream:75 - [STDERR_REDIRECT] 
2026-02-06 10:48:11,699 [ERROR] LogOutputStream:75 - [STDERR_REDIRECT] [Fatal Error] :1:1: Premature end of file.
2026-02-06 10:48:11,699 [ERROR] LogOutputStream:75 - [STDERR_REDIRECT] 
2026-02-06 10:48:12,720 [ERROR] LogOutputStream:75 - [STDERR_REDIRECT] [Fatal Error] :1:1: Premature end of file.
2026-02-06 10:48:12,720 [ERROR] LogOutputStream:75 - [STDERR_REDIRECT] 
2026-02-06 10:48:13,709 [ERROR] LogOutputStream:75 - [STDERR_REDIRECT] [Fatal Error] :1:1: Premature end of file.
2026-02-06 10:48:13,709 [ERROR] LogOutputStream:75 - [STDERR_REDIRECT] 
2026-02-06 10:48:14,715 [ERROR] LogOutputStream:75 - [STDERR_REDIRECT] [Fatal Error] :1:1: Premature end of file.
2026-02-06 10:48:14,715 [ERROR] LogOutputStream:75 - [STDERR_REDIRECT] 
2026-02-06 10:48:15,706 [ERROR] LogOutputStream:75 - [STDERR_REDIRECT] [Fatal Error] :1:1: Premature end of file.
2026-02-06 10:48:15,706 [ERROR] LogOutputStream:75 - [STDERR_REDIRECT] 
2026-02-06 10:48:16,696 [ERROR] LogOutputStream:75 - [STDERR_REDIRECT] [Fatal Error] :1:1: Premature end of file.
2026-02-06 10:48:16,696 [ERROR] LogOutputStream:75 - [STDERR_REDIRECT] 
2026-02-06 10:48:17,712 [ERROR] LogOutputStream:75 - [STDERR_REDIRECT] [Fatal Error] :1:1: Premature end of file.
2026-02-06 10:48:17,712 [ERROR] LogOutputStream:75 - [STDERR_REDIRECT] 
2026-02-06 10:48:18,722 [ERROR] LogOutputStream:75 - [STDERR_REDIRECT] [Fatal Error] :1:1: Premature end of file.
2026-02-06 10:48:18,722 [ERROR] LogOutputStream:75 - [STDERR_REDIRECT] 
2026-02-06 10:48:19,716 [ERROR] LogOutputStream:75 - [STDERR_REDIRECT] [Fatal Error] :1:1: Premature end of file.
2026-02-06 10:48:19,717 [ERROR] LogOutputStream:75 - [STDERR_REDIRECT] 
2026-02-06 10:48:20,715 [ERROR] LogOutputStream:75 - [STDERR_REDIRECT] [Fatal Error] :1:1: Premature end of file.
2026-02-06 10:48:20,716 [ERROR] LogOutputStream:75 - [STDERR_REDIRECT] 
2026-02-06 10:48:21,707 [ERROR] LogOutputStream:75 - [STDERR_REDIRECT] [Fatal Error] :1:1: Premature end of file.
2026-02-06 10:48:21,707 [ERROR] LogOutputStream:75 - [STDERR_REDIRECT] 
2026-02-06 10:48:22,715 [ERROR] LogOutputStream:75 - [STDERR_REDIRECT] [Fatal Error] :1:1: Premature end of file.
2026-02-06 10:48:22,715 [ERROR] LogOutputStream:75 - [STDERR_REDIRECT] 
2026-02-06 10:48:23,720 [ERROR] LogOutputStream:75 - [STDERR_REDIRECT] [Fatal Error] :1:1: Premature end of file.
2026-02-06 10:48:23,721 [ERROR] LogOutputStream:75 - [STDERR_REDIRECT] 
2026-02-06 10:48:24,707 [ERROR] LogOutputStream:75 - [STDERR_REDIRECT] [Fatal Error] :1:1: Premature end of file.
2026-02-06 10:48:24,707 [ERROR] LogOutputStream:75 - [STDERR_REDIRECT] 
2026-02-06 10:48:25,715 [ERROR] LogOutputStream:75 - [STDERR_REDIRECT] [Fatal Error] :1:1: Premature end of file.
2026-02-06 10:48:25,715 [ERROR] LogOutputStream:75 - [STDERR_REDIRECT] 
2026-02-06 10:48:26,715 [ERROR] LogOutputStream:75 - [STDERR_REDIRECT] [Fatal Error] :1:1: Premature end of file.
2026-02-06 10:48:26,715 [ERROR] LogOutputStream:75 - [STDERR_REDIRECT] 
2026-02-06 10:48:27,710 [ERROR] LogOutputStream:75 - [STDERR_REDIRECT] [Fatal Error] :1:1: Premature end of file.
2026-02-06 10:48:27,710 [ERROR] LogOutputStream:75 - [STDERR_REDIRECT] 
2026-02-06 10:48:28,697 [ERROR] LogOutputStream:75 - [STDERR_REDIRECT] [Fatal Error] :1:1: Premature end of file.
2026-02-06 10:48:28,697 [ERROR] LogOutputStream:75 - [STDERR_REDIRECT] 
2026-02-06 10:48:29,735 [ERROR] LogOutputStream:75 - [STDERR_REDIRECT] [Fatal Error] :1:1: Premature end of file.
2026-02-06 10:48:29,735 [ERROR] LogOutputStream:75 - [STDERR_REDIRECT] 
2026-02-06 10:48:30,719 [ERROR] LogOutputStream:75 - [STDERR_REDIRECT] [Fatal Error] :1:1: Premature end of file.
2026-02-06 10:48:30,720 [ERROR] LogOutputStream:75 - [STDERR_REDIRECT] 
2026-02-06 10:48:31,717 [ERROR] LogOutputStream:75 - [STDERR_REDIRECT] [Fatal Error] :1:1: Premature end of file.
2026-02-06 10:48:31,717 [ERROR] LogOutputStream:75 - [STDERR_REDIRECT] 
2026-02-06 10:48:32,697 [ERROR] LogOutputStream:75 - [STDERR_REDIRECT] [Fatal Error] :1:1: Premature end of file.
2026-02-06 10:48:32,697 [ERROR] LogOutputStream:75 - [STDERR_REDIRECT] 
2026-02-06 10:48:33,725 [ERROR] LogOutputStream:75 - [STDERR_REDIRECT] [Fatal Error] :1:1: Premature end of file.
2026-02-06 10:48:33,725 [ERROR] LogOutputStream:75 - [STDERR_REDIRECT] 
2026-02-06 10:48:34,699 [ERROR] LogOutputStream:75 - [STDERR_REDIRECT] [Fatal Error] :1:1: Premature end of file.
2026-02-06 10:48:34,699 [ERROR] LogOutputStream:75 - [STDERR_REDIRECT] 
2026-02-06 10:48:35,702 [ERROR] LogOutputStream:75 - [STDERR_REDIRECT] [Fatal Error] :1:1: Premature end of file.
2026-02-06 10:48:35,702 [ERROR] LogOutputStream:75 - [STDERR_REDIRECT] 
2026-02-06 10:48:36,712 [ERROR] LogOutputStream:75 - [STDERR_REDIRECT] [Fatal Error] :1:1: Premature end of file.
2026-02-06 10:48:36,712 [ERROR] LogOutputStream:75 - [STDERR_REDIRECT] 
2026-02-06 10:48:37,721 [ERROR] LogOutputStream:75 - [STDERR_REDIRECT] [Fatal Error] :1:1: Premature end of file.
2026-02-06 10:48:37,721 [ERROR] LogOutputStream:75 - [STDERR_REDIRECT] 
2026-02-06 10:48:38,736 [ERROR] LogOutputStream:75 - [STDERR_REDIRECT] [Fatal Error] :1:1: Premature end of file.
2026-02-06 10:48:38,736 [ERROR] LogOutputStream:75 - [STDERR_REDIRECT] 
2026-02-06 10:48:39,701 [ERROR] LogOutputStream:75 - [STDERR_REDIRECT] [Fatal Error] :1:1: Premature end of file.
2026-02-06 10:48:39,702 [ERROR] LogOutputStream:75 - [STDERR_REDIRECT] 
2026-02-06 10:48:40,707 [ERROR] LogOutputStream:75 - [STDERR_REDIRECT] [Fatal Error] :1:1: Premature end of file.
2026-02-06 10:48:40,707 [ERROR] LogOutputStream:75 - [STDERR_REDIRECT] 
2026-02-06 10:48:41,700 [ERROR] LogOutputStream:75 - [STDERR_REDIRECT] [Fatal Error] :1:1: Premature end of file.
2026-02-06 10:48:41,700 [ERROR] LogOutputStream:75 - [STDERR_REDIRECT] 
2026-02-06 10:48:42,739 [ERROR] LogOutputStream:75 - [STDERR_REDIRECT] [Fatal Error] :1:1: Premature end of file.
2026-02-06 10:48:42,740 [ERROR] LogOutputStream:75 - [STDERR_REDIRECT] 
2026-02-06 10:48:43,718 [ERROR] LogOutputStream:75 - [STDERR_REDIRECT] [Fatal Error] :1:1: Premature end of file.
2026-02-06 10:48:43,718 [ERROR] LogOutputStream:75 - [STDERR_REDIRECT] 
2026-02-06 10:48:44,718 [ERROR] LogOutputStream:75 - [STDERR_REDIRECT] [Fatal Error] :1:1: Premature end of file.
2026-02-06 10:48:44,718 [ERROR] LogOutputStream:75 - [STDERR_REDIRECT] 
2026-02-06 10:48:45,718 [ERROR] LogOutputStream:75 - [STDERR_REDIRECT] [Fatal Error] :1:1: Premature end of file.
2026-02-06 10:48:45,719 [ERROR] LogOutputStream:75 - [STDERR_REDIRECT] 
2026-02-06 10:48:46,712 [ERROR] LogOutputStream:75 - [STDERR_REDIRECT] [Fatal Error] :1:1: Premature end of file.
2026-02-06 10:48:46,713 [ERROR] LogOutputStream:75 - [STDERR_REDIRECT] 
2026-02-06 10:48:47,704 [ERROR] LogOutputStream:75 - [STDERR_REDIRECT] [Fatal Error] :1:1: Premature end of file.
2026-02-06 10:48:47,704 [ERROR] LogOutputStream:75 - [STDERR_REDIRECT] 
2026-02-06 10:48:48,729 [ERROR] LogOutputStream:75 - [STDERR_REDIRECT] [Fatal Error] :1:1: Premature end of file.
2026-02-06 10:48:48,729 [ERROR] LogOutputStream:75 - [STDERR_REDIRECT] 
2026-02-06 10:48:49,704 [ERROR] LogOutputStream:75 - [STDERR_REDIRECT] [Fatal Error] :1:1: Premature end of file.
2026-02-06 10:48:49,704 [ERROR] LogOutputStream:75 - [STDERR_REDIRECT] 
2026-02-06 10:48:50,716 [ERROR] LogOutputStream:75 - [STDERR_REDIRECT] [Fatal Error] :1:1: Premature end of file.
2026-02-06 10:48:50,716 [ERROR] LogOutputStream:75 - [STDERR_REDIRECT] 
2026-02-06 10:48:51,714 [ERROR] LogOutputStream:75 - [STDERR_REDIRECT] [Fatal Error] :1:1: Premature end of file.
2026-02-06 10:48:51,714 [ERROR] LogOutputStream:75 - [STDERR_REDIRECT] 
2026-02-06 10:48:52,705 [ERROR] LogOutputStream:75 - [STDERR_REDIRECT] [Fatal Error] :1:1: Premature end of file.
2026-02-06 10:48:52,705 [ERROR] LogOutputStream:75 - [STDERR_REDIRECT] 
2026-02-06 10:48:53,701 [ERROR] LogOutputStream:75 - [STDERR_REDIRECT] [Fatal Error] :1:1: Premature end of file.
2026-02-06 10:48:53,701 [ERROR] LogOutputStream:75 - [STDERR_REDIRECT] 
2026-02-06 10:48:54,722 [ERROR] LogOutputStream:75 - [STDERR_REDIRECT] [Fatal Error] :1:1: Premature end of file.
2026-02-06 10:48:54,723 [ERROR] LogOutputStream:75 - [STDERR_REDIRECT] 
2026-02-06 10:48:55,703 [ERROR] LogOutputStream:75 - [STDERR_REDIRECT] [Fatal Error] :1:1: Premature end of file.
2026-02-06 10:48:55,704 [ERROR] LogOutputStream:75 - [STDERR_REDIRECT] 
2026-02-06 10:48:56,723 [ERROR] LogOutputStream:75 - [STDERR_REDIRECT] [Fatal Error] :1:1: Premature end of file.
2026-02-06 10:48:56,723 [ERROR] LogOutputStream:75 - [STDERR_REDIRECT] 
2026-02-06 10:48:57,719 [ERROR] LogOutputStream:75 - [STDERR_REDIRECT] [Fatal Error] :1:1: Premature end of file.
2026-02-06 10:48:57,719 [ERROR] LogOutputStream:75 - [STDERR_REDIRECT] 
2026-02-06 10:48:58,720 [ERROR] LogOutputStream:75 - [STDERR_REDIRECT] [Fatal Error] :1:1: Premature end of file.
2026-02-06 10:48:58,720 [ERROR] LogOutputStream:75 - [STDERR_REDIRECT] 
2026-02-06 10:48:59,712 [ERROR] LogOutputStream:75 - [STDERR_REDIRECT] [Fatal Error] :1:1: Premature end of file.
2026-02-06 10:48:59,713 [ERROR] LogOutputStream:75 - [STDERR_REDIRECT] 
2026-02-06 10:49:00,712 [ERROR] LogOutputStream:75 - [STDERR_REDIRECT] [Fatal Error] :1:1: Premature end of file.
2026-02-06 10:49:00,712 [ERROR] LogOutputStream:75 - [STDERR_REDIRECT] 
2026-02-06 10:49:01,715 [ERROR] LogOutputStream:75 - [STDERR_REDIRECT] [Fatal Error] :1:1: Premature end of file.
2026-02-06 10:49:01,715 [ERROR] LogOutputStream:75 - [STDERR_REDIRECT] 
2026-02-06 10:49:02,715 [ERROR] LogOutputStream:75 - [STDERR_REDIRECT] [Fatal Error] :1:1: Premature end of file.
2026-02-06 10:49:02,715 [ERROR] LogOutputStream:75 - [STDERR_REDIRECT] 
2026-02-06 10:49:03,724 [ERROR] LogOutputStream:75 - [STDERR_REDIRECT] [Fatal Error] :1:1: Premature end of file.
2026-02-06 10:49:03,724 [ERROR] LogOutputStream:75 - [STDERR_REDIRECT] 
2026-02-06 10:49:04,720 [ERROR] LogOutputStream:75 - [STDERR_REDIRECT] [Fatal Error] :1:1: Premature end of file.
2026-02-06 10:49:04,720 [ERROR] LogOutputStream:75 - [STDERR_REDIRECT] 
2026-02-06 10:49:05,712 [ERROR] LogOutputStream:75 - [STDERR_REDIRECT] [Fatal Error] :1:1: Premature end of file.
2026-02-06 10:49:05,712 [ERROR] LogOutputStream:75 - [STDERR_REDIRECT] 
2026-02-06 10:49:06,697 [ERROR] LogOutputStream:75 - [STDERR_REDIRECT] [Fatal Error] :1:1: Premature end of file.
2026-02-06 10:49:06,697 [ERROR] LogOutputStream:75 - [STDERR_REDIRECT] 
2026-02-06 10:49:07,711 [ERROR] LogOutputStream:75 - [STDERR_REDIRECT] [Fatal Error] :1:1: Premature end of file.
2026-02-06 10:49:07,711 [ERROR] LogOutputStream:75 - [STDERR_REDIRECT] 
2026-02-06 10:49:08,717 [ERROR] LogOutputStream:75 - [STDERR_REDIRECT] [Fatal Error] :1:1: Premature end of file.
2026-02-06 10:49:08,717 [ERROR] LogOutputStream:75 - [STDERR_REDIRECT] 
2026-02-06 10:49:09,721 [ERROR] LogOutputStream:75 - [STDERR_REDIRECT] [Fatal Error] :1:1: Premature end of file.
2026-02-06 10:49:09,721 [ERROR] LogOutputStream:75 - [STDERR_REDIRECT] 
2026-02-06 10:49:10,708 [ERROR] LogOutputStream:75 - [STDERR_REDIRECT] [Fatal Error] :1:1: Premature end of file.
2026-02-06 10:49:10,708 [ERROR] LogOutputStream:75 - [STDERR_REDIRECT] 
2026-02-06 10:49:11,704 [ERROR] LogOutputStream:75 - [STDERR_REDIRECT] [Fatal Error] :1:1: Premature end of file.
2026-02-06 10:49:11,705 [ERROR] LogOutputStream:75 - [STDERR_REDIRECT] 
2026-02-06 10:49:12,698 [ERROR] LogOutputStream:75 - [STDERR_REDIRECT] [Fatal Error] :1:1: Premature end of file.
2026-02-06 10:49:12,699 [ERROR] LogOutputStream:75 - [STDERR_REDIRECT] 
2026-02-06 10:49:13,706 [ERROR] LogOutputStream:75 - [STDERR_REDIRECT] [Fatal Error] :1:1: Premature end of file.
2026-02-06 10:49:13,707 [ERROR] LogOutputStream:75 - [STDERR_REDIRECT] 
2026-02-06 10:49:14,708 [ERROR] LogOutputStream:75 - [STDERR_REDIRECT] [Fatal Error] :1:1: Premature end of file.
2026-02-06 10:49:14,708 [ERROR] LogOutputStream:75 - [STDERR_REDIRECT] 
2026-02-06 10:49:15,714 [ERROR] LogOutputStream:75 - [STDERR_REDIRECT] [Fatal Error] :1:1: Premature end of file.
2026-02-06 10:49:15,714 [ERROR] LogOutputStream:75 - [STDERR_REDIRECT] 
2026-02-06 10:49:16,705 [ERROR] LogOutputStream:75 - [STDERR_REDIRECT] [Fatal Error] :1:1: Premature end of file.
2026-02-06 10:49:16,705 [ERROR] LogOutputStream:75 - [STDERR_REDIRECT] 
2026-02-06 10:49:17,703 [ERROR] LogOutputStream:75 - [STDERR_REDIRECT] [Fatal Error] :1:1: Premature end of file.
2026-02-06 10:49:17,703 [ERROR] LogOutputStream:75 - [STDERR_REDIRECT] 
2026-02-06 10:49:18,719 [ERROR] LogOutputStream:75 - [STDERR_REDIRECT] [Fatal Error] :1:1: Premature end of file.
2026-02-06 10:49:18,720 [ERROR] LogOutputStream:75 - [STDERR_REDIRECT] 
2026-02-06 10:49:19,709 [ERROR] LogOutputStream:75 - [STDERR_REDIRECT] [Fatal Error] :1:1: Premature end of file.
2026-02-06 10:49:19,710 [ERROR] LogOutputStream:75 - [STDERR_REDIRECT] 
2026-02-06 10:49:20,702 [ERROR] LogOutputStream:75 - [STDERR_REDIRECT] [Fatal Error] :1:1: Premature end of file.
2026-02-06 10:49:20,702 [ERROR] LogOutputStream:75 - [STDERR_REDIRECT] 
2026-02-06 10:49:21,704 [ERROR] LogOutputStream:75 - [STDERR_REDIRECT] [Fatal Error] :1:1: Premature end of file.
2026-02-06 10:49:21,704 [ERROR] LogOutputStream:75 - [STDERR_REDIRECT] 
2026-02-06 10:49:22,711 [ERROR] LogOutputStream:75 - [STDERR_REDIRECT] [Fatal Error] :1:1: Premature end of file.
2026-02-06 10:49:22,712 [ERROR] LogOutputStream:75 - [STDERR_REDIRECT] 
2026-02-06 10:49:23,719 [ERROR] LogOutputStream:75 - [STDERR_REDIRECT] [Fatal Error] :1:1: Premature end of file.
2026-02-06 10:49:23,719 [ERROR] LogOutputStream:75 - [STDERR_REDIRECT] 
2026-02-06 10:49:24,706 [ERROR] LogOutputStream:75 - [STDERR_REDIRECT] [Fatal Error] :1:1: Premature end of file.
2026-02-06 10:49:24,706 [ERROR] LogOutputStream:75 - [STDERR_REDIRECT] 
2026-02-06 10:49:25,705 [ERROR] LogOutputStream:75 - [STDERR_REDIRECT] [Fatal Error] :1:1: Premature end of file.
2026-02-06 10:49:25,706 [ERROR] LogOutputStream:75 - [STDERR_REDIRECT] 
2026-02-06 10:49:26,706 [ERROR] LogOutputStream:75 - [STDERR_REDIRECT] [Fatal Error] :1:1: Premature end of file.
2026-02-06 10:49:26,706 [ERROR] LogOutputStream:75 - [STDERR_REDIRECT] 
2026-02-06 10:49:27,711 [ERROR] LogOutputStream:75 - [STDERR_REDIRECT] [Fatal Error] :1:1: Premature end of file.
2026-02-06 10:49:27,711 [ERROR] LogOutputStream:75 - [STDERR_REDIRECT] 
2026-02-06 10:49:28,721 [ERROR] LogOutputStream:75 - [STDERR_REDIRECT] [Fatal Error] :1:1: Premature end of file.
2026-02-06 10:49:28,721 [ERROR] LogOutputStream:75 - [STDERR_REDIRECT] 
2026-02-06 10:49:29,704 [ERROR] LogOutputStream:75 - [STDERR_REDIRECT] [Fatal Error] :1:1: Premature end of file.
2026-02-06 10:49:29,705 [ERROR] LogOutputStream:75 - [STDERR_REDIRECT] 
2026-02-06 10:49:30,711 [ERROR] LogOutputStream:75 - [STDERR_REDIRECT] [Fatal Error] :1:1: Premature end of file.
2026-02-06 10:49:30,711 [ERROR] LogOutputStream:75 - [STDERR_REDIRECT] 
2026-02-06 10:49:31,708 [ERROR] LogOutputStream:75 - [STDERR_REDIRECT] [Fatal Error] :1:1: Premature end of file.
2026-02-06 10:49:31,708 [ERROR] LogOutputStream:75 - [STDERR_REDIRECT] 
2026-02-06 10:49:32,718 [ERROR] LogOutputStream:75 - [STDERR_REDIRECT] [Fatal Error] :1:1: Premature end of file.
2026-02-06 10:49:32,718 [ERROR] LogOutputStream:75 - [STDERR_REDIRECT] 
2026-02-06 10:49:33,698 [ERROR] LogOutputStream:75 - [STDERR_REDIRECT] [Fatal Error] :1:1: Premature end of file.
2026-02-06 10:49:33,698 [ERROR] LogOutputStream:75 - [STDERR_REDIRECT] 
2026-02-06 10:49:34,702 [ERROR] LogOutputStream:75 - [STDERR_REDIRECT] [Fatal Error] :1:1: Premature end of file.
2026-02-06 10:49:34,702 [ERROR] LogOutputStream:75 - [STDERR_REDIRECT] 
2026-02-06 10:49:35,719 [ERROR] LogOutputStream:75 - [STDERR_REDIRECT] [Fatal Error] :1:1: Premature end of file.
2026-02-06 10:49:35,719 [ERROR] LogOutputStream:75 - [STDERR_REDIRECT] 
2026-02-06 10:49:36,716 [ERROR] LogOutputStream:75 - [STDERR_REDIRECT] [Fatal Error] :1:1: Premature end of file.
2026-02-06 10:49:36,716 [ERROR] LogOutputStream:75 - [STDERR_REDIRECT] 
2026-02-06 10:49:37,702 [ERROR] LogOutputStream:75 - [STDERR_REDIRECT] [Fatal Error] :1:1: Premature end of file.
2026-02-06 10:49:37,702 [ERROR] LogOutputStream:75 - [STDERR_REDIRECT] 
2026-02-06 10:49:38,706 [ERROR] LogOutputStream:75 - [STDERR_REDIRECT] [Fatal Error] :1:1: Premature end of file.
2026-02-06 10:49:38,707 [ERROR] LogOutputStream:75 - [STDERR_REDIRECT] 
2026-02-06 10:49:39,731 [ERROR] LogOutputStream:75 - [STDERR_REDIRECT] [Fatal Error] :1:1: Premature end of file.
2026-02-06 10:49:39,732 [ERROR] LogOutputStream:75 - [STDERR_REDIRECT] 
2026-02-06 10:49:40,701 [ERROR] LogOutputStream:75 - [STDERR_REDIRECT] [Fatal Error] :1:1: Premature end of file.
2026-02-06 10:49:40,701 [ERROR] LogOutputStream:75 - [STDERR_REDIRECT] 
2026-02-06 10:49:41,701 [ERROR] LogOutputStream:75 - [STDERR_REDIRECT] [Fatal Error] :1:1: Premature end of file.
2026-02-06 10:49:41,701 [ERROR] LogOutputStream:75 - [STDERR_REDIRECT] 
2026-02-06 10:49:42,704 [ERROR] LogOutputStream:75 - [STDERR_REDIRECT] [Fatal Error] :1:1: Premature end of file.
2026-02-06 10:49:42,704 [ERROR] LogOutputStream:75 - [STDERR_REDIRECT] 
2026-02-06 10:49:43,699 [ERROR] LogOutputStream:75 - [STDERR_REDIRECT] [Fatal Error] :1:1: Premature end of file.
2026-02-06 10:49:43,699 [ERROR] LogOutputStream:75 - [STDERR_REDIRECT] 
2026-02-06 10:49:44,702 [ERROR] LogOutputStream:75 - [STDERR_REDIRECT] [Fatal Error] :1:1: Premature end of file.
2026-02-06 10:49:44,702 [ERROR] LogOutputStream:75 - [STDERR_REDIRECT] 
2026-02-06 10:49:45,696 [ERROR] LogOutputStream:75 - [STDERR_REDIRECT] [Fatal Error] :1:1: Premature end of file.
2026-02-06 10:49:45,696 [ERROR] LogOutputStream:75 - [STDERR_REDIRECT] 
2026-02-06 10:49:46,698 [ERROR] LogOutputStream:75 - [STDERR_REDIRECT] [Fatal Error] :1:1: Premature end of file.
2026-02-06 10:49:46,698 [ERROR] LogOutputStream:75 - [STDERR_REDIRECT] 
2026-02-06 10:49:47,696 [ERROR] LogOutputStream:75 - [STDERR_REDIRECT] [Fatal Error] :1:1: Premature end of file.
2026-02-06 10:49:47,696 [ERROR] LogOutputStream:75 - [STDERR_REDIRECT] 
2026-02-06 10:49:48,693 [ERROR] LogOutputStream:75 - [STDERR_REDIRECT] [Fatal Error] :1:1: Premature end of file.
2026-02-06 10:49:48,693 [ERROR] LogOutputStream:75 - [STDERR_REDIRECT] 
2026-02-06 10:49:49,690 [ERROR] LogOutputStream:75 - [STDERR_REDIRECT] [Fatal Error] :1:1: Premature end of file.
2026-02-06 10:49:49,690 [ERROR] LogOutputStream:75 - [STDERR_REDIRECT] 
2026-02-06 10:49:50,690 [ERROR] LogOutputStream:75 - [STDERR_REDIRECT] [Fatal Error] :1:1: Premature end of file.
2026-02-06 10:49:50,690 [ERROR] LogOutputStream:75 - [STDERR_REDIRECT] 
2026-02-06 10:49:51,731 [ERROR] LogOutputStream:75 - [STDERR_REDIRECT] [Fatal Error] :1:1: Premature end of file.
2026-02-06 10:49:51,732 [ERROR] LogOutputStream:75 - [STDERR_REDIRECT] 
2026-02-06 10:49:52,730 [ERROR] LogOutputStream:75 - [STDERR_REDIRECT] [Fatal Error] :1:1: Premature end of file.
2026-02-06 10:49:52,730 [ERROR] LogOutputStream:75 - [STDERR_REDIRECT] 
2026-02-06 10:49:53,725 [ERROR] LogOutputStream:75 - [STDERR_REDIRECT] [Fatal Error] :1:1: Premature end of file.
2026-02-06 10:49:53,726 [ERROR] LogOutputStream:75 - [STDERR_REDIRECT] 
2026-02-06 10:49:54,723 [ERROR] LogOutputStream:75 - [STDERR_REDIRECT] [Fatal Error] :1:1: Premature end of file.
2026-02-06 10:49:54,723 [ERROR] LogOutputStream:75 - [STDERR_REDIRECT] 
2026-02-06 10:49:55,712 [ERROR] LogOutputStream:75 - [STDERR_REDIRECT] [Fatal Error] :1:1: Premature end of file.
2026-02-06 10:49:55,712 [ERROR] LogOutputStream:75 - [STDERR_REDIRECT] 
2026-02-06 10:49:56,720 [ERROR] LogOutputStream:75 - [STDERR_REDIRECT] [Fatal Error] :1:1: Premature end of file.
2026-02-06 10:49:56,721 [ERROR] LogOutputStream:75 - [STDERR_REDIRECT] 
2026-02-06 10:49:57,724 [ERROR] LogOutputStream:75 - [STDERR_REDIRECT] [Fatal Error] :1:1: Premature end of file.
2026-02-06 10:49:57,725 [ERROR] LogOutputStream:75 - [STDERR_REDIRECT] 
2026-02-06 10:49:58,738 [ERROR] LogOutputStream:75 - [STDERR_REDIRECT] [Fatal Error] :1:1: Premature end of file.
2026-02-06 10:49:58,738 [ERROR] LogOutputStream:75 - [STDERR_REDIRECT] 
2026-02-06 10:49:59,706 [ERROR] LogOutputStream:75 - [STDERR_REDIRECT] [Fatal Error] :1:1: Premature end of file.
2026-02-06 10:49:59,706 [ERROR] LogOutputStream:75 - [STDERR_REDIRECT] 
2026-02-06 10:50:00,725 [ERROR] LogOutputStream:75 - [STDERR_REDIRECT] [Fatal Error] :1:1: Premature end of file.
2026-02-06 10:50:00,726 [ERROR] LogOutputStream:75 - [STDERR_REDIRECT] 
2026-02-06 10:50:01,724 [ERROR] LogOutputStream:75 - [STDERR_REDIRECT] [Fatal Error] :1:1: Premature end of file.
2026-02-06 10:50:01,724 [ERROR] LogOutputStream:75 - [STDERR_REDIRECT] 
2026-02-06 10:50:02,717 [ERROR] LogOutputStream:75 - [STDERR_REDIRECT] [Fatal Error] :1:1: Premature end of file.
2026-02-06 10:50:02,717 [ERROR] LogOutputStream:75 - [STDERR_REDIRECT] 
2026-02-06 10:50:03,706 [ERROR] LogOutputStream:75 - [STDERR_REDIRECT] [Fatal Error] :1:1: Premature end of file.
2026-02-06 10:50:03,706 [ERROR] LogOutputStream:75 - [STDERR_REDIRECT] 
2026-02-06 10:50:04,721 [ERROR] LogOutputStream:75 - [STDERR_REDIRECT] [Fatal Error] :1:1: Premature end of file.
2026-02-06 10:50:04,722 [ERROR] LogOutputStream:75 - [STDERR_REDIRECT] 
2026-02-06 10:50:05,730 [ERROR] LogOutputStream:75 - [STDERR_REDIRECT] [Fatal Error] :1:1: Premature end of file.
2026-02-06 10:50:05,730 [ERROR] LogOutputStream:75 - [STDERR_REDIRECT] 
2026-02-06 10:50:06,726 [ERROR] LogOutputStream:75 - [STDERR_REDIRECT] [Fatal Error] :1:1: Premature end of file.
2026-02-06 10:50:06,728 [ERROR] LogOutputStream:75 - [STDERR_REDIRECT] 
2026-02-06 10:50:07,723 [ERROR] LogOutputStream:75 - [STDERR_REDIRECT] [Fatal Error] :1:1: Premature end of file.
2026-02-06 10:50:07,725 [ERROR] LogOutputStream:75 - [STDERR_REDIRECT] 
2026-02-06 10:50:08,736 [ERROR] LogOutputStream:75 - [STDERR_REDIRECT] [Fatal Error] :1:1: Premature end of file.
2026-02-06 10:50:08,736 [ERROR] LogOutputStream:75 - [STDERR_REDIRECT] 
2026-02-06 10:50:09,742 [ERROR] LogOutputStream:75 - [STDERR_REDIRECT] [Fatal Error] :1:1: Premature end of file.
2026-02-06 10:50:09,743 [ERROR] LogOutputStream:75 - [STDERR_REDIRECT] 
2026-02-06 10:50:10,707 [ERROR] LogOutputStream:75 - [STDERR_REDIRECT] [Fatal Error] :1:1: Premature end of file.
2026-02-06 10:50:10,707 [ERROR] LogOutputStream:75 - [STDERR_REDIRECT] 
2026-02-06 10:50:11,723 [ERROR] LogOutputStream:75 - [STDERR_REDIRECT] [Fatal Error] :1:1: Premature end of file.
2026-02-06 10:50:11,724 [ERROR] LogOutputStream:75 - [STDERR_REDIRECT] 
2026-02-06 10:50:12,726 [ERROR] LogOutputStream:75 - [STDERR_REDIRECT] [Fatal Error] :1:1: Premature end of file.
2026-02-06 10:50:12,726 [ERROR] LogOutputStream:75 - [STDERR_REDIRECT] 
2026-02-06 10:50:13,726 [ERROR] LogOutputStream:75 - [STDERR_REDIRECT] [Fatal Error] :1:1: Premature end of file.
2026-02-06 10:50:13,726 [ERROR] LogOutputStream:75 - [STDERR_REDIRECT] 
2026-02-06 10:50:14,735 [ERROR] LogOutputStream:75 - [STDERR_REDIRECT] [Fatal Error] :1:1: Premature end of file.
2026-02-06 10:50:14,735 [ERROR] LogOutputStream:75 - [STDERR_REDIRECT] 
2026-02-06 10:50:15,725 [ERROR] LogOutputStream:75 - [STDERR_REDIRECT] [Fatal Error] :1:1: Premature end of file.
2026-02-06 10:50:15,725 [ERROR] LogOutputStream:75 - [STDERR_REDIRECT] 
2026-02-06 10:50:16,731 [ERROR] LogOutputStream:75 - [STDERR_REDIRECT] [Fatal Error] :1:1: Premature end of file.
2026-02-06 10:50:16,731 [ERROR] LogOutputStream:75 - [STDERR_REDIRECT] 
2026-02-06 10:50:17,725 [ERROR] LogOutputStream:75 - [STDERR_REDIRECT] [Fatal Error] :1:1: Premature end of file.
2026-02-06 10:50:17,725 [ERROR] LogOutputStream:75 - [STDERR_REDIRECT] 
2026-02-06 10:50:18,725 [ERROR] LogOutputStream:75 - [STDERR_REDIRECT] [Fatal Error] :1:1: Premature end of file.
2026-02-06 10:50:18,725 [ERROR] LogOutputStream:75 - [STDERR_REDIRECT] 
2026-02-06 10:50:19,727 [ERROR] LogOutputStream:75 - [STDERR_REDIRECT] [Fatal Error] :1:1: Premature end of file.
2026-02-06 10:50:19,727 [ERROR] LogOutputStream:75 - [STDERR_REDIRECT] 
2026-02-06 10:50:20,734 [ERROR] LogOutputStream:75 - [STDERR_REDIRECT] [Fatal Error] :1:1: Premature end of file.
2026-02-06 10:50:20,734 [ERROR] LogOutputStream:75 - [STDERR_REDIRECT] 
2026-02-06 10:50:21,730 [ERROR] LogOutputStream:75 - [STDERR_REDIRECT] [Fatal Error] :1:1: Premature end of file.
2026-02-06 10:50:21,732 [ERROR] LogOutputStream:75 - [STDERR_REDIRECT] 
2026-02-06 10:50:22,725 [ERROR] LogOutputStream:75 - [STDERR_REDIRECT] [Fatal Error] :1:1: Premature end of file.
2026-02-06 10:50:22,725 [ERROR] LogOutputStream:75 - [STDERR_REDIRECT] 
2026-02-06 10:50:23,726 [ERROR] LogOutputStream:75 - [STDERR_REDIRECT] [Fatal Error] :1:1: Premature end of file.
2026-02-06 10:50:23,726 [ERROR] LogOutputStream:75 - [STDERR_REDIRECT] 
2026-02-06 10:50:24,725 [ERROR] LogOutputStream:75 - [STDERR_REDIRECT] [Fatal Error] :1:1: Premature end of file.
2026-02-06 10:50:24,725 [ERROR] LogOutputStream:75 - [STDERR_REDIRECT] 
2026-02-06 10:50:25,729 [ERROR] LogOutputStream:75 - [STDERR_REDIRECT] [Fatal Error] :1:1: Premature end of file.
2026-02-06 10:50:25,730 [ERROR] LogOutputStream:75 - [STDERR_REDIRECT] 
2026-02-06 10:50:26,732 [ERROR] LogOutputStream:75 - [STDERR_REDIRECT] [Fatal Error] :1:1: Premature end of file.
2026-02-06 10:50:26,732 [ERROR] LogOutputStream:75 - [STDERR_REDIRECT] 
2026-02-06 10:50:27,726 [ERROR] LogOutputStream:75 - [STDERR_REDIRECT] [Fatal Error] :1:1: Premature end of file.
2026-02-06 10:50:27,726 [ERROR] LogOutputStream:75 - [STDERR_REDIRECT] 
2026-02-06 10:50:28,732 [ERROR] LogOutputStream:75 - [STDERR_REDIRECT] [Fatal Error] :1:1: Premature end of file.
2026-02-06 10:50:28,732 [ERROR] LogOutputStream:75 - [STDERR_REDIRECT] 
2026-02-06 10:50:29,730 [ERROR] LogOutputStream:75 - [STDERR_REDIRECT] [Fatal Error] :1:1: Premature end of file.
2026-02-06 10:50:29,731 [ERROR] LogOutputStream:75 - [STDERR_REDIRECT] 
2026-02-06 10:50:30,732 [ERROR] LogOutputStream:75 - [STDERR_REDIRECT] [Fatal Error] :1:1: Premature end of file.
2026-02-06 10:50:30,733 [ERROR] LogOutputStream:75 - [STDERR_REDIRECT] 
2026-02-06 10:50:31,730 [ERROR] LogOutputStream:75 - [STDERR_REDIRECT] [Fatal Error] :1:1: Premature end of file.
2026-02-06 10:50:31,730 [ERROR] LogOutputStream:75 - [STDERR_REDIRECT] 
2026-02-06 10:50:32,728 [ERROR] LogOutputStream:75 - [STDERR_REDIRECT] [Fatal Error] :1:1: Premature end of file.
2026-02-06 10:50:32,728 [ERROR] LogOutputStream:75 - [STDERR_REDIRECT] 
2026-02-06 10:50:33,727 [ERROR] LogOutputStream:75 - [STDERR_REDIRECT] [Fatal Error] :1:1: Premature end of file.
2026-02-06 10:50:33,727 [ERROR] LogOutputStream:75 - [STDERR_REDIRECT] 
2026-02-06 10:50:34,728 [ERROR] LogOutputStream:75 - [STDERR_REDIRECT] [Fatal Error] :1:1: Premature end of file.
2026-02-06 10:50:34,728 [ERROR] LogOutputStream:75 - [STDERR_REDIRECT] 
2026-02-06 10:50:35,727 [ERROR] LogOutputStream:75 - [STDERR_REDIRECT] [Fatal Error] :1:1: Premature end of file.
2026-02-06 10:50:35,727 [ERROR] LogOutputStream:75 - [STDERR_REDIRECT] 
2026-02-06 10:50:36,730 [ERROR] LogOutputStream:75 - [STDERR_REDIRECT] [Fatal Error] :1:1: Premature end of file.
2026-02-06 10:50:36,731 [ERROR] LogOutputStream:75 - [STDERR_REDIRECT] 
2026-02-06 10:50:37,728 [ERROR] LogOutputStream:75 - [STDERR_REDIRECT] [Fatal Error] :1:1: Premature end of file.
2026-02-06 10:50:37,728 [ERROR] LogOutputStream:75 - [STDERR_REDIRECT] 
2026-02-06 10:50:38,734 [ERROR] LogOutputStream:75 - [STDERR_REDIRECT] [Fatal Error] :1:1: Premature end of file.
2026-02-06 10:50:38,734 [ERROR] LogOutputStream:75 - [STDERR_REDIRECT] 
2026-02-06 10:50:39,747 [ERROR] LogOutputStream:75 - [STDERR_REDIRECT] [Fatal Error] :1:1: Premature end of file.
2026-02-06 10:50:39,747 [ERROR] LogOutputStream:75 - [STDERR_REDIRECT] 
2026-02-06 10:50:40,728 [ERROR] LogOutputStream:75 - [STDERR_REDIRECT] [Fatal Error] :1:1: Premature end of file.
2026-02-06 10:50:40,728 [ERROR] LogOutputStream:75 - [STDERR_REDIRECT] 
2026-02-06 10:50:41,726 [ERROR] LogOutputStream:75 - [STDERR_REDIRECT] [Fatal Error] :1:1: Premature end of file.
2026-02-06 10:50:41,727 [ERROR] LogOutputStream:75 - [STDERR_REDIRECT] 
2026-02-06 10:50:42,726 [ERROR] LogOutputStream:75 - [STDERR_REDIRECT] [Fatal Error] :1:1: Premature end of file.
2026-02-06 10:50:42,726 [ERROR] LogOutputStream:75 - [STDERR_REDIRECT] 
2026-02-06 10:50:43,726 [ERROR] LogOutputStream:75 - [STDERR_REDIRECT] [Fatal Error] :1:1: Premature end of file.
2026-02-06 10:50:43,726 [ERROR] LogOutputStream:75 - [STDERR_REDIRECT] 
2026-02-06 10:50:44,730 [ERROR] LogOutputStream:75 - [STDERR_REDIRECT] [Fatal Error] :1:1: Premature end of file.
2026-02-06 10:50:44,730 [ERROR] LogOutputStream:75 - [STDERR_REDIRECT] 
2026-02-06 10:50:45,731 [ERROR] LogOutputStream:75 - [STDERR_REDIRECT] [Fatal Error] :1:1: Premature end of file.
2026-02-06 10:50:45,731 [ERROR] LogOutputStream:75 - [STDERR_REDIRECT] 
2026-02-06 10:50:46,730 [ERROR] LogOutputStream:75 - [STDERR_REDIRECT] [Fatal Error] :1:1: Premature end of file.
2026-02-06 10:50:46,731 [ERROR] LogOutputStream:75 - [STDERR_REDIRECT] 
2026-02-06 10:50:47,725 [ERROR] LogOutputStream:75 - [STDERR_REDIRECT] [Fatal Error] :1:1: Premature end of file.
2026-02-06 10:50:47,725 [ERROR] LogOutputStream:75 - [STDERR_REDIRECT] 
2026-02-06 10:50:48,730 [ERROR] LogOutputStream:75 - [STDERR_REDIRECT] [Fatal Error] :1:1: Premature end of file.
2026-02-06 10:50:48,730 [ERROR] LogOutputStream:75 - [STDERR_REDIRECT] 
2026-02-06 10:50:49,729 [ERROR] LogOutputStream:75 - [STDERR_REDIRECT] [Fatal Error] :1:1: Premature end of file.
2026-02-06 10:50:49,729 [ERROR] LogOutputStream:75 - [STDERR_REDIRECT] 
2026-02-06 10:50:50,724 [ERROR] LogOutputStream:75 - [STDERR_REDIRECT] [Fatal Error] :1:1: Premature end of file.
2026-02-06 10:50:50,724 [ERROR] LogOutputStream:75 - [STDERR_REDIRECT] 
2026-02-06 10:50:51,737 [ERROR] LogOutputStream:75 - [STDERR_REDIRECT] [Fatal Error] :1:1: Premature end of file.
2026-02-06 10:50:51,737 [ERROR] LogOutputStream:75 - [STDERR_REDIRECT] 
2026-02-06 10:50:52,725 [ERROR] LogOutputStream:75 - [STDERR_REDIRECT] [Fatal Error] :1:1: Premature end of file.
2026-02-06 10:50:52,726 [ERROR] LogOutputStream:75 - [STDERR_REDIRECT] 
2026-02-06 10:50:53,720 [ERROR] LogOutputStream:75 - [STDERR_REDIRECT] [Fatal Error] :1:1: Premature end of file.
2026-02-06 10:50:53,720 [ERROR] LogOutputStream:75 - [STDERR_REDIRECT] 
2026-02-06 10:50:54,741 [ERROR] LogOutputStream:75 - [STDERR_REDIRECT] [Fatal Error] :1:1: Premature end of file.
2026-02-06 10:50:54,741 [ERROR] LogOutputStream:75 - [STDERR_REDIRECT] 
2026-02-06 10:50:55,734 [ERROR] LogOutputStream:75 - [STDERR_REDIRECT] [Fatal Error] :1:1: Premature end of file.
2026-02-06 10:50:55,734 [ERROR] LogOutputStream:75 - [STDERR_REDIRECT] 
2026-02-06 10:50:56,728 [ERROR] LogOutputStream:75 - [STDERR_REDIRECT] [Fatal Error] :1:1: Premature end of file.
2026-02-06 10:50:56,729 [ERROR] LogOutputStream:75 - [STDERR_REDIRECT] 
2026-02-06 10:50:57,729 [ERROR] LogOutputStream:75 - [STDERR_REDIRECT] [Fatal Error] :1:1: Premature end of file.
2026-02-06 10:50:57,729 [ERROR] LogOutputStream:75 - [STDERR_REDIRECT] 
2026-02-06 10:50:58,731 [ERROR] LogOutputStream:75 - [STDERR_REDIRECT] [Fatal Error] :1:1: Premature end of file.
2026-02-06 10:50:58,731 [ERROR] LogOutputStream:75 - [STDERR_REDIRECT] 
2026-02-06 10:50:59,725 [ERROR] LogOutputStream:75 - [STDERR_REDIRECT] [Fatal Error] :1:1: Premature end of file.
2026-02-06 10:50:59,725 [ERROR] LogOutputStream:75 - [STDERR_REDIRECT] 
2026-02-06 10:51:00,727 [ERROR] LogOutputStream:75 - [STDERR_REDIRECT] [Fatal Error] :1:1: Premature end of file.
2026-02-06 10:51:00,727 [ERROR] LogOutputStream:75 - [STDERR_REDIRECT] 
2026-02-06 10:51:01,729 [ERROR] LogOutputStream:75 - [STDERR_REDIRECT] [Fatal Error] :1:1: Premature end of file.
2026-02-06 10:51:01,730 [ERROR] LogOutputStream:75 - [STDERR_REDIRECT] 
2026-02-06 10:51:02,734 [ERROR] LogOutputStream:75 - [STDERR_REDIRECT] [Fatal Error] :1:1: Premature end of file.
2026-02-06 10:51:02,734 [ERROR] LogOutputStream:75 - [STDERR_REDIRECT] 
2026-02-06 10:51:03,735 [ERROR] LogOutputStream:75 - [STDERR_REDIRECT] [Fatal Error] :1:1: Premature end of file.
2026-02-06 10:51:03,735 [ERROR] LogOutputStream:75 - [STDERR_REDIRECT] 
2026-02-06 10:51:04,731 [ERROR] LogOutputStream:75 - [STDERR_REDIRECT] [Fatal Error] :1:1: Premature end of file.
2026-02-06 10:51:04,732 [ERROR] LogOutputStream:75 - [STDERR_REDIRECT] 
2026-02-06 10:51:05,731 [ERROR] LogOutputStream:75 - [STDERR_REDIRECT] [Fatal Error] :1:1: Premature end of file.
2026-02-06 10:51:05,731 [ERROR] LogOutputStream:75 - [STDERR_REDIRECT] 
2026-02-06 10:51:06,733 [ERROR] LogOutputStream:75 - [STDERR_REDIRECT] [Fatal Error] :1:1: Premature end of file.
2026-02-06 10:51:06,734 [ERROR] LogOutputStream:75 - [STDERR_REDIRECT] 
2026-02-06 10:51:07,730 [ERROR] LogOutputStream:75 - [STDERR_REDIRECT] [Fatal Error] :1:1: Premature end of file.
2026-02-06 10:51:07,731 [ERROR] LogOutputStream:75 - [STDERR_REDIRECT] 
2026-02-06 10:51:08,720 [ERROR] LogOutputStream:75 - [STDERR_REDIRECT] [Fatal Error] :1:1: Premature end of file.
2026-02-06 10:51:08,721 [ERROR] LogOutputStream:75 - [STDERR_REDIRECT] 
2026-02-06 10:51:09,724 [ERROR] LogOutputStream:75 - [STDERR_REDIRECT] [Fatal Error] :1:1: Premature end of file.
2026-02-06 10:51:09,724 [ERROR] LogOutputStream:75 - [STDERR_REDIRECT] 
2026-02-06 10:51:10,731 [ERROR] LogOutputStream:75 - [STDERR_REDIRECT] [Fatal Error] :1:1: Premature end of file.
2026-02-06 10:51:10,731 [ERROR] LogOutputStream:75 - [STDERR_REDIRECT] 
2026-02-06 10:51:11,726 [ERROR] LogOutputStream:75 - [STDERR_REDIRECT] [Fatal Error] :1:1: Premature end of file.
2026-02-06 10:51:11,726 [ERROR] LogOutputStream:75 - [STDERR_REDIRECT] 
2026-02-06 10:51:12,736 [ERROR] LogOutputStream:75 - [STDERR_REDIRECT] [Fatal Error] :1:1: Premature end of file.
2026-02-06 10:51:12,736 [ERROR] LogOutputStream:75 - [STDERR_REDIRECT] 
2026-02-06 10:51:13,728 [ERROR] LogOutputStream:75 - [STDERR_REDIRECT] [Fatal Error] :1:1: Premature end of file.
2026-02-06 10:51:13,728 [ERROR] LogOutputStream:75 - [STDERR_REDIRECT] 
2026-02-06 10:51:14,728 [ERROR] LogOutputStream:75 - [STDERR_REDIRECT] [Fatal Error] :1:1: Premature end of file.
2026-02-06 10:51:14,728 [ERROR] LogOutputStream:75 - [STDERR_REDIRECT] 
2026-02-06 10:51:15,726 [ERROR] LogOutputStream:75 - [STDERR_REDIRECT] [Fatal Error] :1:1: Premature end of file.
2026-02-06 10:51:15,726 [ERROR] LogOutputStream:75 - [STDERR_REDIRECT] 
2026-02-06 10:51:16,727 [ERROR] LogOutputStream:75 - [STDERR_REDIRECT] [Fatal Error] :1:1: Premature end of file.
2026-02-06 10:51:16,728 [ERROR] LogOutputStream:75 - [STDERR_REDIRECT] 
2026-02-06 10:51:17,708 [ERROR] LogOutputStream:75 - [STDERR_REDIRECT] [Fatal Error] :1:1: Premature end of file.
2026-02-06 10:51:17,709 [ERROR] LogOutputStream:75 - [STDERR_REDIRECT] 
2026-02-06 10:51:18,725 [ERROR] LogOutputStream:75 - [STDERR_REDIRECT] [Fatal Error] :1:1: Premature end of file.
2026-02-06 10:51:18,725 [ERROR] LogOutputStream:75 - [STDERR_REDIRECT] 
2026-02-06 10:51:19,724 [ERROR] LogOutputStream:75 - [STDERR_REDIRECT] [Fatal Error] :1:1: Premature end of file.
2026-02-06 10:51:19,724 [ERROR] LogOutputStream:75 - [STDERR_REDIRECT] 
2026-02-06 10:51:20,721 [ERROR] LogOutputStream:75 - [STDERR_REDIRECT] [Fatal Error] :1:1: Premature end of file.
2026-02-06 10:51:20,721 [ERROR] LogOutputStream:75 - [STDERR_REDIRECT] 
2026-02-06 10:51:21,714 [ERROR] LogOutputStream:75 - [STDERR_REDIRECT] [Fatal Error] :1:1: Premature end of file.
2026-02-06 10:51:21,714 [ERROR] LogOutputStream:75 - [STDERR_REDIRECT] 
2026-02-06 10:51:22,724 [ERROR] LogOutputStream:75 - [STDERR_REDIRECT] [Fatal Error] :1:1: Premature end of file.
2026-02-06 10:51:22,724 [ERROR] LogOutputStream:75 - [STDERR_REDIRECT] 
2026-02-06 10:51:23,723 [ERROR] LogOutputStream:75 - [STDERR_REDIRECT] [Fatal Error] :1:1: Premature end of file.
2026-02-06 10:51:23,723 [ERROR] LogOutputStream:75 - [STDERR_REDIRECT] 
2026-02-06 10:51:24,726 [ERROR] LogOutputStream:75 - [STDERR_REDIRECT] [Fatal Error] :1:1: Premature end of file.
2026-02-06 10:51:24,726 [ERROR] LogOutputStream:75 - [STDERR_REDIRECT] 
2026-02-06 10:51:25,738 [ERROR] LogOutputStream:75 - [STDERR_REDIRECT] [Fatal Error] :1:1: Premature end of file.
2026-02-06 10:51:25,739 [ERROR] LogOutputStream:75 - [STDERR_REDIRECT] 
2026-02-06 10:51:26,727 [ERROR] LogOutputStream:75 - [STDERR_REDIRECT] [Fatal Error] :1:1: Premature end of file.
2026-02-06 10:51:26,727 [ERROR] LogOutputStream:75 - [STDERR_REDIRECT] 
2026-02-06 10:51:27,710 [ERROR] LogOutputStream:75 - [STDERR_REDIRECT] [Fatal Error] :1:1: Premature end of file.
2026-02-06 10:51:27,711 [ERROR] LogOutputStream:75 - [STDERR_REDIRECT] 
2026-02-06 10:51:28,714 [ERROR] LogOutputStream:75 - [STDERR_REDIRECT] [Fatal Error] :1:1: Premature end of file.
2026-02-06 10:51:28,714 [ERROR] LogOutputStream:75 - [STDERR_REDIRECT] 
2026-02-06 10:51:29,726 [ERROR] LogOutputStream:75 - [STDERR_REDIRECT] [Fatal Error] :1:1: Premature end of file.
2026-02-06 10:51:29,726 [ERROR] LogOutputStream:75 - [STDERR_REDIRECT] 
2026-02-06 10:51:30,726 [ERROR] LogOutputStream:75 - [STDERR_REDIRECT] [Fatal Error] :1:1: Premature end of file.
2026-02-06 10:51:30,727 [ERROR] LogOutputStream:75 - [STDERR_REDIRECT] 
2026-02-06 10:51:31,726 [ERROR] LogOutputStream:75 - [STDERR_REDIRECT] [Fatal Error] :1:1: Premature end of file.
2026-02-06 10:51:31,726 [ERROR] LogOutputStream:75 - [STDERR_REDIRECT] 
2026-02-06 10:51:32,725 [ERROR] LogOutputStream:75 - [STDERR_REDIRECT] [Fatal Error] :1:1: Premature end of file.
2026-02-06 10:51:32,725 [ERROR] LogOutputStream:75 - [STDERR_REDIRECT] 
2026-02-06 10:51:33,730 [ERROR] LogOutputStream:75 - [STDERR_REDIRECT] [Fatal Error] :1:1: Premature end of file.
2026-02-06 10:51:33,730 [ERROR] LogOutputStream:75 - [STDERR_REDIRECT] 
2026-02-06 10:51:34,728 [ERROR] LogOutputStream:75 - [STDERR_REDIRECT] [Fatal Error] :1:1: Premature end of file.
2026-02-06 10:51:34,728 [ERROR] LogOutputStream:75 - [STDERR_REDIRECT] 
2026-02-06 10:51:35,725 [ERROR] LogOutputStream:75 - [STDERR_REDIRECT] [Fatal Error] :1:1: Premature end of file.
2026-02-06 10:51:35,725 [ERROR] LogOutputStream:75 - [STDERR_REDIRECT] 
2026-02-06 10:51:36,729 [ERROR] LogOutputStream:75 - [STDERR_REDIRECT] [Fatal Error] :1:1: Premature end of file.
2026-02-06 10:51:36,730 [ERROR] LogOutputStream:75 - [STDERR_REDIRECT] 
2026-02-06 10:51:37,730 [ERROR] LogOutputStream:75 - [STDERR_REDIRECT] [Fatal Error] :1:1: Premature end of file.
2026-02-06 10:51:37,730 [ERROR] LogOutputStream:75 - [STDERR_REDIRECT] 
2026-02-06 10:51:38,732 [ERROR] LogOutputStream:75 - [STDERR_REDIRECT] [Fatal Error] :1:1: Premature end of file.
2026-02-06 10:51:38,732 [ERROR] LogOutputStream:75 - [STDERR_REDIRECT] 
2026-02-06 10:51:39,726 [ERROR] LogOutputStream:75 - [STDERR_REDIRECT] [Fatal Error] :1:1: Premature end of file.
2026-02-06 10:51:39,726 [ERROR] LogOutputStream:75 - [STDERR_REDIRECT] 
2026-02-06 10:51:40,736 [ERROR] LogOutputStream:75 - [STDERR_REDIRECT] [Fatal Error] :1:1: Premature end of file.
2026-02-06 10:51:40,736 [ERROR] LogOutputStream:75 - [STDERR_REDIRECT] 
2026-02-06 10:51:41,729 [ERROR] LogOutputStream:75 - [STDERR_REDIRECT] [Fatal Error] :1:1: Premature end of file.
2026-02-06 10:51:41,730 [ERROR] LogOutputStream:75 - [STDERR_REDIRECT] 
2026-02-06 10:51:42,726 [ERROR] LogOutputStream:75 - [STDERR_REDIRECT] [Fatal Error] :1:1: Premature end of file.
2026-02-06 10:51:42,726 [ERROR] LogOutputStream:75 - [STDERR_REDIRECT] 
2026-02-06 10:51:43,721 [ERROR] LogOutputStream:75 - [STDERR_REDIRECT] [Fatal Error] :1:1: Premature end of file.
2026-02-06 10:51:43,722 [ERROR] LogOutputStream:75 - [STDERR_REDIRECT] 
2026-02-06 10:51:44,727 [ERROR] LogOutputStream:75 - [STDERR_REDIRECT] [Fatal Error] :1:1: Premature end of file.
2026-02-06 10:51:44,727 [ERROR] LogOutputStream:75 - [STDERR_REDIRECT] 
2026-02-06 10:51:45,722 [ERROR] LogOutputStream:75 - [STDERR_REDIRECT] [Fatal Error] :1:1: Premature end of file.
2026-02-06 10:51:45,723 [ERROR] LogOutputStream:75 - [STDERR_REDIRECT] 
2026-02-06 10:51:46,731 [ERROR] LogOutputStream:75 - [STDERR_REDIRECT] [Fatal Error] :1:1: Premature end of file.
2026-02-06 10:51:46,733 [ERROR] LogOutputStream:75 - [STDERR_REDIRECT] 
2026-02-06 10:51:47,724 [ERROR] LogOutputStream:75 - [STDERR_REDIRECT] [Fatal Error] :1:1: Premature end of file.
2026-02-06 10:51:47,724 [ERROR] LogOutputStream:75 - [STDERR_REDIRECT] 
2026-02-06 10:51:48,730 [ERROR] LogOutputStream:75 - [STDERR_REDIRECT] [Fatal Error] :1:1: Premature end of file.
2026-02-06 10:51:48,730 [ERROR] LogOutputStream:75 - [STDERR_REDIRECT] 
2026-02-06 10:51:49,727 [ERROR] LogOutputStream:75 - [STDERR_REDIRECT] [Fatal Error] :1:1: Premature end of file.
2026-02-06 10:51:49,727 [ERROR] LogOutputStream:75 - [STDERR_REDIRECT] 
2026-02-06 10:51:50,744 [ERROR] LogOutputStream:75 - [STDERR_REDIRECT] [Fatal Error] :1:1: Premature end of file.
2026-02-06 10:51:50,745 [ERROR] LogOutputStream:75 - [STDERR_REDIRECT] 
2026-02-06 10:51:51,730 [ERROR] LogOutputStream:75 - [STDERR_REDIRECT] [Fatal Error] :1:1: Premature end of file.
2026-02-06 10:51:51,731 [ERROR] LogOutputStream:75 - [STDERR_REDIRECT] 
2026-02-06 10:51:52,734 [ERROR] LogOutputStream:75 - [STDERR_REDIRECT] [Fatal Error] :1:1: Premature end of file.
2026-02-06 10:51:52,734 [ERROR] LogOutputStream:75 - [STDERR_REDIRECT] 
2026-02-06 10:51:53,731 [ERROR] LogOutputStream:75 - [STDERR_REDIRECT] [Fatal Error] :1:1: Premature end of file.
2026-02-06 10:51:53,731 [ERROR] LogOutputStream:75 - [STDERR_REDIRECT] 
2026-02-06 10:51:54,740 [ERROR] LogOutputStream:75 - [STDERR_REDIRECT] [Fatal Error] :1:1: Premature end of file.
2026-02-06 10:51:54,741 [ERROR] LogOutputStream:75 - [STDERR_REDIRECT] 
2026-02-06 10:51:55,723 [ERROR] LogOutputStream:75 - [STDERR_REDIRECT] [Fatal Error] :1:1: Premature end of file.
2026-02-06 10:51:55,723 [ERROR] LogOutputStream:75 - [STDERR_REDIRECT] 
2026-02-06 10:51:56,722 [ERROR] LogOutputStream:75 - [STDERR_REDIRECT] [Fatal Error] :1:1: Premature end of file.
2026-02-06 10:51:56,722 [ERROR] LogOutputStream:75 - [STDERR_REDIRECT] 
2026-02-06 10:51:57,725 [ERROR] LogOutputStream:75 - [STDERR_REDIRECT] [Fatal Error] :1:1: Premature end of file.
2026-02-06 10:51:57,726 [ERROR] LogOutputStream:75 - [STDERR_REDIRECT] 
2026-02-06 10:51:58,731 [ERROR] LogOutputStream:75 - [STDERR_REDIRECT] [Fatal Error] :1:1: Premature end of file.
2026-02-06 10:51:58,731 [ERROR] LogOutputStream:75 - [STDERR_REDIRECT] 
2026-02-06 10:51:59,734 [ERROR] LogOutputStream:75 - [STDERR_REDIRECT] [Fatal Error] :1:1: Premature end of file.
2026-02-06 10:51:59,734 [ERROR] LogOutputStream:75 - [STDERR_REDIRECT] 
2026-02-06 10:52:00,728 [ERROR] LogOutputStream:75 - [STDERR_REDIRECT] [Fatal Error] :1:1: Premature end of file.
2026-02-06 10:52:00,728 [ERROR] LogOutputStream:75 - [STDERR_REDIRECT] 
2026-02-06 10:52:01,726 [ERROR] LogOutputStream:75 - [STDERR_REDIRECT] [Fatal Error] :1:1: Premature end of file.
2026-02-06 10:52:01,726 [ERROR] LogOutputStream:75 - [STDERR_REDIRECT] 
2026-02-06 10:52:02,730 [ERROR] LogOutputStream:75 - [STDERR_REDIRECT] [Fatal Error] :1:1: Premature end of file.
2026-02-06 10:52:02,730 [ERROR] LogOutputStream:75 - [STDERR_REDIRECT] 
2026-02-06 10:52:03,722 [ERROR] LogOutputStream:75 - [STDERR_REDIRECT] [Fatal Error] :1:1: Premature end of file.
2026-02-06 10:52:03,722 [ERROR] LogOutputStream:75 - [STDERR_REDIRECT] 
2026-02-06 10:52:04,730 [ERROR] LogOutputStream:75 - [STDERR_REDIRECT] [Fatal Error] :1:1: Premature end of file.
2026-02-06 10:52:04,731 [ERROR] LogOutputStream:75 - [STDERR_REDIRECT] 
2026-02-06 10:52:05,729 [ERROR] LogOutputStream:75 - [STDERR_REDIRECT] [Fatal Error] :1:1: Premature end of file.
2026-02-06 10:52:05,730 [ERROR] LogOutputStream:75 - [STDERR_REDIRECT] 
2026-02-06 10:52:06,728 [ERROR] LogOutputStream:75 - [STDERR_REDIRECT] [Fatal Error] :1:1: Premature end of file.
2026-02-06 10:52:06,728 [ERROR] LogOutputStream:75 - [STDERR_REDIRECT] 
2026-02-06 10:52:07,723 [ERROR] LogOutputStream:75 - [STDERR_REDIRECT] [Fatal Error] :1:1: Premature end of file.
2026-02-06 10:52:07,724 [ERROR] LogOutputStream:75 - [STDERR_REDIRECT] 
2026-02-06 10:52:08,728 [ERROR] LogOutputStream:75 - [STDERR_REDIRECT] [Fatal Error] :1:1: Premature end of file.
2026-02-06 10:52:08,729 [ERROR] LogOutputStream:75 - [STDERR_REDIRECT] 
2026-02-06 10:52:09,739 [ERROR] LogOutputStream:75 - [STDERR_REDIRECT] [Fatal Error] :1:1: Premature end of file.
2026-02-06 10:52:09,739 [ERROR] LogOutputStream:75 - [STDERR_REDIRECT] 
2026-02-06 10:52:10,708 [ERROR] LogOutputStream:75 - [STDERR_REDIRECT] [Fatal Error] :1:1: Premature end of file.
2026-02-06 10:52:10,708 [ERROR] LogOutputStream:75 - [STDERR_REDIRECT] 
2026-02-06 10:52:11,709 [ERROR] LogOutputStream:75 - [STDERR_REDIRECT] [Fatal Error] :1:1: Premature end of file.
2026-02-06 10:52:11,710 [ERROR] LogOutputStream:75 - [STDERR_REDIRECT] 
2026-02-06 10:52:12,738 [ERROR] LogOutputStream:75 - [STDERR_REDIRECT] [Fatal Error] :1:1: Premature end of file.
2026-02-06 10:52:12,738 [ERROR] LogOutputStream:75 - [STDERR_REDIRECT] 
2026-02-06 10:52:13,736 [ERROR] LogOutputStream:75 - [STDERR_REDIRECT] [Fatal Error] :1:1: Premature end of file.
2026-02-06 10:52:13,736 [ERROR] LogOutputStream:75 - [STDERR_REDIRECT] 
2026-02-06 10:52:14,740 [ERROR] LogOutputStream:75 - [STDERR_REDIRECT] [Fatal Error] :1:1: Premature end of file.
2026-02-06 10:52:14,741 [ERROR] LogOutputStream:75 - [STDERR_REDIRECT] 
2026-02-06 10:52:15,725 [ERROR] LogOutputStream:75 - [STDERR_REDIRECT] [Fatal Error] :1:1: Premature end of file.
2026-02-06 10:52:15,725 [ERROR] LogOutputStream:75 - [STDERR_REDIRECT] 
2026-02-06 10:52:16,711 [ERROR] LogOutputStream:75 - [STDERR_REDIRECT] [Fatal Error] :1:1: Premature end of file.
2026-02-06 10:52:16,711 [ERROR] LogOutputStream:75 - [STDERR_REDIRECT] 
2026-02-06 10:52:17,747 [ERROR] LogOutputStream:75 - [STDERR_REDIRECT] [Fatal Error] :1:1: Premature end of file.
2026-02-06 10:52:17,748 [ERROR] LogOutputStream:75 - [STDERR_REDIRECT] 
2026-02-06 10:52:18,709 [ERROR] LogOutputStream:75 - [STDERR_REDIRECT] [Fatal Error] :1:1: Premature end of file.
2026-02-06 10:52:18,709 [ERROR] LogOutputStream:75 - [STDERR_REDIRECT] 
2026-02-06 10:52:19,740 [ERROR] LogOutputStream:75 - [STDERR_REDIRECT] [Fatal Error] :1:1: Premature end of file.
2026-02-06 10:52:19,740 [ERROR] LogOutputStream:75 - [STDERR_REDIRECT] 
2026-02-06 10:52:20,712 [ERROR] LogOutputStream:75 - [STDERR_REDIRECT] [Fatal Error] :1:1: Premature end of file.
2026-02-06 10:52:20,713 [ERROR] LogOutputStream:75 - [STDERR_REDIRECT] 
2026-02-06 10:52:21,728 [ERROR] LogOutputStream:75 - [STDERR_REDIRECT] [Fatal Error] :1:1: Premature end of file.
2026-02-06 10:52:21,728 [ERROR] LogOutputStream:75 - [STDERR_REDIRECT] 
2026-02-06 10:52:22,731 [ERROR] LogOutputStream:75 - [STDERR_REDIRECT] [Fatal Error] :1:1: Premature end of file.
2026-02-06 10:52:22,731 [ERROR] LogOutputStream:75 - [STDERR_REDIRECT] 
2026-02-06 10:52:23,732 [ERROR] LogOutputStream:75 - [STDERR_REDIRECT] [Fatal Error] :1:1: Premature end of file.
2026-02-06 10:52:23,732 [ERROR] LogOutputStream:75 - [STDERR_REDIRECT] 
2026-02-06 10:52:24,724 [ERROR] LogOutputStream:75 - [STDERR_REDIRECT] [Fatal Error] :1:1: Premature end of file.
2026-02-06 10:52:24,724 [ERROR] LogOutputStream:75 - [STDERR_REDIRECT] 
2026-02-06 10:52:25,727 [ERROR] LogOutputStream:75 - [STDERR_REDIRECT] [Fatal Error] :1:1: Premature end of file.
2026-02-06 10:52:25,727 [ERROR] LogOutputStream:75 - [STDERR_REDIRECT] 
2026-02-06 10:52:26,725 [ERROR] LogOutputStream:75 - [STDERR_REDIRECT] [Fatal Error] :1:1: Premature end of file.
2026-02-06 10:52:26,725 [ERROR] LogOutputStream:75 - [STDERR_REDIRECT] 
2026-02-06 10:52:27,724 [ERROR] LogOutputStream:75 - [STDERR_REDIRECT] [Fatal Error] :1:1: Premature end of file.
2026-02-06 10:52:27,725 [ERROR] LogOutputStream:75 - [STDERR_REDIRECT] 
2026-02-06 10:52:28,724 [ERROR] LogOutputStream:75 - [STDERR_REDIRECT] [Fatal Error] :1:1: Premature end of file.
2026-02-06 10:52:28,724 [ERROR] LogOutputStream:75 - [STDERR_REDIRECT] 
2026-02-06 10:52:29,729 [ERROR] LogOutputStream:75 - [STDERR_REDIRECT] [Fatal Error] :1:1: Premature end of file.
2026-02-06 10:52:29,729 [ERROR] LogOutputStream:75 - [STDERR_REDIRECT] 
2026-02-06 10:52:30,733 [ERROR] LogOutputStream:75 - [STDERR_REDIRECT] [Fatal Error] :1:1: Premature end of file.
2026-02-06 10:52:30,734 [ERROR] LogOutputStream:75 - [STDERR_REDIRECT] 
2026-02-06 10:52:31,728 [ERROR] LogOutputStream:75 - [STDERR_REDIRECT] [Fatal Error] :1:1: Premature end of file.
2026-02-06 10:52:31,728 [ERROR] LogOutputStream:75 - [STDERR_REDIRECT] 
2026-02-06 10:52:32,730 [ERROR] LogOutputStream:75 - [STDERR_REDIRECT] [Fatal Error] :1:1: Premature end of file.
2026-02-06 10:52:32,731 [ERROR] LogOutputStream:75 - [STDERR_REDIRECT] 
2026-02-06 10:52:33,731 [ERROR] LogOutputStream:75 - [STDERR_REDIRECT] [Fatal Error] :1:1: Premature end of file.
2026-02-06 10:52:33,731 [ERROR] LogOutputStream:75 - [STDERR_REDIRECT] 
2026-02-06 10:52:34,727 [ERROR] LogOutputStream:75 - [STDERR_REDIRECT] [Fatal Error] :1:1: Premature end of file.
2026-02-06 10:52:34,727 [ERROR] LogOutputStream:75 - [STDERR_REDIRECT] 
2026-02-06 10:52:35,705 [ERROR] LogOutputStream:75 - [STDERR_REDIRECT] [Fatal Error] :1:1: Premature end of file.
2026-02-06 10:52:35,706 [ERROR] LogOutputStream:75 - [STDERR_REDIRECT] 
2026-02-06 10:52:36,723 [ERROR] LogOutputStream:75 - [STDERR_REDIRECT] [Fatal Error] :1:1: Premature end of file.
2026-02-06 10:52:36,723 [ERROR] LogOutputStream:75 - [STDERR_REDIRECT] 
2026-02-06 10:52:37,726 [ERROR] LogOutputStream:75 - [STDERR_REDIRECT] [Fatal Error] :1:1: Premature end of file.
2026-02-06 10:52:37,726 [ERROR] LogOutputStream:75 - [STDERR_REDIRECT] 
2026-02-06 10:52:38,726 [ERROR] LogOutputStream:75 - [STDERR_REDIRECT] [Fatal Error] :1:1: Premature end of file.
2026-02-06 10:52:38,727 [ERROR] LogOutputStream:75 - [STDERR_REDIRECT] 
2026-02-06 10:52:39,728 [ERROR] LogOutputStream:75 - [STDERR_REDIRECT] [Fatal Error] :1:1: Premature end of file.
2026-02-06 10:52:39,728 [ERROR] LogOutputStream:75 - [STDERR_REDIRECT] 
2026-02-06 10:52:40,741 [ERROR] LogOutputStream:75 - [STDERR_REDIRECT] [Fatal Error] :1:1: Premature end of file.
2026-02-06 10:52:40,742 [ERROR] LogOutputStream:75 - [STDERR_REDIRECT] 
2026-02-06 10:52:41,730 [ERROR] LogOutputStream:75 - [STDERR_REDIRECT] [Fatal Error] :1:1: Premature end of file.
2026-02-06 10:52:41,731 [ERROR] LogOutputStream:75 - [STDERR_REDIRECT] 
2026-02-06 10:52:42,731 [ERROR] LogOutputStream:75 - [STDERR_REDIRECT] [Fatal Error] :1:1: Premature end of file.
2026-02-06 10:52:42,731 [ERROR] LogOutputStream:75 - [STDERR_REDIRECT] 
2026-02-06 10:52:43,729 [ERROR] LogOutputStream:75 - [STDERR_REDIRECT] [Fatal Error] :1:1: Premature end of file.
2026-02-06 10:52:43,729 [ERROR] LogOutputStream:75 - [STDERR_REDIRECT] 
2026-02-06 10:52:44,727 [ERROR] LogOutputStream:75 - [STDERR_REDIRECT] [Fatal Error] :1:1: Premature end of file.
2026-02-06 10:52:44,727 [ERROR] LogOutputStream:75 - [STDERR_REDIRECT] 
2026-02-06 10:52:45,723 [ERROR] LogOutputStream:75 - [STDERR_REDIRECT] [Fatal Error] :1:1: Premature end of file.
2026-02-06 10:52:45,723 [ERROR] LogOutputStream:75 - [STDERR_REDIRECT] 
2026-02-06 10:52:46,719 [ERROR] LogOutputStream:75 - [STDERR_REDIRECT] [Fatal Error] :1:1: Premature end of file.
2026-02-06 10:52:46,719 [ERROR] LogOutputStream:75 - [STDERR_REDIRECT] 
2026-02-06 10:52:47,729 [ERROR] LogOutputStream:75 - [STDERR_REDIRECT] [Fatal Error] :1:1: Premature end of file.
2026-02-06 10:52:47,729 [ERROR] LogOutputStream:75 - [STDERR_REDIRECT] 
2026-02-06 10:52:48,732 [ERROR] LogOutputStream:75 - [STDERR_REDIRECT] [Fatal Error] :1:1: Premature end of file.
2026-02-06 10:52:48,732 [ERROR] LogOutputStream:75 - [STDERR_REDIRECT] 
2026-02-06 10:52:49,727 [ERROR] LogOutputStream:75 - [STDERR_REDIRECT] [Fatal Error] :1:1: Premature end of file.
2026-02-06 10:52:49,727 [ERROR] LogOutputStream:75 - [STDERR_REDIRECT] 
2026-02-06 10:52:50,724 [ERROR] LogOutputStream:75 - [STDERR_REDIRECT] [Fatal Error] :1:1: Premature end of file.
2026-02-06 10:52:50,725 [ERROR] LogOutputStream:75 - [STDERR_REDIRECT] 
2026-02-06 10:52:51,731 [ERROR] LogOutputStream:75 - [STDERR_REDIRECT] [Fatal Error] :1:1: Premature end of file.
2026-02-06 10:52:51,731 [ERROR] LogOutputStream:75 - [STDERR_REDIRECT] 
2026-02-06 10:52:52,731 [ERROR] LogOutputStream:75 - [STDERR_REDIRECT] [Fatal Error] :1:1: Premature end of file.
2026-02-06 10:52:52,732 [ERROR] LogOutputStream:75 - [STDERR_REDIRECT] 
2026-02-06 10:52:53,728 [ERROR] LogOutputStream:75 - [STDERR_REDIRECT] [Fatal Error] :1:1: Premature end of file.
2026-02-06 10:52:53,728 [ERROR] LogOutputStream:75 - [STDERR_REDIRECT] 
2026-02-06 10:52:54,727 [ERROR] LogOutputStream:75 - [STDERR_REDIRECT] [Fatal Error] :1:1: Premature end of file.
2026-02-06 10:52:54,728 [ERROR] LogOutputStream:75 - [STDERR_REDIRECT] 
2026-02-06 10:52:55,720 [ERROR] LogOutputStream:75 - [STDERR_REDIRECT] [Fatal Error] :1:1: Premature end of file.
2026-02-06 10:52:55,720 [ERROR] LogOutputStream:75 - [STDERR_REDIRECT] 
2026-02-06 10:52:56,725 [ERROR] LogOutputStream:75 - [STDERR_REDIRECT] [Fatal Error] :1:1: Premature end of file.
2026-02-06 10:52:56,725 [ERROR] LogOutputStream:75 - [STDERR_REDIRECT] 
2026-02-06 10:52:57,728 [ERROR] LogOutputStream:75 - [STDERR_REDIRECT] [Fatal Error] :1:1: Premature end of file.
2026-02-06 10:52:57,728 [ERROR] LogOutputStream:75 - [STDERR_REDIRECT] 
2026-02-06 10:52:58,720 [ERROR] LogOutputStream:75 - [STDERR_REDIRECT] [Fatal Error] :1:1: Premature end of file.
2026-02-06 10:52:58,721 [ERROR] LogOutputStream:75 - [STDERR_REDIRECT] 
2026-02-06 10:52:59,731 [ERROR] LogOutputStream:75 - [STDERR_REDIRECT] [Fatal Error] :1:1: Premature end of file.
2026-02-06 10:52:59,732 [ERROR] LogOutputStream:75 - [STDERR_REDIRECT] 
2026-02-06 10:53:00,725 [ERROR] LogOutputStream:75 - [STDERR_REDIRECT] [Fatal Error] :1:1: Premature end of file.
2026-02-06 10:53:00,725 [ERROR] LogOutputStream:75 - [STDERR_REDIRECT] 
2026-02-06 10:53:01,734 [ERROR] LogOutputStream:75 - [STDERR_REDIRECT] [Fatal Error] :1:1: Premature end of file.
2026-02-06 10:53:01,734 [ERROR] LogOutputStream:75 - [STDERR_REDIRECT] 
2026-02-06 10:53:02,728 [ERROR] LogOutputStream:75 - [STDERR_REDIRECT] [Fatal Error] :1:1: Premature end of file.
2026-02-06 10:53:02,728 [ERROR] LogOutputStream:75 - [STDERR_REDIRECT] 
2026-02-06 10:53:03,735 [ERROR] LogOutputStream:75 - [STDERR_REDIRECT] [Fatal Error] :1:1: Premature end of file.
2026-02-06 10:53:03,736 [ERROR] LogOutputStream:75 - [STDERR_REDIRECT] 
2026-02-06 10:53:04,726 [ERROR] LogOutputStream:75 - [STDERR_REDIRECT] [Fatal Error] :1:1: Premature end of file.
2026-02-06 10:53:04,727 [ERROR] LogOutputStream:75 - [STDERR_REDIRECT] 
2026-02-06 10:53:05,721 [ERROR] LogOutputStream:75 - [STDERR_REDIRECT] [Fatal Error] :1:1: Premature end of file.
2026-02-06 10:53:05,721 [ERROR] LogOutputStream:75 - [STDERR_REDIRECT] 
2026-02-06 10:53:06,724 [ERROR] LogOutputStream:75 - [STDERR_REDIRECT] [Fatal Error] :1:1: Premature end of file.
2026-02-06 10:53:06,726 [ERROR] LogOutputStream:75 - [STDERR_REDIRECT] 
2026-02-06 10:53:07,717 [ERROR] LogOutputStream:75 - [STDERR_REDIRECT] [Fatal Error] :1:1: Premature end of file.
2026-02-06 10:53:07,717 [ERROR] LogOutputStream:75 - [STDERR_REDIRECT] 
2026-02-06 10:53:08,731 [ERROR] LogOutputStream:75 - [STDERR_REDIRECT] [Fatal Error] :1:1: Premature end of file.
2026-02-06 10:53:08,731 [ERROR] LogOutputStream:75 - [STDERR_REDIRECT] 
2026-02-06 10:53:09,726 [ERROR] LogOutputStream:75 - [STDERR_REDIRECT] [Fatal Error] :1:1: Premature end of file.
2026-02-06 10:53:09,727 [ERROR] LogOutputStream:75 - [STDERR_REDIRECT] 
2026-02-06 10:53:10,726 [ERROR] LogOutputStream:75 - [STDERR_REDIRECT] [Fatal Error] :1:1: Premature end of file.
2026-02-06 10:53:10,726 [ERROR] LogOutputStream:75 - [STDERR_REDIRECT] 
2026-02-06 10:53:11,721 [ERROR] LogOutputStream:75 - [STDERR_REDIRECT] [Fatal Error] :1:1: Premature end of file.
2026-02-06 10:53:11,721 [ERROR] LogOutputStream:75 - [STDERR_REDIRECT] 
2026-02-06 10:53:12,726 [ERROR] LogOutputStream:75 - [STDERR_REDIRECT] [Fatal Error] :1:1: Premature end of file.
2026-02-06 10:53:12,726 [ERROR] LogOutputStream:75 - [STDERR_REDIRECT] 
2026-02-06 10:53:13,725 [ERROR] LogOutputStream:75 - [STDERR_REDIRECT] [Fatal Error] :1:1: Premature end of file.
2026-02-06 10:53:13,726 [ERROR] LogOutputStream:75 - [STDERR_REDIRECT] 
2026-02-06 10:53:14,725 [ERROR] LogOutputStream:75 - [STDERR_REDIRECT] [Fatal Error] :1:1: Premature end of file.
2026-02-06 10:53:14,725 [ERROR] LogOutputStream:75 - [STDERR_REDIRECT] 
2026-02-06 10:53:15,724 [ERROR] LogOutputStream:75 - [STDERR_REDIRECT] [Fatal Error] :1:1: Premature end of file.
2026-02-06 10:53:15,724 [ERROR] LogOutputStream:75 - [STDERR_REDIRECT] 
2026-02-06 10:53:16,724 [ERROR] LogOutputStream:75 - [STDERR_REDIRECT] [Fatal Error] :1:1: Premature end of file.
2026-02-06 10:53:16,724 [ERROR] LogOutputStream:75 - [STDERR_REDIRECT] 
2026-02-06 10:53:17,731 [ERROR] LogOutputStream:75 - [STDERR_REDIRECT] [Fatal Error] :1:1: Premature end of file.
2026-02-06 10:53:17,731 [ERROR] LogOutputStream:75 - [STDERR_REDIRECT] 
2026-02-06 10:53:18,723 [ERROR] LogOutputStream:75 - [STDERR_REDIRECT] [Fatal Error] :1:1: Premature end of file.
2026-02-06 10:53:18,723 [ERROR] LogOutputStream:75 - [STDERR_REDIRECT] 
2026-02-06 10:53:19,721 [ERROR] LogOutputStream:75 - [STDERR_REDIRECT] [Fatal Error] :1:1: Premature end of file.
2026-02-06 10:53:19,721 [ERROR] LogOutputStream:75 - [STDERR_REDIRECT] 
2026-02-06 10:53:20,722 [ERROR] LogOutputStream:75 - [STDERR_REDIRECT] [Fatal Error] :1:1: Premature end of file.
2026-02-06 10:53:20,722 [ERROR] LogOutputStream:75 - [STDERR_REDIRECT] 
2026-02-06 10:53:21,721 [ERROR] LogOutputStream:75 - [STDERR_REDIRECT] [Fatal Error] :1:1: Premature end of file.
2026-02-06 10:53:21,721 [ERROR] LogOutputStream:75 - [STDERR_REDIRECT] 
2026-02-06 10:53:22,723 [ERROR] LogOutputStream:75 - [STDERR_REDIRECT] [Fatal Error] :1:1: Premature end of file.
2026-02-06 10:53:22,723 [ERROR] LogOutputStream:75 - [STDERR_REDIRECT] 
2026-02-06 10:53:23,727 [ERROR] LogOutputStream:75 - [STDERR_REDIRECT] [Fatal Error] :1:1: Premature end of file.
2026-02-06 10:53:23,727 [ERROR] LogOutputStream:75 - [STDERR_REDIRECT] 
2026-02-06 10:53:24,722 [ERROR] LogOutputStream:75 - [STDERR_REDIRECT] [Fatal Error] :1:1: Premature end of file.
2026-02-06 10:53:24,722 [ERROR] LogOutputStream:75 - [STDERR_REDIRECT] 
2026-02-06 10:53:25,724 [ERROR] LogOutputStream:75 - [STDERR_REDIRECT] [Fatal Error] :1:1: Premature end of file.
2026-02-06 10:53:25,725 [ERROR] LogOutputStream:75 - [STDERR_REDIRECT] 
2026-02-06 10:53:26,724 [ERROR] LogOutputStream:75 - [STDERR_REDIRECT] [Fatal Error] :1:1: Premature end of file.
2026-02-06 10:53:26,726 [ERROR] LogOutputStream:75 - [STDERR_REDIRECT] 
2026-02-06 10:53:27,727 [ERROR] LogOutputStream:75 - [STDERR_REDIRECT] [Fatal Error] :1:1: Premature end of file.
2026-02-06 10:53:27,728 [ERROR] LogOutputStream:75 - [STDERR_REDIRECT] 
2026-02-06 10:53:28,728 [ERROR] LogOutputStream:75 - [STDERR_REDIRECT] [Fatal Error] :1:1: Premature end of file.
2026-02-06 10:53:28,728 [ERROR] LogOutputStream:75 - [STDERR_REDIRECT] 
2026-02-06 10:53:29,743 [ERROR] LogOutputStream:75 - [STDERR_REDIRECT] [Fatal Error] :1:1: Premature end of file.
2026-02-06 10:53:29,743 [ERROR] LogOutputStream:75 - [STDERR_REDIRECT] 
2026-02-06 10:53:30,724 [ERROR] LogOutputStream:75 - [STDERR_REDIRECT] [Fatal Error] :1:1: Premature end of file.
2026-02-06 10:53:30,724 [ERROR] LogOutputStream:75 - [STDERR_REDIRECT] 
2026-02-06 10:53:31,722 [ERROR] LogOutputStream:75 - [STDERR_REDIRECT] [Fatal Error] :1:1: Premature end of file.
2026-02-06 10:53:31,723 [ERROR] LogOutputStream:75 - [STDERR_REDIRECT] 
2026-02-06 10:53:32,729 [ERROR] LogOutputStream:75 - [STDERR_REDIRECT] [Fatal Error] :1:1: Premature end of file.
2026-02-06 10:53:32,729 [ERROR] LogOutputStream:75 - [STDERR_REDIRECT] 
2026-02-06 10:53:33,724 [ERROR] LogOutputStream:75 - [STDERR_REDIRECT] [Fatal Error] :1:1: Premature end of file.
2026-02-06 10:53:33,724 [ERROR] LogOutputStream:75 - [STDERR_REDIRECT] 
2026-02-06 10:53:34,723 [ERROR] LogOutputStream:75 - [STDERR_REDIRECT] [Fatal Error] :1:1: Premature end of file.
2026-02-06 10:53:34,723 [ERROR] LogOutputStream:75 - [STDERR_REDIRECT] 
2026-02-06 10:53:35,725 [ERROR] LogOutputStream:75 - [STDERR_REDIRECT] [Fatal Error] :1:1: Premature end of file.
2026-02-06 10:53:35,725 [ERROR] LogOutputStream:75 - [STDERR_REDIRECT] 
2026-02-06 10:53:36,723 [ERROR] LogOutputStream:75 - [STDERR_REDIRECT] [Fatal Error] :1:1: Premature end of file.
2026-02-06 10:53:36,723 [ERROR] LogOutputStream:75 - [STDERR_REDIRECT] 
2026-02-06 10:53:37,727 [ERROR] LogOutputStream:75 - [STDERR_REDIRECT] [Fatal Error] :1:1: Premature end of file.
2026-02-06 10:53:37,727 [ERROR] LogOutputStream:75 - [STDERR_REDIRECT] 
2026-02-06 10:53:38,724 [ERROR] LogOutputStream:75 - [STDERR_REDIRECT] [Fatal Error] :1:1: Premature end of file.
2026-02-06 10:53:38,724 [ERROR] LogOutputStream:75 - [STDERR_REDIRECT] 
2026-02-06 10:53:39,721 [ERROR] LogOutputStream:75 - [STDERR_REDIRECT] [Fatal Error] :1:1: Premature end of file.
2026-02-06 10:53:39,722 [ERROR] LogOutputStream:75 - [STDERR_REDIRECT] 
2026-02-06 10:53:40,731 [ERROR] LogOutputStream:75 - [STDERR_REDIRECT] [Fatal Error] :1:1: Premature end of file.
2026-02-06 10:53:40,731 [ERROR] LogOutputStream:75 - [STDERR_REDIRECT] 
2026-02-06 10:53:41,741 [ERROR] LogOutputStream:75 - [STDERR_REDIRECT] [Fatal Error] :1:1: Premature end of file.
2026-02-06 10:53:41,741 [ERROR] LogOutputStream:75 - [STDERR_REDIRECT] 
2026-02-06 10:53:42,727 [ERROR] LogOutputStream:75 - [STDERR_REDIRECT] [Fatal Error] :1:1: Premature end of file.
2026-02-06 10:53:42,727 [ERROR] LogOutputStream:75 - [STDERR_REDIRECT] 
2026-02-06 10:53:43,725 [ERROR] LogOutputStream:75 - [STDERR_REDIRECT] [Fatal Error] :1:1: Premature end of file.
2026-02-06 10:53:43,725 [ERROR] LogOutputStream:75 - [STDERR_REDIRECT] 
2026-02-06 10:53:44,724 [ERROR] LogOutputStream:75 - [STDERR_REDIRECT] [Fatal Error] :1:1: Premature end of file.
2026-02-06 10:53:44,725 [ERROR] LogOutputStream:75 - [STDERR_REDIRECT] 
2026-02-06 10:53:45,730 [ERROR] LogOutputStream:75 - [STDERR_REDIRECT] [Fatal Error] :1:1: Premature end of file.
2026-02-06 10:53:45,730 [ERROR] LogOutputStream:75 - [STDERR_REDIRECT] 
2026-02-06 10:53:46,724 [ERROR] LogOutputStream:75 - [STDERR_REDIRECT] [Fatal Error] :1:1: Premature end of file.
2026-02-06 10:53:46,724 [ERROR] LogOutputStream:75 - [STDERR_REDIRECT] 
2026-02-06 10:53:47,738 [ERROR] LogOutputStream:75 - [STDERR_REDIRECT] [Fatal Error] :1:1: Premature end of file.
2026-02-06 10:53:47,739 [ERROR] LogOutputStream:75 - [STDERR_REDIRECT] 
2026-02-06 10:53:48,702 [ERROR] LogOutputStream:75 - [STDERR_REDIRECT] [Fatal Error] :1:1: Premature end of file.
2026-02-06 10:53:48,702 [ERROR] LogOutputStream:75 - [STDERR_REDIRECT] 
2026-02-06 10:53:49,735 [ERROR] LogOutputStream:75 - [STDERR_REDIRECT] [Fatal Error] :1:1: Premature end of file.
2026-02-06 10:53:49,735 [ERROR] LogOutputStream:75 - [STDERR_REDIRECT] 
2026-02-06 10:53:50,729 [ERROR] LogOutputStream:75 - [STDERR_REDIRECT] [Fatal Error] :1:1: Premature end of file.
2026-02-06 10:53:50,729 [ERROR] LogOutputStream:75 - [STDERR_REDIRECT] 
2026-02-06 10:53:51,717 [ERROR] LogOutputStream:75 - [STDERR_REDIRECT] [Fatal Error] :1:1: Premature end of file.
2026-02-06 10:53:51,718 [ERROR] LogOutputStream:75 - [STDERR_REDIRECT] 
2026-02-06 10:53:52,729 [ERROR] LogOutputStream:75 - [STDERR_REDIRECT] [Fatal Error] :1:1: Premature end of file.
2026-02-06 10:53:52,730 [ERROR] LogOutputStream:75 - [STDERR_REDIRECT] 
2026-02-06 10:53:53,726 [ERROR] LogOutputStream:75 - [STDERR_REDIRECT] [Fatal Error] :1:1: Premature end of file.
2026-02-06 10:53:53,726 [ERROR] LogOutputStream:75 - [STDERR_REDIRECT] 
2026-02-06 10:53:54,736 [ERROR] LogOutputStream:75 - [STDERR_REDIRECT] [Fatal Error] :1:1: Premature end of file.
2026-02-06 10:53:54,736 [ERROR] LogOutputStream:75 - [STDERR_REDIRECT] 
2026-02-06 10:53:55,728 [ERROR] LogOutputStream:75 - [STDERR_REDIRECT] [Fatal Error] :1:1: Premature end of file.
2026-02-06 10:53:55,728 [ERROR] LogOutputStream:75 - [STDERR_REDIRECT] 
2026-02-06 10:53:56,727 [ERROR] LogOutputStream:75 - [STDERR_REDIRECT] [Fatal Error] :1:1: Premature end of file.
2026-02-06 10:53:56,727 [ERROR] LogOutputStream:75 - [STDERR_REDIRECT] 
2026-02-06 10:53:57,723 [ERROR] LogOutputStream:75 - [STDERR_REDIRECT] [Fatal Error] :1:1: Premature end of file.
2026-02-06 10:53:57,723 [ERROR] LogOutputStream:75 - [STDERR_REDIRECT] 
2026-02-06 10:53:58,718 [ERROR] LogOutputStream:75 - [STDERR_REDIRECT] [Fatal Error] :1:1: Premature end of file.
2026-02-06 10:53:58,718 [ERROR] LogOutputStream:75 - [STDERR_REDIRECT] 
2026-02-06 10:53:59,723 [ERROR] LogOutputStream:75 - [STDERR_REDIRECT] [Fatal Error] :1:1: Premature end of file.
2026-02-06 10:53:59,724 [ERROR] LogOutputStream:75 - [STDERR_REDIRECT] 
2026-02-06 10:54:00,728 [ERROR] LogOutputStream:75 - [STDERR_REDIRECT] [Fatal Error] :1:1: Premature end of file.
2026-02-06 10:54:00,728 [ERROR] LogOutputStream:75 - [STDERR_REDIRECT] 
2026-02-06 10:54:01,721 [ERROR] LogOutputStream:75 - [STDERR_REDIRECT] [Fatal Error] :1:1: Premature end of file.
2026-02-06 10:54:01,721 [ERROR] LogOutputStream:75 - [STDERR_REDIRECT] 
2026-02-06 10:54:02,707 [ERROR] LogOutputStream:75 - [STDERR_REDIRECT] [Fatal Error] :1:1: Premature end of file.
2026-02-06 10:54:02,708 [ERROR] LogOutputStream:75 - [STDERR_REDIRECT] 
2026-02-06 10:54:03,722 [ERROR] LogOutputStream:75 - [STDERR_REDIRECT] [Fatal Error] :1:1: Premature end of file.
2026-02-06 10:54:03,722 [ERROR] LogOutputStream:75 - [STDERR_REDIRECT] 
2026-02-06 10:54:04,714 [ERROR] LogOutputStream:75 - [STDERR_REDIRECT] [Fatal Error] :1:1: Premature end of file.
2026-02-06 10:54:04,714 [ERROR] LogOutputStream:75 - [STDERR_REDIRECT] 
2026-02-06 10:54:05,733 [ERROR] LogOutputStream:75 - [STDERR_REDIRECT] [Fatal Error] :1:1: Premature end of file.
2026-02-06 10:54:05,734 [ERROR] LogOutputStream:75 - [STDERR_REDIRECT] 
2026-02-06 10:54:06,722 [ERROR] LogOutputStream:75 - [STDERR_REDIRECT] [Fatal Error] :1:1: Premature end of file.
2026-02-06 10:54:06,722 [ERROR] LogOutputStream:75 - [STDERR_REDIRECT] 
2026-02-06 10:54:07,731 [ERROR] LogOutputStream:75 - [STDERR_REDIRECT] [Fatal Error] :1:1: Premature end of file.
2026-02-06 10:54:07,731 [ERROR] LogOutputStream:75 - [STDERR_REDIRECT] 
2026-02-06 10:54:08,730 [ERROR] LogOutputStream:75 - [STDERR_REDIRECT] [Fatal Error] :1:1: Premature end of file.
2026-02-06 10:54:08,730 [ERROR] LogOutputStream:75 - [STDERR_REDIRECT] 
2026-02-06 10:54:09,726 [ERROR] LogOutputStream:75 - [STDERR_REDIRECT] [Fatal Error] :1:1: Premature end of file.
2026-02-06 10:54:09,726 [ERROR] LogOutputStream:75 - [STDERR_REDIRECT] 
2026-02-06 10:54:10,721 [ERROR] LogOutputStream:75 - [STDERR_REDIRECT] [Fatal Error] :1:1: Premature end of file.
2026-02-06 10:54:10,722 [ERROR] LogOutputStream:75 - [STDERR_REDIRECT] 
2026-02-06 10:54:11,727 [ERROR] LogOutputStream:75 - [STDERR_REDIRECT] [Fatal Error] :1:1: Premature end of file.
2026-02-06 10:54:11,727 [ERROR] LogOutputStream:75 - [STDERR_REDIRECT] 
2026-02-06 10:54:12,722 [ERROR] LogOutputStream:75 - [STDERR_REDIRECT] [Fatal Error] :1:1: Premature end of file.
2026-02-06 10:54:12,722 [ERROR] LogOutputStream:75 - [STDERR_REDIRECT] 
2026-02-06 10:54:13,729 [ERROR] LogOutputStream:75 - [STDERR_REDIRECT] [Fatal Error] :1:1: Premature end of file.
2026-02-06 10:54:13,729 [ERROR] LogOutputStream:75 - [STDERR_REDIRECT] 
2026-02-06 10:54:14,730 [ERROR] LogOutputStream:75 - [STDERR_REDIRECT] [Fatal Error] :1:1: Premature end of file.
2026-02-06 10:54:14,730 [ERROR] LogOutputStream:75 - [STDERR_REDIRECT] 
2026-02-06 10:54:15,722 [ERROR] LogOutputStream:75 - [STDERR_REDIRECT] [Fatal Error] :1:1: Premature end of file.
2026-02-06 10:54:15,722 [ERROR] LogOutputStream:75 - [STDERR_REDIRECT] 
2026-02-06 10:54:16,721 [ERROR] LogOutputStream:75 - [STDERR_REDIRECT] [Fatal Error] :1:1: Premature end of file.
2026-02-06 10:54:16,721 [ERROR] LogOutputStream:75 - [STDERR_REDIRECT] 
2026-02-06 10:54:17,722 [ERROR] LogOutputStream:75 - [STDERR_REDIRECT] [Fatal Error] :1:1: Premature end of file.
2026-02-06 10:54:17,722 [ERROR] LogOutputStream:75 - [STDERR_REDIRECT] 
2026-02-06 10:54:18,728 [ERROR] LogOutputStream:75 - [STDERR_REDIRECT] [Fatal Error] :1:1: Premature end of file.
2026-02-06 10:54:18,728 [ERROR] LogOutputStream:75 - [STDERR_REDIRECT] 
2026-02-06 10:54:19,721 [ERROR] LogOutputStream:75 - [STDERR_REDIRECT] [Fatal Error] :1:1: Premature end of file.
2026-02-06 10:54:19,721 [ERROR] LogOutputStream:75 - [STDERR_REDIRECT] 
2026-02-06 10:54:20,730 [ERROR] LogOutputStream:75 - [STDERR_REDIRECT] [Fatal Error] :1:1: Premature end of file.
2026-02-06 10:54:20,730 [ERROR] LogOutputStream:75 - [STDERR_REDIRECT] 
2026-02-06 10:54:21,727 [ERROR] LogOutputStream:75 - [STDERR_REDIRECT] [Fatal Error] :1:1: Premature end of file.
2026-02-06 10:54:21,727 [ERROR] LogOutputStream:75 - [STDERR_REDIRECT] 
2026-02-06 10:54:22,733 [ERROR] LogOutputStream:75 - [STDERR_REDIRECT] [Fatal Error] :1:1: Premature end of file.
2026-02-06 10:54:22,733 [ERROR] LogOutputStream:75 - [STDERR_REDIRECT] 
2026-02-06 10:54:23,732 [ERROR] LogOutputStream:75 - [STDERR_REDIRECT] [Fatal Error] :1:1: Premature end of file.
2026-02-06 10:54:23,732 [ERROR] LogOutputStream:75 - [STDERR_REDIRECT] 
2026-02-06 10:54:24,727 [ERROR] LogOutputStream:75 - [STDERR_REDIRECT] [Fatal Error] :1:1: Premature end of file.
2026-02-06 10:54:24,729 [ERROR] LogOutputStream:75 - [STDERR_REDIRECT] 
2026-02-06 10:54:25,721 [ERROR] LogOutputStream:75 - [STDERR_REDIRECT] [Fatal Error] :1:1: Premature end of file.
2026-02-06 10:54:25,721 [ERROR] LogOutputStream:75 - [STDERR_REDIRECT] 
2026-02-06 10:54:26,711 [ERROR] LogOutputStream:75 - [STDERR_REDIRECT] [Fatal Error] :1:1: Premature end of file.
2026-02-06 10:54:26,711 [ERROR] LogOutputStream:75 - [STDERR_REDIRECT] 
2026-02-06 10:54:27,726 [ERROR] LogOutputStream:75 - [STDERR_REDIRECT] [Fatal Error] :1:1: Premature end of file.
2026-02-06 10:54:27,726 [ERROR] LogOutputStream:75 - [STDERR_REDIRECT] 
2026-02-06 10:54:28,730 [ERROR] LogOutputStream:75 - [STDERR_REDIRECT] [Fatal Error] :1:1: Premature end of file.
2026-02-06 10:54:28,730 [ERROR] LogOutputStream:75 - [STDERR_REDIRECT] 
2026-02-06 10:54:29,730 [ERROR] LogOutputStream:75 - [STDERR_REDIRECT] [Fatal Error] :1:1: Premature end of file.
2026-02-06 10:54:29,731 [ERROR] LogOutputStream:75 - [STDERR_REDIRECT] 
2026-02-06 10:54:30,731 [ERROR] LogOutputStream:75 - [STDERR_REDIRECT] [Fatal Error] :1:1: Premature end of file.
2026-02-06 10:54:30,731 [ERROR] LogOutputStream:75 - [STDERR_REDIRECT] 
2026-02-06 10:54:31,732 [ERROR] LogOutputStream:75 - [STDERR_REDIRECT] [Fatal Error] :1:1: Premature end of file.
2026-02-06 10:54:31,732 [ERROR] LogOutputStream:75 - [STDERR_REDIRECT] 
2026-02-06 10:54:32,720 [ERROR] LogOutputStream:75 - [STDERR_REDIRECT] [Fatal Error] :1:1: Premature end of file.
2026-02-06 10:54:32,720 [ERROR] LogOutputStream:75 - [STDERR_REDIRECT] 
2026-02-06 10:54:33,727 [ERROR] LogOutputStream:75 - [STDERR_REDIRECT] [Fatal Error] :1:1: Premature end of file.
2026-02-06 10:54:33,727 [ERROR] LogOutputStream:75 - [STDERR_REDIRECT] 
2026-02-06 10:54:34,717 [ERROR] LogOutputStream:75 - [STDERR_REDIRECT] [Fatal Error] :1:1: Premature end of file.
2026-02-06 10:54:34,717 [ERROR] LogOutputStream:75 - [STDERR_REDIRECT] 
2026-02-06 10:54:35,724 [ERROR] LogOutputStream:75 - [STDERR_REDIRECT] [Fatal Error] :1:1: Premature end of file.
2026-02-06 10:54:35,725 [ERROR] LogOutputStream:75 - [STDERR_REDIRECT] 
2026-02-06 10:54:36,727 [ERROR] LogOutputStream:75 - [STDERR_REDIRECT] [Fatal Error] :1:1: Premature end of file.
2026-02-06 10:54:36,727 [ERROR] LogOutputStream:75 - [STDERR_REDIRECT] 
2026-02-06 10:54:37,721 [ERROR] LogOutputStream:75 - [STDERR_REDIRECT] [Fatal Error] :1:1: Premature end of file.
2026-02-06 10:54:37,721 [ERROR] LogOutputStream:75 - [STDERR_REDIRECT] 
2026-02-06 10:54:38,720 [ERROR] LogOutputStream:75 - [STDERR_REDIRECT] [Fatal Error] :1:1: Premature end of file.
2026-02-06 10:54:38,720 [ERROR] LogOutputStream:75 - [STDERR_REDIRECT] 
2026-02-06 10:54:39,729 [ERROR] LogOutputStream:75 - [STDERR_REDIRECT] [Fatal Error] :1:1: Premature end of file.
2026-02-06 10:54:39,729 [ERROR] LogOutputStream:75 - [STDERR_REDIRECT] 
2026-02-06 10:54:40,718 [ERROR] LogOutputStream:75 - [STDERR_REDIRECT] [Fatal Error] :1:1: Premature end of file.
2026-02-06 10:54:40,719 [ERROR] LogOutputStream:75 - [STDERR_REDIRECT] 
2026-02-06 10:54:41,734 [ERROR] LogOutputStream:75 - [STDERR_REDIRECT] [Fatal Error] :1:1: Premature end of file.
2026-02-06 10:54:41,734 [ERROR] LogOutputStream:75 - [STDERR_REDIRECT] 
2026-02-06 10:54:42,755 [ERROR] LogOutputStream:75 - [STDERR_REDIRECT] [Fatal Error] :1:1: Premature end of file.
2026-02-06 10:54:42,755 [ERROR] LogOutputStream:75 - [STDERR_REDIRECT] 
2026-02-06 10:54:43,726 [ERROR] LogOutputStream:75 - [STDERR_REDIRECT] [Fatal Error] :1:1: Premature end of file.
2026-02-06 10:54:43,726 [ERROR] LogOutputStream:75 - [STDERR_REDIRECT] 
2026-02-06 10:54:44,730 [ERROR] LogOutputStream:75 - [STDERR_REDIRECT] [Fatal Error] :1:1: Premature end of file.
2026-02-06 10:54:44,730 [ERROR] LogOutputStream:75 - [STDERR_REDIRECT] 
2026-02-06 10:54:45,729 [ERROR] LogOutputStream:75 - [STDERR_REDIRECT] [Fatal Error] :1:1: Premature end of file.
2026-02-06 10:54:45,729 [ERROR] LogOutputStream:75 - [STDERR_REDIRECT] 
2026-02-06 10:54:46,726 [ERROR] LogOutputStream:75 - [STDERR_REDIRECT] [Fatal Error] :1:1: Premature end of file.
2026-02-06 10:54:46,727 [ERROR] LogOutputStream:75 - [STDERR_REDIRECT] 
2026-02-06 10:54:47,720 [ERROR] LogOutputStream:75 - [STDERR_REDIRECT] [Fatal Error] :1:1: Premature end of file.
2026-02-06 10:54:47,720 [ERROR] LogOutputStream:75 - [STDERR_REDIRECT] 
2026-02-06 10:54:48,720 [ERROR] LogOutputStream:75 - [STDERR_REDIRECT] [Fatal Error] :1:1: Premature end of file.
2026-02-06 10:54:48,720 [ERROR] LogOutputStream:75 - [STDERR_REDIRECT] 
2026-02-06 10:54:49,729 [ERROR] LogOutputStream:75 - [STDERR_REDIRECT] [Fatal Error] :1:1: Premature end of file.
2026-02-06 10:54:49,729 [ERROR] LogOutputStream:75 - [STDERR_REDIRECT] 
2026-02-06 10:54:50,735 [ERROR] LogOutputStream:75 - [STDERR_REDIRECT] [Fatal Error] :1:1: Premature end of file.
2026-02-06 10:54:50,735 [ERROR] LogOutputStream:75 - [STDERR_REDIRECT] 
2026-02-06 10:54:51,717 [ERROR] LogOutputStream:75 - [STDERR_REDIRECT] [Fatal Error] :1:1: Premature end of file.
2026-02-06 10:54:51,717 [ERROR] LogOutputStream:75 - [STDERR_REDIRECT] 
2026-02-06 10:54:52,726 [ERROR] LogOutputStream:75 - [STDERR_REDIRECT] [Fatal Error] :1:1: Premature end of file.
2026-02-06 10:54:52,726 [ERROR] LogOutputStream:75 - [STDERR_REDIRECT] 
2026-02-06 10:54:53,726 [ERROR] LogOutputStream:75 - [STDERR_REDIRECT] [Fatal Error] :1:1: Premature end of file.
2026-02-06 10:54:53,728 [ERROR] LogOutputStream:75 - [STDERR_REDIRECT] 
2026-02-06 10:54:54,723 [ERROR] LogOutputStream:75 - [STDERR_REDIRECT] [Fatal Error] :1:1: Premature end of file.
2026-02-06 10:54:54,723 [ERROR] LogOutputStream:75 - [STDERR_REDIRECT] 
2026-02-06 10:54:55,729 [ERROR] LogOutputStream:75 - [STDERR_REDIRECT] [Fatal Error] :1:1: Premature end of file.
2026-02-06 10:54:55,731 [ERROR] LogOutputStream:75 - [STDERR_REDIRECT] 
2026-02-06 10:54:56,724 [ERROR] LogOutputStream:75 - [STDERR_REDIRECT] [Fatal Error] :1:1: Premature end of file.
2026-02-06 10:54:56,724 [ERROR] LogOutputStream:75 - [STDERR_REDIRECT] 
2026-02-06 10:54:57,731 [ERROR] LogOutputStream:75 - [STDERR_REDIRECT] [Fatal Error] :1:1: Premature end of file.
2026-02-06 10:54:57,732 [ERROR] LogOutputStream:75 - [STDERR_REDIRECT] 
2026-02-06 10:54:58,725 [ERROR] LogOutputStream:75 - [STDERR_REDIRECT] [Fatal Error] :1:1: Premature end of file.
2026-02-06 10:54:58,725 [ERROR] LogOutputStream:75 - [STDERR_REDIRECT] 
2026-02-06 10:54:59,727 [ERROR] LogOutputStream:75 - [STDERR_REDIRECT] [Fatal Error] :1:1: Premature end of file.
2026-02-06 10:54:59,727 [ERROR] LogOutputStream:75 - [STDERR_REDIRECT] 
2026-02-06 10:55:00,723 [ERROR] LogOutputStream:75 - [STDERR_REDIRECT] [Fatal Error] :1:1: Premature end of file.
2026-02-06 10:55:00,723 [ERROR] LogOutputStream:75 - [STDERR_REDIRECT] 
2026-02-06 10:55:01,730 [ERROR] LogOutputStream:75 - [STDERR_REDIRECT] [Fatal Error] :1:1: Premature end of file.
2026-02-06 10:55:01,730 [ERROR] LogOutputStream:75 - [STDERR_REDIRECT] 
2026-02-06 10:55:02,728 [ERROR] LogOutputStream:75 - [STDERR_REDIRECT] [Fatal Error] :1:1: Premature end of file.
2026-02-06 10:55:02,728 [ERROR] LogOutputStream:75 - [STDERR_REDIRECT] 
2026-02-06 10:55:03,724 [ERROR] LogOutputStream:75 - [STDERR_REDIRECT] [Fatal Error] :1:1: Premature end of file.
2026-02-06 10:55:03,724 [ERROR] LogOutputStream:75 - [STDERR_REDIRECT] 
2026-02-06 10:55:04,722 [ERROR] LogOutputStream:75 - [STDERR_REDIRECT] [Fatal Error] :1:1: Premature end of file.
2026-02-06 10:55:04,722 [ERROR] LogOutputStream:75 - [STDERR_REDIRECT] 
2026-02-06 10:55:05,725 [ERROR] LogOutputStream:75 - [STDERR_REDIRECT] [Fatal Error] :1:1: Premature end of file.
2026-02-06 10:55:05,725 [ERROR] LogOutputStream:75 - [STDERR_REDIRECT] 
2026-02-06 10:55:06,727 [ERROR] LogOutputStream:75 - [STDERR_REDIRECT] [Fatal Error] :1:1: Premature end of file.
2026-02-06 10:55:06,727 [ERROR] LogOutputStream:75 - [STDERR_REDIRECT] 
2026-02-06 10:55:07,718 [ERROR] LogOutputStream:75 - [STDERR_REDIRECT] [Fatal Error] :1:1: Premature end of file.
2026-02-06 10:55:07,719 [ERROR] LogOutputStream:75 - [STDERR_REDIRECT] 
2026-02-06 10:55:08,722 [ERROR] LogOutputStream:75 - [STDERR_REDIRECT] [Fatal Error] :1:1: Premature end of file.
2026-02-06 10:55:08,724 [ERROR] LogOutputStream:75 - [STDERR_REDIRECT] 
2026-02-06 10:55:09,721 [ERROR] LogOutputStream:75 - [STDERR_REDIRECT] [Fatal Error] :1:1: Premature end of file.
2026-02-06 10:55:09,721 [ERROR] LogOutputStream:75 - [STDERR_REDIRECT] 
2026-02-06 10:55:10,730 [ERROR] LogOutputStream:75 - [STDERR_REDIRECT] [Fatal Error] :1:1: Premature end of file.
2026-02-06 10:55:10,731 [ERROR] LogOutputStream:75 - [STDERR_REDIRECT] 
2026-02-06 10:55:11,722 [ERROR] LogOutputStream:75 - [STDERR_REDIRECT] [Fatal Error] :1:1: Premature end of file.
2026-02-06 10:55:11,722 [ERROR] LogOutputStream:75 - [STDERR_REDIRECT] 
2026-02-06 10:55:12,726 [ERROR] LogOutputStream:75 - [STDERR_REDIRECT] [Fatal Error] :1:1: Premature end of file.
2026-02-06 10:55:12,726 [ERROR] LogOutputStream:75 - [STDERR_REDIRECT] 
2026-02-06 10:55:13,724 [ERROR] LogOutputStream:75 - [STDERR_REDIRECT] [Fatal Error] :1:1: Premature end of file.
2026-02-06 10:55:13,724 [ERROR] LogOutputStream:75 - [STDERR_REDIRECT] 
2026-02-06 10:55:14,725 [ERROR] LogOutputStream:75 - [STDERR_REDIRECT] [Fatal Error] :1:1: Premature end of file.
2026-02-06 10:55:14,727 [ERROR] LogOutputStream:75 - [STDERR_REDIRECT] 
2026-02-06 10:55:15,718 [ERROR] LogOutputStream:75 - [STDERR_REDIRECT] [Fatal Error] :1:1: Premature end of file.
2026-02-06 10:55:15,718 [ERROR] LogOutputStream:75 - [STDERR_REDIRECT] 
2026-02-06 10:55:16,729 [ERROR] LogOutputStream:75 - [STDERR_REDIRECT] [Fatal Error] :1:1: Premature end of file.
2026-02-06 10:55:16,729 [ERROR] LogOutputStream:75 - [STDERR_REDIRECT] 
2026-02-06 10:55:17,715 [ERROR] LogOutputStream:75 - [STDERR_REDIRECT] [Fatal Error] :1:1: Premature end of file.
2026-02-06 10:55:17,715 [ERROR] LogOutputStream:75 - [STDERR_REDIRECT] 
2026-02-06 10:55:18,724 [ERROR] LogOutputStream:75 - [STDERR_REDIRECT] [Fatal Error] :1:1: Premature end of file.
2026-02-06 10:55:18,725 [ERROR] LogOutputStream:75 - [STDERR_REDIRECT] 
2026-02-06 10:55:19,748 [ERROR] LogOutputStream:75 - [STDERR_REDIRECT] [Fatal Error] :1:1: Premature end of file.
2026-02-06 10:55:19,749 [ERROR] LogOutputStream:75 - [STDERR_REDIRECT] 
2026-02-06 10:55:20,726 [ERROR] LogOutputStream:75 - [STDERR_REDIRECT] [Fatal Error] :1:1: Premature end of file.
2026-02-06 10:55:20,726 [ERROR] LogOutputStream:75 - [STDERR_REDIRECT] 
2026-02-06 10:55:21,723 [ERROR] LogOutputStream:75 - [STDERR_REDIRECT] [Fatal Error] :1:1: Premature end of file.
2026-02-06 10:55:21,723 [ERROR] LogOutputStream:75 - [STDERR_REDIRECT] 
2026-02-06 10:55:22,729 [ERROR] LogOutputStream:75 - [STDERR_REDIRECT] [Fatal Error] :1:1: Premature end of file.
2026-02-06 10:55:22,730 [ERROR] LogOutputStream:75 - [STDERR_REDIRECT] 
2026-02-06 10:55:23,725 [ERROR] LogOutputStream:75 - [STDERR_REDIRECT] [Fatal Error] :1:1: Premature end of file.
2026-02-06 10:55:23,726 [ERROR] LogOutputStream:75 - [STDERR_REDIRECT] 
2026-02-06 10:55:24,730 [ERROR] LogOutputStream:75 - [STDERR_REDIRECT] [Fatal Error] :1:1: Premature end of file.
2026-02-06 10:55:24,731 [ERROR] LogOutputStream:75 - [STDERR_REDIRECT] 
2026-02-06 10:55:25,728 [ERROR] LogOutputStream:75 - [STDERR_REDIRECT] [Fatal Error] :1:1: Premature end of file.
2026-02-06 10:55:25,728 [ERROR] LogOutputStream:75 - [STDERR_REDIRECT] 
2026-02-06 10:55:26,720 [ERROR] LogOutputStream:75 - [STDERR_REDIRECT] [Fatal Error] :1:1: Premature end of file.
2026-02-06 10:55:26,720 [ERROR] LogOutputStream:75 - [STDERR_REDIRECT] 
2026-02-06 10:55:27,720 [ERROR] LogOutputStream:75 - [STDERR_REDIRECT] [Fatal Error] :1:1: Premature end of file.
2026-02-06 10:55:27,720 [ERROR] LogOutputStream:75 - [STDERR_REDIRECT] 
2026-02-06 10:55:28,722 [ERROR] LogOutputStream:75 - [STDERR_REDIRECT] [Fatal Error] :1:1: Premature end of file.
2026-02-06 10:55:28,722 [ERROR] LogOutputStream:75 - [STDERR_REDIRECT] 
2026-02-06 10:55:29,727 [ERROR] LogOutputStream:75 - [STDERR_REDIRECT] [Fatal Error] :1:1: Premature end of file.
2026-02-06 10:55:29,727 [ERROR] LogOutputStream:75 - [STDERR_REDIRECT] 
2026-02-06 10:55:30,727 [ERROR] LogOutputStream:75 - [STDERR_REDIRECT] [Fatal Error] :1:1: Premature end of file.
2026-02-06 10:55:30,727 [ERROR] LogOutputStream:75 - [STDERR_REDIRECT] 
2026-02-06 10:55:31,727 [ERROR] LogOutputStream:75 - [STDERR_REDIRECT] [Fatal Error] :1:1: Premature end of file.
2026-02-06 10:55:31,727 [ERROR] LogOutputStream:75 - [STDERR_REDIRECT] 
2026-02-06 10:55:32,727 [ERROR] LogOutputStream:75 - [STDERR_REDIRECT] [Fatal Error] :1:1: Premature end of file.
2026-02-06 10:55:32,728 [ERROR] LogOutputStream:75 - [STDERR_REDIRECT] 
2026-02-06 10:55:33,725 [ERROR] LogOutputStream:75 - [STDERR_REDIRECT] [Fatal Error] :1:1: Premature end of file.
2026-02-06 10:55:33,726 [ERROR] LogOutputStream:75 - [STDERR_REDIRECT] 
2026-02-06 10:55:34,718 [ERROR] LogOutputStream:75 - [STDERR_REDIRECT] [Fatal Error] :1:1: Premature end of file.
2026-02-06 10:55:34,718 [ERROR] LogOutputStream:75 - [STDERR_REDIRECT] 
2026-02-06 10:55:35,728 [ERROR] LogOutputStream:75 - [STDERR_REDIRECT] [Fatal Error] :1:1: Premature end of file.
2026-02-06 10:55:35,728 [ERROR] LogOutputStream:75 - [STDERR_REDIRECT] 
2026-02-06 10:55:36,725 [ERROR] LogOutputStream:75 - [STDERR_REDIRECT] [Fatal Error] :1:1: Premature end of file.
2026-02-06 10:55:36,726 [ERROR] LogOutputStream:75 - [STDERR_REDIRECT] 
2026-02-06 10:55:37,724 [ERROR] LogOutputStream:75 - [STDERR_REDIRECT] [Fatal Error] :1:1: Premature end of file.
2026-02-06 10:55:37,724 [ERROR] LogOutputStream:75 - [STDERR_REDIRECT] 
2026-02-06 10:55:38,718 [ERROR] LogOutputStream:75 - [STDERR_REDIRECT] [Fatal Error] :1:1: Premature end of file.
2026-02-06 10:55:38,718 [ERROR] LogOutputStream:75 - [STDERR_REDIRECT] 
2026-02-06 10:55:39,725 [ERROR] LogOutputStream:75 - [STDERR_REDIRECT] [Fatal Error] :1:1: Premature end of file.
2026-02-06 10:55:39,725 [ERROR] LogOutputStream:75 - [STDERR_REDIRECT] 
2026-02-06 10:55:40,728 [ERROR] LogOutputStream:75 - [STDERR_REDIRECT] [Fatal Error] :1:1: Premature end of file.
2026-02-06 10:55:40,728 [ERROR] LogOutputStream:75 - [STDERR_REDIRECT] 
2026-02-06 10:55:41,723 [ERROR] LogOutputStream:75 - [STDERR_REDIRECT] [Fatal Error] :1:1: Premature end of file.
2026-02-06 10:55:41,723 [ERROR] LogOutputStream:75 - [STDERR_REDIRECT] 
2026-02-06 10:55:42,731 [ERROR] LogOutputStream:75 - [STDERR_REDIRECT] [Fatal Error] :1:1: Premature end of file.
2026-02-06 10:55:42,732 [ERROR] LogOutputStream:75 - [STDERR_REDIRECT] 
2026-02-06 10:55:43,726 [ERROR] LogOutputStream:75 - [STDERR_REDIRECT] [Fatal Error] :1:1: Premature end of file.
2026-02-06 10:55:43,726 [ERROR] LogOutputStream:75 - [STDERR_REDIRECT] 
2026-02-06 10:55:44,722 [ERROR] LogOutputStream:75 - [STDERR_REDIRECT] [Fatal Error] :1:1: Premature end of file.
2026-02-06 10:55:44,722 [ERROR] LogOutputStream:75 - [STDERR_REDIRECT] 
2026-02-06 10:55:45,721 [ERROR] LogOutputStream:75 - [STDERR_REDIRECT] [Fatal Error] :1:1: Premature end of file.
2026-02-06 10:55:45,722 [ERROR] LogOutputStream:75 - [STDERR_REDIRECT] 
2026-02-06 10:55:46,728 [ERROR] LogOutputStream:75 - [STDERR_REDIRECT] [Fatal Error] :1:1: Premature end of file.
2026-02-06 10:55:46,729 [ERROR] LogOutputStream:75 - [STDERR_REDIRECT] 
2026-02-06 10:55:47,718 [ERROR] LogOutputStream:75 - [STDERR_REDIRECT] [Fatal Error] :1:1: Premature end of file.
2026-02-06 10:55:47,718 [ERROR] LogOutputStream:75 - [STDERR_REDIRECT] 
2026-02-06 10:55:48,724 [ERROR] LogOutputStream:75 - [STDERR_REDIRECT] [Fatal Error] :1:1: Premature end of file.
2026-02-06 10:55:48,724 [ERROR] LogOutputStream:75 - [STDERR_REDIRECT] 
2026-02-06 10:55:49,728 [ERROR] LogOutputStream:75 - [STDERR_REDIRECT] [Fatal Error] :1:1: Premature end of file.
2026-02-06 10:55:49,728 [ERROR] LogOutputStream:75 - [STDERR_REDIRECT] 
2026-02-06 10:55:50,728 [ERROR] LogOutputStream:75 - [STDERR_REDIRECT] [Fatal Error] :1:1: Premature end of file.
2026-02-06 10:55:50,728 [ERROR] LogOutputStream:75 - [STDERR_REDIRECT] 
2026-02-06 10:55:51,723 [ERROR] LogOutputStream:75 - [STDERR_REDIRECT] [Fatal Error] :1:1: Premature end of file.
2026-02-06 10:55:51,723 [ERROR] LogOutputStream:75 - [STDERR_REDIRECT] 
2026-02-06 10:55:52,706 [ERROR] LogOutputStream:75 - [STDERR_REDIRECT] [Fatal Error] :1:1: Premature end of file.
2026-02-06 10:55:52,706 [ERROR] LogOutputStream:75 - [STDERR_REDIRECT] 
2026-02-06 10:55:53,724 [ERROR] LogOutputStream:75 - [STDERR_REDIRECT] [Fatal Error] :1:1: Premature end of file.
2026-02-06 10:55:53,724 [ERROR] LogOutputStream:75 - [STDERR_REDIRECT] 
2026-02-06 10:55:54,728 [ERROR] LogOutputStream:75 - [STDERR_REDIRECT] [Fatal Error] :1:1: Premature end of file.
2026-02-06 10:55:54,728 [ERROR] LogOutputStream:75 - [STDERR_REDIRECT] 
2026-02-06 10:55:55,736 [ERROR] LogOutputStream:75 - [STDERR_REDIRECT] [Fatal Error] :1:1: Premature end of file.
2026-02-06 10:55:55,736 [ERROR] LogOutputStream:75 - [STDERR_REDIRECT] 
2026-02-06 10:55:56,724 [ERROR] LogOutputStream:75 - [STDERR_REDIRECT] [Fatal Error] :1:1: Premature end of file.
2026-02-06 10:55:56,724 [ERROR] LogOutputStream:75 - [STDERR_REDIRECT] 
2026-02-06 10:55:57,728 [ERROR] LogOutputStream:75 - [STDERR_REDIRECT] [Fatal Error] :1:1: Premature end of file.
2026-02-06 10:55:57,728 [ERROR] LogOutputStream:75 - [STDERR_REDIRECT] 
2026-02-06 10:55:58,724 [ERROR] LogOutputStream:75 - [STDERR_REDIRECT] [Fatal Error] :1:1: Premature end of file.
2026-02-06 10:55:58,724 [ERROR] LogOutputStream:75 - [STDERR_REDIRECT] 
2026-02-06 10:55:59,725 [ERROR] LogOutputStream:75 - [STDERR_REDIRECT] [Fatal Error] :1:1: Premature end of file.
2026-02-06 10:55:59,725 [ERROR] LogOutputStream:75 - [STDERR_REDIRECT] 
2026-02-06 10:56:00,733 [ERROR] LogOutputStream:75 - [STDERR_REDIRECT] [Fatal Error] :1:1: Premature end of file.
2026-02-06 10:56:00,735 [ERROR] LogOutputStream:75 - [STDERR_REDIRECT] 
2026-02-06 10:56:01,720 [ERROR] LogOutputStream:75 - [STDERR_REDIRECT] [Fatal Error] :1:1: Premature end of file.
2026-02-06 10:56:01,720 [ERROR] LogOutputStream:75 - [STDERR_REDIRECT] 
2026-02-06 10:56:02,725 [ERROR] LogOutputStream:75 - [STDERR_REDIRECT] [Fatal Error] :1:1: Premature end of file.
2026-02-06 10:56:02,725 [ERROR] LogOutputStream:75 - [STDERR_REDIRECT] 
2026-02-06 10:56:03,727 [ERROR] LogOutputStream:75 - [STDERR_REDIRECT] [Fatal Error] :1:1: Premature end of file.
2026-02-06 10:56:03,728 [ERROR] LogOutputStream:75 - [STDERR_REDIRECT] 
2026-02-06 10:56:04,722 [ERROR] LogOutputStream:75 - [STDERR_REDIRECT] [Fatal Error] :1:1: Premature end of file.
2026-02-06 10:56:04,722 [ERROR] LogOutputStream:75 - [STDERR_REDIRECT] 
2026-02-06 10:56:05,725 [ERROR] LogOutputStream:75 - [STDERR_REDIRECT] [Fatal Error] :1:1: Premature end of file.
2026-02-06 10:56:05,726 [ERROR] LogOutputStream:75 - [STDERR_REDIRECT] 
2026-02-06 10:56:06,727 [ERROR] LogOutputStream:75 - [STDERR_REDIRECT] [Fatal Error] :1:1: Premature end of file.
2026-02-06 10:56:06,727 [ERROR] LogOutputStream:75 - [STDERR_REDIRECT] 
2026-02-06 10:56:07,716 [ERROR] LogOutputStream:75 - [STDERR_REDIRECT] [Fatal Error] :1:1: Premature end of file.
2026-02-06 10:56:07,718 [ERROR] LogOutputStream:75 - [STDERR_REDIRECT] 
2026-02-06 10:56:08,728 [ERROR] LogOutputStream:75 - [STDERR_REDIRECT] [Fatal Error] :1:1: Premature end of file.
2026-02-06 10:56:08,729 [ERROR] LogOutputStream:75 - [STDERR_REDIRECT] 
2026-02-06 10:56:09,727 [ERROR] LogOutputStream:75 - [STDERR_REDIRECT] [Fatal Error] :1:1: Premature end of file.
2026-02-06 10:56:09,727 [ERROR] LogOutputStream:75 - [STDERR_REDIRECT] 
2026-02-06 10:56:10,732 [ERROR] LogOutputStream:75 - [STDERR_REDIRECT] [Fatal Error] :1:1: Premature end of file.
2026-02-06 10:56:10,732 [ERROR] LogOutputStream:75 - [STDERR_REDIRECT] 
2026-02-06 10:56:11,724 [ERROR] LogOutputStream:75 - [STDERR_REDIRECT] [Fatal Error] :1:1: Premature end of file.
2026-02-06 10:56:11,724 [ERROR] LogOutputStream:75 - [STDERR_REDIRECT] 
2026-02-06 10:56:12,724 [ERROR] LogOutputStream:75 - [STDERR_REDIRECT] [Fatal Error] :1:1: Premature end of file.
2026-02-06 10:56:12,725 [ERROR] LogOutputStream:75 - [STDERR_REDIRECT] 
2026-02-06 10:56:13,729 [ERROR] LogOutputStream:75 - [STDERR_REDIRECT] [Fatal Error] :1:1: Premature end of file.
2026-02-06 10:56:13,730 [ERROR] LogOutputStream:75 - [STDERR_REDIRECT] 
2026-02-06 10:56:14,725 [ERROR] LogOutputStream:75 - [STDERR_REDIRECT] [Fatal Error] :1:1: Premature end of file.
2026-02-06 10:56:14,725 [ERROR] LogOutputStream:75 - [STDERR_REDIRECT] 
2026-02-06 10:56:15,729 [ERROR] LogOutputStream:75 - [STDERR_REDIRECT] [Fatal Error] :1:1: Premature end of file.
2026-02-06 10:56:15,729 [ERROR] LogOutputStream:75 - [STDERR_REDIRECT] 
2026-02-06 10:56:16,728 [ERROR] LogOutputStream:75 - [STDERR_REDIRECT] [Fatal Error] :1:1: Premature end of file.
2026-02-06 10:56:16,729 [ERROR] LogOutputStream:75 - [STDERR_REDIRECT] 
2026-02-06 10:56:17,727 [ERROR] LogOutputStream:75 - [STDERR_REDIRECT] [Fatal Error] :1:1: Premature end of file.
2026-02-06 10:56:17,728 [ERROR] LogOutputStream:75 - [STDERR_REDIRECT] 
2026-02-06 10:56:18,722 [ERROR] LogOutputStream:75 - [STDERR_REDIRECT] [Fatal Error] :1:1: Premature end of file.
2026-02-06 10:56:18,722 [ERROR] LogOutputStream:75 - [STDERR_REDIRECT] 
2026-02-06 10:56:19,716 [ERROR] LogOutputStream:75 - [STDERR_REDIRECT] [Fatal Error] :1:1: Premature end of file.
2026-02-06 10:56:19,716 [ERROR] LogOutputStream:75 - [STDERR_REDIRECT] 
2026-02-06 10:56:20,719 [ERROR] LogOutputStream:75 - [STDERR_REDIRECT] [Fatal Error] :1:1: Premature end of file.
2026-02-06 10:56:20,719 [ERROR] LogOutputStream:75 - [STDERR_REDIRECT] 
2026-02-06 10:56:21,708 [ERROR] LogOutputStream:75 - [STDERR_REDIRECT] [Fatal Error] :1:1: Premature end of file.
2026-02-06 10:56:21,708 [ERROR] LogOutputStream:75 - [STDERR_REDIRECT] 
2026-02-06 10:56:22,722 [ERROR] LogOutputStream:75 - [STDERR_REDIRECT] [Fatal Error] :1:1: Premature end of file.
2026-02-06 10:56:22,722 [ERROR] LogOutputStream:75 - [STDERR_REDIRECT] 
2026-02-06 10:56:23,718 [ERROR] LogOutputStream:75 - [STDERR_REDIRECT] [Fatal Error] :1:1: Premature end of file.
2026-02-06 10:56:23,718 [ERROR] LogOutputStream:75 - [STDERR_REDIRECT] 
2026-02-06 10:56:24,722 [ERROR] LogOutputStream:75 - [STDERR_REDIRECT] [Fatal Error] :1:1: Premature end of file.
2026-02-06 10:56:24,722 [ERROR] LogOutputStream:75 - [STDERR_REDIRECT] 
2026-02-06 10:56:25,712 [ERROR] LogOutputStream:75 - [STDERR_REDIRECT] [Fatal Error] :1:1: Premature end of file.
2026-02-06 10:56:25,712 [ERROR] LogOutputStream:75 - [STDERR_REDIRECT] 
2026-02-06 10:56:26,724 [ERROR] LogOutputStream:75 - [STDERR_REDIRECT] [Fatal Error] :1:1: Premature end of file.
2026-02-06 10:56:26,724 [ERROR] LogOutputStream:75 - [STDERR_REDIRECT] 
2026-02-06 10:56:27,718 [ERROR] LogOutputStream:75 - [STDERR_REDIRECT] [Fatal Error] :1:1: Premature end of file.
2026-02-06 10:56:27,718 [ERROR] LogOutputStream:75 - [STDERR_REDIRECT] 
2026-02-06 10:56:28,724 [ERROR] LogOutputStream:75 - [STDERR_REDIRECT] [Fatal Error] :1:1: Premature end of file.
2026-02-06 10:56:28,724 [ERROR] LogOutputStream:75 - [STDERR_REDIRECT] 
2026-02-06 10:56:29,727 [ERROR] LogOutputStream:75 - [STDERR_REDIRECT] [Fatal Error] :1:1: Premature end of file.
2026-02-06 10:56:29,727 [ERROR] LogOutputStream:75 - [STDERR_REDIRECT] 
2026-02-06 10:56:30,725 [ERROR] LogOutputStream:75 - [STDERR_REDIRECT] [Fatal Error] :1:1: Premature end of file.
2026-02-06 10:56:30,725 [ERROR] LogOutputStream:75 - [STDERR_REDIRECT] 
2026-02-06 10:56:31,721 [ERROR] LogOutputStream:75 - [STDERR_REDIRECT] [Fatal Error] :1:1: Premature end of file.
2026-02-06 10:56:31,721 [ERROR] LogOutputStream:75 - [STDERR_REDIRECT] 
2026-02-06 10:56:32,721 [ERROR] LogOutputStream:75 - [STDERR_REDIRECT] [Fatal Error] :1:1: Premature end of file.
2026-02-06 10:56:32,721 [ERROR] LogOutputStream:75 - [STDERR_REDIRECT] 
2026-02-06 10:56:33,728 [ERROR] LogOutputStream:75 - [STDERR_REDIRECT] [Fatal Error] :1:1: Premature end of file.
2026-02-06 10:56:33,728 [ERROR] LogOutputStream:75 - [STDERR_REDIRECT] 
2026-02-06 10:56:34,717 [ERROR] LogOutputStream:75 - [STDERR_REDIRECT] [Fatal Error] :1:1: Premature end of file.
2026-02-06 10:56:34,717 [ERROR] LogOutputStream:75 - [STDERR_REDIRECT] 
2026-02-06 10:56:35,727 [ERROR] LogOutputStream:75 - [STDERR_REDIRECT] [Fatal Error] :1:1: Premature end of file.
2026-02-06 10:56:35,729 [ERROR] LogOutputStream:75 - [STDERR_REDIRECT] 
2026-02-06 10:56:36,727 [ERROR] LogOutputStream:75 - [STDERR_REDIRECT] [Fatal Error] :1:1: Premature end of file.
2026-02-06 10:56:36,727 [ERROR] LogOutputStream:75 - [STDERR_REDIRECT] 
2026-02-06 10:56:37,727 [ERROR] LogOutputStream:75 - [STDERR_REDIRECT] [Fatal Error] :1:1: Premature end of file.
2026-02-06 10:56:37,728 [ERROR] LogOutputStream:75 - [STDERR_REDIRECT] 
2026-02-06 10:56:38,719 [ERROR] LogOutputStream:75 - [STDERR_REDIRECT] [Fatal Error] :1:1: Premature end of file.
2026-02-06 10:56:38,720 [ERROR] LogOutputStream:75 - [STDERR_REDIRECT] 
2026-02-06 10:56:39,719 [ERROR] LogOutputStream:75 - [STDERR_REDIRECT] [Fatal Error] :1:1: Premature end of file.
2026-02-06 10:56:39,720 [ERROR] LogOutputStream:75 - [STDERR_REDIRECT] 
2026-02-06 10:56:40,724 [ERROR] LogOutputStream:75 - [STDERR_REDIRECT] [Fatal Error] :1:1: Premature end of file.
2026-02-06 10:56:40,725 [ERROR] LogOutputStream:75 - [STDERR_REDIRECT] 
2026-02-06 10:56:41,728 [ERROR] LogOutputStream:75 - [STDERR_REDIRECT] [Fatal Error] :1:1: Premature end of file.
2026-02-06 10:56:41,728 [ERROR] LogOutputStream:75 - [STDERR_REDIRECT] 
2026-02-06 10:56:42,727 [ERROR] LogOutputStream:75 - [STDERR_REDIRECT] [Fatal Error] :1:1: Premature end of file.
2026-02-06 10:56:42,727 [ERROR] LogOutputStream:75 - [STDERR_REDIRECT] 
2026-02-06 10:56:43,735 [ERROR] LogOutputStream:75 - [STDERR_REDIRECT] [Fatal Error] :1:1: Premature end of file.
2026-02-06 10:56:43,736 [ERROR] LogOutputStream:75 - [STDERR_REDIRECT] 
2026-02-06 10:56:44,729 [ERROR] LogOutputStream:75 - [STDERR_REDIRECT] [Fatal Error] :1:1: Premature end of file.
2026-02-06 10:56:44,729 [ERROR] LogOutputStream:75 - [STDERR_REDIRECT] 
2026-02-06 10:56:45,725 [ERROR] LogOutputStream:75 - [STDERR_REDIRECT] [Fatal Error] :1:1: Premature end of file.
2026-02-06 10:56:45,725 [ERROR] LogOutputStream:75 - [STDERR_REDIRECT] 
2026-02-06 10:56:46,724 [ERROR] LogOutputStream:75 - [STDERR_REDIRECT] [Fatal Error] :1:1: Premature end of file.
2026-02-06 10:56:46,725 [ERROR] LogOutputStream:75 - [STDERR_REDIRECT] 
2026-02-06 10:56:47,726 [ERROR] LogOutputStream:75 - [STDERR_REDIRECT] [Fatal Error] :1:1: Premature end of file.
2026-02-06 10:56:47,726 [ERROR] LogOutputStream:75 - [STDERR_REDIRECT] 
2026-02-06 10:56:48,722 [ERROR] LogOutputStream:75 - [STDERR_REDIRECT] [Fatal Error] :1:1: Premature end of file.
2026-02-06 10:56:48,722 [ERROR] LogOutputStream:75 - [STDERR_REDIRECT] 
2026-02-06 10:56:49,763 [ERROR] LogOutputStream:75 - [STDERR_REDIRECT] [Fatal Error] :1:1: Premature end of file.
2026-02-06 10:56:49,764 [ERROR] LogOutputStream:75 - [STDERR_REDIRECT] 
2026-02-06 10:56:50,728 [ERROR] LogOutputStream:75 - [STDERR_REDIRECT] [Fatal Error] :1:1: Premature end of file.
2026-02-06 10:56:50,728 [ERROR] LogOutputStream:75 - [STDERR_REDIRECT] 
2026-02-06 10:56:51,727 [ERROR] LogOutputStream:75 - [STDERR_REDIRECT] [Fatal Error] :1:1: Premature end of file.
2026-02-06 10:56:51,727 [ERROR] LogOutputStream:75 - [STDERR_REDIRECT] 
2026-02-06 10:56:52,731 [ERROR] LogOutputStream:75 - [STDERR_REDIRECT] [Fatal Error] :1:1: Premature end of file.
2026-02-06 10:56:52,731 [ERROR] LogOutputStream:75 - [STDERR_REDIRECT] 
2026-02-06 10:56:53,717 [ERROR] LogOutputStream:75 - [STDERR_REDIRECT] [Fatal Error] :1:1: Premature end of file.
2026-02-06 10:56:53,717 [ERROR] LogOutputStream:75 - [STDERR_REDIRECT] 
2026-02-06 10:56:54,726 [ERROR] LogOutputStream:75 - [STDERR_REDIRECT] [Fatal Error] :1:1: Premature end of file.
2026-02-06 10:56:54,726 [ERROR] LogOutputStream:75 - [STDERR_REDIRECT] 
2026-02-06 10:56:55,725 [ERROR] LogOutputStream:75 - [STDERR_REDIRECT] [Fatal Error] :1:1: Premature end of file.
2026-02-06 10:56:55,725 [ERROR] LogOutputStream:75 - [STDERR_REDIRECT] 
2026-02-06 10:56:56,719 [ERROR] LogOutputStream:75 - [STDERR_REDIRECT] [Fatal Error] :1:1: Premature end of file.
2026-02-06 10:56:56,720 [ERROR] LogOutputStream:75 - [STDERR_REDIRECT] 
2026-02-06 10:56:57,721 [ERROR] LogOutputStream:75 - [STDERR_REDIRECT] [Fatal Error] :1:1: Premature end of file.
2026-02-06 10:56:57,721 [ERROR] LogOutputStream:75 - [STDERR_REDIRECT] 
2026-02-06 10:56:58,720 [ERROR] LogOutputStream:75 - [STDERR_REDIRECT] [Fatal Error] :1:1: Premature end of file.
2026-02-06 10:56:58,720 [ERROR] LogOutputStream:75 - [STDERR_REDIRECT] 
2026-02-06 10:56:59,728 [ERROR] LogOutputStream:75 - [STDERR_REDIRECT] [Fatal Error] :1:1: Premature end of file.
2026-02-06 10:56:59,728 [ERROR] LogOutputStream:75 - [STDERR_REDIRECT] 
2026-02-06 10:57:00,720 [ERROR] LogOutputStream:75 - [STDERR_REDIRECT] [Fatal Error] :1:1: Premature end of file.
2026-02-06 10:57:00,721 [ERROR] LogOutputStream:75 - [STDERR_REDIRECT] 
2026-02-06 10:57:01,722 [ERROR] LogOutputStream:75 - [STDERR_REDIRECT] [Fatal Error] :1:1: Premature end of file.
2026-02-06 10:57:01,723 [ERROR] LogOutputStream:75 - [STDERR_REDIRECT] 
2026-02-06 10:57:02,725 [ERROR] LogOutputStream:75 - [STDERR_REDIRECT] [Fatal Error] :1:1: Premature end of file.
2026-02-06 10:57:02,725 [ERROR] LogOutputStream:75 - [STDERR_REDIRECT] 
2026-02-06 10:57:03,726 [ERROR] LogOutputStream:75 - [STDERR_REDIRECT] [Fatal Error] :1:1: Premature end of file.
2026-02-06 10:57:03,726 [ERROR] LogOutputStream:75 - [STDERR_REDIRECT] 
2026-02-06 10:57:04,727 [ERROR] LogOutputStream:75 - [STDERR_REDIRECT] [Fatal Error] :1:1: Premature end of file.
2026-02-06 10:57:04,727 [ERROR] LogOutputStream:75 - [STDERR_REDIRECT] 
2026-02-06 10:57:05,727 [ERROR] LogOutputStream:75 - [STDERR_REDIRECT] [Fatal Error] :1:1: Premature end of file.
2026-02-06 10:57:05,727 [ERROR] LogOutputStream:75 - [STDERR_REDIRECT] 
2026-02-06 10:57:06,714 [ERROR] LogOutputStream:75 - [STDERR_REDIRECT] [Fatal Error] :1:1: Premature end of file.
2026-02-06 10:57:06,714 [ERROR] LogOutputStream:75 - [STDERR_REDIRECT] 
2026-02-06 10:57:07,721 [ERROR] LogOutputStream:75 - [STDERR_REDIRECT] [Fatal Error] :1:1: Premature end of file.
2026-02-06 10:57:07,721 [ERROR] LogOutputStream:75 - [STDERR_REDIRECT] 
2026-02-06 10:57:08,729 [ERROR] LogOutputStream:75 - [STDERR_REDIRECT] [Fatal Error] :1:1: Premature end of file.
2026-02-06 10:57:08,729 [ERROR] LogOutputStream:75 - [STDERR_REDIRECT] 
2026-02-06 10:57:09,728 [ERROR] LogOutputStream:75 - [STDERR_REDIRECT] [Fatal Error] :1:1: Premature end of file.
2026-02-06 10:57:09,728 [ERROR] LogOutputStream:75 - [STDERR_REDIRECT] 
2026-02-06 10:57:10,721 [ERROR] LogOutputStream:75 - [STDERR_REDIRECT] [Fatal Error] :1:1: Premature end of file.
2026-02-06 10:57:10,721 [ERROR] LogOutputStream:75 - [STDERR_REDIRECT] 
2026-02-06 10:57:11,723 [ERROR] LogOutputStream:75 - [STDERR_REDIRECT] [Fatal Error] :1:1: Premature end of file.
2026-02-06 10:57:11,724 [ERROR] LogOutputStream:75 - [STDERR_REDIRECT] 
2026-02-06 10:57:12,721 [ERROR] LogOutputStream:75 - [STDERR_REDIRECT] [Fatal Error] :1:1: Premature end of file.
2026-02-06 10:57:12,721 [ERROR] LogOutputStream:75 - [STDERR_REDIRECT] 
2026-02-06 10:57:13,725 [ERROR] LogOutputStream:75 - [STDERR_REDIRECT] [Fatal Error] :1:1: Premature end of file.
2026-02-06 10:57:13,725 [ERROR] LogOutputStream:75 - [STDERR_REDIRECT] 
2026-02-06 10:57:14,723 [ERROR] LogOutputStream:75 - [STDERR_REDIRECT] [Fatal Error] :1:1: Premature end of file.
2026-02-06 10:57:14,724 [ERROR] LogOutputStream:75 - [STDERR_REDIRECT] 
2026-02-06 10:57:15,726 [ERROR] LogOutputStream:75 - [STDERR_REDIRECT] [Fatal Error] :1:1: Premature end of file.
2026-02-06 10:57:15,726 [ERROR] LogOutputStream:75 - [STDERR_REDIRECT] 
2026-02-06 10:57:16,722 [ERROR] LogOutputStream:75 - [STDERR_REDIRECT] [Fatal Error] :1:1: Premature end of file.
2026-02-06 10:57:16,722 [ERROR] LogOutputStream:75 - [STDERR_REDIRECT] 
2026-02-06 10:57:17,725 [ERROR] LogOutputStream:75 - [STDERR_REDIRECT] [Fatal Error] :1:1: Premature end of file.
2026-02-06 10:57:17,725 [ERROR] LogOutputStream:75 - [STDERR_REDIRECT] 
2026-02-06 10:57:18,721 [ERROR] LogOutputStream:75 - [STDERR_REDIRECT] [Fatal Error] :1:1: Premature end of file.
2026-02-06 10:57:18,721 [ERROR] LogOutputStream:75 - [STDERR_REDIRECT] 
2026-02-06 10:57:19,721 [ERROR] LogOutputStream:75 - [STDERR_REDIRECT] [Fatal Error] :1:1: Premature end of file.
2026-02-06 10:57:19,722 [ERROR] LogOutputStream:75 - [STDERR_REDIRECT] 
2026-02-06 10:57:20,724 [ERROR] LogOutputStream:75 - [STDERR_REDIRECT] [Fatal Error] :1:1: Premature end of file.
2026-02-06 10:57:20,724 [ERROR] LogOutputStream:75 - [STDERR_REDIRECT] 
2026-02-06 10:57:21,728 [ERROR] LogOutputStream:75 - [STDERR_REDIRECT] [Fatal Error] :1:1: Premature end of file.
2026-02-06 10:57:21,728 [ERROR] LogOutputStream:75 - [STDERR_REDIRECT] 
2026-02-06 10:57:22,723 [ERROR] LogOutputStream:75 - [STDERR_REDIRECT] [Fatal Error] :1:1: Premature end of file.
2026-02-06 10:57:22,723 [ERROR] LogOutputStream:75 - [STDERR_REDIRECT] 
2026-02-06 10:57:23,731 [ERROR] LogOutputStream:75 - [STDERR_REDIRECT] [Fatal Error] :1:1: Premature end of file.
2026-02-06 10:57:23,731 [ERROR] LogOutputStream:75 - [STDERR_REDIRECT] 
2026-02-06 10:57:24,731 [ERROR] LogOutputStream:75 - [STDERR_REDIRECT] [Fatal Error] :1:1: Premature end of file.
2026-02-06 10:57:24,731 [ERROR] LogOutputStream:75 - [STDERR_REDIRECT] 
2026-02-06 10:57:25,722 [ERROR] LogOutputStream:75 - [STDERR_REDIRECT] [Fatal Error] :1:1: Premature end of file.
2026-02-06 10:57:25,722 [ERROR] LogOutputStream:75 - [STDERR_REDIRECT] 
2026-02-06 10:57:26,722 [ERROR] LogOutputStream:75 - [STDERR_REDIRECT] [Fatal Error] :1:1: Premature end of file.
2026-02-06 10:57:26,724 [ERROR] LogOutputStream:75 - [STDERR_REDIRECT] 
2026-02-06 10:57:27,716 [ERROR] LogOutputStream:75 - [STDERR_REDIRECT] [Fatal Error] :1:1: Premature end of file.
2026-02-06 10:57:27,717 [ERROR] LogOutputStream:75 - [STDERR_REDIRECT] 
2026-02-06 10:57:28,721 [ERROR] LogOutputStream:75 - [STDERR_REDIRECT] [Fatal Error] :1:1: Premature end of file.
2026-02-06 10:57:28,722 [ERROR] LogOutputStream:75 - [STDERR_REDIRECT] 
2026-02-06 10:57:29,729 [ERROR] LogOutputStream:75 - [STDERR_REDIRECT] [Fatal Error] :1:1: Premature end of file.
2026-02-06 10:57:29,730 [ERROR] LogOutputStream:75 - [STDERR_REDIRECT] 
2026-02-06 10:57:30,725 [ERROR] LogOutputStream:75 - [STDERR_REDIRECT] [Fatal Error] :1:1: Premature end of file.
2026-02-06 10:57:30,725 [ERROR] LogOutputStream:75 - [STDERR_REDIRECT] 
2026-02-06 10:57:31,727 [ERROR] LogOutputStream:75 - [STDERR_REDIRECT] [Fatal Error] :1:1: Premature end of file.
2026-02-06 10:57:31,727 [ERROR] LogOutputStream:75 - [STDERR_REDIRECT] 
2026-02-06 10:57:32,728 [ERROR] LogOutputStream:75 - [STDERR_REDIRECT] [Fatal Error] :1:1: Premature end of file.
2026-02-06 10:57:32,728 [ERROR] LogOutputStream:75 - [STDERR_REDIRECT] 
2026-02-06 10:57:33,722 [ERROR] LogOutputStream:75 - [STDERR_REDIRECT] [Fatal Error] :1:1: Premature end of file.
2026-02-06 10:57:33,723 [ERROR] LogOutputStream:75 - [STDERR_REDIRECT] 
2026-02-06 10:57:34,723 [ERROR] LogOutputStream:75 - [STDERR_REDIRECT] [Fatal Error] :1:1: Premature end of file.
2026-02-06 10:57:34,723 [ERROR] LogOutputStream:75 - [STDERR_REDIRECT] 
2026-02-06 10:57:35,728 [ERROR] LogOutputStream:75 - [STDERR_REDIRECT] [Fatal Error] :1:1: Premature end of file.
2026-02-06 10:57:35,729 [ERROR] LogOutputStream:75 - [STDERR_REDIRECT] 
2026-02-06 10:57:36,724 [ERROR] LogOutputStream:75 - [STDERR_REDIRECT] [Fatal Error] :1:1: Premature end of file.
2026-02-06 10:57:36,725 [ERROR] LogOutputStream:75 - [STDERR_REDIRECT] 
2026-02-06 10:57:37,722 [ERROR] LogOutputStream:75 - [STDERR_REDIRECT] [Fatal Error] :1:1: Premature end of file.
2026-02-06 10:57:37,722 [ERROR] LogOutputStream:75 - [STDERR_REDIRECT] 
2026-02-06 10:57:38,730 [ERROR] LogOutputStream:75 - [STDERR_REDIRECT] [Fatal Error] :1:1: Premature end of file.
2026-02-06 10:57:38,731 [ERROR] LogOutputStream:75 - [STDERR_REDIRECT] 
2026-02-06 10:57:39,725 [ERROR] LogOutputStream:75 - [STDERR_REDIRECT] [Fatal Error] :1:1: Premature end of file.
2026-02-06 10:57:39,725 [ERROR] LogOutputStream:75 - [STDERR_REDIRECT] 
2026-02-06 10:57:40,725 [ERROR] LogOutputStream:75 - [STDERR_REDIRECT] [Fatal Error] :1:1: Premature end of file.
2026-02-06 10:57:40,726 [ERROR] LogOutputStream:75 - [STDERR_REDIRECT] 
2026-02-06 10:57:41,724 [ERROR] LogOutputStream:75 - [STDERR_REDIRECT] [Fatal Error] :1:1: Premature end of file.
2026-02-06 10:57:41,724 [ERROR] LogOutputStream:75 - [STDERR_REDIRECT] 
2026-02-06 10:57:42,722 [ERROR] LogOutputStream:75 - [STDERR_REDIRECT] [Fatal Error] :1:1: Premature end of file.
2026-02-06 10:57:42,724 [ERROR] LogOutputStream:75 - [STDERR_REDIRECT] 
2026-02-06 10:57:43,724 [ERROR] LogOutputStream:75 - [STDERR_REDIRECT] [Fatal Error] :1:1: Premature end of file.
2026-02-06 10:57:43,724 [ERROR] LogOutputStream:75 - [STDERR_REDIRECT] 
2026-02-06 10:57:44,733 [ERROR] LogOutputStream:75 - [STDERR_REDIRECT] [Fatal Error] :1:1: Premature end of file.
2026-02-06 10:57:44,734 [ERROR] LogOutputStream:75 - [STDERR_REDIRECT] 
2026-02-06 10:57:45,719 [ERROR] LogOutputStream:75 - [STDERR_REDIRECT] [Fatal Error] :1:1: Premature end of file.
2026-02-06 10:57:45,719 [ERROR] LogOutputStream:75 - [STDERR_REDIRECT] 
2026-02-06 10:57:46,711 [ERROR] LogOutputStream:75 - [STDERR_REDIRECT] [Fatal Error] :1:1: Premature end of file.
2026-02-06 10:57:46,711 [ERROR] LogOutputStream:75 - [STDERR_REDIRECT] 
2026-02-06 10:57:47,731 [ERROR] LogOutputStream:75 - [STDERR_REDIRECT] [Fatal Error] :1:1: Premature end of file.
2026-02-06 10:57:47,732 [ERROR] LogOutputStream:75 - [STDERR_REDIRECT] 
2026-02-06 10:57:48,726 [ERROR] LogOutputStream:75 - [STDERR_REDIRECT] [Fatal Error] :1:1: Premature end of file.
2026-02-06 10:57:48,726 [ERROR] LogOutputStream:75 - [STDERR_REDIRECT] 
2026-02-06 10:57:49,726 [ERROR] LogOutputStream:75 - [STDERR_REDIRECT] [Fatal Error] :1:1: Premature end of file.
2026-02-06 10:57:49,726 [ERROR] LogOutputStream:75 - [STDERR_REDIRECT] 
2026-02-06 10:57:50,720 [ERROR] LogOutputStream:75 - [STDERR_REDIRECT] [Fatal Error] :1:1: Premature end of file.
2026-02-06 10:57:50,720 [ERROR] LogOutputStream:75 - [STDERR_REDIRECT] 
2026-02-06 10:57:51,722 [ERROR] LogOutputStream:75 - [STDERR_REDIRECT] [Fatal Error] :1:1: Premature end of file.
2026-02-06 10:57:51,722 [ERROR] LogOutputStream:75 - [STDERR_REDIRECT] 
2026-02-06 10:57:52,728 [ERROR] LogOutputStream:75 - [STDERR_REDIRECT] [Fatal Error] :1:1: Premature end of file.
2026-02-06 10:57:52,728 [ERROR] LogOutputStream:75 - [STDERR_REDIRECT] 
2026-02-06 10:57:53,732 [ERROR] LogOutputStream:75 - [STDERR_REDIRECT] [Fatal Error] :1:1: Premature end of file.
2026-02-06 10:57:53,732 [ERROR] LogOutputStream:75 - [STDERR_REDIRECT] 
2026-02-06 10:57:54,724 [ERROR] LogOutputStream:75 - [STDERR_REDIRECT] [Fatal Error] :1:1: Premature end of file.
2026-02-06 10:57:54,724 [ERROR] LogOutputStream:75 - [STDERR_REDIRECT] 
2026-02-06 10:57:55,732 [ERROR] LogOutputStream:75 - [STDERR_REDIRECT] [Fatal Error] :1:1: Premature end of file.
2026-02-06 10:57:55,733 [ERROR] LogOutputStream:75 - [STDERR_REDIRECT] 
2026-02-06 10:57:56,728 [ERROR] LogOutputStream:75 - [STDERR_REDIRECT] [Fatal Error] :1:1: Premature end of file.
2026-02-06 10:57:56,729 [ERROR] LogOutputStream:75 - [STDERR_REDIRECT] 
2026-02-06 10:57:57,735 [ERROR] LogOutputStream:75 - [STDERR_REDIRECT] [Fatal Error] :1:1: Premature end of file.
2026-02-06 10:57:57,735 [ERROR] LogOutputStream:75 - [STDERR_REDIRECT] 
2026-02-06 10:57:58,717 [ERROR] LogOutputStream:75 - [STDERR_REDIRECT] [Fatal Error] :1:1: Premature end of file.
2026-02-06 10:57:58,718 [ERROR] LogOutputStream:75 - [STDERR_REDIRECT] 
2026-02-06 10:57:59,723 [ERROR] LogOutputStream:75 - [STDERR_REDIRECT] [Fatal Error] :1:1: Premature end of file.
2026-02-06 10:57:59,724 [ERROR] LogOutputStream:75 - [STDERR_REDIRECT] 
2026-02-06 10:58:00,725 [ERROR] LogOutputStream:75 - [STDERR_REDIRECT] [Fatal Error] :1:1: Premature end of file.
2026-02-06 10:58:00,725 [ERROR] LogOutputStream:75 - [STDERR_REDIRECT] 
2026-02-06 10:58:01,723 [ERROR] LogOutputStream:75 - [STDERR_REDIRECT] [Fatal Error] :1:1: Premature end of file.
2026-02-06 10:58:01,723 [ERROR] LogOutputStream:75 - [STDERR_REDIRECT] 
2026-02-06 10:58:02,725 [ERROR] LogOutputStream:75 - [STDERR_REDIRECT] [Fatal Error] :1:1: Premature end of file.
2026-02-06 10:58:02,725 [ERROR] LogOutputStream:75 - [STDERR_REDIRECT] 
2026-02-06 10:58:03,724 [ERROR] LogOutputStream:75 - [STDERR_REDIRECT] [Fatal Error] :1:1: Premature end of file.
2026-02-06 10:58:03,725 [ERROR] LogOutputStream:75 - [STDERR_REDIRECT] 
2026-02-06 10:58:04,725 [ERROR] LogOutputStream:75 - [STDERR_REDIRECT] [Fatal Error] :1:1: Premature end of file.
2026-02-06 10:58:04,725 [ERROR] LogOutputStream:75 - [STDERR_REDIRECT] 
2026-02-06 10:58:05,727 [ERROR] LogOutputStream:75 - [STDERR_REDIRECT] [Fatal Error] :1:1: Premature end of file.
2026-02-06 10:58:05,727 [ERROR] LogOutputStream:75 - [STDERR_REDIRECT] 
2026-02-06 10:58:06,728 [ERROR] LogOutputStream:75 - [STDERR_REDIRECT] [Fatal Error] :1:1: Premature end of file.
2026-02-06 10:58:06,728 [ERROR] LogOutputStream:75 - [STDERR_REDIRECT] 
2026-02-06 10:58:07,722 [ERROR] LogOutputStream:75 - [STDERR_REDIRECT] [Fatal Error] :1:1: Premature end of file.
2026-02-06 10:58:07,722 [ERROR] LogOutputStream:75 - [STDERR_REDIRECT] 
2026-02-06 10:58:08,752 [ERROR] LogOutputStream:75 - [STDERR_REDIRECT] [Fatal Error] :1:1: Premature end of file.
2026-02-06 10:58:08,752 [ERROR] LogOutputStream:75 - [STDERR_REDIRECT] 
2026-02-06 10:58:09,729 [ERROR] LogOutputStream:75 - [STDERR_REDIRECT] [Fatal Error] :1:1: Premature end of file.
2026-02-06 10:58:09,729 [ERROR] LogOutputStream:75 - [STDERR_REDIRECT] 
2026-02-06 10:58:10,722 [ERROR] LogOutputStream:75 - [STDERR_REDIRECT] [Fatal Error] :1:1: Premature end of file.
2026-02-06 10:58:10,722 [ERROR] LogOutputStream:75 - [STDERR_REDIRECT] 
2026-02-06 10:58:11,724 [ERROR] LogOutputStream:75 - [STDERR_REDIRECT] [Fatal Error] :1:1: Premature end of file.
2026-02-06 10:58:11,724 [ERROR] LogOutputStream:75 - [STDERR_REDIRECT] 
2026-02-06 10:58:12,724 [ERROR] LogOutputStream:75 - [STDERR_REDIRECT] [Fatal Error] :1:1: Premature end of file.
2026-02-06 10:58:12,725 [ERROR] LogOutputStream:75 - [STDERR_REDIRECT] 
2026-02-06 10:58:13,728 [ERROR] LogOutputStream:75 - [STDERR_REDIRECT] [Fatal Error] :1:1: Premature end of file.
2026-02-06 10:58:13,728 [ERROR] LogOutputStream:75 - [STDERR_REDIRECT] 
2026-02-06 10:58:14,709 [ERROR] LogOutputStream:75 - [STDERR_REDIRECT] [Fatal Error] :1:1: Premature end of file.
2026-02-06 10:58:14,709 [ERROR] LogOutputStream:75 - [STDERR_REDIRECT] 
2026-02-06 10:58:15,729 [ERROR] LogOutputStream:75 - [STDERR_REDIRECT] [Fatal Error] :1:1: Premature end of file.
2026-02-06 10:58:15,730 [ERROR] LogOutputStream:75 - [STDERR_REDIRECT] 
2026-02-06 10:58:16,715 [ERROR] LogOutputStream:75 - [STDERR_REDIRECT] [Fatal Error] :1:1: Premature end of file.
2026-02-06 10:58:16,715 [ERROR] LogOutputStream:75 - [STDERR_REDIRECT] 
2026-02-06 10:58:17,722 [ERROR] LogOutputStream:75 - [STDERR_REDIRECT] [Fatal Error] :1:1: Premature end of file.
2026-02-06 10:58:17,722 [ERROR] LogOutputStream:75 - [STDERR_REDIRECT] 
2026-02-06 10:58:18,728 [ERROR] LogOutputStream:75 - [STDERR_REDIRECT] [Fatal Error] :1:1: Premature end of file.
2026-02-06 10:58:18,728 [ERROR] LogOutputStream:75 - [STDERR_REDIRECT] 
2026-02-06 10:58:19,747 [ERROR] LogOutputStream:75 - [STDERR_REDIRECT] [Fatal Error] :1:1: Premature end of file.
2026-02-06 10:58:19,747 [ERROR] LogOutputStream:75 - [STDERR_REDIRECT] 
2026-02-06 10:58:20,732 [ERROR] LogOutputStream:75 - [STDERR_REDIRECT] [Fatal Error] :1:1: Premature end of file.
2026-02-06 10:58:20,732 [ERROR] LogOutputStream:75 - [STDERR_REDIRECT] 
2026-02-06 10:58:21,719 [ERROR] LogOutputStream:75 - [STDERR_REDIRECT] [Fatal Error] :1:1: Premature end of file.
2026-02-06 10:58:21,719 [ERROR] LogOutputStream:75 - [STDERR_REDIRECT] 
2026-02-06 10:58:22,715 [ERROR] LogOutputStream:75 - [STDERR_REDIRECT] [Fatal Error] :1:1: Premature end of file.
2026-02-06 10:58:22,715 [ERROR] LogOutputStream:75 - [STDERR_REDIRECT] 
2026-02-06 10:58:23,724 [ERROR] LogOutputStream:75 - [STDERR_REDIRECT] [Fatal Error] :1:1: Premature end of file.
2026-02-06 10:58:23,724 [ERROR] LogOutputStream:75 - [STDERR_REDIRECT] 
2026-02-06 10:58:24,707 [ERROR] LogOutputStream:75 - [STDERR_REDIRECT] [Fatal Error] :1:1: Premature end of file.
2026-02-06 10:58:24,708 [ERROR] LogOutputStream:75 - [STDERR_REDIRECT] 
2026-02-06 10:58:25,722 [ERROR] LogOutputStream:75 - [STDERR_REDIRECT] [Fatal Error] :1:1: Premature end of file.
2026-02-06 10:58:25,722 [ERROR] LogOutputStream:75 - [STDERR_REDIRECT] 
2026-02-06 10:58:26,724 [ERROR] LogOutputStream:75 - [STDERR_REDIRECT] [Fatal Error] :1:1: Premature end of file.
2026-02-06 10:58:26,725 [ERROR] LogOutputStream:75 - [STDERR_REDIRECT] 
2026-02-06 10:58:27,748 [ERROR] LogOutputStream:75 - [STDERR_REDIRECT] [Fatal Error] :1:1: Premature end of file.
2026-02-06 10:58:27,749 [ERROR] LogOutputStream:75 - [STDERR_REDIRECT] 
2026-02-06 10:58:28,733 [ERROR] LogOutputStream:75 - [STDERR_REDIRECT] [Fatal Error] :1:1: Premature end of file.
2026-02-06 10:58:28,733 [ERROR] LogOutputStream:75 - [STDERR_REDIRECT] 
2026-02-06 10:58:29,729 [ERROR] LogOutputStream:75 - [STDERR_REDIRECT] [Fatal Error] :1:1: Premature end of file.
2026-02-06 10:58:29,729 [ERROR] LogOutputStream:75 - [STDERR_REDIRECT] 
2026-02-06 10:58:30,712 [ERROR] LogOutputStream:75 - [STDERR_REDIRECT] [Fatal Error] :1:1: Premature end of file.
2026-02-06 10:58:30,712 [ERROR] LogOutputStream:75 - [STDERR_REDIRECT] 
2026-02-06 10:58:31,730 [ERROR] LogOutputStream:75 - [STDERR_REDIRECT] [Fatal Error] :1:1: Premature end of file.
2026-02-06 10:58:31,731 [ERROR] LogOutputStream:75 - [STDERR_REDIRECT] 
2026-02-06 10:58:32,724 [ERROR] LogOutputStream:75 - [STDERR_REDIRECT] [Fatal Error] :1:1: Premature end of file.
2026-02-06 10:58:32,724 [ERROR] LogOutputStream:75 - [STDERR_REDIRECT] 
2026-02-06 10:58:33,731 [ERROR] LogOutputStream:75 - [STDERR_REDIRECT] [Fatal Error] :1:1: Premature end of file.
2026-02-06 10:58:33,731 [ERROR] LogOutputStream:75 - [STDERR_REDIRECT] 
2026-02-06 10:58:34,725 [ERROR] LogOutputStream:75 - [STDERR_REDIRECT] [Fatal Error] :1:1: Premature end of file.
2026-02-06 10:58:34,726 [ERROR] LogOutputStream:75 - [STDERR_REDIRECT] 
2026-02-06 10:58:35,733 [ERROR] LogOutputStream:75 - [STDERR_REDIRECT] [Fatal Error] :1:1: Premature end of file.
2026-02-06 10:58:35,733 [ERROR] LogOutputStream:75 - [STDERR_REDIRECT] 
2026-02-06 10:58:36,722 [ERROR] LogOutputStream:75 - [STDERR_REDIRECT] [Fatal Error] :1:1: Premature end of file.
2026-02-06 10:58:36,723 [ERROR] LogOutputStream:75 - [STDERR_REDIRECT] 
2026-02-06 10:58:37,726 [ERROR] LogOutputStream:75 - [STDERR_REDIRECT] [Fatal Error] :1:1: Premature end of file.
2026-02-06 10:58:37,726 [ERROR] LogOutputStream:75 - [STDERR_REDIRECT] 
2026-02-06 10:58:38,725 [ERROR] LogOutputStream:75 - [STDERR_REDIRECT] [Fatal Error] :1:1: Premature end of file.
2026-02-06 10:58:38,725 [ERROR] LogOutputStream:75 - [STDERR_REDIRECT] 
2026-02-06 10:58:39,741 [ERROR] LogOutputStream:75 - [STDERR_REDIRECT] [Fatal Error] :1:1: Premature end of file.
2026-02-06 10:58:39,741 [ERROR] LogOutputStream:75 - [STDERR_REDIRECT] 
2026-02-06 10:58:40,760 [ERROR] LogOutputStream:75 - [STDERR_REDIRECT] [Fatal Error] :1:1: Premature end of file.
2026-02-06 10:58:40,761 [ERROR] LogOutputStream:75 - [STDERR_REDIRECT] 
2026-02-06 10:58:41,722 [ERROR] LogOutputStream:75 - [STDERR_REDIRECT] [Fatal Error] :1:1: Premature end of file.
2026-02-06 10:58:41,722 [ERROR] LogOutputStream:75 - [STDERR_REDIRECT] 
2026-02-06 10:58:42,750 [ERROR] LogOutputStream:75 - [STDERR_REDIRECT] [Fatal Error] :1:1: Premature end of file.
2026-02-06 10:58:42,751 [ERROR] LogOutputStream:75 - [STDERR_REDIRECT] 
2026-02-06 10:58:43,717 [ERROR] LogOutputStream:75 - [STDERR_REDIRECT] [Fatal Error] :1:1: Premature end of file.
2026-02-06 10:58:43,717 [ERROR] LogOutputStream:75 - [STDERR_REDIRECT] 
2026-02-06 10:58:44,726 [ERROR] LogOutputStream:75 - [STDERR_REDIRECT] [Fatal Error] :1:1: Premature end of file.
2026-02-06 10:58:44,726 [ERROR] LogOutputStream:75 - [STDERR_REDIRECT] 
2026-02-06 10:58:45,718 [ERROR] LogOutputStream:75 - [STDERR_REDIRECT] [Fatal Error] :1:1: Premature end of file.
2026-02-06 10:58:45,718 [ERROR] LogOutputStream:75 - [STDERR_REDIRECT] 
2026-02-06 10:58:46,731 [ERROR] LogOutputStream:75 - [STDERR_REDIRECT] [Fatal Error] :1:1: Premature end of file.
2026-02-06 10:58:46,731 [ERROR] LogOutputStream:75 - [STDERR_REDIRECT] 
2026-02-06 10:58:47,730 [ERROR] LogOutputStream:75 - [STDERR_REDIRECT] [Fatal Error] :1:1: Premature end of file.
2026-02-06 10:58:47,731 [ERROR] LogOutputStream:75 - [STDERR_REDIRECT] 
2026-02-06 10:58:48,724 [ERROR] LogOutputStream:75 - [STDERR_REDIRECT] [Fatal Error] :1:1: Premature end of file.
2026-02-06 10:58:48,724 [ERROR] LogOutputStream:75 - [STDERR_REDIRECT] 
2026-02-06 10:58:49,736 [ERROR] LogOutputStream:75 - [STDERR_REDIRECT] [Fatal Error] :1:1: Premature end of file.
2026-02-06 10:58:49,737 [ERROR] LogOutputStream:75 - [STDERR_REDIRECT] 
2026-02-06 10:58:50,745 [ERROR] LogOutputStream:75 - [STDERR_REDIRECT] [Fatal Error] :1:1: Premature end of file.
2026-02-06 10:58:50,745 [ERROR] LogOutputStream:75 - [STDERR_REDIRECT] 
2026-02-06 10:58:51,720 [ERROR] LogOutputStream:75 - [STDERR_REDIRECT] [Fatal Error] :1:1: Premature end of file.
2026-02-06 10:58:51,721 [ERROR] LogOutputStream:75 - [STDERR_REDIRECT] 
2026-02-06 10:58:52,741 [ERROR] LogOutputStream:75 - [STDERR_REDIRECT] [Fatal Error] :1:1: Premature end of file.
2026-02-06 10:58:52,741 [ERROR] LogOutputStream:75 - [STDERR_REDIRECT] 
2026-02-06 10:58:53,732 [ERROR] LogOutputStream:75 - [STDERR_REDIRECT] [Fatal Error] :1:1: Premature end of file.
2026-02-06 10:58:53,733 [ERROR] LogOutputStream:75 - [STDERR_REDIRECT] 
2026-02-06 10:58:54,726 [ERROR] LogOutputStream:75 - [STDERR_REDIRECT] [Fatal Error] :1:1: Premature end of file.
2026-02-06 10:58:54,726 [ERROR] LogOutputStream:75 - [STDERR_REDIRECT] 
2026-02-06 10:58:55,725 [ERROR] LogOutputStream:75 - [STDERR_REDIRECT] [Fatal Error] :1:1: Premature end of file.
2026-02-06 10:58:55,725 [ERROR] LogOutputStream:75 - [STDERR_REDIRECT] 
2026-02-06 10:58:56,724 [ERROR] LogOutputStream:75 - [STDERR_REDIRECT] [Fatal Error] :1:1: Premature end of file.
2026-02-06 10:58:56,724 [ERROR] LogOutputStream:75 - [STDERR_REDIRECT] 
2026-02-06 10:58:57,724 [ERROR] LogOutputStream:75 - [STDERR_REDIRECT] [Fatal Error] :1:1: Premature end of file.
2026-02-06 10:58:57,724 [ERROR] LogOutputStream:75 - [STDERR_REDIRECT] 
2026-02-06 10:58:58,724 [ERROR] LogOutputStream:75 - [STDERR_REDIRECT] [Fatal Error] :1:1: Premature end of file.
2026-02-06 10:58:58,724 [ERROR] LogOutputStream:75 - [STDERR_REDIRECT] 
2026-02-06 10:58:59,713 [ERROR] LogOutputStream:75 - [STDERR_REDIRECT] [Fatal Error] :1:1: Premature end of file.
2026-02-06 10:58:59,714 [ERROR] LogOutputStream:75 - [STDERR_REDIRECT] 
2026-02-06 10:59:00,730 [ERROR] LogOutputStream:75 - [STDERR_REDIRECT] [Fatal Error] :1:1: Premature end of file.
2026-02-06 10:59:00,731 [ERROR] LogOutputStream:75 - [STDERR_REDIRECT] 
2026-02-06 10:59:01,732 [ERROR] LogOutputStream:75 - [STDERR_REDIRECT] [Fatal Error] :1:1: Premature end of file.
2026-02-06 10:59:01,732 [ERROR] LogOutputStream:75 - [STDERR_REDIRECT] 
2026-02-06 10:59:02,723 [ERROR] LogOutputStream:75 - [STDERR_REDIRECT] [Fatal Error] :1:1: Premature end of file.
2026-02-06 10:59:02,723 [ERROR] LogOutputStream:75 - [STDERR_REDIRECT] 
2026-02-06 10:59:03,732 [ERROR] LogOutputStream:75 - [STDERR_REDIRECT] [Fatal Error] :1:1: Premature end of file.
2026-02-06 10:59:03,732 [ERROR] LogOutputStream:75 - [STDERR_REDIRECT] 
2026-02-06 10:59:04,746 [ERROR] LogOutputStream:75 - [STDERR_REDIRECT] [Fatal Error] :1:1: Premature end of file.
2026-02-06 10:59:04,747 [ERROR] LogOutputStream:75 - [STDERR_REDIRECT] 
2026-02-06 10:59:05,721 [ERROR] LogOutputStream:75 - [STDERR_REDIRECT] [Fatal Error] :1:1: Premature end of file.
2026-02-06 10:59:05,722 [ERROR] LogOutputStream:75 - [STDERR_REDIRECT] 
2026-02-06 10:59:06,747 [ERROR] LogOutputStream:75 - [STDERR_REDIRECT] [Fatal Error] :1:1: Premature end of file.
2026-02-06 10:59:06,748 [ERROR] LogOutputStream:75 - [STDERR_REDIRECT] 
2026-02-06 10:59:07,726 [ERROR] LogOutputStream:75 - [STDERR_REDIRECT] [Fatal Error] :1:1: Premature end of file.
2026-02-06 10:59:07,726 [ERROR] LogOutputStream:75 - [STDERR_REDIRECT] 
2026-02-06 10:59:08,720 [ERROR] LogOutputStream:75 - [STDERR_REDIRECT] [Fatal Error] :1:1: Premature end of file.
2026-02-06 10:59:08,720 [ERROR] LogOutputStream:75 - [STDERR_REDIRECT] 
2026-02-06 10:59:09,718 [ERROR] LogOutputStream:75 - [STDERR_REDIRECT] [Fatal Error] :1:1: Premature end of file.
2026-02-06 10:59:09,718 [ERROR] LogOutputStream:75 - [STDERR_REDIRECT] 
2026-02-06 10:59:10,724 [ERROR] LogOutputStream:75 - [STDERR_REDIRECT] [Fatal Error] :1:1: Premature end of file.
2026-02-06 10:59:10,724 [ERROR] LogOutputStream:75 - [STDERR_REDIRECT] 
2026-02-06 10:59:11,718 [ERROR] LogOutputStream:75 - [STDERR_REDIRECT] [Fatal Error] :1:1: Premature end of file.
2026-02-06 10:59:11,719 [ERROR] LogOutputStream:75 - [STDERR_REDIRECT] 
2026-02-06 10:59:12,725 [ERROR] LogOutputStream:75 - [STDERR_REDIRECT] [Fatal Error] :1:1: Premature end of file.
2026-02-06 10:59:12,725 [ERROR] LogOutputStream:75 - [STDERR_REDIRECT] 
2026-02-06 10:59:13,752 [ERROR] LogOutputStream:75 - [STDERR_REDIRECT] [Fatal Error] :1:1: Premature end of file.
2026-02-06 10:59:13,752 [ERROR] LogOutputStream:75 - [STDERR_REDIRECT] 
2026-02-06 10:59:14,731 [ERROR] LogOutputStream:75 - [STDERR_REDIRECT] [Fatal Error] :1:1: Premature end of file.
2026-02-06 10:59:14,731 [ERROR] LogOutputStream:75 - [STDERR_REDIRECT] 
2026-02-06 10:59:15,724 [ERROR] LogOutputStream:75 - [STDERR_REDIRECT] [Fatal Error] :1:1: Premature end of file.
2026-02-06 10:59:15,725 [ERROR] LogOutputStream:75 - [STDERR_REDIRECT] 
2026-02-06 10:59:16,739 [ERROR] LogOutputStream:75 - [STDERR_REDIRECT] [Fatal Error] :1:1: Premature end of file.
2026-02-06 10:59:16,740 [ERROR] LogOutputStream:75 - [STDERR_REDIRECT] 
2026-02-06 10:59:17,732 [ERROR] LogOutputStream:75 - [STDERR_REDIRECT] [Fatal Error] :1:1: Premature end of file.
2026-02-06 10:59:17,732 [ERROR] LogOutputStream:75 - [STDERR_REDIRECT] 
2026-02-06 10:59:18,736 [ERROR] LogOutputStream:75 - [STDERR_REDIRECT] [Fatal Error] :1:1: Premature end of file.
2026-02-06 10:59:18,736 [ERROR] LogOutputStream:75 - [STDERR_REDIRECT] 
2026-02-06 10:59:19,737 [ERROR] LogOutputStream:75 - [STDERR_REDIRECT] [Fatal Error] :1:1: Premature end of file.
2026-02-06 10:59:19,738 [ERROR] LogOutputStream:75 - [STDERR_REDIRECT] 
2026-02-06 10:59:20,732 [ERROR] LogOutputStream:75 - [STDERR_REDIRECT] [Fatal Error] :1:1: Premature end of file.
2026-02-06 10:59:20,732 [ERROR] LogOutputStream:75 - [STDERR_REDIRECT] 
2026-02-06 10:59:21,744 [ERROR] LogOutputStream:75 - [STDERR_REDIRECT] [Fatal Error] :1:1: Premature end of file.
2026-02-06 10:59:21,745 [ERROR] LogOutputStream:75 - [STDERR_REDIRECT] 
2026-02-06 10:59:22,706 [ERROR] LogOutputStream:75 - [STDERR_REDIRECT] [Fatal Error] :1:1: Premature end of file.
2026-02-06 10:59:22,708 [ERROR] LogOutputStream:75 - [STDERR_REDIRECT] 
2026-02-06 10:59:23,722 [ERROR] LogOutputStream:75 - [STDERR_REDIRECT] [Fatal Error] :1:1: Premature end of file.
2026-02-06 10:59:23,722 [ERROR] LogOutputStream:75 - [STDERR_REDIRECT] 
2026-02-06 10:59:24,717 [ERROR] LogOutputStream:75 - [STDERR_REDIRECT] [Fatal Error] :1:1: Premature end of file.
2026-02-06 10:59:24,717 [ERROR] LogOutputStream:75 - [STDERR_REDIRECT] 
2026-02-06 10:59:25,807 [ERROR] LogOutputStream:75 - [STDERR_REDIRECT] [Fatal Error] :1:1: Premature end of file.
2026-02-06 10:59:25,807 [ERROR] LogOutputStream:75 - [STDERR_REDIRECT] 
2026-02-06 10:59:26,713 [ERROR] LogOutputStream:75 - [STDERR_REDIRECT] [Fatal Error] :1:1: Premature end of file.
2026-02-06 10:59:26,713 [ERROR] LogOutputStream:75 - [STDERR_REDIRECT] 
2026-02-06 10:59:27,712 [ERROR] LogOutputStream:75 - [STDERR_REDIRECT] [Fatal Error] :1:1: Premature end of file.
2026-02-06 10:59:27,712 [ERROR] LogOutputStream:75 - [STDERR_REDIRECT] 
2026-02-06 10:59:28,731 [ERROR] LogOutputStream:75 - [STDERR_REDIRECT] [Fatal Error] :1:1: Premature end of file.
2026-02-06 10:59:28,731 [ERROR] LogOutputStream:75 - [STDERR_REDIRECT] 
2026-02-06 10:59:29,754 [ERROR] LogOutputStream:75 - [STDERR_REDIRECT] [Fatal Error] :1:1: Premature end of file.
2026-02-06 10:59:29,755 [ERROR] LogOutputStream:75 - [STDERR_REDIRECT] 
2026-02-06 10:59:30,774 [ERROR] LogOutputStream:75 - [STDERR_REDIRECT] [Fatal Error] :1:1: Premature end of file.
2026-02-06 10:59:30,774 [ERROR] LogOutputStream:75 - [STDERR_REDIRECT] 
2026-02-06 10:59:31,712 [ERROR] LogOutputStream:75 - [STDERR_REDIRECT] [Fatal Error] :1:1: Premature end of file.
2026-02-06 10:59:31,714 [ERROR] LogOutputStream:75 - [STDERR_REDIRECT] 
2026-02-06 10:59:32,707 [ERROR] LogOutputStream:75 - [STDERR_REDIRECT] [Fatal Error] :1:1: Premature end of file.
2026-02-06 10:59:32,708 [ERROR] LogOutputStream:75 - [STDERR_REDIRECT] 
2026-02-06 10:59:33,736 [ERROR] LogOutputStream:75 - [STDERR_REDIRECT] [Fatal Error] :1:1: Premature end of file.
2026-02-06 10:59:33,736 [ERROR] LogOutputStream:75 - [STDERR_REDIRECT] 
2026-02-06 10:59:34,725 [ERROR] LogOutputStream:75 - [STDERR_REDIRECT] [Fatal Error] :1:1: Premature end of file.
2026-02-06 10:59:34,726 [ERROR] LogOutputStream:75 - [STDERR_REDIRECT] 
2026-02-06 10:59:35,730 [ERROR] LogOutputStream:75 - [STDERR_REDIRECT] [Fatal Error] :1:1: Premature end of file.
2026-02-06 10:59:35,731 [ERROR] LogOutputStream:75 - [STDERR_REDIRECT] 
2026-02-06 10:59:36,741 [ERROR] LogOutputStream:75 - [STDERR_REDIRECT] [Fatal Error] :1:1: Premature end of file.
2026-02-06 10:59:36,742 [ERROR] LogOutputStream:75 - [STDERR_REDIRECT] 
2026-02-06 10:59:37,720 [ERROR] LogOutputStream:75 - [STDERR_REDIRECT] [Fatal Error] :1:1: Premature end of file.
2026-02-06 10:59:37,720 [ERROR] LogOutputStream:75 - [STDERR_REDIRECT] 
2026-02-06 10:59:38,744 [ERROR] LogOutputStream:75 - [STDERR_REDIRECT] [Fatal Error] :1:1: Premature end of file.
2026-02-06 10:59:38,744 [ERROR] LogOutputStream:75 - [STDERR_REDIRECT] 
2026-02-06 10:59:39,723 [ERROR] LogOutputStream:75 - [STDERR_REDIRECT] [Fatal Error] :1:1: Premature end of file.
2026-02-06 10:59:39,723 [ERROR] LogOutputStream:75 - [STDERR_REDIRECT] 
2026-02-06 10:59:40,724 [ERROR] LogOutputStream:75 - [STDERR_REDIRECT] [Fatal Error] :1:1: Premature end of file.
2026-02-06 10:59:40,724 [ERROR] LogOutputStream:75 - [STDERR_REDIRECT] 
2026-02-06 10:59:41,727 [ERROR] LogOutputStream:75 - [STDERR_REDIRECT] [Fatal Error] :1:1: Premature end of file.
2026-02-06 10:59:41,728 [ERROR] LogOutputStream:75 - [STDERR_REDIRECT] 
2026-02-06 10:59:42,773 [ERROR] LogOutputStream:75 - [STDERR_REDIRECT] [Fatal Error] :1:1: Premature end of file.
2026-02-06 10:59:42,774 [ERROR] LogOutputStream:75 - [STDERR_REDIRECT] 
2026-02-06 10:59:43,729 [ERROR] LogOutputStream:75 - [STDERR_REDIRECT] [Fatal Error] :1:1: Premature end of file.
2026-02-06 10:59:43,729 [ERROR] LogOutputStream:75 - [STDERR_REDIRECT] 
2026-02-06 10:59:44,711 [ERROR] LogOutputStream:75 - [STDERR_REDIRECT] [Fatal Error] :1:1: Premature end of file.
2026-02-06 10:59:44,719 [ERROR] LogOutputStream:75 - [STDERR_REDIRECT] 
2026-02-06 10:59:45,740 [ERROR] LogOutputStream:75 - [STDERR_REDIRECT] [Fatal Error] :1:1: Premature end of file.
2026-02-06 10:59:45,740 [ERROR] LogOutputStream:75 - [STDERR_REDIRECT] 
2026-02-06 10:59:46,734 [ERROR] LogOutputStream:75 - [STDERR_REDIRECT] [Fatal Error] :1:1: Premature end of file.
2026-02-06 10:59:46,734 [ERROR] LogOutputStream:75 - [STDERR_REDIRECT] 
2026-02-06 10:59:47,719 [ERROR] LogOutputStream:75 - [STDERR_REDIRECT] [Fatal Error] :1:1: Premature end of file.
2026-02-06 10:59:47,720 [ERROR] LogOutputStream:75 - [STDERR_REDIRECT] 
2026-02-06 10:59:48,724 [ERROR] LogOutputStream:75 - [STDERR_REDIRECT] [Fatal Error] :1:1: Premature end of file.
2026-02-06 10:59:48,725 [ERROR] LogOutputStream:75 - [STDERR_REDIRECT] 
2026-02-06 10:59:49,727 [ERROR] LogOutputStream:75 - [STDERR_REDIRECT] [Fatal Error] :1:1: Premature end of file.
2026-02-06 10:59:49,727 [ERROR] LogOutputStream:75 - [STDERR_REDIRECT] 
2026-02-06 10:59:50,726 [ERROR] LogOutputStream:75 - [STDERR_REDIRECT] [Fatal Error] :1:1: Premature end of file.
2026-02-06 10:59:50,726 [ERROR] LogOutputStream:75 - [STDERR_REDIRECT] 
2026-02-06 10:59:51,727 [ERROR] LogOutputStream:75 - [STDERR_REDIRECT] [Fatal Error] :1:1: Premature end of file.
2026-02-06 10:59:51,727 [ERROR] LogOutputStream:75 - [STDERR_REDIRECT] 
2026-02-06 10:59:52,721 [ERROR] LogOutputStream:75 - [STDERR_REDIRECT] [Fatal Error] :1:1: Premature end of file.
2026-02-06 10:59:52,721 [ERROR] LogOutputStream:75 - [STDERR_REDIRECT] 
2026-02-06 10:59:53,729 [ERROR] LogOutputStream:75 - [STDERR_REDIRECT] [Fatal Error] :1:1: Premature end of file.
2026-02-06 10:59:53,729 [ERROR] LogOutputStream:75 - [STDERR_REDIRECT] 
2026-02-06 10:59:54,722 [ERROR] LogOutputStream:75 - [STDERR_REDIRECT] [Fatal Error] :1:1: Premature end of file.
2026-02-06 10:59:54,722 [ERROR] LogOutputStream:75 - [STDERR_REDIRECT] 
2026-02-06 10:59:55,741 [ERROR] LogOutputStream:75 - [STDERR_REDIRECT] [Fatal Error] :1:1: Premature end of file.
2026-02-06 10:59:55,741 [ERROR] LogOutputStream:75 - [STDERR_REDIRECT] 
2026-02-06 10:59:56,717 [ERROR] LogOutputStream:75 - [STDERR_REDIRECT] [Fatal Error] :1:1: Premature end of file.
2026-02-06 10:59:56,717 [ERROR] LogOutputStream:75 - [STDERR_REDIRECT] 
2026-02-06 10:59:57,729 [ERROR] LogOutputStream:75 - [STDERR_REDIRECT] [Fatal Error] :1:1: Premature end of file.
2026-02-06 10:59:57,729 [ERROR] LogOutputStream:75 - [STDERR_REDIRECT] 
2026-02-06 10:59:58,735 [ERROR] LogOutputStream:75 - [STDERR_REDIRECT] [Fatal Error] :1:1: Premature end of file.
2026-02-06 10:59:58,735 [ERROR] LogOutputStream:75 - [STDERR_REDIRECT] 
2026-02-06 10:59:59,727 [ERROR] LogOutputStream:75 - [STDERR_REDIRECT] [Fatal Error] :1:1: Premature end of file.
2026-02-06 10:59:59,728 [ERROR] LogOutputStream:75 - [STDERR_REDIRECT] 
2026-02-06 11:00:00,717 [ERROR] LogOutputStream:75 - [STDERR_REDIRECT] [Fatal Error] :1:1: Premature end of file.
2026-02-06 11:00:00,717 [ERROR] LogOutputStream:75 - [STDERR_REDIRECT] 
2026-02-06 11:00:01,718 [ERROR] LogOutputStream:75 - [STDERR_REDIRECT] [Fatal Error] :1:1: Premature end of file.
2026-02-06 11:00:01,718 [ERROR] LogOutputStream:75 - [STDERR_REDIRECT] 
2026-02-06 11:00:02,724 [ERROR] LogOutputStream:75 - [STDERR_REDIRECT] [Fatal Error] :1:1: Premature end of file.
2026-02-06 11:00:02,724 [ERROR] LogOutputStream:75 - [STDERR_REDIRECT] 
2026-02-06 11:00:03,734 [ERROR] LogOutputStream:75 - [STDERR_REDIRECT] [Fatal Error] :1:1: Premature end of file.
2026-02-06 11:00:03,735 [ERROR] LogOutputStream:75 - [STDERR_REDIRECT] 
2026-02-06 11:00:04,728 [ERROR] LogOutputStream:75 - [STDERR_REDIRECT] [Fatal Error] :1:1: Premature end of file.
2026-02-06 11:00:04,728 [ERROR] LogOutputStream:75 - [STDERR_REDIRECT] 
2026-02-06 11:00:05,735 [ERROR] LogOutputStream:75 - [STDERR_REDIRECT] [Fatal Error] :1:1: Premature end of file.
2026-02-06 11:00:05,736 [ERROR] LogOutputStream:75 - [STDERR_REDIRECT] 
2026-02-06 11:00:06,727 [ERROR] LogOutputStream:75 - [STDERR_REDIRECT] [Fatal Error] :1:1: Premature end of file.
2026-02-06 11:00:06,727 [ERROR] LogOutputStream:75 - [STDERR_REDIRECT] 
2026-02-06 11:00:07,726 [ERROR] LogOutputStream:75 - [STDERR_REDIRECT] [Fatal Error] :1:1: Premature end of file.
2026-02-06 11:00:07,727 [ERROR] LogOutputStream:75 - [STDERR_REDIRECT] 
2026-02-06 11:00:08,773 [ERROR] LogOutputStream:75 - [STDERR_REDIRECT] [Fatal Error] :1:1: Premature end of file.
2026-02-06 11:00:08,773 [ERROR] LogOutputStream:75 - [STDERR_REDIRECT] 
2026-02-06 11:00:09,726 [ERROR] LogOutputStream:75 - [STDERR_REDIRECT] [Fatal Error] :1:1: Premature end of file.
2026-02-06 11:00:09,726 [ERROR] LogOutputStream:75 - [STDERR_REDIRECT] 
2026-02-06 11:00:10,729 [ERROR] LogOutputStream:75 - [STDERR_REDIRECT] [Fatal Error] :1:1: Premature end of file.
2026-02-06 11:00:10,730 [ERROR] LogOutputStream:75 - [STDERR_REDIRECT] 
2026-02-06 11:00:11,724 [ERROR] LogOutputStream:75 - [STDERR_REDIRECT] [Fatal Error] :1:1: Premature end of file.
2026-02-06 11:00:11,724 [ERROR] LogOutputStream:75 - [STDERR_REDIRECT] 
2026-02-06 11:00:12,760 [ERROR] LogOutputStream:75 - [STDERR_REDIRECT] [Fatal Error] :1:1: Premature end of file.
2026-02-06 11:00:12,760 [ERROR] LogOutputStream:75 - [STDERR_REDIRECT] 
2026-02-06 11:00:13,705 [ERROR] LogOutputStream:75 - [STDERR_REDIRECT] [Fatal Error] :1:1: Premature end of file.
2026-02-06 11:00:13,705 [ERROR] LogOutputStream:75 - [STDERR_REDIRECT] 
2026-02-06 11:00:14,722 [ERROR] LogOutputStream:75 - [STDERR_REDIRECT] [Fatal Error] :1:1: Premature end of file.
2026-02-06 11:00:14,722 [ERROR] LogOutputStream:75 - [STDERR_REDIRECT] 
2026-02-06 11:00:15,776 [ERROR] LogOutputStream:75 - [STDERR_REDIRECT] [Fatal Error] :1:1: Premature end of file.
2026-02-06 11:00:15,777 [ERROR] LogOutputStream:75 - [STDERR_REDIRECT] 
2026-02-06 11:00:16,731 [ERROR] LogOutputStream:75 - [STDERR_REDIRECT] [Fatal Error] :1:1: Premature end of file.
2026-02-06 11:00:16,732 [ERROR] LogOutputStream:75 - [STDERR_REDIRECT] 
2026-02-06 11:00:17,729 [ERROR] LogOutputStream:75 - [STDERR_REDIRECT] [Fatal Error] :1:1: Premature end of file.
2026-02-06 11:00:17,729 [ERROR] LogOutputStream:75 - [STDERR_REDIRECT] 
2026-02-06 11:00:18,713 [ERROR] LogOutputStream:75 - [STDERR_REDIRECT] [Fatal Error] :1:1: Premature end of file.
2026-02-06 11:00:18,714 [ERROR] LogOutputStream:75 - [STDERR_REDIRECT] 
2026-02-06 11:00:19,795 [ERROR] LogOutputStream:75 - [STDERR_REDIRECT] [Fatal Error] :1:1: Premature end of file.
2026-02-06 11:00:19,795 [ERROR] LogOutputStream:75 - [STDERR_REDIRECT] 
2026-02-06 11:00:20,718 [ERROR] LogOutputStream:75 - [STDERR_REDIRECT] [Fatal Error] :1:1: Premature end of file.
2026-02-06 11:00:20,719 [ERROR] LogOutputStream:75 - [STDERR_REDIRECT] 
2026-02-06 11:00:21,724 [ERROR] LogOutputStream:75 - [STDERR_REDIRECT] [Fatal Error] :1:1: Premature end of file.
2026-02-06 11:00:21,725 [ERROR] LogOutputStream:75 - [STDERR_REDIRECT] 
2026-02-06 11:00:22,725 [ERROR] LogOutputStream:75 - [STDERR_REDIRECT] [Fatal Error] :1:1: Premature end of file.
2026-02-06 11:00:22,726 [ERROR] LogOutputStream:75 - [STDERR_REDIRECT] 
2026-02-06 11:00:23,712 [ERROR] LogOutputStream:75 - [STDERR_REDIRECT] [Fatal Error] :1:1: Premature end of file.
2026-02-06 11:00:23,712 [ERROR] LogOutputStream:75 - [STDERR_REDIRECT] 
2026-02-06 11:00:24,724 [ERROR] LogOutputStream:75 - [STDERR_REDIRECT] [Fatal Error] :1:1: Premature end of file.
2026-02-06 11:00:24,725 [ERROR] LogOutputStream:75 - [STDERR_REDIRECT] 
2026-02-06 11:00:25,718 [ERROR] LogOutputStream:75 - [STDERR_REDIRECT] [Fatal Error] :1:1: Premature end of file.
2026-02-06 11:00:25,718 [ERROR] LogOutputStream:75 - [STDERR_REDIRECT] 
2026-02-06 11:00:26,724 [ERROR] LogOutputStream:75 - [STDERR_REDIRECT] [Fatal Error] :1:1: Premature end of file.
2026-02-06 11:00:26,724 [ERROR] LogOutputStream:75 - [STDERR_REDIRECT] 
2026-02-06 11:00:27,821 [ERROR] LogOutputStream:75 - [STDERR_REDIRECT] [Fatal Error] :1:1: Premature end of file.
2026-02-06 11:00:27,821 [ERROR] LogOutputStream:75 - [STDERR_REDIRECT] 
2026-02-06 11:00:28,714 [ERROR] LogOutputStream:75 - [STDERR_REDIRECT] [Fatal Error] :1:1: Premature end of file.
2026-02-06 11:00:28,715 [ERROR] LogOutputStream:75 - [STDERR_REDIRECT] 
2026-02-06 11:00:29,764 [ERROR] LogOutputStream:75 - [STDERR_REDIRECT] [Fatal Error] :1:1: Premature end of file.
2026-02-06 11:00:29,765 [ERROR] LogOutputStream:75 - [STDERR_REDIRECT] 
2026-02-06 11:00:30,747 [ERROR] LogOutputStream:75 - [STDERR_REDIRECT] [Fatal Error] :1:1: Premature end of file.
2026-02-06 11:00:30,747 [ERROR] LogOutputStream:75 - [STDERR_REDIRECT] 
2026-02-06 11:00:31,746 [ERROR] LogOutputStream:75 - [STDERR_REDIRECT] [Fatal Error] :1:1: Premature end of file.
2026-02-06 11:00:31,747 [ERROR] LogOutputStream:75 - [STDERR_REDIRECT] 
2026-02-06 11:00:32,730 [ERROR] LogOutputStream:75 - [STDERR_REDIRECT] [Fatal Error] :1:1: Premature end of file.
2026-02-06 11:00:32,731 [ERROR] LogOutputStream:75 - [STDERR_REDIRECT] 
2026-02-06 11:00:33,729 [ERROR] LogOutputStream:75 - [STDERR_REDIRECT] [Fatal Error] :1:1: Premature end of file.
2026-02-06 11:00:33,729 [ERROR] LogOutputStream:75 - [STDERR_REDIRECT] 
2026-02-06 11:00:34,729 [ERROR] LogOutputStream:75 - [STDERR_REDIRECT] [Fatal Error] :1:1: Premature end of file.
2026-02-06 11:00:34,729 [ERROR] LogOutputStream:75 - [STDERR_REDIRECT] 
2026-02-06 11:00:35,725 [ERROR] LogOutputStream:75 - [STDERR_REDIRECT] [Fatal Error] :1:1: Premature end of file.
2026-02-06 11:00:35,726 [ERROR] LogOutputStream:75 - [STDERR_REDIRECT] 
2026-02-06 11:00:36,726 [ERROR] LogOutputStream:75 - [STDERR_REDIRECT] [Fatal Error] :1:1: Premature end of file.
2026-02-06 11:00:36,726 [ERROR] LogOutputStream:75 - [STDERR_REDIRECT] 
2026-02-06 11:00:37,725 [ERROR] LogOutputStream:75 - [STDERR_REDIRECT] [Fatal Error] :1:1: Premature end of file.
2026-02-06 11:00:37,725 [ERROR] LogOutputStream:75 - [STDERR_REDIRECT] 
2026-02-06 11:00:38,722 [ERROR] LogOutputStream:75 - [STDERR_REDIRECT] [Fatal Error] :1:1: Premature end of file.
2026-02-06 11:00:38,722 [ERROR] LogOutputStream:75 - [STDERR_REDIRECT] 
2026-02-06 11:00:39,732 [ERROR] LogOutputStream:75 - [STDERR_REDIRECT] [Fatal Error] :1:1: Premature end of file.
2026-02-06 11:00:39,732 [ERROR] LogOutputStream:75 - [STDERR_REDIRECT] 
2026-02-06 11:00:40,726 [ERROR] LogOutputStream:75 - [STDERR_REDIRECT] [Fatal Error] :1:1: Premature end of file.
2026-02-06 11:00:40,726 [ERROR] LogOutputStream:75 - [STDERR_REDIRECT] 
2026-02-06 11:00:41,727 [ERROR] LogOutputStream:75 - [STDERR_REDIRECT] [Fatal Error] :1:1: Premature end of file.
2026-02-06 11:00:41,727 [ERROR] LogOutputStream:75 - [STDERR_REDIRECT] 
2026-02-06 11:00:42,752 [ERROR] LogOutputStream:75 - [STDERR_REDIRECT] [Fatal Error] :1:1: Premature end of file.
2026-02-06 11:00:42,754 [ERROR] LogOutputStream:75 - [STDERR_REDIRECT] 
2026-02-06 11:00:43,728 [ERROR] LogOutputStream:75 - [STDERR_REDIRECT] [Fatal Error] :1:1: Premature end of file.
2026-02-06 11:00:43,728 [ERROR] LogOutputStream:75 - [STDERR_REDIRECT] 
