2025-11-14 14:51:16,868 [INFO] Activator:176 - 


2025-11-14 14:51:16,873 [INFO] Activator:177 - !SESSION log4j initialized
2025-11-14 14:51:25,433 [INFO] LogOutputStream:77 - [STDOUT_REDIRECT] 
2025-11-14 14:51:27,189 [INFO] ApplicationProperties:184 - Using Application install path: C:\ST\STM32CubeIDE_1.14.1\STM32CubeIDE\plugins\com.st.stm32cube.common.mx_6.15.0.202507011659
2025-11-14 14:51:27,205 [INFO] DbMcusXml:78 - Set database path to: C:\ST\STM32CubeIDE_1.14.1\STM32CubeIDE\plugins\com.st.stm32cube.common.mx_6.15.0.202507011659\\db\/mcu/
2025-11-14 14:51:27,205 [INFO] ApiDb:274 - Set plugin database path to: C:\ST\STM32CubeIDE_1.14.1\STM32CubeIDE\plugins\com.st.stm32cube.common.mx_6.15.0.202507011659\\db\/plugins/boardmanager/
2025-11-14 14:51:27,205 [WARN] ApiDb:259 - Overriding images path with different value:  => C:\ST\STM32CubeIDE_1.14.1\STM32CubeIDE\plugins\com.st.stm32cube.common.mx_6.15.0.202507011659\\db\/plugins/mcufinder/images/
2025-11-14 14:51:27,221 [INFO] ApiDb:250 - Set database path to: C:\Users\chris\.stmcufinder\plugins\mcufinder//mcu/
2025-11-14 14:51:27,221 [INFO] DbMcusAds:125 - Set database path to: C:\Users\chris\.stmcufinder\plugins\mcufinder//mcu/
2025-11-14 14:51:27,221 [INFO] CrossReferenceDbSqlite:203 - Set database path to: C:\Users\chris\.stmcufinder\plugins\mcufinder//mcu/cs/
2025-11-14 14:51:27,484 [INFO] RulesReader:64 - Compatibility file has been processed (317 Rules)
2025-11-14 14:51:27,658 [INFO] DbMcusXml:78 - Set database path to: C:\ST\STM32CubeIDE_1.14.1\STM32CubeIDE\plugins\com.st.stm32cube.common.mx_6.15.0.202507011659\\db\/mcu/
2025-11-14 14:51:27,658 [INFO] ApiDb:274 - Set plugin database path to: C:\ST\STM32CubeIDE_1.14.1\STM32CubeIDE\plugins\com.st.stm32cube.common.mx_6.15.0.202507011659\\db\/plugins/boardmanager/
2025-11-14 14:51:27,658 [INFO] ApiDb:261 - Set plugin images path to: C:\ST\STM32CubeIDE_1.14.1\STM32CubeIDE\plugins\com.st.stm32cube.common.mx_6.15.0.202507011659\\db\/plugins/mcufinder/images/
2025-11-14 14:51:27,658 [WARN] DbFile:41 - Overriding database path with different value: C:\Users\chris\.stmcufinder\plugins\mcufinder/ => C:\Users\chris\.stmcufinder\plugins\mcufinder
2025-11-14 14:51:27,658 [INFO] ApiDb:250 - Set database path to: C:\Users\chris\.stmcufinder\plugins\mcufinder//mcu/
2025-11-14 14:51:27,658 [WARN] DbFile:41 - Overriding database path with different value: C:\Users\chris\.stmcufinder\plugins\mcufinder/ => C:\Users\chris\.stmcufinder\plugins\mcufinder
2025-11-14 14:51:27,658 [INFO] DbMcusAds:125 - Set database path to: C:\Users\chris\.stmcufinder\plugins\mcufinder//mcu/
2025-11-14 14:51:27,658 [WARN] DbFile:41 - Overriding database path with different value: C:\Users\chris\.stmcufinder\plugins\mcufinder/ => C:\Users\chris\.stmcufinder\plugins\mcufinder
2025-11-14 14:51:27,658 [WARN] DbFile:41 - Overriding database path with different value: C:\Users\chris\.stmcufinder\plugins\mcufinder/ => C:\Users\chris\.stmcufinder\plugins\mcufinder
2025-11-14 14:51:27,658 [INFO] CrossReferenceDbSqlite:203 - Set database path to: C:\Users\chris\.stmcufinder\plugins\mcufinder//mcu/cs/
2025-11-14 14:51:27,802 [INFO] MainPanel:274 - HeapMemory: 268435456
2025-11-14 14:51:28,014 [INFO] DbMcusXml:78 - Set database path to: C:\ST\STM32CubeIDE_1.14.1\STM32CubeIDE\plugins\com.st.stm32cube.common.mx_6.15.0.202507011659\\db\/mcu/
2025-11-14 14:51:28,014 [INFO] ApiDb:274 - Set plugin database path to: C:\ST\STM32CubeIDE_1.14.1\STM32CubeIDE\plugins\com.st.stm32cube.common.mx_6.15.0.202507011659\\db\/plugins/boardmanager/
2025-11-14 14:51:28,014 [INFO] ApiDb:261 - Set plugin images path to: C:\ST\STM32CubeIDE_1.14.1\STM32CubeIDE\plugins\com.st.stm32cube.common.mx_6.15.0.202507011659\\db\/plugins/mcufinder/images/
2025-11-14 14:51:28,015 [WARN] DbFile:41 - Overriding database path with different value: C:\Users\chris\.stmcufinder\plugins\mcufinder/ => C:\Users\chris\.stmcufinder\plugins\mcufinder
2025-11-14 14:51:28,015 [INFO] ApiDb:250 - Set database path to: C:\Users\chris\.stmcufinder\plugins\mcufinder//mcu/
2025-11-14 14:51:28,015 [WARN] DbFile:41 - Overriding database path with different value: C:\Users\chris\.stmcufinder\plugins\mcufinder/ => C:\Users\chris\.stmcufinder\plugins\mcufinder
2025-11-14 14:51:28,015 [INFO] DbMcusAds:125 - Set database path to: C:\Users\chris\.stmcufinder\plugins\mcufinder//mcu/
2025-11-14 14:51:28,015 [WARN] DbFile:41 - Overriding database path with different value: C:\Users\chris\.stmcufinder\plugins\mcufinder/ => C:\Users\chris\.stmcufinder\plugins\mcufinder
2025-11-14 14:51:28,015 [WARN] DbFile:41 - Overriding database path with different value: C:\Users\chris\.stmcufinder\plugins\mcufinder/ => C:\Users\chris\.stmcufinder\plugins\mcufinder
2025-11-14 14:51:28,015 [INFO] CrossReferenceDbSqlite:203 - Set database path to: C:\Users\chris\.stmcufinder\plugins\mcufinder//mcu/cs/
2025-11-14 14:51:28,035 [INFO] ApplicationProperties:184 - Using Application install path: C:\ST\STM32CubeIDE_1.14.1\STM32CubeIDE\plugins\com.st.stm32cube.common.mx_6.15.0.202507011659
2025-11-14 14:51:28,037 [INFO] PluginManage:196 - Search for loadable plugins [exclusion list=, ]
2025-11-14 14:51:28,038 [INFO] PluginManage:310 - Check plugin analytics
2025-11-14 14:51:28,249 [INFO] AnalyticsPlugin:253 - Accepted Software Licenses: 
2025-11-14 14:51:28,249 [INFO] AnalyticsPlugin:255 - Accepted CMSIS Pack Licenses: 
2025-11-14 14:51:28,249 [INFO] AnalyticsPlugin:257 - Accepted Firmware Licenses: FW.F7.1.17.0,FW.H7.1.11.0
2025-11-14 14:51:28,251 [INFO] PluginManage:359 - Loaded plugin analytics (category:tool,tabindex:-1)
2025-11-14 14:51:28,251 [INFO] PluginManage:310 - Check plugin cadmodel
2025-11-14 14:51:28,257 [INFO] CADModel:105 - Init CAD model plugin
2025-11-14 14:51:28,258 [INFO] PluginManage:359 - Loaded plugin cadmodel (category:power,tabindex:5)
2025-11-14 14:51:28,258 [INFO] PluginManage:310 - Check plugin clock
2025-11-14 14:51:28,267 [INFO] PluginManage:359 - Loaded plugin clock (category:base,tabindex:2)
2025-11-14 14:51:28,267 [INFO] PluginManage:310 - Check plugin ddr
2025-11-14 14:51:28,269 [INFO] PluginManage:359 - Loaded plugin ddr (category:tool,tabindex:6)
2025-11-14 14:51:28,269 [INFO] PluginManage:310 - Check plugin filemanager
2025-11-14 14:51:28,409 [INFO] PluginManage:359 - Loaded plugin filemanager (category:base,tabindex:10)
2025-11-14 14:51:28,409 [INFO] PluginManage:310 - Check plugin ipmanager
2025-11-14 14:51:28,418 [INFO] PluginManage:359 - Loaded plugin ipmanager (category:base,tabindex:5)
2025-11-14 14:51:28,418 [INFO] PluginManage:310 - Check plugin lpbam
2025-11-14 14:51:28,426 [INFO] PluginManage:359 - Loaded plugin lpbam (category:base,tabindex:0)
2025-11-14 14:51:28,426 [INFO] PluginManage:310 - Check plugin memorymap
2025-11-14 14:51:28,443 [INFO] PluginManage:359 - Loaded plugin memorymap (category:base,tabindex:4)
2025-11-14 14:51:28,444 [INFO] PluginManage:310 - Check plugin pinoutandconfiguration
2025-11-14 14:51:28,453 [INFO] PluginManage:359 - Loaded plugin pinoutandconfiguration (category:base,tabindex:1)
2025-11-14 14:51:28,453 [INFO] PluginManage:310 - Check plugin pinoutconfig
2025-11-14 14:51:28,534 [WARN] SupportedApi:132 - Cannot load RTOS API schema: s4s-elt-must-match.1: The content of 'definitions' must match (annotation?, (simpleType | complexType)?, (unique | key | keyref)*)). A problem was found starting at: attribute.
2025-11-14 14:51:28,674 [INFO] PluginManage:359 - Loaded plugin pinoutconfig (category:base,tabindex:0)
2025-11-14 14:51:28,675 [INFO] PluginManage:310 - Check plugin power
2025-11-14 14:51:28,688 [INFO] PluginManage:359 - Loaded plugin power (category:power,tabindex:4)
2025-11-14 14:51:28,688 [INFO] PluginManage:310 - Check plugin projectmanager
2025-11-14 14:51:28,719 [INFO] PluginManage:359 - Loaded plugin projectmanager (category:projectmanager,tabindex:4)
2025-11-14 14:51:28,720 [INFO] PluginManage:310 - Check plugin rif
2025-11-14 14:51:28,728 [INFO] PluginManage:359 - Loaded plugin rif (category:base,tabindex:3)
2025-11-14 14:51:28,728 [INFO] PluginManage:310 - Check plugin thirdparty
2025-11-14 14:51:28,921 [WARN] IntegrityCheckThread:84 - waiting for thirdparty lock release [integrity check]
2025-11-14 14:51:28,921 [INFO] IntegrityCheckThread:86 - entering critical section [integrity check]
2025-11-14 14:51:28,922 [INFO] ThirdPartyUpdaterWithRetryManager:70 - Updater plugin not ready yet. [1/15]
2025-11-14 14:51:28,924 [INFO] PluginManage:359 - Loaded plugin thirdparty (category:base,tabindex:-1)
2025-11-14 14:51:28,924 [INFO] PluginManage:310 - Check plugin tools
2025-11-14 14:51:28,931 [INFO] PluginManage:359 - Loaded plugin tools (category:base,tabindex:7)
2025-11-14 14:51:28,931 [INFO] PluginManage:310 - Check plugin tutovideos
2025-11-14 14:51:29,193 [INFO] PluginManage:359 - Loaded plugin tutovideos (category:base,tabindex:-1)
2025-11-14 14:51:29,193 [INFO] PluginManage:310 - Check plugin updater
2025-11-14 14:51:29,231 [INFO] PluginManage:359 - Loaded plugin updater (category:base,tabindex:12)
2025-11-14 14:51:29,232 [INFO] PluginManage:310 - Check plugin userauth
2025-11-14 14:51:29,245 [INFO] UserAuth:118 - Init User Auth plugin
2025-11-14 14:51:29,246 [INFO] PluginManage:359 - Loaded plugin userauth (category:base,tabindex:14)
2025-11-14 14:51:29,248 [INFO] PluginManage:283 - PluginManage : Loaded plugins [18]
2025-11-14 14:51:29,477 [INFO] PinOutPanel:1589 - setPackage(No Configuration,No Configuration)
2025-11-14 14:51:29,576 [INFO] CADModel:165 - CPN selected for project level
2025-11-14 14:51:29,576 [INFO] CADModel:114 - Register for checkConnection events
2025-11-14 14:51:29,607 [INFO] IPUIPlugin:80 - create IPUIPlugin
2025-11-14 14:51:29,607 [INFO] PluginManager:220 - loadIPPluginJar : add adc
2025-11-14 14:51:29,616 [INFO] IPUIPlugin:80 - create IPUIPlugin
2025-11-14 14:51:29,616 [INFO] PluginManager:220 - loadIPPluginJar : add aes
2025-11-14 14:51:29,622 [INFO] IPUIPlugin:80 - create IPUIPlugin
2025-11-14 14:51:29,623 [INFO] PluginManager:220 - loadIPPluginJar : add can
2025-11-14 14:51:29,628 [INFO] IPUIPlugin:80 - create IPUIPlugin
2025-11-14 14:51:29,628 [INFO] PluginManager:220 - loadIPPluginJar : add comp
2025-11-14 14:51:29,635 [INFO] IPUIPlugin:80 - create IPUIPlugin
2025-11-14 14:51:29,635 [INFO] PluginManager:220 - loadIPPluginJar : add cryp
2025-11-14 14:51:29,642 [INFO] IPUIPlugin:80 - create IPUIPlugin
2025-11-14 14:51:29,642 [INFO] PluginManager:220 - loadIPPluginJar : add ddr_ctrl_phy
2025-11-14 14:51:29,648 [INFO] IPUIPlugin:80 - create IPUIPlugin
2025-11-14 14:51:29,648 [INFO] PluginManager:220 - loadIPPluginJar : add dfsdm
2025-11-14 14:51:29,660 [INFO] IPUIPlugin:80 - create IPUIPlugin
2025-11-14 14:51:29,662 [INFO] PluginManager:220 - loadIPPluginJar : add dma
2025-11-14 14:51:29,670 [INFO] IPUIPlugin:80 - create IPUIPlugin
2025-11-14 14:51:29,670 [INFO] PluginManager:220 - loadIPPluginJar : add dma3
2025-11-14 14:51:29,675 [INFO] IPUIPlugin:80 - create IPUIPlugin
2025-11-14 14:51:29,677 [INFO] PluginManager:220 - loadIPPluginJar : add extmemmanager
2025-11-14 14:51:29,680 [INFO] IPUIPlugin:80 - create IPUIPlugin
2025-11-14 14:51:29,680 [INFO] PluginManager:220 - loadIPPluginJar : add fatfs
2025-11-14 14:51:29,690 [INFO] IPUIPlugin:80 - create IPUIPlugin
2025-11-14 14:51:29,691 [INFO] PluginManager:220 - loadIPPluginJar : add fmc
2025-11-14 14:51:29,718 [INFO] IPUIPlugin:80 - create IPUIPlugin
2025-11-14 14:51:29,718 [INFO] PluginManager:220 - loadIPPluginJar : add freertos
2025-11-14 14:51:29,724 [INFO] IPUIPlugin:80 - create IPUIPlugin
2025-11-14 14:51:29,724 [INFO] PluginManager:220 - loadIPPluginJar : add genericplugin
2025-11-14 14:51:29,729 [INFO] IPUIPlugin:80 - create IPUIPlugin
2025-11-14 14:51:29,729 [INFO] PluginManager:220 - loadIPPluginJar : add gfxmmu
2025-11-14 14:51:29,736 [INFO] IPUIPlugin:80 - create IPUIPlugin
2025-11-14 14:51:29,737 [INFO] PluginManager:220 - loadIPPluginJar : add gic
2025-11-14 14:51:29,745 [INFO] IPUIPlugin:80 - create IPUIPlugin
2025-11-14 14:51:29,745 [INFO] PluginManager:220 - loadIPPluginJar : add gpio
2025-11-14 14:51:29,755 [INFO] IPUIPlugin:80 - create IPUIPlugin
2025-11-14 14:51:29,755 [INFO] PluginManager:220 - loadIPPluginJar : add gtzc
2025-11-14 14:51:29,762 [INFO] IPUIPlugin:80 - create IPUIPlugin
2025-11-14 14:51:29,762 [INFO] PluginManager:220 - loadIPPluginJar : add hash
2025-11-14 14:51:29,769 [INFO] IPUIPlugin:80 - create IPUIPlugin
2025-11-14 14:51:29,769 [INFO] PluginManager:220 - loadIPPluginJar : add i2c
2025-11-14 14:51:29,774 [INFO] IPUIPlugin:80 - create IPUIPlugin
2025-11-14 14:51:29,776 [INFO] PluginManager:220 - loadIPPluginJar : add i2s
2025-11-14 14:51:29,784 [INFO] IPUIPlugin:80 - create IPUIPlugin
2025-11-14 14:51:29,784 [INFO] PluginManager:220 - loadIPPluginJar : add i3c
2025-11-14 14:51:29,789 [INFO] IPUIPlugin:80 - create IPUIPlugin
2025-11-14 14:51:29,789 [INFO] PluginManager:220 - loadIPPluginJar : add ipddr
2025-11-14 14:51:29,798 [INFO] IPUIPlugin:80 - create IPUIPlugin
2025-11-14 14:51:29,799 [INFO] PluginManager:220 - loadIPPluginJar : add linkedlist
2025-11-14 14:51:29,807 [INFO] IPUIPlugin:80 - create IPUIPlugin
2025-11-14 14:51:29,807 [INFO] PluginManager:220 - loadIPPluginJar : add lorawan
2025-11-14 14:51:29,808 [INFO] IPUIPlugin:80 - create IPUIPlugin
2025-11-14 14:51:29,808 [INFO] PluginManager:220 - loadIPPluginJar : add ltdc
2025-11-14 14:51:29,814 [INFO] IPUIPlugin:80 - create IPUIPlugin
2025-11-14 14:51:29,814 [INFO] PluginManager:220 - loadIPPluginJar : add mdma
2025-11-14 14:51:29,819 [INFO] IPUIPlugin:80 - create IPUIPlugin
2025-11-14 14:51:29,819 [INFO] PluginManager:220 - loadIPPluginJar : add nvic
2025-11-14 14:51:29,823 [INFO] IPUIPlugin:80 - create IPUIPlugin
2025-11-14 14:51:29,823 [INFO] PluginManager:220 - loadIPPluginJar : add opamp
2025-11-14 14:51:29,826 [INFO] IPUIPlugin:80 - create IPUIPlugin
2025-11-14 14:51:29,826 [INFO] PluginManager:220 - loadIPPluginJar : add openamp
2025-11-14 14:51:29,829 [INFO] IPUIPlugin:80 - create IPUIPlugin
2025-11-14 14:51:29,829 [INFO] PluginManager:220 - loadIPPluginJar : add pdm2pcm
2025-11-14 14:51:29,836 [INFO] IPUIPlugin:80 - create IPUIPlugin
2025-11-14 14:51:29,845 [INFO] PluginManager:220 - loadIPPluginJar : add plateformsettings
2025-11-14 14:51:29,848 [INFO] IPUIPlugin:80 - create IPUIPlugin
2025-11-14 14:51:29,848 [INFO] PluginManager:220 - loadIPPluginJar : add quadspi
2025-11-14 14:51:29,852 [INFO] IPUIPlugin:80 - create IPUIPlugin
2025-11-14 14:51:29,854 [INFO] PluginManager:220 - loadIPPluginJar : add radio
2025-11-14 14:51:29,864 [INFO] IPUIPlugin:80 - create IPUIPlugin
2025-11-14 14:51:29,864 [INFO] PluginManager:220 - loadIPPluginJar : add resmgrutility
2025-11-14 14:51:29,878 [INFO] IPUIPlugin:80 - create IPUIPlugin
2025-11-14 14:51:29,878 [INFO] PluginManager:220 - loadIPPluginJar : add sai
2025-11-14 14:51:29,881 [INFO] IPUIPlugin:80 - create IPUIPlugin
2025-11-14 14:51:29,881 [INFO] PluginManager:220 - loadIPPluginJar : add spi
2025-11-14 14:51:29,894 [INFO] IPUIPlugin:80 - create IPUIPlugin
2025-11-14 14:51:29,895 [INFO] PluginManager:220 - loadIPPluginJar : add stm32_wpan
2025-11-14 14:51:29,897 [INFO] IPUIPlugin:80 - create IPUIPlugin
2025-11-14 14:51:29,897 [INFO] PluginManager:220 - loadIPPluginJar : add tim
2025-11-14 14:51:29,901 [INFO] IPUIPlugin:80 - create IPUIPlugin
2025-11-14 14:51:29,901 [INFO] PluginManager:220 - loadIPPluginJar : add touchsensing
2025-11-14 14:51:29,907 [INFO] IPUIPlugin:80 - create IPUIPlugin
2025-11-14 14:51:29,907 [INFO] PluginManager:220 - loadIPPluginJar : add tracer_emb
2025-11-14 14:51:29,909 [INFO] IPUIPlugin:80 - create IPUIPlugin
2025-11-14 14:51:29,909 [INFO] PluginManager:220 - loadIPPluginJar : add ts
2025-11-14 14:51:29,911 [INFO] IPUIPlugin:80 - create IPUIPlugin
2025-11-14 14:51:29,911 [INFO] PluginManager:220 - loadIPPluginJar : add tsc
2025-11-14 14:51:29,913 [INFO] IPUIPlugin:80 - create IPUIPlugin
2025-11-14 14:51:29,914 [INFO] PluginManager:220 - loadIPPluginJar : add ucpd
2025-11-14 14:51:29,918 [INFO] IPUIPlugin:80 - create IPUIPlugin
2025-11-14 14:51:29,918 [INFO] PluginManager:220 - loadIPPluginJar : add usart
2025-11-14 14:51:29,922 [INFO] IPUIPlugin:80 - create IPUIPlugin
2025-11-14 14:51:29,922 [INFO] PluginManager:220 - loadIPPluginJar : add usbx
2025-11-14 14:51:30,043 [FATAL] Updater:351 - Updater called before beeing initialized
2025-11-14 14:51:30,063 [INFO] RulesReader:64 - Compatibility file has been processed (317 Rules)
2025-11-14 14:51:30,072 [INFO] RulesReader:64 - Compatibility file has been processed (317 Rules)
2025-11-14 14:51:30,111 [INFO] CADModel:165 - CPN selected for project level
2025-11-14 14:51:30,111 [INFO] CADModel:114 - Register for checkConnection events
2025-11-14 14:51:30,111 [FATAL] Updater:351 - Updater called before beeing initialized
2025-11-14 14:51:30,111 [ERROR] CADModel:125 - Updater not yet initialized, retry later 
2025-11-14 14:51:30,394 [FATAL] Updater:351 - Updater called before beeing initialized
2025-11-14 14:51:30,397 [INFO] CADModel:165 - CPN selected for project level
2025-11-14 14:51:30,397 [INFO] CADModel:114 - Register for checkConnection events
2025-11-14 14:51:30,397 [FATAL] Updater:351 - Updater called before beeing initialized
2025-11-14 14:51:30,398 [ERROR] CADModel:125 - Updater not yet initialized, retry later 
2025-11-14 14:51:30,401 [FATAL] Updater:351 - Updater called before beeing initialized
2025-11-14 14:51:30,607 [FATAL] Updater:351 - Updater called before beeing initialized
2025-11-14 14:51:30,627 [INFO] DbMcusAds:53 - JSON generation date=Thu Oct 02 02:36:05 PDT 2025 (1759397765645)
2025-11-14 14:51:30,627 [FATAL] Updater:351 - Updater called before beeing initialized
2025-11-14 14:51:30,673 [WARN] DetailPanel:346 - Failed to get advertising image, set to default
2025-11-14 14:51:30,735 [FATAL] Updater:351 - Updater called before beeing initialized
2025-11-14 14:51:30,736 [FATAL] Updater:351 - Updater called before beeing initialized
2025-11-14 14:51:30,737 [FATAL] Updater:351 - Updater called before beeing initialized
2025-11-14 14:51:30,737 [WARN] DetailPanel:346 - Failed to get advertising image, set to default
2025-11-14 14:51:30,738 [FATAL] Updater:351 - Updater called before beeing initialized
2025-11-14 14:51:30,792 [ERROR] Updater:1198 - MainUpdater not yet initialized. External WinMGr cannot be set.
2025-11-14 14:51:30,794 [INFO] Updater:1134 - Updater Version found : 6.15.0
2025-11-14 14:51:30,809 [INFO] ApplicationProperties:184 - Using Application install path: C:\ST\STM32CubeIDE_1.14.1\STM32CubeIDE\plugins\com.st.stm32cube.common.mx_6.15.0.202507011659
2025-11-14 14:51:31,922 [INFO] ThirdPartyUpdaterWithRetryManager:70 - Updater plugin not ready yet. [2/15]
2025-11-14 14:51:32,378 [ERROR] LogOutputStream:75 - [STDERR_REDIRECT] Nov 14, 2025 2:51:32 PM java.util.prefs.WindowsPreferences <init>
2025-11-14 14:51:32,378 [ERROR] LogOutputStream:75 - [STDERR_REDIRECT] WARNING: Could not open/create prefs root node Software\JavaSoft\Prefs at root 0xffffffff80000002. Windows RegCreateKeyEx(...) returned error code 5.
2025-11-14 14:51:32,378 [ERROR] LogOutputStream:75 - [STDERR_REDIRECT] 
2025-11-14 14:51:32,993 [INFO] MainUpdater:2872 - connection check result : 10
2025-11-14 14:51:32,994 [INFO] MainUpdater:3604 - Updater definition file requires update
2025-11-14 14:51:32,996 [INFO] MainUpdater:289 - Updater Check For Update Now.
2025-11-14 14:51:32,996 [INFO] MicroXplorer:498 - Change Database Version : DB.6.0.150
2025-11-14 14:51:33,003 [INFO] McuFinderGlobals:63 - Set McuFinder mode to 2 (CubeIDE integrated)
2025-11-14 14:51:33,004 [INFO] UserAuth:487 - Internet connection configuration mode: 1
2025-11-14 14:51:33,030 [INFO] JxBrowserEngine:152 - Initiate JxBrowser Engine with user profile folder
2025-11-14 14:51:33,055 [INFO] ServerAccessManage:452 - Complete download http(s) 200
2025-11-14 14:51:33,056 [INFO] ServerAccessManage:509 - Download File updaters.zip
2025-11-14 14:51:33,134 [INFO] FileExtend:248 - Unzip File : updaters.zip
2025-11-14 14:51:33,134 [INFO] FileExtend:263 - Standard Zip Deflate
2025-11-14 14:51:33,426 [INFO] ServerAccessManage:452 - Complete download http(s) 200
2025-11-14 14:51:33,426 [INFO] ServerAccessManage:509 - Download File PacksControlFlags.xml
2025-11-14 14:51:33,513 [INFO] ServerAccessManage:452 - Complete download http(s) 200
2025-11-14 14:51:33,513 [INFO] ServerAccessManage:509 - Download File cubemx.pidx
2025-11-14 14:51:33,981 [INFO] ServerAccessManage:452 - Complete download http(s) 200
2025-11-14 14:51:33,981 [INFO] ServerAccessManage:509 - Download File STMicroelectronics.FP-SNS-MOTENV1.pdsc
2025-11-14 14:51:34,923 [WARN] MainUpdater:1193 - Updater busy. Cannot search thirdparties
2025-11-14 14:51:34,923 [INFO] ThirdPartyUpdaterWithRetryManager:96 - Updater plugin is busy. [1/15]
2025-11-14 14:51:35,197 [INFO] ServerAccessManage:452 - Complete download http(s) 200
2025-11-14 14:51:35,197 [INFO] ServerAccessManage:509 - Download File STMicroelectronics.X-CUBE-GNSS1.pdsc
2025-11-14 14:51:35,822 [INFO] WebApp:169 - Instantiating new browser for Auth
2025-11-14 14:51:37,025 [INFO] WebApp:463 - Apply proxy settings
2025-11-14 14:51:37,025 [INFO] WebApp:548 - Chromium requires no authentication
2025-11-14 14:51:37,037 [INFO] WebApp:491 - Direct internet connection detected
2025-11-14 14:51:37,060 [INFO] WebApp:900 - Register for checkConnection events
2025-11-14 14:51:37,061 [INFO] WebApp:463 - Apply proxy settings
2025-11-14 14:51:37,061 [INFO] WebApp:548 - Chromium requires no authentication
2025-11-14 14:51:37,061 [INFO] WebApp:491 - Direct internet connection detected
2025-11-14 14:51:37,219 [INFO] WebApp:191 - Connection restablished
2025-11-14 14:51:37,260 [INFO] WebApp:225 - Starting web application
2025-11-14 14:51:37,260 [INFO] WebApp:593 - Web application path used C:\ST\STM32CubeIDE_1.14.1\STM32CubeIDE\plugins\com.st.stm32cube.common.mx_6.15.0.202507011659\db\plugins\mcufinder\reactClient1\index.html
2025-11-14 14:51:37,446 [INFO] UserAuth:487 - Internet connection configuration mode: 1
2025-11-14 14:51:37,925 [WARN] MainUpdater:1193 - Updater busy. Cannot search thirdparties
2025-11-14 14:51:37,925 [INFO] ThirdPartyUpdaterWithRetryManager:96 - Updater plugin is busy. [2/15]
2025-11-14 14:51:40,927 [WARN] MainUpdater:1193 - Updater busy. Cannot search thirdparties
2025-11-14 14:51:40,927 [INFO] ThirdPartyUpdaterWithRetryManager:96 - Updater plugin is busy. [3/15]
2025-11-14 14:51:41,054 [ERROR] ServerAccessManage:1212 - Problem, file not found on Server
2025-11-14 14:51:41,510 [ERROR] ServerAccessManage:1212 - Problem, file not found on Server
2025-11-14 14:51:41,769 [ERROR] ServerAccessManage:1212 - Problem, file not found on Server
2025-11-14 14:51:42,283 [ERROR] ServerAccessManage:1212 - Problem, file not found on Server
2025-11-14 14:51:42,735 [ERROR] ServerAccessManage:1212 - Problem, file not found on Server
2025-11-14 14:51:43,306 [ERROR] ServerAccessManage:1212 - Problem, file not found on Server
2025-11-14 14:51:43,929 [WARN] MainUpdater:1193 - Updater busy. Cannot search thirdparties
2025-11-14 14:51:43,929 [INFO] ThirdPartyUpdaterWithRetryManager:96 - Updater plugin is busy. [4/15]
2025-11-14 14:51:44,226 [INFO] ServerAccessManage:452 - Complete download http(s) 200
2025-11-14 14:51:44,226 [INFO] ServerAccessManage:509 - Download File Avnet-IOTCONNECT.X-CUBE-iotc-st67-sdk.pdsc
2025-11-14 14:51:44,547 [INFO] CheckServerUpdateThread:120 - End of CheckServer Thread
2025-11-14 14:51:44,613 [WARN] PackLoader:240 - Cannot read IP mode file for STMicroelectronics.FP-SNS-MOTENV1.5.1.0
2025-11-14 14:51:44,659 [WARN] PackLoader:240 - Cannot read IP mode file for STMicroelectronics.X-CUBE-GNSS1.7.1.0
2025-11-14 14:51:44,689 [INFO] PopulateThirdPartyThread:66 - Ending populate Thread
2025-11-14 14:51:44,694 [INFO] ThirdParty:1030 - CMSIS Pack Vendor :STMicroelectronics X-CUBE-GNSS1 7.1.0
2025-11-14 14:51:44,694 [INFO] ThirdParty:1030 - CMSIS Pack Vendor :Avnet-IOTCONNECT X-CUBE-iotc-st67-sdk 1.0.0
2025-11-14 14:51:44,694 [INFO] ThirdParty:1030 - CMSIS Pack Vendor :STMicroelectronics FP-SNS-MOTENV1 5.1.0
2025-11-14 14:51:44,694 [INFO] LoadServerUpdatesThread:375 - End of LoadServerUpdate Thread
2025-11-14 14:51:47,223 [WARN] PackLoader:240 - Cannot read IP mode file for STMicroelectronics.X-CUBE-SMBUS.2.1.0
2025-11-14 14:51:47,229 [WARN] PackLoader:240 - Cannot read IP mode file for STMicroelectronics.X-CUBE-ST60.1.0.0
2025-11-14 14:51:47,260 [WARN] PackLoader:240 - Cannot read IP mode file for STMicroelectronics.X-CUBE-AZRTOS-F7.1.1.0
2025-11-14 14:51:47,265 [WARN] PackLoader:240 - Cannot read IP mode file for Cesanta.I-CUBE-Mongoose.7.19.0
2025-11-14 14:51:47,268 [WARN] PackLoader:240 - Cannot read IP mode file for STMicroelectronics.FP-SNS-MOTENV1.5.1.0
2025-11-14 14:51:47,283 [WARN] PackLoader:240 - Cannot read IP mode file for WES.I-CUBE-Cesium.1.4.0
2025-11-14 14:51:47,301 [WARN] PackLoader:240 - Cannot read IP mode file for Infineon.AIROC-Wi-Fi-Bluetooth-STM32.1.7.1
2025-11-14 14:51:47,326 [WARN] PackLoader:240 - Cannot read IP mode file for STMicroelectronics.X-CUBE-AZRTOS-H7.3.4.0
2025-11-14 14:51:47,335 [WARN] PackLoader:240 - Cannot read IP mode file for STMicroelectronics.X-CUBE-DISPLAY.3.0.0
2025-11-14 14:51:47,342 [WARN] PackLoader:240 - Cannot read IP mode file for STMicroelectronics.X-CUBE-NFC10.1.0.0
2025-11-14 14:51:47,347 [WARN] PackLoader:240 - Cannot read IP mode file for STMicroelectronics.X-CUBE-ST60.1.1.0
2025-11-14 14:51:47,352 [WARN] PackLoader:240 - Cannot read IP mode file for emotas.I-CUBE-CANOPEN.1.3.0
2025-11-14 14:51:47,356 [WARN] PackLoader:240 - Cannot read IP mode file for STMicroelectronics.X-CUBE-GNSS1.7.1.0
2025-11-14 14:51:47,359 [WARN] PackLoader:240 - Cannot read IP mode file for STMicroelectronics.FP-SNS-SMARTAG2.1.2.0
2025-11-14 14:51:47,368 [INFO] LogOutputStream:77 - [STDOUT_REDIRECT] 1 : Invalid condition id : UX_CORESTACK_Condition cause : null
2025-11-14 14:51:47,371 [INFO] LogOutputStream:77 - [STDOUT_REDIRECT] 1 : Invalid condition id : UX_CORESTACK_Condition cause : null
2025-11-14 14:51:47,374 [INFO] LogOutputStream:77 - [STDOUT_REDIRECT] 1 : Invalid condition id : UX_CORESTACK_Condition cause : null
2025-11-14 14:51:47,376 [INFO] LogOutputStream:77 - [STDOUT_REDIRECT] 1 : Invalid condition id : UX_CORESTACK_Condition cause : null
2025-11-14 14:51:47,378 [INFO] LogOutputStream:77 - [STDOUT_REDIRECT] 1 : Invalid condition id : UX_CORESTACK_Condition cause : null
2025-11-14 14:51:47,380 [WARN] PackLoader:240 - Cannot read IP mode file for STMicroelectronics.X-CUBE-AZRTOS-WL.2.0.0
2025-11-14 14:51:47,384 [WARN] PackLoader:240 - Cannot read IP mode file for STMicroelectronics.FP-SNS-MOTENV1.5.0.0
2025-11-14 14:51:47,392 [WARN] PackLoader:240 - Cannot read IP mode file for STMicroelectronics.X-CUBE-BLE2.3.3.0
2025-11-14 14:51:47,406 [WARN] PackLoader:240 - Cannot read IP mode file for STMicroelectronics.X-CUBE-NFC9.1.0.0
2025-11-14 14:51:47,411 [WARN] PackLoader:240 - Cannot read IP mode file for wolfSSL.I-CUBE-wolfSSL.5.8.2
2025-11-14 14:51:47,413 [WARN] PackLoader:240 - Cannot read IP mode file for wolfSSL.I-CUBE-wolfMQTT.1.19.2
2025-11-14 14:51:47,418 [WARN] PackLoader:240 - Cannot read IP mode file for STMicroelectronics.X-CUBE-ST67W61.1.1.0
2025-11-14 14:51:47,427 [WARN] PackLoader:240 - Cannot read IP mode file for STMicroelectronics.X-CUBE-AZRTOS-G0.1.1.0
2025-11-14 14:51:47,434 [WARN] PackLoader:240 - Cannot read IP mode file for STMicroelectronics.X-CUBE-SAFEA1.1.2.2
2025-11-14 14:51:47,439 [WARN] PackLoader:240 - Cannot read IP mode file for STMicroelectronics.X-CUBE-NFC4.3.0.0
2025-11-14 14:51:47,444 [WARN] PackLoader:240 - Cannot read IP mode file for EmbeddedOffice.I-CUBE-FS-RTOS.1.0.1
2025-11-14 14:51:47,449 [WARN] PackLoader:240 - Cannot read IP mode file for STMicroelectronics.X-CUBE-WB05N.2.0.0
2025-11-14 14:51:47,453 [WARN] PackLoader:240 - Cannot read IP mode file for wolfSSL.I-CUBE-wolfTPM.3.8.0
2025-11-14 14:51:47,456 [WARN] PackLoader:240 - Cannot read IP mode file for STMicroelectronics.X-CUBE-TCPP.4.2.0
2025-11-14 14:51:47,460 [WARN] PackLoader:240 - Cannot read IP mode file for RealThread.X-CUBE-RT-Thread_Nano.4.1.1
2025-11-14 14:51:47,464 [WARN] PackLoader:240 - Cannot read IP mode file for STMicroelectronics.FP-ATR-SIGFOX1.3.2.0
2025-11-14 14:51:47,468 [WARN] PackLoader:240 - Cannot read IP mode file for ITTIA_DB.I-CUBE-ITTIADB.8.9.0
2025-11-14 14:51:47,489 [WARN] PackLoader:240 - Cannot read IP mode file for STMicroelectronics.X-CUBE-ST67W61.1.0.0
2025-11-14 14:51:47,511 [WARN] PackLoader:240 - Cannot read IP mode file for SEGGER.I-CUBE-embOS.1.3.1
2025-11-14 14:51:47,537 [WARN] PackLoader:240 - Cannot read IP mode file for STMicroelectronics.X-CUBE-ALGOBUILD.1.4.0
2025-11-14 14:51:47,563 [WARN] PackLoader:240 - Cannot read IP mode file for STMicroelectronics.X-CUBE-MEMS1.11.3.0
2025-11-14 14:51:47,647 [WARN] PackLoader:240 - Cannot read IP mode file for STMicroelectronics.X-CUBE-PM33A1.1.0.0
2025-11-14 14:51:47,657 [WARN] PackLoader:240 - Cannot read IP mode file for STMicroelectronics.X-CUBE-AZRTOS-F4.1.1.0
2025-11-14 14:51:47,662 [WARN] PackLoader:240 - Cannot read IP mode file for STMicroelectronics.X-CUBE-ISPU.2.1.0
2025-11-14 14:51:47,669 [WARN] PackLoader:240 - Cannot read IP mode file for STMicroelectronics.X-CUBE-IPS.3.2.0
2025-11-14 14:51:47,678 [WARN] PackLoader:240 - Cannot read IP mode file for STMicroelectronics.X-CUBE-NFC12.1.0.0
2025-11-14 14:51:47,690 [WARN] PackLoader:240 - Cannot read IP mode file for STMicroelectronics.X-CUBE-AZRTOS-L5.2.0.0
2025-11-14 14:51:47,697 [WARN] PackLoader:240 - Cannot read IP mode file for STMicroelectronics.X-CUBE-NFC6.3.1.0
2025-11-14 14:51:47,707 [WARN] PackLoader:240 - Cannot read IP mode file for STMicroelectronics.X-CUBE-TOUCHGFX.4.26.0
2025-11-14 14:51:47,727 [WARN] ConditionMgr:438 - getConditionDescription Invalid condition id : LAN8742 Phy interface Condition cause : null
2025-11-14 14:51:47,728 [WARN] PackLoader:240 - Cannot read IP mode file for STMicroelectronics.X-CUBE-AZRTOS-L4.2.0.0
2025-11-14 14:51:47,728 [WARN] ConditionMgr:1044 - genDependencies : Invalid condition id : LAN8742 Phy interface Condition cause : null
2025-11-14 14:51:47,728 [WARN] ConditionMgr:1044 - genDependencies : Invalid condition id : LAN8742 Phy interface Condition cause : null
2025-11-14 14:51:47,729 [WARN] ConditionMgr:1044 - genDependencies : Invalid condition id : LAN8742 Phy interface Condition cause : null
2025-11-14 14:51:47,735 [WARN] PackLoader:240 - Cannot read IP mode file for STMicroelectronics.X-CUBE-SFXS2LP1.4.0.0
2025-11-14 14:51:47,742 [WARN] ConditionMgr:438 - getConditionDescription Invalid condition id : UX DEVICE CLASS RTOS Condition cause : null
2025-11-14 14:51:47,742 [WARN] ConditionMgr:438 - getConditionDescription Invalid condition id : UX DEVICE CLASS RTOS Condition cause : null
2025-11-14 14:51:47,744 [WARN] PackLoader:240 - Cannot read IP mode file for STMicroelectronics.X-CUBE-AZRTOS-WB.2.0.0
2025-11-14 14:51:47,744 [WARN] ConditionMgr:1044 - genDependencies : Invalid condition id : UX DEVICE CLASS RTOS Condition cause : null
2025-11-14 14:51:47,744 [WARN] ConditionMgr:1044 - genDependencies : Invalid condition id : UX DEVICE CLASS RTOS Condition cause : null
2025-11-14 14:51:47,744 [WARN] ConditionMgr:1044 - genDependencies : Invalid condition id : UX DEVICE CLASS RTOS Condition cause : null
2025-11-14 14:51:47,744 [WARN] ConditionMgr:1044 - genDependencies : Invalid condition id : UX DEVICE CLASS RTOS Condition cause : null
2025-11-14 14:51:47,744 [WARN] ConditionMgr:1044 - genDependencies : Invalid condition id : UX DEVICE CLASS RTOS Condition cause : null
2025-11-14 14:51:47,748 [WARN] PackLoader:240 - Cannot read IP mode file for STMicroelectronics.X-CUBE-GNSS1.7.0.1
2025-11-14 14:51:47,751 [WARN] PackLoader:240 - Cannot read IP mode file for STMicroelectronics.X-CUBE-TOUCHGFX.4.25.0
2025-11-14 14:51:47,755 [WARN] ConditionMgr:438 - getConditionDescription Invalid condition id : Cortex-A Device cause : null
2025-11-14 14:51:47,759 [WARN] ConditionMgr:1044 - genDependencies : Invalid condition id : Cortex-A Device cause : null
2025-11-14 14:51:47,759 [WARN] ConditionMgr:1044 - genDependencies : Invalid condition id : Cortex-A Device cause : null
2025-11-14 14:51:47,759 [WARN] ConditionMgr:1044 - genDependencies : Invalid condition id : Cortex-A Device cause : null
2025-11-14 14:51:47,765 [WARN] PackLoader:240 - Cannot read IP mode file for STMicroelectronics.X-CUBE-SUBG2.5.0.0
2025-11-14 14:51:47,778 [WARN] PackLoader:240 - Cannot read IP mode file for STMicroelectronics.X-CUBE-AZRTOS-H7RS.1.1.0
2025-11-14 14:51:47,787 [WARN] PackLoader:240 - Cannot read IP mode file for STMicroelectronics.X-CUBE-AZRTOS-G4.2.0.0
2025-11-14 14:51:47,793 [WARN] PackLoader:240 - Cannot read IP mode file for wolfSSL.I-CUBE-wolfSSH.1.4.20
2025-11-14 14:51:47,797 [WARN] PackLoader:240 - Cannot read IP mode file for STMicroelectronics.X-CUBE-NFC7.2.0.0
2025-11-14 14:51:47,803 [WARN] PackLoader:240 - Cannot read IP mode file for STMicroelectronics.X-CUBE-IPS.3.1.0
2025-11-14 14:51:47,810 [WARN] PackLoader:240 - Cannot read IP mode file for STMicroelectronics.X-CUBE-STSE01.1.0.0
2025-11-14 14:51:47,818 [WARN] PackLoader:240 - Cannot read IP mode file for STMicroelectronics.X-CUBE-TOF1.3.4.3
2025-11-14 14:51:47,827 [INFO] ThirdParty:978 - Integrity check success = true
2025-11-14 14:51:47,827 [INFO] IntegrityCheckThread:100 - exiting critical section [integrity check]
2025-11-14 14:51:47,827 [INFO] IntegrityCheckThread:103 - End integrity checks thread
2025-11-14 14:51:56,081 [INFO] McuFinderGlobals:63 - Set McuFinder mode to 2 (CubeIDE integrated)
2025-11-14 14:51:56,084 [INFO] MainUpdater:2872 - connection check result : 10
2025-11-14 14:51:56,086 [INFO] McuFinderGlobals:76 - Set McuFinderConnectedMode to true
2025-11-14 14:51:56,299 [INFO] ServerAccessManage:452 - Complete download http(s) 200
2025-11-14 14:51:56,364 [INFO] ServerAccessManage:509 - Download File mcusAds.json._tmp_
2025-11-14 14:51:56,481 [INFO] LoadUrlFilesThread:156 - End of LoadUrlFiles Thread
2025-11-14 14:51:56,628 [INFO] ServerAccessManage:452 - Complete download http(s) 200
2025-11-14 14:51:56,628 [INFO] ServerAccessManage:509 - Download File cube-finder-db.zip
2025-11-14 14:51:58,132 [INFO] FileExtend:248 - Unzip File : cube-finder-db.zip
2025-11-14 14:51:58,132 [INFO] FileExtend:263 - Standard Zip Deflate
2025-11-14 14:51:58,761 [INFO] LoadUrlFilesThread:156 - End of LoadUrlFiles Thread
2025-11-14 14:51:59,747 [INFO] ServerAccessManage:452 - Complete download http(s) 200
2025-11-14 14:51:59,748 [INFO] ServerAccessManage:509 - Download File crdb.zip
2025-11-14 14:52:00,613 [INFO] FileExtend:248 - Unzip File : crdb.zip
2025-11-14 14:52:00,614 [INFO] FileExtend:263 - Standard Zip Deflate
2025-11-14 14:52:00,812 [INFO] LoadUrlFilesThread:156 - End of LoadUrlFiles Thread
2025-11-14 14:52:00,866 [INFO] ServerAccessManage:452 - Complete download http(s) 200
2025-11-14 14:52:00,870 [INFO] ServerAccessManage:509 - Download File tutoVideoDB.zip
2025-11-14 14:52:00,888 [INFO] FileExtend:248 - Unzip File : tutoVideoDB.zip
2025-11-14 14:52:00,889 [INFO] FileExtend:263 - Standard Zip Deflate
2025-11-14 14:52:01,008 [INFO] LoadUrlFilesThread:156 - End of LoadUrlFiles Thread
2025-11-14 14:52:01,014 [WARN] DbFile:41 - Overriding database path with different value: C:\Users\chris\.stmcufinder\plugins\mcufinder/ => C:\Users\chris\.stmcufinder\plugins\mcufinder
2025-11-14 14:52:01,127 [INFO] ServerAccessManage:452 - Complete download http(s) 200
2025-11-14 14:52:01,127 [INFO] ServerAccessManage:509 - Download File api_config.json
2025-11-14 14:52:01,242 [INFO] LoadUrlFilesThread:156 - End of LoadUrlFiles Thread
2025-11-14 14:52:01,246 [INFO] DbMcusAds:53 - JSON generation date=Mon Nov 10 02:43:01 PST 2025 (1762771381096)
2025-11-14 14:52:01,339 [INFO] ServerAccessManage:452 - Complete download http(s) 200
2025-11-14 14:52:01,339 [INFO] ServerAccessManage:509 - Download File 
2025-11-14 14:52:01,345 [INFO] LoadUrlFilesThread:185 - End of LoadServerUrlFiles without Thread
2025-11-14 14:52:01,345 [INFO] TargetSelectorAdapter:259 - Refresh data is successful
2025-11-14 14:52:01,590 [INFO] ApiDb:581 - Connected to CubeFinder SQLite database (C:\Users\chris\.stmcufinder\plugins\mcufinder\mcu\cube-finder-db.db)
2025-11-14 14:52:01,671 [INFO] ApiDb:668 - CubeFinder database Data Model version=2.1
2025-11-14 14:52:01,671 [INFO] ApiDb:669 - CubeFinder database Configuration version=3.0.39
2025-11-14 14:52:01,671 [INFO] ApiDb:670 - CubeFinder database generation date=2025-11-05 (1762334721)
2025-11-14 14:52:01,672 [INFO] ApiDb:671 - CubeFinder database FW Pack versions=[FP-ATR-ASTRA1_V2.0.0, FP-SNS-FLIGHT1_V5.1.0, FP-SNS-MOTENV1_V5.1.0, FP-SNS-MOTENVWB1_V1.4.0, FP-SNS-SMARTAG2_V1.2.0, FP-SNS-STBOX1_V2.1.0, STM32Cube_FW_C0_V1.4.0, STM32Cube_FW_F4_V1.28.3, STM32Cube_FW_F7_V1.17.4, STM32Cube_FW_G0_V1.6.2, STM32Cube_FW_G4_V1.6.1, STM32Cube_FW_H5_V1.5.1, STM32Cube_FW_H7RS_V1.3.0, STM32Cube_FW_H7_V1.12.1, STM32Cube_FW_L0_V1.12.2, STM32Cube_FW_L4_V1.18.1, STM32Cube_FW_L5_V1.6.0, STM32Cube_FW_N6_V1.3.0, STM32Cube_FW_U0_V1.3.0, STM32Cube_FW_U3_V1.2.1, STM32Cube_FW_U5_V1.8.0, STM32Cube_FW_WB0_V1.4.0, STM32Cube_FW_WBA_V1.8.0, STM32Cube_FW_WB_V1.24.0, STM32Cube_FW_WL3_V1.3.0, STM32Cube_FW_WL_V1.4.0, X-CUBE-ALGOBUILD_V1.4.0, X-CUBE-ALS_V1.0.2, X-CUBE-AZRTOS-F4_V1.1.0, X-CUBE-AZRTOS-F7_V1.1.0, X-CUBE-AZRTOS-G0_V1.1.0, X-CUBE-AZRTOS-G4_V2.0.0, X-CUBE-AZRTOS-H7RS_V1.1.0, X-CUBE-AZRTOS-H7_V3.4.0, X-CUBE-AZRTOS-L4_V2.0.0, X-CUBE-AZRTOS-L5_V2.0.0, X-CUBE-AZRTOS-WB_V2.0.0, X-CUBE-AZRTOS-WL_V2.0.0, X-CUBE-BLE1_V7.1.0, X-CUBE-BLE2_V3.3.0, X-CUBE-BLEMGR_V4.1.0, X-CUBE-EEPRMA1_V5.2.0, X-CUBE-FREERTOS_V1.3.1, X-CUBE-GNSS1_V6.0.0, X-CUBE-MEMS1_V11.3.0, X-CUBE-NFC4_V3.0.0, X-CUBE-NFC7_V2.0.0, X-CUBE-SFXS2LP1_V4.0.0, X-CUBE-ST67W61_V1.1.0, X-CUBE-SUBG2_V5.0.0, X-CUBE-TOF1_V3.4.3]
2025-11-14 14:52:04,621 [INFO] ApiDb:240 - Found 880 in-development CPN: [B-G473E-ZEST1S, B-WB1M-WPAN1, B-WBA5M-WPAN, B-WL5M-SUBG1, NUCLEO-C031C6, NUCLEO-C051C8, NUCLEO-C071RB, NUCLEO-C092RC, NUCLEO-H503RB, NUCLEO-H533RE, NUCLEO-H563ZI, NUCLEO-H7S3L8, NUCLEO-N657X0-Q, NUCLEO-U031R8, NUCLEO-U083RC, NUCLEO-U385RG-Q, NUCLEO-U545RE-Q, NUCLEO-U5A5ZJ-Q, NUCLEO-WB05KZ, NUCLEO-WB07CC, NUCLEO-WB09KE, NUCLEO-WBA52CG, NUCLEO-WBA55CG, NUCLEO-WL33CC1, NUCLEO-WL33CC2, STEVAL-PROTEUS1, STEVAL-SMARTAG2, STEVAL-STWINBX1, STM320518-EVAL, STM32C0116-DK, STM32C011D6Y3TR, STM32C011D6Y6TR, STM32C011F4P3, STM32C011F4P6, STM32C011F4U3, STM32C011F4U6TR, STM32C011F6P3, STM32C011F6P6, STM32C011F6U3, STM32C011F6U6TR, STM32C011J4M3, STM32C011J4M6, STM32C011J6M3, STM32C011J6M6, STM32C0316-DK, STM32C031C4T3, STM32C031C4T6, STM32C031C4U3, STM32C031C4U6, STM32C031C6T3, STM32C031C6T6, STM32C031C6U3, STM32C031C6U6, STM32C031F4P3, STM32C031F4P6, STM32C031F6P3, STM32C031F6P6, STM32C031G4U3, STM32C031G4U6, STM32C031G6U3, STM32C031G6U6, STM32C031K4T3, STM32C031K4T6, STM32C031K4U3, STM32C031K4U6, STM32C031K6T3, STM32C031K6T6, STM32C031K6U3, STM32C031K6U6, STM32C051C6T6, STM32C051C6U6, STM32C051C8T6, STM32C051C8U6, STM32C051D8Y6TR, STM32C051F6P6, STM32C051F8P6, STM32C051G6U6, STM32C051G8U6, STM32C051K6T6, STM32C051K6U6, STM32C051K8T6, STM32C071C8T6, STM32C071C8T6N, STM32C071C8U6, STM32C071C8U6N, STM32C071CBT6, STM32C071CBT6N, STM32C071CBU6, STM32C071CBU6N, STM32C071F8P6, STM32C071F8P6N, STM32C071FBP6, STM32C071FBP6N, STM32C071FBY6TR, STM32C071G8U6, STM32C071G8U6N, STM32C071GBU6, STM32C071GBU6N, STM32C071K8T6, STM32C071K8T6N, STM32C071K8U6, STM32C071K8U6N, STM32C071KBT6, STM32C071KBT6N, STM32C071KBU6, STM32C071KBU6N, STM32C071R8T6, STM32C071R8T6N, STM32C071RBI6N, STM32C071RBT6, STM32C071RBT6N, STM32C091CBT6, STM32C091CBU6, STM32C091CCT6, STM32C091CCU6, STM32C091ECY6TR, STM32C091FBP6, STM32C091FCP6, STM32C091GBU6, STM32C091GCU6, STM32C091KBT6, STM32C091KBU6, STM32C091KCT6, STM32C091KCU6, STM32C091RBT6, STM32C091RCI6, STM32C091RCT6, STM32C092CBT6, STM32C092CBU6, STM32C092CCT6, STM32C092CCU6, STM32C092ECY6TR, STM32C092FBP6, STM32C092FCP6, STM32C092GBU6, STM32C092GCU6, STM32C092KBT6, STM32C092KBU6, STM32C092KCT6, STM32C092KCU6, STM32C092RBT6, STM32C092RCI6, STM32C092RCT6, STM32G071K8TXN, STM32G071K8UXN, STM32G081GBU6N, STM32G081KBT6N, STM32G081KBUXN, STM32G0B1CCT6N, STM32G0B1KCT6, STM32G0B1NEY6TR, STM32G0B1RCT6N, STM32G0C1CCT6, STM32G0C1CCT6N, STM32G0C1CCU6N, STM32G0C1CET6N, STM32G0C1CEU6N, STM32G0C1KCT6, STM32G0C1NEY6TR, STM32G0C1RCI6N, STM32G0C1RCT6N, STM32G0C1REI6N, STM32G0C1RET6N, STM32G0C1VCI6, STM32G0C1VEI6, STM32G411C6T3, STM32G411C6T6, STM32G411C6U3, STM32G411C6U6, STM32G411C8T3, STM32G411C8T6, STM32G411C8U3, STM32G411C8U6, STM32G411CBT3, STM32G411CBT6, STM32G411CBU3, STM32G411CBU6, STM32G411K6T3, STM32G411K6T6, STM32G411K6U3, STM32G411K6U6, STM32G411K8T3, STM32G411K8T6, STM32G411K8U3, STM32G411K8U6, STM32G411KBT3, STM32G411KBT6, STM32G411KBU3, STM32G411KBU6, STM32G411M6T3, STM32G411M6T6, STM32G411M8T3, STM32G411M8T6, STM32G411MBT3, STM32G411MBT6, STM32G411R6T3, STM32G411R6T6, STM32G411R8T3, STM32G411R8T6, STM32G411RBT3, STM32G411RBT6, STM32G414CBT3, STM32G414CBT6, STM32G414CBU3, STM32G414CBU6, STM32G414CCT3, STM32G414CCT6, STM32G414CCU3, STM32G414CCU6, STM32G414MBT3, STM32G414MBT6, STM32G414MCT3, STM32G414MCT6, STM32G414RBT3, STM32G414RBT6, STM32G414RCT3, STM32G414RCT6, STM32G414VBT3, STM32G414VBT6, STM32G414VCT3, STM32G414VCT6, STM32G431CBT3Z, STM32G431RBT3Z, STM32G471CCT6, STM32G471CCU6, STM32G471CET3, STM32G471CET6, STM32G471CEU3, STM32G471CEU6, STM32G471MCT6, STM32G471MET3, STM32G471MET6, STM32G471MEY6TR, STM32G471QCT6, STM32G471QET3, STM32G471RCT6, STM32G471RET3, STM32G471RET6, STM32G471VCH6, STM32G471VCI6, STM32G471VCT6, STM32G471VEH3, STM32G471VEH6, STM32G471VEI3, STM32G471VEI6, STM32G471VET3, STM32G471VET6, STM32G473QET3Z, STM32G473RET3Z, STM32G474CCT6, STM32G491RET3Z, STM32H503CBT6, STM32H503CBU6, STM32H503EBY6TR, STM32H503KBU6, STM32H503RBT6, STM32H523CCT6, STM32H523CCU6, STM32H523CET6, STM32H523CEU6, STM32H523HEY6TR, STM32H523RCT6, STM32H523RET6, STM32H523VCI6, STM32H523VCT6, STM32H523VEI6, STM32H523VET6, STM32H523ZCJ6, STM32H523ZCT6, STM32H523ZEJ6, STM32H523ZET6, STM32H533CET6, STM32H533CEU6, STM32H533HEY6TR, STM32H533RET6, STM32H533VEI6, STM32H533VET6, STM32H533ZEJ6, STM32H533ZET6, STM32H562AGI6, STM32H562AII6, STM32H562IGK6, STM32H562IGT6, STM32H562IIK6, STM32H562IIT6, STM32H562RGT6, STM32H562RGV6, STM32H562RIT6, STM32H562RIV6, STM32H562VGT6, STM32H562VIT6, STM32H562ZGT6, STM32H562ZIT6, STM32H563AGI6, STM32H563AII3Q, STM32H563AII6, STM32H563IGK6, STM32H563IGT6, STM32H563IIK3Q, STM32H563IIK6, STM32H563IIT3Q, STM32H563IIT6, STM32H563MIY3QTR, STM32H563RGT6, STM32H563RGV6, STM32H563RIT6, STM32H563RIV6, STM32H563VGT6, STM32H563VIT3Q, STM32H563VIT6, STM32H563ZGT6, STM32H563ZIT3Q, STM32H563ZIT6, STM32H573AII3Q, STM32H573AII6, STM32H573I-DK, STM32H573IIK3Q, STM32H573IIK6, STM32H573IIT3Q, STM32H573IIT6, STM32H573MIY3QTR, STM32H573RIT6, STM32H573RIV6, STM32H573VIT3Q, STM32H573VIT6, STM32H573ZIT3Q, STM32H573ZIT6, STM32H7R3A8I6, STM32H7R3I8K6, STM32H7R3I8T6, STM32H7R3L8H6, STM32H7R3L8H6H, STM32H7R3R8V6, STM32H7R3V8H6, STM32H7R3V8T6, STM32H7R3V8Y6TR, STM32H7R3Z8J6, STM32H7R3Z8T6, STM32H7R7A8I6, STM32H7R7I8K6, STM32H7R7I8T6, STM32H7R7L8H6, STM32H7R7L8H6H, STM32H7R7Z8J6, STM32H7S3A8I6, STM32H7S3I8K6, STM32H7S3I8T6, STM32H7S3L8H6, STM32H7S3L8H6H, STM32H7S3R8V6, STM32H7S3V8H6, STM32H7S3V8T6, STM32H7S3V8Y6TR, STM32H7S3Z8J6, STM32H7S3Z8T6, STM32H7S78-DK, STM32H7S7A8I6, STM32H7S7I8K6, STM32H7S7I8T6, STM32H7S7L8H6, STM32H7S7L8H6H, STM32H7S7Z8J6, STM32L4R5QGI6STR, STM32MP131AAE3, STM32MP131AAF3, STM32MP131AAG3, STM32MP131CAE3, STM32MP131CAF3, STM32MP131CAG3, STM32MP131DAE7, STM32MP131DAF7, STM32MP131DAG7, STM32MP131FAE7, STM32MP131FAF7, STM32MP131FAG7, STM32MP133AAE3, STM32MP133AAF3, STM32MP133AAG3, STM32MP133CAE3, STM32MP133CAF3, STM32MP133CAG3, STM32MP133DAE7, STM32MP133DAF7, STM32MP133DAG7, STM32MP133FAE7, STM32MP133FAF7, STM32MP133FAG7, STM32MP135AAE3, STM32MP135AAF3, STM32MP135AAG3, STM32MP135CAE3, STM32MP135CAF3, STM32MP135CAG3, STM32MP135DAE7, STM32MP135DAF7, STM32MP135DAG7, STM32MP135F-DK, STM32MP135FAE7, STM32MP135FAF7, STM32MP135FAF7T, STM32MP135FAF7U, STM32MP135FAG7, STM32MP211AAL3, STM32MP211AAM3, STM32MP211AAN3, STM32MP211AAO3, STM32MP211CAL3, STM32MP211CAM3, STM32MP211CAN3, STM32MP211CAO3, STM32MP211DAL3, STM32MP211DAM3, STM32MP211DAN3, STM32MP211DAO3, STM32MP211FAL3, STM32MP211FAM3, STM32MP211FAN3, STM32MP211FAO3, STM32MP213AAL3, STM32MP213AAM3, STM32MP213AAN3, STM32MP213AAO3, STM32MP213CAL3, STM32MP213CAM3, STM32MP213CAN3, STM32MP213CAO3, STM32MP213DAL3, STM32MP213DAM3, STM32MP213DAN3, STM32MP213DAO3, STM32MP213FAL3, STM32MP213FAM3, STM32MP213FAN3, STM32MP213FAO3, STM32MP215AAL3, STM32MP215AAM3, STM32MP215AAN3, STM32MP215AAO3, STM32MP215CAL3, STM32MP215CAM3, STM32MP215CAN3, STM32MP215CAO3, STM32MP215DAL3, STM32MP215DAM3, STM32MP215DAN3, STM32MP215DAO3, STM32MP215F-DK, STM32MP215FAL3, STM32MP215FAM3, STM32MP215FAN3, STM32MP215FAO3, STM32MP231AAJ3, STM32MP231AAK3, STM32MP231AAL3, STM32MP231CAJ3, STM32MP231CAK3, STM32MP231CAL3, STM32MP231DAJ3, STM32MP231DAK3, STM32MP231DAL3, STM32MP231FAJ3, STM32MP231FAK3, STM32MP231FAL3, STM32MP233AAJ3, STM32MP233AAK3, STM32MP233AAL3, STM32MP233CAJ3, STM32MP233CAK3, STM32MP233CAL3, STM32MP233DAJ3, STM32MP233DAK3, STM32MP233DAL3, STM32MP233FAJ3, STM32MP233FAK3, STM32MP233FAL3, STM32MP235AAJ3, STM32MP235AAK3, STM32MP235AAL3, STM32MP235CAJ3, STM32MP235CAK3, STM32MP235CAL3, STM32MP235DAJ3, STM32MP235DAK3, STM32MP235DAL3, STM32MP235FAJ3, STM32MP235FAK3, STM32MP235FAL3, STM32MP251AAI3, STM32MP251AAK3, STM32MP251AAL3, STM32MP251CAI3, STM32MP251CAK3, STM32MP251CAL3, STM32MP251DAI3, STM32MP251DAK3, STM32MP251DAL3, STM32MP251FAI3, STM32MP251FAK3, STM32MP251FAL3, STM32MP253AAI3, STM32MP253AAK3, STM32MP253AAL3, STM32MP253CAI3, STM32MP253CAK3, STM32MP253CAL3, STM32MP253DAI3, STM32MP253DAK3, STM32MP253DAL3, STM32MP253FAI3, STM32MP253FAK3, STM32MP253FAL3, STM32MP255AAI3, STM32MP255AAK3, STM32MP255AAL3, STM32MP255CAI3, STM32MP255CAK3, STM32MP255CAL3, STM32MP255DAI3, STM32MP255DAK3, STM32MP255DAL3, STM32MP255FAI3, STM32MP255FAK3, STM32MP255FAL3, STM32MP257AAI3, STM32MP257AAK3, STM32MP257AAL3, STM32MP257CAI3, STM32MP257CAK3, STM32MP257CAL3, STM32MP257DAI3, STM32MP257DAK3, STM32MP257DAL3, STM32MP257F-DK, STM32MP257F-EV1, STM32MP257FAI3, STM32MP257FAK3, STM32MP257FAL3, STM32N645A0H3Q, STM32N645B0H3Q, STM32N645I0H3Q, STM32N645L0H3Q, STM32N645X0H3Q, STM32N645Z0H3Q, STM32N647A0H3Q, STM32N647B0H3Q, STM32N647I0H3Q, STM32N647L0H3Q, STM32N647X0H3Q, STM32N647Z0H3Q, STM32N655A0H3Q, STM32N655B0H3Q, STM32N655I0H3Q, STM32N655L0H3Q, STM32N655X0H3Q, STM32N655Z0H3Q, STM32N6570-DK, STM32N657A0H3Q, STM32N657B0H3Q, STM32N657I0H3Q, STM32N657L0H3Q, STM32N657X0H3Q, STM32N657Z0H3Q, STM32U031C6T6, STM32U031C6U6, STM32U031C8T6, STM32U031C8U6, STM32U031F4P6, STM32U031F6P6, STM32U031F8P6, STM32U031G6Y6TR, STM32U031G8Y6TR, STM32U031K4U6, STM32U031K6U6, STM32U031K8U6, STM32U031R6I6, STM32U031R6T6, STM32U031R8I6, STM32U031R8T6, STM32U073C8T6, STM32U073C8U6, STM32U073CBT6, STM32U073CBU6, STM32U073CCT6, STM32U073CCU6, STM32U073H8Y6TR, STM32U073HBY6TR, STM32U073HCY6TR, STM32U073K8U6, STM32U073KBU6, STM32U073KCU6, STM32U073M8I6, STM32U073M8T6, STM32U073MBI6, STM32U073MBT6, STM32U073MCI6, STM32U073MCT6, STM32U073R8I6, STM32U073R8T6, STM32U073RBI6, STM32U073RBT6, STM32U073RCI6, STM32U073RCT6, STM32U083C-DK, STM32U083CCT6, STM32U083CCU6, STM32U083HCY6TR, STM32U083KCU6, STM32U083MCI6, STM32U083MCT6, STM32U083RCI6, STM32U083RCT6, STM32U375CET6, STM32U375CET6Q, STM32U375CEU6, STM32U375CEU6Q, STM32U375CEY6QTR, STM32U375CGT6, STM32U375CGT6Q, STM32U375CGU6, STM32U375CGU6Q, STM32U375CGY6QTR, STM32U375KEU6, STM32U375KGU6, STM32U375REI6, STM32U375REI6Q, STM32U375RET6, STM32U375RET6Q, STM32U375REY6GTR, STM32U375REY6QTR, STM32U375RGI6, STM32U375RGI6Q, STM32U375RGT6, STM32U375RGT6Q, STM32U375RGY6GTR, STM32U375RGY6QTR, STM32U375VEI6, STM32U375VEI6Q, STM32U375VET6, STM32U375VET6Q, STM32U375VGI6, STM32U375VGI6Q, STM32U375VGT6, STM32U375VGT6Q, STM32U385CGT6, STM32U385CGT6Q, STM32U385CGU6, STM32U385CGU6Q, STM32U385CGY6QTR, STM32U385KGU6, STM32U385RGI6, STM32U385RGI6Q, STM32U385RGT6, STM32U385RGT6Q, STM32U385RGY6GTR, STM32U385RGY6QTR, STM32U385VGI6, STM32U385VGI6Q, STM32U385VGT6, STM32U385VGT6Q, STM32U535CBT6, STM32U535CBT6Q, STM32U535CBU6, STM32U535CBU6Q, STM32U535CCT6, STM32U535CCT6Q, STM32U535CCU6, STM32U535CCU6Q, STM32U535CET6, STM32U535CET6Q, STM32U535CEU6, STM32U535CEU6Q, STM32U535JEY6QTR, STM32U535NCY6QTR, STM32U535NEY6QTR, STM32U535RBI6, STM32U535RBI6Q, STM32U535RBT6, STM32U535RBT6Q, STM32U535RCI6, STM32U535RCI6Q, STM32U535RCT6, STM32U535RCT6Q, STM32U535REI6, STM32U535REI6Q, STM32U535RET6, STM32U535RET6Q, STM32U535VCI6, STM32U535VCI6Q, STM32U535VCT6, STM32U535VCT6Q, STM32U535VEI6, STM32U535VEI6Q, STM32U535VET6, STM32U535VET6Q, STM32U545CET6, STM32U545CET6Q, STM32U545CEU6, STM32U545CEU6Q, STM32U545JEY6QTR, STM32U545NEY6QTR, STM32U545REI6, STM32U545REI6Q, STM32U545RET6, STM32U545RET6Q, STM32U545VEI6, STM32U545VEI6Q, STM32U545VET6, STM32U545VET6Q, STM32U595AIH6, STM32U595AIH6Q, STM32U595AJH6, STM32U595AJH6Q, STM32U595QII6, STM32U595QII6Q, STM32U595QJI6, STM32U595QJI6Q, STM32U595RIT6, STM32U595RIT6Q, STM32U595RJT6, STM32U595RJT6Q, STM32U595VIT6, STM32U595VIT6Q, STM32U595VJT6, STM32U595VJT6Q, STM32U595ZIT6, STM32U595ZIT6Q, STM32U595ZIY6QTR, STM32U595ZJT6, STM32U595ZJT6Q, STM32U595ZJY6QTR, STM32U599BJY6QTR, STM32U599NIH6Q, STM32U599NJH6Q, STM32U599VIT6Q, STM32U599VJT6, STM32U599VJT6Q, STM32U599ZIT6Q, STM32U599ZIY6QTR, STM32U599ZJT6Q, STM32U599ZJY6QTR, STM32U5A5AJH6, STM32U5A5AJH6Q, STM32U5A5QII3Q , STM32U5A5QJI6, STM32U5A5QJI6Q, STM32U5A5RJT6, STM32U5A5RJT6Q, STM32U5A5VJT6, STM32U5A5VJT6Q, STM32U5A5ZJT6, STM32U5A5ZJT6Q, STM32U5A5ZJY6QTR, STM32U5A9BJY6QTR, STM32U5A9J-DK, STM32U5A9NJH6Q, STM32U5A9VJT6Q, STM32U5A9ZJT6Q, STM32U5A9ZJY6QTR, STM32U5F7VIT6, STM32U5F7VIT6Q, STM32U5F7VJT6, STM32U5F7VJT6Q, STM32U5F9BJY6QTR, STM32U5F9NJH6Q, STM32U5F9VIT6Q, STM32U5F9VJT6Q, STM32U5F9ZIJ6QTR, STM32U5F9ZIT6Q, STM32U5F9ZJJ6QTR, STM32U5F9ZJT6Q, STM32U5G7VJT6, STM32U5G7VJT6Q, STM32U5G9BJY6QTR, STM32U5G9J-DK1, STM32U5G9J-DK2, STM32U5G9NJH6Q, STM32U5G9VJT6Q, STM32U5G9ZJJ6QTR, STM32U5G9ZJT6Q, STM32WB05KZV6TR, STM32WB05KZV7TR, STM32WB05TZF6TR, STM32WB05TZF7TR, STM32WB06CCF6TR, STM32WB06CCF7TR, STM32WB06CCV6TR, STM32WB06CCV7TR, STM32WB06KCV6TR, STM32WB06KCV7TR, STM32WB07CCF6TR, STM32WB07CCF7TR, STM32WB07CCV6TR, STM32WB07CCV7TR, STM32WB07KCV6TR, STM32WB07KCV7TR, STM32WB09KEV6TR, STM32WB09KEV7TR, STM32WB09TEF6TR, STM32WB09TEF7TR, STM32WB1MMCH6, STM32WBA50KGU6, STM32WBA50KGU6TR, STM32WBA52CEU6, STM32WBA52CEU6TR, STM32WBA52CEU7, STM32WBA52CEU7TR, STM32WBA52CGU6, STM32WBA52CGU6TR, STM32WBA52CGU6U, STM32WBA52CGU7, STM32WBA52CGU7TR, STM32WBA52KEU6, STM32WBA52KEU6TR, STM32WBA52KGU6, STM32WBA52KGU6TR, STM32WBA54CEU6, STM32WBA54CEU6TR, STM32WBA54CEU7, STM32WBA54CEU7TR, STM32WBA54CGU6, STM32WBA54CGU6TR, STM32WBA54CGU7, STM32WBA54CGU7TR, STM32WBA54KEU6, STM32WBA54KEU6TR, STM32WBA54KEU7, STM32WBA54KEU7TR, STM32WBA54KGU6, STM32WBA54KGU6TR, STM32WBA54KGU7, STM32WBA54KGU7TR, STM32WBA55CEU6, STM32WBA55CEU6TR, STM32WBA55CEU7, STM32WBA55CEU7TR, STM32WBA55CGU6, STM32WBA55CGU6TR, STM32WBA55CGU6U, STM32WBA55CGU7, STM32WBA55CGU7TR, STM32WBA55G-DK1, STM32WBA55HEF6, STM32WBA55HEF7, STM32WBA55HGF6, STM32WBA55HGF7, STM32WBA55UEI6, STM32WBA55UEI6TR, STM32WBA55UEI7, STM32WBA55UEI7TR, STM32WBA55UGI6, STM32WBA55UGI6TR, STM32WBA55UGI7, STM32WBA55UGI7TR, STM32WBA5MMGH6TR, STM32WBA62MGF6, STM32WBA62MIF6, STM32WBA65MGF7, STM32WBA65MIF6, STM32WBA65MIF7, STM32WL30K8V6, STM32WL30KBV6, STM32WL31C8V6, STM32WL31CBV6, STM32WL31K8V6, STM32WL31KBV6, STM32WL33C8V6, STM32WL33C8V6X, STM32WL33CBV6, STM32WL33CBV6X, STM32WL33CCV6, STM32WL33CCV6A, STM32WL33CCV6X, STM32WL33K8V7, STM32WL33K8V7X, STM32WL33KBV7 , STM32WL33KBV7X, STM32WL33KCV7, STM32WL33KCV7X, STM32WL5MOCH6, STM32WL5MOCH6TR]
2025-11-14 14:52:04,630 [INFO] DbMcus:218 - Found 4876 MCUs, 4876 are supported
2025-11-14 14:52:04,633 [INFO] ApiDb:423 - Load user favorites file C:\Users\chris/.stm32cubeide/favorites.mcus.txt: 0 item(s)
2025-11-14 14:52:04,633 [INFO] ApiDb:427 - User favorites MCUs=[]
2025-11-14 14:52:04,633 [INFO] DbMcus:224 - Set 0 / 0 favorites MCUs
2025-11-14 14:52:05,163 [INFO] ApiDb:668 - CubeFinder database Data Model version=2.1
2025-11-14 14:52:05,164 [INFO] ApiDb:669 - CubeFinder database Configuration version=3.0.39
2025-11-14 14:52:05,164 [INFO] ApiDb:670 - CubeFinder database generation date=2025-11-05 (1762334721)
2025-11-14 14:52:05,164 [INFO] ApiDb:671 - CubeFinder database FW Pack versions=[FP-ATR-ASTRA1_V2.0.0, FP-SNS-FLIGHT1_V5.1.0, FP-SNS-MOTENV1_V5.1.0, FP-SNS-MOTENVWB1_V1.4.0, FP-SNS-SMARTAG2_V1.2.0, FP-SNS-STBOX1_V2.1.0, STM32Cube_FW_C0_V1.4.0, STM32Cube_FW_F4_V1.28.3, STM32Cube_FW_F7_V1.17.4, STM32Cube_FW_G0_V1.6.2, STM32Cube_FW_G4_V1.6.1, STM32Cube_FW_H5_V1.5.1, STM32Cube_FW_H7RS_V1.3.0, STM32Cube_FW_H7_V1.12.1, STM32Cube_FW_L0_V1.12.2, STM32Cube_FW_L4_V1.18.1, STM32Cube_FW_L5_V1.6.0, STM32Cube_FW_N6_V1.3.0, STM32Cube_FW_U0_V1.3.0, STM32Cube_FW_U3_V1.2.1, STM32Cube_FW_U5_V1.8.0, STM32Cube_FW_WB0_V1.4.0, STM32Cube_FW_WBA_V1.8.0, STM32Cube_FW_WB_V1.24.0, STM32Cube_FW_WL3_V1.3.0, STM32Cube_FW_WL_V1.4.0, X-CUBE-ALGOBUILD_V1.4.0, X-CUBE-ALS_V1.0.2, X-CUBE-AZRTOS-F4_V1.1.0, X-CUBE-AZRTOS-F7_V1.1.0, X-CUBE-AZRTOS-G0_V1.1.0, X-CUBE-AZRTOS-G4_V2.0.0, X-CUBE-AZRTOS-H7RS_V1.1.0, X-CUBE-AZRTOS-H7_V3.4.0, X-CUBE-AZRTOS-L4_V2.0.0, X-CUBE-AZRTOS-L5_V2.0.0, X-CUBE-AZRTOS-WB_V2.0.0, X-CUBE-AZRTOS-WL_V2.0.0, X-CUBE-BLE1_V7.1.0, X-CUBE-BLE2_V3.3.0, X-CUBE-BLEMGR_V4.1.0, X-CUBE-EEPRMA1_V5.2.0, X-CUBE-FREERTOS_V1.3.1, X-CUBE-GNSS1_V6.0.0, X-CUBE-MEMS1_V11.3.0, X-CUBE-NFC4_V3.0.0, X-CUBE-NFC7_V2.0.0, X-CUBE-SFXS2LP1_V4.0.0, X-CUBE-ST67W61_V1.1.0, X-CUBE-SUBG2_V5.0.0, X-CUBE-TOF1_V3.4.3]
2025-11-14 14:52:05,221 [INFO] DbBoardsSqlite:226 - include board P-NUCLEO-WB55-NUCLEO as a kit item of type 'Nucleo-64'
2025-11-14 14:52:05,221 [INFO] DbBoardsSqlite:226 - include board P-NUCLEO-WB55-USBDONGLE as a kit item of type 'Nucleo USB Dongle'
2025-11-14 14:52:05,221 [INFO] DbBoardsSqlite:226 - include board STEVAL-IDP005V1 as a kit item of type 'Evaluation Board'
2025-11-14 14:52:05,221 [INFO] DbBoardsSqlite:226 - include board STEVAL-IDP005V2 as a kit item of type 'Evaluation Board'
2025-11-14 14:52:05,295 [INFO] ApiDb:240 - Found 880 in-development CPN: [B-G473E-ZEST1S, B-WB1M-WPAN1, B-WBA5M-WPAN, B-WL5M-SUBG1, NUCLEO-C031C6, NUCLEO-C051C8, NUCLEO-C071RB, NUCLEO-C092RC, NUCLEO-H503RB, NUCLEO-H533RE, NUCLEO-H563ZI, NUCLEO-H7S3L8, NUCLEO-N657X0-Q, NUCLEO-U031R8, NUCLEO-U083RC, NUCLEO-U385RG-Q, NUCLEO-U545RE-Q, NUCLEO-U5A5ZJ-Q, NUCLEO-WB05KZ, NUCLEO-WB07CC, NUCLEO-WB09KE, NUCLEO-WBA52CG, NUCLEO-WBA55CG, NUCLEO-WL33CC1, NUCLEO-WL33CC2, STEVAL-PROTEUS1, STEVAL-SMARTAG2, STEVAL-STWINBX1, STM320518-EVAL, STM32C0116-DK, STM32C011D6Y3TR, STM32C011D6Y6TR, STM32C011F4P3, STM32C011F4P6, STM32C011F4U3, STM32C011F4U6TR, STM32C011F6P3, STM32C011F6P6, STM32C011F6U3, STM32C011F6U6TR, STM32C011J4M3, STM32C011J4M6, STM32C011J6M3, STM32C011J6M6, STM32C0316-DK, STM32C031C4T3, STM32C031C4T6, STM32C031C4U3, STM32C031C4U6, STM32C031C6T3, STM32C031C6T6, STM32C031C6U3, STM32C031C6U6, STM32C031F4P3, STM32C031F4P6, STM32C031F6P3, STM32C031F6P6, STM32C031G4U3, STM32C031G4U6, STM32C031G6U3, STM32C031G6U6, STM32C031K4T3, STM32C031K4T6, STM32C031K4U3, STM32C031K4U6, STM32C031K6T3, STM32C031K6T6, STM32C031K6U3, STM32C031K6U6, STM32C051C6T6, STM32C051C6U6, STM32C051C8T6, STM32C051C8U6, STM32C051D8Y6TR, STM32C051F6P6, STM32C051F8P6, STM32C051G6U6, STM32C051G8U6, STM32C051K6T6, STM32C051K6U6, STM32C051K8T6, STM32C071C8T6, STM32C071C8T6N, STM32C071C8U6, STM32C071C8U6N, STM32C071CBT6, STM32C071CBT6N, STM32C071CBU6, STM32C071CBU6N, STM32C071F8P6, STM32C071F8P6N, STM32C071FBP6, STM32C071FBP6N, STM32C071FBY6TR, STM32C071G8U6, STM32C071G8U6N, STM32C071GBU6, STM32C071GBU6N, STM32C071K8T6, STM32C071K8T6N, STM32C071K8U6, STM32C071K8U6N, STM32C071KBT6, STM32C071KBT6N, STM32C071KBU6, STM32C071KBU6N, STM32C071R8T6, STM32C071R8T6N, STM32C071RBI6N, STM32C071RBT6, STM32C071RBT6N, STM32C091CBT6, STM32C091CBU6, STM32C091CCT6, STM32C091CCU6, STM32C091ECY6TR, STM32C091FBP6, STM32C091FCP6, STM32C091GBU6, STM32C091GCU6, STM32C091KBT6, STM32C091KBU6, STM32C091KCT6, STM32C091KCU6, STM32C091RBT6, STM32C091RCI6, STM32C091RCT6, STM32C092CBT6, STM32C092CBU6, STM32C092CCT6, STM32C092CCU6, STM32C092ECY6TR, STM32C092FBP6, STM32C092FCP6, STM32C092GBU6, STM32C092GCU6, STM32C092KBT6, STM32C092KBU6, STM32C092KCT6, STM32C092KCU6, STM32C092RBT6, STM32C092RCI6, STM32C092RCT6, STM32G071K8TXN, STM32G071K8UXN, STM32G081GBU6N, STM32G081KBT6N, STM32G081KBUXN, STM32G0B1CCT6N, STM32G0B1KCT6, STM32G0B1NEY6TR, STM32G0B1RCT6N, STM32G0C1CCT6, STM32G0C1CCT6N, STM32G0C1CCU6N, STM32G0C1CET6N, STM32G0C1CEU6N, STM32G0C1KCT6, STM32G0C1NEY6TR, STM32G0C1RCI6N, STM32G0C1RCT6N, STM32G0C1REI6N, STM32G0C1RET6N, STM32G0C1VCI6, STM32G0C1VEI6, STM32G411C6T3, STM32G411C6T6, STM32G411C6U3, STM32G411C6U6, STM32G411C8T3, STM32G411C8T6, STM32G411C8U3, STM32G411C8U6, STM32G411CBT3, STM32G411CBT6, STM32G411CBU3, STM32G411CBU6, STM32G411K6T3, STM32G411K6T6, STM32G411K6U3, STM32G411K6U6, STM32G411K8T3, STM32G411K8T6, STM32G411K8U3, STM32G411K8U6, STM32G411KBT3, STM32G411KBT6, STM32G411KBU3, STM32G411KBU6, STM32G411M6T3, STM32G411M6T6, STM32G411M8T3, STM32G411M8T6, STM32G411MBT3, STM32G411MBT6, STM32G411R6T3, STM32G411R6T6, STM32G411R8T3, STM32G411R8T6, STM32G411RBT3, STM32G411RBT6, STM32G414CBT3, STM32G414CBT6, STM32G414CBU3, STM32G414CBU6, STM32G414CCT3, STM32G414CCT6, STM32G414CCU3, STM32G414CCU6, STM32G414MBT3, STM32G414MBT6, STM32G414MCT3, STM32G414MCT6, STM32G414RBT3, STM32G414RBT6, STM32G414RCT3, STM32G414RCT6, STM32G414VBT3, STM32G414VBT6, STM32G414VCT3, STM32G414VCT6, STM32G431CBT3Z, STM32G431RBT3Z, STM32G471CCT6, STM32G471CCU6, STM32G471CET3, STM32G471CET6, STM32G471CEU3, STM32G471CEU6, STM32G471MCT6, STM32G471MET3, STM32G471MET6, STM32G471MEY6TR, STM32G471QCT6, STM32G471QET3, STM32G471RCT6, STM32G471RET3, STM32G471RET6, STM32G471VCH6, STM32G471VCI6, STM32G471VCT6, STM32G471VEH3, STM32G471VEH6, STM32G471VEI3, STM32G471VEI6, STM32G471VET3, STM32G471VET6, STM32G473QET3Z, STM32G473RET3Z, STM32G474CCT6, STM32G491RET3Z, STM32H503CBT6, STM32H503CBU6, STM32H503EBY6TR, STM32H503KBU6, STM32H503RBT6, STM32H523CCT6, STM32H523CCU6, STM32H523CET6, STM32H523CEU6, STM32H523HEY6TR, STM32H523RCT6, STM32H523RET6, STM32H523VCI6, STM32H523VCT6, STM32H523VEI6, STM32H523VET6, STM32H523ZCJ6, STM32H523ZCT6, STM32H523ZEJ6, STM32H523ZET6, STM32H533CET6, STM32H533CEU6, STM32H533HEY6TR, STM32H533RET6, STM32H533VEI6, STM32H533VET6, STM32H533ZEJ6, STM32H533ZET6, STM32H562AGI6, STM32H562AII6, STM32H562IGK6, STM32H562IGT6, STM32H562IIK6, STM32H562IIT6, STM32H562RGT6, STM32H562RGV6, STM32H562RIT6, STM32H562RIV6, STM32H562VGT6, STM32H562VIT6, STM32H562ZGT6, STM32H562ZIT6, STM32H563AGI6, STM32H563AII3Q, STM32H563AII6, STM32H563IGK6, STM32H563IGT6, STM32H563IIK3Q, STM32H563IIK6, STM32H563IIT3Q, STM32H563IIT6, STM32H563MIY3QTR, STM32H563RGT6, STM32H563RGV6, STM32H563RIT6, STM32H563RIV6, STM32H563VGT6, STM32H563VIT3Q, STM32H563VIT6, STM32H563ZGT6, STM32H563ZIT3Q, STM32H563ZIT6, STM32H573AII3Q, STM32H573AII6, STM32H573I-DK, STM32H573IIK3Q, STM32H573IIK6, STM32H573IIT3Q, STM32H573IIT6, STM32H573MIY3QTR, STM32H573RIT6, STM32H573RIV6, STM32H573VIT3Q, STM32H573VIT6, STM32H573ZIT3Q, STM32H573ZIT6, STM32H7R3A8I6, STM32H7R3I8K6, STM32H7R3I8T6, STM32H7R3L8H6, STM32H7R3L8H6H, STM32H7R3R8V6, STM32H7R3V8H6, STM32H7R3V8T6, STM32H7R3V8Y6TR, STM32H7R3Z8J6, STM32H7R3Z8T6, STM32H7R7A8I6, STM32H7R7I8K6, STM32H7R7I8T6, STM32H7R7L8H6, STM32H7R7L8H6H, STM32H7R7Z8J6, STM32H7S3A8I6, STM32H7S3I8K6, STM32H7S3I8T6, STM32H7S3L8H6, STM32H7S3L8H6H, STM32H7S3R8V6, STM32H7S3V8H6, STM32H7S3V8T6, STM32H7S3V8Y6TR, STM32H7S3Z8J6, STM32H7S3Z8T6, STM32H7S78-DK, STM32H7S7A8I6, STM32H7S7I8K6, STM32H7S7I8T6, STM32H7S7L8H6, STM32H7S7L8H6H, STM32H7S7Z8J6, STM32L4R5QGI6STR, STM32MP131AAE3, STM32MP131AAF3, STM32MP131AAG3, STM32MP131CAE3, STM32MP131CAF3, STM32MP131CAG3, STM32MP131DAE7, STM32MP131DAF7, STM32MP131DAG7, STM32MP131FAE7, STM32MP131FAF7, STM32MP131FAG7, STM32MP133AAE3, STM32MP133AAF3, STM32MP133AAG3, STM32MP133CAE3, STM32MP133CAF3, STM32MP133CAG3, STM32MP133DAE7, STM32MP133DAF7, STM32MP133DAG7, STM32MP133FAE7, STM32MP133FAF7, STM32MP133FAG7, STM32MP135AAE3, STM32MP135AAF3, STM32MP135AAG3, STM32MP135CAE3, STM32MP135CAF3, STM32MP135CAG3, STM32MP135DAE7, STM32MP135DAF7, STM32MP135DAG7, STM32MP135F-DK, STM32MP135FAE7, STM32MP135FAF7, STM32MP135FAF7T, STM32MP135FAF7U, STM32MP135FAG7, STM32MP211AAL3, STM32MP211AAM3, STM32MP211AAN3, STM32MP211AAO3, STM32MP211CAL3, STM32MP211CAM3, STM32MP211CAN3, STM32MP211CAO3, STM32MP211DAL3, STM32MP211DAM3, STM32MP211DAN3, STM32MP211DAO3, STM32MP211FAL3, STM32MP211FAM3, STM32MP211FAN3, STM32MP211FAO3, STM32MP213AAL3, STM32MP213AAM3, STM32MP213AAN3, STM32MP213AAO3, STM32MP213CAL3, STM32MP213CAM3, STM32MP213CAN3, STM32MP213CAO3, STM32MP213DAL3, STM32MP213DAM3, STM32MP213DAN3, STM32MP213DAO3, STM32MP213FAL3, STM32MP213FAM3, STM32MP213FAN3, STM32MP213FAO3, STM32MP215AAL3, STM32MP215AAM3, STM32MP215AAN3, STM32MP215AAO3, STM32MP215CAL3, STM32MP215CAM3, STM32MP215CAN3, STM32MP215CAO3, STM32MP215DAL3, STM32MP215DAM3, STM32MP215DAN3, STM32MP215DAO3, STM32MP215F-DK, STM32MP215FAL3, STM32MP215FAM3, STM32MP215FAN3, STM32MP215FAO3, STM32MP231AAJ3, STM32MP231AAK3, STM32MP231AAL3, STM32MP231CAJ3, STM32MP231CAK3, STM32MP231CAL3, STM32MP231DAJ3, STM32MP231DAK3, STM32MP231DAL3, STM32MP231FAJ3, STM32MP231FAK3, STM32MP231FAL3, STM32MP233AAJ3, STM32MP233AAK3, STM32MP233AAL3, STM32MP233CAJ3, STM32MP233CAK3, STM32MP233CAL3, STM32MP233DAJ3, STM32MP233DAK3, STM32MP233DAL3, STM32MP233FAJ3, STM32MP233FAK3, STM32MP233FAL3, STM32MP235AAJ3, STM32MP235AAK3, STM32MP235AAL3, STM32MP235CAJ3, STM32MP235CAK3, STM32MP235CAL3, STM32MP235DAJ3, STM32MP235DAK3, STM32MP235DAL3, STM32MP235FAJ3, STM32MP235FAK3, STM32MP235FAL3, STM32MP251AAI3, STM32MP251AAK3, STM32MP251AAL3, STM32MP251CAI3, STM32MP251CAK3, STM32MP251CAL3, STM32MP251DAI3, STM32MP251DAK3, STM32MP251DAL3, STM32MP251FAI3, STM32MP251FAK3, STM32MP251FAL3, STM32MP253AAI3, STM32MP253AAK3, STM32MP253AAL3, STM32MP253CAI3, STM32MP253CAK3, STM32MP253CAL3, STM32MP253DAI3, STM32MP253DAK3, STM32MP253DAL3, STM32MP253FAI3, STM32MP253FAK3, STM32MP253FAL3, STM32MP255AAI3, STM32MP255AAK3, STM32MP255AAL3, STM32MP255CAI3, STM32MP255CAK3, STM32MP255CAL3, STM32MP255DAI3, STM32MP255DAK3, STM32MP255DAL3, STM32MP255FAI3, STM32MP255FAK3, STM32MP255FAL3, STM32MP257AAI3, STM32MP257AAK3, STM32MP257AAL3, STM32MP257CAI3, STM32MP257CAK3, STM32MP257CAL3, STM32MP257DAI3, STM32MP257DAK3, STM32MP257DAL3, STM32MP257F-DK, STM32MP257F-EV1, STM32MP257FAI3, STM32MP257FAK3, STM32MP257FAL3, STM32N645A0H3Q, STM32N645B0H3Q, STM32N645I0H3Q, STM32N645L0H3Q, STM32N645X0H3Q, STM32N645Z0H3Q, STM32N647A0H3Q, STM32N647B0H3Q, STM32N647I0H3Q, STM32N647L0H3Q, STM32N647X0H3Q, STM32N647Z0H3Q, STM32N655A0H3Q, STM32N655B0H3Q, STM32N655I0H3Q, STM32N655L0H3Q, STM32N655X0H3Q, STM32N655Z0H3Q, STM32N6570-DK, STM32N657A0H3Q, STM32N657B0H3Q, STM32N657I0H3Q, STM32N657L0H3Q, STM32N657X0H3Q, STM32N657Z0H3Q, STM32U031C6T6, STM32U031C6U6, STM32U031C8T6, STM32U031C8U6, STM32U031F4P6, STM32U031F6P6, STM32U031F8P6, STM32U031G6Y6TR, STM32U031G8Y6TR, STM32U031K4U6, STM32U031K6U6, STM32U031K8U6, STM32U031R6I6, STM32U031R6T6, STM32U031R8I6, STM32U031R8T6, STM32U073C8T6, STM32U073C8U6, STM32U073CBT6, STM32U073CBU6, STM32U073CCT6, STM32U073CCU6, STM32U073H8Y6TR, STM32U073HBY6TR, STM32U073HCY6TR, STM32U073K8U6, STM32U073KBU6, STM32U073KCU6, STM32U073M8I6, STM32U073M8T6, STM32U073MBI6, STM32U073MBT6, STM32U073MCI6, STM32U073MCT6, STM32U073R8I6, STM32U073R8T6, STM32U073RBI6, STM32U073RBT6, STM32U073RCI6, STM32U073RCT6, STM32U083C-DK, STM32U083CCT6, STM32U083CCU6, STM32U083HCY6TR, STM32U083KCU6, STM32U083MCI6, STM32U083MCT6, STM32U083RCI6, STM32U083RCT6, STM32U375CET6, STM32U375CET6Q, STM32U375CEU6, STM32U375CEU6Q, STM32U375CEY6QTR, STM32U375CGT6, STM32U375CGT6Q, STM32U375CGU6, STM32U375CGU6Q, STM32U375CGY6QTR, STM32U375KEU6, STM32U375KGU6, STM32U375REI6, STM32U375REI6Q, STM32U375RET6, STM32U375RET6Q, STM32U375REY6GTR, STM32U375REY6QTR, STM32U375RGI6, STM32U375RGI6Q, STM32U375RGT6, STM32U375RGT6Q, STM32U375RGY6GTR, STM32U375RGY6QTR, STM32U375VEI6, STM32U375VEI6Q, STM32U375VET6, STM32U375VET6Q, STM32U375VGI6, STM32U375VGI6Q, STM32U375VGT6, STM32U375VGT6Q, STM32U385CGT6, STM32U385CGT6Q, STM32U385CGU6, STM32U385CGU6Q, STM32U385CGY6QTR, STM32U385KGU6, STM32U385RGI6, STM32U385RGI6Q, STM32U385RGT6, STM32U385RGT6Q, STM32U385RGY6GTR, STM32U385RGY6QTR, STM32U385VGI6, STM32U385VGI6Q, STM32U385VGT6, STM32U385VGT6Q, STM32U535CBT6, STM32U535CBT6Q, STM32U535CBU6, STM32U535CBU6Q, STM32U535CCT6, STM32U535CCT6Q, STM32U535CCU6, STM32U535CCU6Q, STM32U535CET6, STM32U535CET6Q, STM32U535CEU6, STM32U535CEU6Q, STM32U535JEY6QTR, STM32U535NCY6QTR, STM32U535NEY6QTR, STM32U535RBI6, STM32U535RBI6Q, STM32U535RBT6, STM32U535RBT6Q, STM32U535RCI6, STM32U535RCI6Q, STM32U535RCT6, STM32U535RCT6Q, STM32U535REI6, STM32U535REI6Q, STM32U535RET6, STM32U535RET6Q, STM32U535VCI6, STM32U535VCI6Q, STM32U535VCT6, STM32U535VCT6Q, STM32U535VEI6, STM32U535VEI6Q, STM32U535VET6, STM32U535VET6Q, STM32U545CET6, STM32U545CET6Q, STM32U545CEU6, STM32U545CEU6Q, STM32U545JEY6QTR, STM32U545NEY6QTR, STM32U545REI6, STM32U545REI6Q, STM32U545RET6, STM32U545RET6Q, STM32U545VEI6, STM32U545VEI6Q, STM32U545VET6, STM32U545VET6Q, STM32U595AIH6, STM32U595AIH6Q, STM32U595AJH6, STM32U595AJH6Q, STM32U595QII6, STM32U595QII6Q, STM32U595QJI6, STM32U595QJI6Q, STM32U595RIT6, STM32U595RIT6Q, STM32U595RJT6, STM32U595RJT6Q, STM32U595VIT6, STM32U595VIT6Q, STM32U595VJT6, STM32U595VJT6Q, STM32U595ZIT6, STM32U595ZIT6Q, STM32U595ZIY6QTR, STM32U595ZJT6, STM32U595ZJT6Q, STM32U595ZJY6QTR, STM32U599BJY6QTR, STM32U599NIH6Q, STM32U599NJH6Q, STM32U599VIT6Q, STM32U599VJT6, STM32U599VJT6Q, STM32U599ZIT6Q, STM32U599ZIY6QTR, STM32U599ZJT6Q, STM32U599ZJY6QTR, STM32U5A5AJH6, STM32U5A5AJH6Q, STM32U5A5QII3Q , STM32U5A5QJI6, STM32U5A5QJI6Q, STM32U5A5RJT6, STM32U5A5RJT6Q, STM32U5A5VJT6, STM32U5A5VJT6Q, STM32U5A5ZJT6, STM32U5A5ZJT6Q, STM32U5A5ZJY6QTR, STM32U5A9BJY6QTR, STM32U5A9J-DK, STM32U5A9NJH6Q, STM32U5A9VJT6Q, STM32U5A9ZJT6Q, STM32U5A9ZJY6QTR, STM32U5F7VIT6, STM32U5F7VIT6Q, STM32U5F7VJT6, STM32U5F7VJT6Q, STM32U5F9BJY6QTR, STM32U5F9NJH6Q, STM32U5F9VIT6Q, STM32U5F9VJT6Q, STM32U5F9ZIJ6QTR, STM32U5F9ZIT6Q, STM32U5F9ZJJ6QTR, STM32U5F9ZJT6Q, STM32U5G7VJT6, STM32U5G7VJT6Q, STM32U5G9BJY6QTR, STM32U5G9J-DK1, STM32U5G9J-DK2, STM32U5G9NJH6Q, STM32U5G9VJT6Q, STM32U5G9ZJJ6QTR, STM32U5G9ZJT6Q, STM32WB05KZV6TR, STM32WB05KZV7TR, STM32WB05TZF6TR, STM32WB05TZF7TR, STM32WB06CCF6TR, STM32WB06CCF7TR, STM32WB06CCV6TR, STM32WB06CCV7TR, STM32WB06KCV6TR, STM32WB06KCV7TR, STM32WB07CCF6TR, STM32WB07CCF7TR, STM32WB07CCV6TR, STM32WB07CCV7TR, STM32WB07KCV6TR, STM32WB07KCV7TR, STM32WB09KEV6TR, STM32WB09KEV7TR, STM32WB09TEF6TR, STM32WB09TEF7TR, STM32WB1MMCH6, STM32WBA50KGU6, STM32WBA50KGU6TR, STM32WBA52CEU6, STM32WBA52CEU6TR, STM32WBA52CEU7, STM32WBA52CEU7TR, STM32WBA52CGU6, STM32WBA52CGU6TR, STM32WBA52CGU6U, STM32WBA52CGU7, STM32WBA52CGU7TR, STM32WBA52KEU6, STM32WBA52KEU6TR, STM32WBA52KGU6, STM32WBA52KGU6TR, STM32WBA54CEU6, STM32WBA54CEU6TR, STM32WBA54CEU7, STM32WBA54CEU7TR, STM32WBA54CGU6, STM32WBA54CGU6TR, STM32WBA54CGU7, STM32WBA54CGU7TR, STM32WBA54KEU6, STM32WBA54KEU6TR, STM32WBA54KEU7, STM32WBA54KEU7TR, STM32WBA54KGU6, STM32WBA54KGU6TR, STM32WBA54KGU7, STM32WBA54KGU7TR, STM32WBA55CEU6, STM32WBA55CEU6TR, STM32WBA55CEU7, STM32WBA55CEU7TR, STM32WBA55CGU6, STM32WBA55CGU6TR, STM32WBA55CGU6U, STM32WBA55CGU7, STM32WBA55CGU7TR, STM32WBA55G-DK1, STM32WBA55HEF6, STM32WBA55HEF7, STM32WBA55HGF6, STM32WBA55HGF7, STM32WBA55UEI6, STM32WBA55UEI6TR, STM32WBA55UEI7, STM32WBA55UEI7TR, STM32WBA55UGI6, STM32WBA55UGI6TR, STM32WBA55UGI7, STM32WBA55UGI7TR, STM32WBA5MMGH6TR, STM32WBA62MGF6, STM32WBA62MIF6, STM32WBA65MGF7, STM32WBA65MIF6, STM32WBA65MIF7, STM32WL30K8V6, STM32WL30KBV6, STM32WL31C8V6, STM32WL31CBV6, STM32WL31K8V6, STM32WL31KBV6, STM32WL33C8V6, STM32WL33C8V6X, STM32WL33CBV6, STM32WL33CBV6X, STM32WL33CCV6, STM32WL33CCV6A, STM32WL33CCV6X, STM32WL33K8V7, STM32WL33K8V7X, STM32WL33KBV7 , STM32WL33KBV7X, STM32WL33KCV7, STM32WL33KCV7X, STM32WL5MOCH6, STM32WL5MOCH6TR]
2025-11-14 14:52:05,642 [INFO] BoardInfo:889 - No configuration file found for board P-NUCLEO-WB55
2025-11-14 14:52:05,643 [INFO] DbBoards:161 - Kit is not supported: P-NUCLEO-WB55
2025-11-14 14:52:05,654 [INFO] BoardInfo:889 - No configuration file found for board STEVAL-BFA001V1B
2025-11-14 14:52:05,655 [INFO] DbBoards:161 - Kit is not supported: STEVAL-BFA001V1B
2025-11-14 14:52:05,657 [INFO] BoardInfo:889 - No configuration file found for board STEVAL-BFA001V2B
2025-11-14 14:52:05,659 [INFO] DbBoards:161 - Kit is not supported: STEVAL-BFA001V2B
2025-11-14 14:52:06,036 [INFO] DbBoards:168 - Found 212 boards, 209 are supported
2025-11-14 14:52:06,037 [INFO] DbBoards:169 - Found 212 boards, 43 of them is supported for  Bsp
2025-11-14 14:52:06,043 [INFO] ApiDb:423 - Load user favorites file C:\Users\chris/.stm32cubeide/favorites.boards.txt: 0 item(s)
2025-11-14 14:52:06,044 [INFO] ApiDb:427 - User favorites Boards=[]
2025-11-14 14:52:06,044 [INFO] DbBoards:198 - Set 0 / 0 favorites Boards
2025-11-14 14:52:06,047 [INFO] ApiDb:668 - CubeFinder database Data Model version=2.1
2025-11-14 14:52:06,047 [INFO] ApiDb:669 - CubeFinder database Configuration version=3.0.39
2025-11-14 14:52:06,048 [INFO] ApiDb:670 - CubeFinder database generation date=2025-11-05 (1762334721)
2025-11-14 14:52:06,048 [INFO] ApiDb:671 - CubeFinder database FW Pack versions=[FP-ATR-ASTRA1_V2.0.0, FP-SNS-FLIGHT1_V5.1.0, FP-SNS-MOTENV1_V5.1.0, FP-SNS-MOTENVWB1_V1.4.0, FP-SNS-SMARTAG2_V1.2.0, FP-SNS-STBOX1_V2.1.0, STM32Cube_FW_C0_V1.4.0, STM32Cube_FW_F4_V1.28.3, STM32Cube_FW_F7_V1.17.4, STM32Cube_FW_G0_V1.6.2, STM32Cube_FW_G4_V1.6.1, STM32Cube_FW_H5_V1.5.1, STM32Cube_FW_H7RS_V1.3.0, STM32Cube_FW_H7_V1.12.1, STM32Cube_FW_L0_V1.12.2, STM32Cube_FW_L4_V1.18.1, STM32Cube_FW_L5_V1.6.0, STM32Cube_FW_N6_V1.3.0, STM32Cube_FW_U0_V1.3.0, STM32Cube_FW_U3_V1.2.1, STM32Cube_FW_U5_V1.8.0, STM32Cube_FW_WB0_V1.4.0, STM32Cube_FW_WBA_V1.8.0, STM32Cube_FW_WB_V1.24.0, STM32Cube_FW_WL3_V1.3.0, STM32Cube_FW_WL_V1.4.0, X-CUBE-ALGOBUILD_V1.4.0, X-CUBE-ALS_V1.0.2, X-CUBE-AZRTOS-F4_V1.1.0, X-CUBE-AZRTOS-F7_V1.1.0, X-CUBE-AZRTOS-G0_V1.1.0, X-CUBE-AZRTOS-G4_V2.0.0, X-CUBE-AZRTOS-H7RS_V1.1.0, X-CUBE-AZRTOS-H7_V3.4.0, X-CUBE-AZRTOS-L4_V2.0.0, X-CUBE-AZRTOS-L5_V2.0.0, X-CUBE-AZRTOS-WB_V2.0.0, X-CUBE-AZRTOS-WL_V2.0.0, X-CUBE-BLE1_V7.1.0, X-CUBE-BLE2_V3.3.0, X-CUBE-BLEMGR_V4.1.0, X-CUBE-EEPRMA1_V5.2.0, X-CUBE-FREERTOS_V1.3.1, X-CUBE-GNSS1_V6.0.0, X-CUBE-MEMS1_V11.3.0, X-CUBE-NFC4_V3.0.0, X-CUBE-NFC7_V2.0.0, X-CUBE-SFXS2LP1_V4.0.0, X-CUBE-ST67W61_V1.1.0, X-CUBE-SUBG2_V5.0.0, X-CUBE-TOF1_V3.4.3]
2025-11-14 14:52:06,798 [ERROR] DbExamplesSqlite:437 - Missing JSON key: board_cpn
2025-11-14 14:52:06,799 [ERROR] DbExamplesSqlite:437 - Missing JSON key: board_cpn
2025-11-14 14:52:06,799 [ERROR] DbExamplesSqlite:437 - Missing JSON key: board_cpn
2025-11-14 14:52:06,799 [ERROR] DbExamplesSqlite:437 - Missing JSON key: board_cpn
2025-11-14 14:52:07,196 [ERROR] DbExamplesSqlite:437 - Missing JSON key: board_cpn
2025-11-14 14:52:07,196 [ERROR] DbExamplesSqlite:437 - Missing JSON key: board_cpn
2025-11-14 14:52:07,206 [INFO] DbExamplesSqlite:395 - Ignored 42 examples not supported by CubeIDE
2025-11-14 14:52:07,206 [INFO] DbExamplesSqlite:396 - Found 10883 examples active
2025-11-14 14:52:07,207 [INFO] DbExamplesSqlite:397 - Found 0 examples obsolete
2025-11-14 14:52:07,207 [INFO] DbExamplesSqlite:398 - Found 0 examples under development
2025-11-14 14:52:07,207 [INFO] DbExamplesSqlite:399 - Found 85 examples not building
2025-11-14 14:52:07,210 [INFO] DbExamples:125 - Found 10926 examples
2025-11-14 14:52:07,260 [ERROR] DbExamples:208 - Found 73 examples with invalid data (board or MCU)
2025-11-14 14:52:07,261 [INFO] DbExamples:222 - Found 134 boards with related examples
2025-11-14 14:52:07,262 [INFO] DbExamples:235 - Found 111 MCUs with related examples
2025-11-14 14:52:07,293 [INFO] ApiDb:423 - Load user favorites file C:\Users\chris/.stm32cubeide/favorites.examples.txt: 0 item(s)
2025-11-14 14:52:07,293 [INFO] ApiDb:427 - User favorites Examples=[]
2025-11-14 14:52:07,293 [INFO] DbExamples:250 - Set 0 / 0 favorites Examples
2025-11-14 14:52:07,533 [INFO] McuFinderGlobals:76 - Set McuFinderConnectedMode to true
2025-11-14 14:52:07,546 [INFO] MultiScanPanel:200 - Auto-refresh data requested => check proxy status ongoing
2025-11-14 14:52:07,554 [INFO] FinderPluginLoader:96 - Searching for filters in installed packs
2025-11-14 14:52:09,917 [INFO] LoadUrlFilesThread:185 - End of LoadServerUrlFiles without Thread
2025-11-14 14:52:09,938 [INFO] DetailPanel:341 - Set advertising image to C:/Users/chris/STM32Cube/Repository/\en.mcu-finder-preevent.jpg
2025-11-14 14:52:25,252 [INFO] WebApp:194 - Connection lost
2025-11-14 14:52:25,342 [INFO] WebApp:191 - Connection restablished
2025-11-14 14:56:02,297 [INFO] MainUpdater:2872 - connection check result : 10
2025-11-14 14:56:02,297 [INFO] MainUpdater:2872 - connection check result : 10
2025-11-14 14:56:08,138 [INFO] MicroXplorer:468 - Change Database Path : 
2025-11-14 14:56:08,138 [INFO] MicroXplorer:498 - Change Database Version : DB.6.0.150
2025-11-14 14:56:08,168 [WARN] ThirdParty:871 - waiting for thirdparty lock release [close project]
2025-11-14 14:56:08,168 [INFO] ThirdParty:873 - entering critical section [close project]
2025-11-14 14:56:08,178 [INFO] ThirdParty:883 - exiting critical section [close project]
2025-11-14 14:56:08,195 [INFO] PinOutPanel:1589 - setPackage(No Configuration,No Configuration)
2025-11-14 14:56:08,200 [INFO] UtilMem:75 - Begin LoadConfig() Used Memory: 936739744 Bytes (1073741824)
2025-11-14 14:56:08,205 [INFO] MicroXplorer:468 - Change Database Path : 
2025-11-14 14:56:08,205 [INFO] MicroXplorer:498 - Change Database Version : DB.6.0.150
2025-11-14 14:56:08,205 [INFO] OpenFileManager:355 - Change cursor
2025-11-14 14:56:08,411 [INFO] Mcu:2029 - Initializing MCU STM32F767ZITx STM32F767ZITx STM32F767ZIT6
2025-11-14 14:56:13,155 [INFO] Context:786 - Trying to add GPIOservice into a context  which must be forbidden
2025-11-14 14:56:14,240 [INFO] ImportTextPane:234 - (OptionalMessage_ERROR) Unable to find key (Mcu.ThirdPartyNb) in loaded IOC file
2025-11-14 14:56:14,241 [INFO] ImportTextPane:234 - (OptionalMessage_ERROR) Unable to find key (Mcu.PinsNb) in loaded IOC file
2025-11-14 14:56:14,242 [INFO] ImportTextPane:234 - (OptionalMessage_ERROR) Pin0 (VP_RIF_VS_RIF1) cannot be retrieved for this MCU
2025-11-14 14:56:14,242 [INFO] ImportTextPane:234 - (OptionalMessage_ERROR) Unable to find key (Mcu.IPNb) in loaded IOC file
2025-11-14 14:56:14,468 [INFO] RtosManager:558 - Registered RTOS mode: class=CMSIS, group=RTOS, mode=CMSIS_V1, owner=FREERTOS
2025-11-14 14:56:14,469 [INFO] RtosManager:558 - Registered RTOS mode: class=CMSIS, group=RTOS2, mode=CMSIS_V2, owner=FREERTOS
2025-11-14 14:56:14,469 [INFO] RtosManager:558 - Registered RTOS mode: class=RTOS, group=Core, mode=CMSIS_V1, owner=FREERTOS
2025-11-14 14:56:14,469 [INFO] RtosManager:558 - Registered RTOS mode: class=RTOS, group=Core, mode=CMSIS_V2, owner=FREERTOS
2025-11-14 14:56:14,469 [WARN] ModelIntegratedComponent:184 - Missing modes for component STMicroelectronics:FreeRTOS:0.0.1:STMicroelectronics:RTOS:FreeRTOS:Core:::10.2.0:
2025-11-14 14:56:14,497 [WARN] ModelIntegratedComponent:63 - No mode defined for component null
2025-11-14 14:56:14,498 [WARN] ModelIntegratedComponent:63 - No mode defined for component null
2025-11-14 14:56:14,498 [WARN] ModelIntegratedComponent:63 - No mode defined for component null
2025-11-14 14:56:14,498 [WARN] ModelIntegratedComponent:63 - No mode defined for component null
2025-11-14 14:56:14,498 [WARN] ModelIntegratedComponent:63 - No mode defined for component null
2025-11-14 14:56:14,498 [WARN] ModelIntegratedComponent:63 - No mode defined for component null
2025-11-14 14:56:14,498 [WARN] ModelIntegratedComponent:63 - No mode defined for component null
2025-11-14 14:56:14,498 [WARN] ModelIntegratedComponent:63 - No mode defined for component null
2025-11-14 14:56:14,498 [WARN] ModelIntegratedComponent:63 - No mode defined for component null
2025-11-14 14:56:14,498 [WARN] ModelIntegratedComponent:63 - No mode defined for component null
2025-11-14 14:56:14,498 [WARN] ModelIntegratedComponent:63 - No mode defined for component null
2025-11-14 14:56:14,500 [WARN] ModelIntegratedComponent:63 - No mode defined for component null
2025-11-14 14:56:14,500 [WARN] ModelIntegratedComponent:63 - No mode defined for component null
2025-11-14 14:56:14,500 [WARN] ModelIntegratedComponent:63 - No mode defined for component null
2025-11-14 14:56:14,500 [WARN] ModelIntegratedComponent:63 - No mode defined for component null
2025-11-14 14:56:14,500 [WARN] ModelIntegratedComponent:63 - No mode defined for component null
2025-11-14 14:56:14,500 [WARN] ModelIntegratedComponent:63 - No mode defined for component null
2025-11-14 14:56:14,500 [WARN] ModelIntegratedComponent:63 - No mode defined for component null
2025-11-14 14:56:14,500 [WARN] ModelIntegratedComponent:63 - No mode defined for component null
2025-11-14 14:56:14,500 [WARN] ModelIntegratedComponent:63 - No mode defined for component null
2025-11-14 14:56:14,500 [WARN] ModelIntegratedComponent:63 - No mode defined for component null
2025-11-14 14:56:14,500 [WARN] ModelIntegratedComponent:63 - No mode defined for component null
2025-11-14 14:56:14,500 [WARN] ModelIntegratedComponent:63 - No mode defined for component null
2025-11-14 14:56:14,500 [WARN] ModelIntegratedComponent:63 - No mode defined for component null
2025-11-14 14:56:14,500 [WARN] ModelIntegratedComponent:63 - No mode defined for component null
2025-11-14 14:56:14,500 [WARN] ModelIntegratedComponent:63 - No mode defined for component null
2025-11-14 14:56:14,500 [WARN] ModelIntegratedComponent:63 - No mode defined for component null
2025-11-14 14:56:14,500 [WARN] ModelIntegratedComponent:63 - No mode defined for component null
2025-11-14 14:56:14,500 [WARN] ModelIntegratedComponent:63 - No mode defined for component null
2025-11-14 14:56:14,500 [WARN] ModelIntegratedComponent:63 - No mode defined for component null
2025-11-14 14:56:14,500 [WARN] ModelIntegratedComponent:63 - No mode defined for component null
2025-11-14 14:56:14,500 [WARN] ModelIntegratedComponent:63 - No mode defined for component null
2025-11-14 14:56:14,500 [WARN] ModelIntegratedComponent:63 - No mode defined for component null
2025-11-14 14:56:14,500 [WARN] ModelIntegratedComponent:63 - No mode defined for component null
2025-11-14 14:56:14,500 [WARN] ModelIntegratedComponent:63 - No mode defined for component null
2025-11-14 14:56:14,500 [WARN] ModelPack:524 - Component already loaded: STMicroelectronics:HAL Drivers:0.0.0:STMicroelectronics:Device:STMicro_Driver:XSPI:HAL::0.0.1:HAL_XSPI
2025-11-14 14:56:14,652 [INFO] ThirdPartyModel:298 - Start build external matchings
2025-11-14 14:56:15,246 [INFO] ThirdPartyModel:316 - End build external matchings
2025-11-14 14:56:16,029 [INFO] UtilMem:75 - End LoadConfig() Used Memory: 800054680 Bytes (1073741824)
2025-11-14 14:56:16,068 [WARN] ThirdParty:833 - waiting for thirdparty lock release [change project]
2025-11-14 14:56:16,068 [INFO] ThirdParty:835 - entering critical section [change project]
2025-11-14 14:56:16,068 [INFO] ThirdParty:1030 - CMSIS Pack Vendor :STMicroelectronics X-CUBE-PM33A1 1.0.0
2025-11-14 14:56:16,068 [INFO] ThirdParty:1030 - CMSIS Pack Vendor :STMicroelectronics USBPD 4.1
2025-11-14 14:56:16,068 [INFO] ThirdParty:1030 - CMSIS Pack Vendor :STMicroelectronics X-CUBE-NFC9 1.0.0
2025-11-14 14:56:16,069 [INFO] ThirdParty:1030 - CMSIS Pack Vendor :STMicroelectronics USB_HOST 2.0.0
2025-11-14 14:56:16,069 [INFO] ThirdParty:1030 - CMSIS Pack Vendor :STMicroelectronics X-CUBE-AZRTOS-F4 1.1.0
2025-11-14 14:56:16,069 [INFO] ThirdParty:1030 - CMSIS Pack Vendor :STMicroelectronics LIBJPEG 8.0.0
2025-11-14 14:56:16,069 [INFO] ThirdParty:1030 - CMSIS Pack Vendor :wolfSSL I-CUBE-wolfSSL 5.8.2
2025-11-14 14:56:16,069 [INFO] ThirdParty:1030 - CMSIS Pack Vendor :STMicroelectronics X-CUBE-SMBUS 2.1.0
2025-11-14 14:56:16,069 [INFO] ThirdParty:1030 - CMSIS Pack Vendor :wolfSSL I-CUBE-wolfMQTT 1.19.2
2025-11-14 14:56:16,069 [INFO] ThirdParty:1030 - CMSIS Pack Vendor :STMicroelectronics USB_DEVICE 3.0.0
2025-11-14 14:56:16,069 [INFO] ThirdParty:1030 - CMSIS Pack Vendor :STMicroelectronics X-CUBE-ISPU 2.1.0
2025-11-14 14:56:16,069 [INFO] ThirdParty:1030 - CMSIS Pack Vendor :STMicroelectronics X-CUBE-IPS 3.2.0
2025-11-14 14:56:16,069 [INFO] ThirdParty:1030 - CMSIS Pack Vendor :STMicroelectronics X-CUBE-AZRTOS-WB 2.0.0
2025-11-14 14:56:16,069 [INFO] ThirdParty:1030 - CMSIS Pack Vendor :STMicroelectronics X-CUBE-ST60 1.0.0
2025-11-14 14:56:16,069 [INFO] ThirdParty:1030 - CMSIS Pack Vendor :STMicroelectronics X-CUBE-GNSS1 7.0.1
2025-11-14 14:56:16,069 [INFO] ThirdParty:1030 - CMSIS Pack Vendor :STMicroelectronics X-CUBE-NFC12 1.0.0
2025-11-14 14:56:16,069 [INFO] ThirdParty:1030 - CMSIS Pack Vendor :STMicroelectronics X-CUBE-AZRTOS-F7 1.1.0
2025-11-14 14:56:16,069 [INFO] ThirdParty:1030 - CMSIS Pack Vendor :STMicroelectronics X-CUBE-AZRTOS-L5 2.0.0
2025-11-14 14:56:16,069 [INFO] ThirdParty:1030 - CMSIS Pack Vendor :STMicroelectronics X-CUBE-TOUCHGFX 4.25.0
2025-11-14 14:56:16,069 [INFO] ThirdParty:1030 - CMSIS Pack Vendor :STMicroelectronics USB_DEVICE 2.0.0
2025-11-14 14:56:16,069 [INFO] ThirdParty:1030 - CMSIS Pack Vendor :STMicroelectronics X-CUBE-NFC6 3.1.0
2025-11-14 14:56:16,069 [INFO] ThirdParty:1030 - CMSIS Pack Vendor :STMicroelectronics X-CUBE-ST67W61 1.1.0
2025-11-14 14:56:16,069 [INFO] ThirdParty:1030 - CMSIS Pack Vendor :Cesanta I-CUBE-Mongoose 7.19.0
2025-11-14 14:56:16,069 [INFO] ThirdParty:1030 - CMSIS Pack Vendor :quantropi X-CUBE-qispace-sdk-base 2.1.0
2025-11-14 14:56:16,069 [INFO] ThirdParty:1030 - CMSIS Pack Vendor :STMicroelectronics FP-SNS-MOTENV1 5.1.0
2025-11-14 14:56:16,069 [INFO] ThirdParty:1030 - CMSIS Pack Vendor :STMicroelectronics FreeRTOS 0.0.1
2025-11-14 14:56:16,069 [INFO] ThirdParty:1030 - CMSIS Pack Vendor :STMicroelectronics X-CUBE-AZRTOS-G0 1.1.0
2025-11-14 14:56:16,069 [INFO] ThirdParty:1030 - CMSIS Pack Vendor :STMicroelectronics X-CUBE-SAFEA1 1.2.2
2025-11-14 14:56:16,069 [INFO] ThirdParty:1030 - CMSIS Pack Vendor :STMicroelectronics X-CUBE-NFC4 3.0.0
2025-11-14 14:56:16,069 [INFO] ThirdParty:1030 - CMSIS Pack Vendor :STMicroelectronics X-CUBE-SUBG2 5.0.0
2025-11-14 14:56:16,069 [INFO] ThirdParty:1030 - CMSIS Pack Vendor :STMicroelectronics X-CUBE-AZRTOS-H7RS 1.1.0
2025-11-14 14:56:16,069 [INFO] ThirdParty:1030 - CMSIS Pack Vendor :STMicroelectronics STM32_WPAN 1.0.0
2025-11-14 14:56:16,070 [INFO] ThirdParty:1030 - CMSIS Pack Vendor :EmbeddedOffice I-CUBE-FS-RTOS 1.0.1
2025-11-14 14:56:16,070 [INFO] ThirdParty:1030 - CMSIS Pack Vendor :STMicroelectronics lwIP 2.0.3
2025-11-14 14:56:16,070 [INFO] ThirdParty:1030 - CMSIS Pack Vendor :WES I-CUBE-Cesium 1.4.0
2025-11-14 14:56:16,070 [INFO] ThirdParty:1030 - CMSIS Pack Vendor :STMicroelectronics USB_HOST 1.0.0
2025-11-14 14:56:16,070 [INFO] ThirdParty:1030 - CMSIS Pack Vendor :Infineon AIROC-Wi-Fi-Bluetooth-STM32 1.7.1
2025-11-14 14:56:16,070 [INFO] ThirdParty:1030 - CMSIS Pack Vendor :STMicroelectronics X-CUBE-AZRTOS-G4 2.0.0
2025-11-14 14:56:16,070 [INFO] ThirdParty:1030 - CMSIS Pack Vendor :STMicroelectronics X-CUBE-WB05N 2.0.0
2025-11-14 14:56:16,071 [INFO] ThirdParty:1030 - CMSIS Pack Vendor :STMicroelectronics PDM2PCM 3.1.0
2025-11-14 14:56:16,071 [INFO] ThirdParty:1030 - CMSIS Pack Vendor :STMicroelectronics PDM2PCM 3.3.0
2025-11-14 14:56:16,071 [INFO] ThirdParty:1030 - CMSIS Pack Vendor :wolfSSL I-CUBE-wolfTPM 3.8.0
2025-11-14 14:56:16,071 [INFO] ThirdParty:1030 - CMSIS Pack Vendor :STMicroelectronics X-CUBE-AZRTOS-H7 3.4.0
2025-11-14 14:56:16,071 [INFO] ThirdParty:1030 - CMSIS Pack Vendor :STMicroelectronics X-CUBE-DISPLAY 3.0.0
2025-11-14 14:56:16,071 [INFO] ThirdParty:1030 - CMSIS Pack Vendor :wolfSSL I-CUBE-wolfSSH 1.4.20
2025-11-14 14:56:16,071 [INFO] ThirdParty:1030 - CMSIS Pack Vendor :STMicroelectronics X-CUBE-NFC7 2.0.0
2025-11-14 14:56:16,071 [INFO] ThirdParty:1030 - CMSIS Pack Vendor :STMicroelectronics X-CUBE-TCPP 4.2.0
2025-11-14 14:56:16,071 [INFO] ThirdParty:1030 - CMSIS Pack Vendor :RealThread X-CUBE-RT-Thread_Nano 4.1.1
2025-11-14 14:56:16,071 [INFO] ThirdParty:1030 - CMSIS Pack Vendor :STMicroelectronics FP-ATR-SIGFOX1 3.2.0
2025-11-14 14:56:16,071 [INFO] ThirdParty:1030 - CMSIS Pack Vendor :STMicroelectronics X-CUBE-NFC10 1.0.0
2025-11-14 14:56:16,071 [INFO] ThirdParty:1030 - CMSIS Pack Vendor :STMicroelectronics HAL Drivers 0.0.0
2025-11-14 14:56:16,072 [INFO] ThirdParty:1030 - CMSIS Pack Vendor :STMicroelectronics MBEDTLS 2.16.2
2025-11-14 14:56:16,072 [INFO] ThirdParty:1030 - CMSIS Pack Vendor :STMicroelectronics X-CUBE-ST60 1.1.0
2025-11-14 14:56:16,072 [INFO] ThirdParty:1030 - CMSIS Pack Vendor :STMicroelectronics X-CUBE-IPS 3.1.0
2025-11-14 14:56:16,072 [INFO] ThirdParty:1030 - CMSIS Pack Vendor :emotas I-CUBE-CANOPEN 1.3.0
2025-11-14 14:56:16,072 [INFO] ThirdParty:1030 - CMSIS Pack Vendor :STMicroelectronics MBEDTLS 2.14.1
2025-11-14 14:56:16,072 [INFO] ThirdParty:1030 - CMSIS Pack Vendor :STMicroelectronics X-CUBE-GNSS1 7.1.0
2025-11-14 14:56:16,072 [INFO] ThirdParty:1030 - CMSIS Pack Vendor :ITTIA_DB I-CUBE-ITTIADB 8.9.0
2025-11-14 14:56:16,072 [INFO] ThirdParty:1030 - CMSIS Pack Vendor :STMicroelectronics X-CUBE-TOUCHGFX 4.26.0
2025-11-14 14:56:16,072 [INFO] ThirdParty:1030 - CMSIS Pack Vendor :STMicroelectronics X-CUBE-STSE01 1.0.0
2025-11-14 14:56:16,072 [INFO] ThirdParty:1030 - CMSIS Pack Vendor :STMicroelectronics X-CUBE-ST67W61 1.0.0
2025-11-14 14:56:16,072 [INFO] ThirdParty:1030 - CMSIS Pack Vendor :STMicroelectronics ThreadX 1.0.0
2025-11-14 14:56:16,072 [INFO] ThirdParty:1030 - CMSIS Pack Vendor :STMicroelectronics FP-SNS-SMARTAG2 1.2.0
2025-11-14 14:56:16,072 [INFO] ThirdParty:1030 - CMSIS Pack Vendor :STMicroelectronics X-CUBE-AZRTOS-WL 2.0.0
2025-11-14 14:56:16,072 [INFO] ThirdParty:1030 - CMSIS Pack Vendor :SEGGER I-CUBE-embOS 1.3.1
2025-11-14 14:56:16,072 [INFO] ThirdParty:1030 - CMSIS Pack Vendor :STMicroelectronics X-CUBE-ALGOBUILD 1.4.0
2025-11-14 14:56:16,072 [INFO] ThirdParty:1030 - CMSIS Pack Vendor :STMicroelectronics X-CUBE-MEMS1 11.3.0
2025-11-14 14:56:16,073 [INFO] ThirdParty:1030 - CMSIS Pack Vendor :STMicroelectronics FP-SNS-MOTENV1 5.0.0
2025-11-14 14:56:16,073 [INFO] ThirdParty:1030 - CMSIS Pack Vendor :STMicroelectronics USB_DEVICE 1.0.0
2025-11-14 14:56:16,073 [INFO] ThirdParty:1030 - CMSIS Pack Vendor :STMicroelectronics X-CUBE-AZRTOS-L4 2.0.0
2025-11-14 14:56:16,074 [INFO] ThirdParty:1030 - CMSIS Pack Vendor :STMicroelectronics ThreadX 0.0.2
2025-11-14 14:56:16,074 [INFO] ThirdParty:1030 - CMSIS Pack Vendor :STMicroelectronics lwIP 2.1.2
2025-11-14 14:56:16,074 [INFO] ThirdParty:1030 - CMSIS Pack Vendor :STMicroelectronics X-CUBE-SFXS2LP1 4.0.0
2025-11-14 14:56:16,075 [INFO] ThirdParty:1030 - CMSIS Pack Vendor :STMicroelectronics X-CUBE-BLE2 3.3.0
2025-11-14 14:56:16,075 [INFO] ThirdParty:1030 - CMSIS Pack Vendor :Avnet-IOTCONNECT X-CUBE-iotc-st67-sdk 1.0.0
2025-11-14 14:56:16,075 [INFO] ThirdParty:1030 - CMSIS Pack Vendor :STMicroelectronics X-CUBE-TOF1 3.4.3
2025-11-14 14:56:16,075 [INFO] ThirdParty:1030 - CMSIS Pack Vendor :STMicroelectronics PDM2PCM 3.2.0
2025-11-14 14:56:16,076 [INFO] ThirdParty:841 - exiting critical section [change project]
2025-11-14 14:56:16,840 [INFO] PinOutPanel:1589 - setPackage(No Configuration,No Configuration)
2025-11-14 14:56:16,843 [INFO] PinOutPanel:1589 - setPackage(STM32F767ZITx,LQFP144)
2025-11-14 14:56:18,018 [INFO] UtilMem:75 - Before build in PCC Used Memory: 687341568 Bytes (1073741824)
2025-11-14 14:56:19,367 [INFO] UtilMem:75 - After build in PCC Used Memory: 755499008 Bytes (1073741824)
2025-11-14 14:56:19,427 [INFO] IPUIPlugin:80 - create IPUIPlugin
2025-11-14 14:56:19,427 [INFO] IPUIPlugin:80 - create IPUIPlugin
2025-11-14 14:56:19,428 [INFO] IPUIPlugin:80 - create IPUIPlugin
2025-11-14 14:56:19,428 [INFO] IPUIPlugin:80 - create IPUIPlugin
2025-11-14 14:56:19,428 [INFO] IPUIPlugin:80 - create IPUIPlugin
2025-11-14 14:56:19,428 [INFO] IPUIPlugin:80 - create IPUIPlugin
2025-11-14 14:56:19,428 [INFO] IPUIPlugin:80 - create IPUIPlugin
2025-11-14 14:56:19,428 [INFO] IPUIPlugin:80 - create IPUIPlugin
2025-11-14 14:56:19,428 [INFO] IPUIPlugin:80 - create IPUIPlugin
2025-11-14 14:56:19,428 [INFO] IPUIPlugin:80 - create IPUIPlugin
2025-11-14 14:56:19,428 [INFO] IPUIPlugin:80 - create IPUIPlugin
2025-11-14 14:56:19,428 [INFO] IPUIPlugin:80 - create IPUIPlugin
2025-11-14 14:56:19,429 [INFO] IPUIPlugin:80 - create IPUIPlugin
2025-11-14 14:56:19,429 [INFO] IPUIPlugin:80 - create IPUIPlugin
2025-11-14 14:56:19,429 [INFO] IPUIPlugin:80 - create IPUIPlugin
2025-11-14 14:56:19,429 [INFO] IPUIPlugin:80 - create IPUIPlugin
2025-11-14 14:56:19,429 [INFO] IPUIPlugin:80 - create IPUIPlugin
2025-11-14 14:56:19,429 [INFO] IPUIPlugin:80 - create IPUIPlugin
2025-11-14 14:56:19,430 [INFO] IPUIPlugin:80 - create IPUIPlugin
2025-11-14 14:56:19,430 [INFO] IPUIPlugin:80 - create IPUIPlugin
2025-11-14 14:56:19,430 [INFO] IPUIPlugin:80 - create IPUIPlugin
2025-11-14 14:56:19,430 [INFO] IPUIPlugin:80 - create IPUIPlugin
2025-11-14 14:56:19,431 [INFO] IPUIPlugin:80 - create IPUIPlugin
2025-11-14 14:56:19,431 [INFO] IPUIPlugin:80 - create IPUIPlugin
2025-11-14 14:56:19,431 [INFO] IPUIPlugin:80 - create IPUIPlugin
2025-11-14 14:56:19,431 [INFO] IPUIPlugin:80 - create IPUIPlugin
2025-11-14 14:56:19,432 [INFO] IPUIPlugin:80 - create IPUIPlugin
2025-11-14 14:56:19,432 [INFO] IPUIPlugin:80 - create IPUIPlugin
2025-11-14 14:56:19,432 [INFO] IPUIPlugin:80 - create IPUIPlugin
2025-11-14 14:56:19,432 [INFO] IPUIPlugin:80 - create IPUIPlugin
2025-11-14 14:56:19,432 [INFO] IPUIPlugin:80 - create IPUIPlugin
2025-11-14 14:56:19,432 [INFO] IPUIPlugin:80 - create IPUIPlugin
2025-11-14 14:56:19,433 [INFO] IPUIPlugin:80 - create IPUIPlugin
2025-11-14 14:56:19,433 [INFO] IPUIPlugin:80 - create IPUIPlugin
2025-11-14 14:56:19,433 [INFO] IPUIPlugin:80 - create IPUIPlugin
2025-11-14 14:56:19,434 [INFO] IPUIPlugin:80 - create IPUIPlugin
2025-11-14 14:56:19,434 [INFO] IPUIPlugin:80 - create IPUIPlugin
2025-11-14 14:56:19,434 [INFO] IPUIPlugin:80 - create IPUIPlugin
2025-11-14 14:56:19,434 [INFO] IPUIPlugin:80 - create IPUIPlugin
2025-11-14 14:56:19,435 [INFO] IPUIPlugin:80 - create IPUIPlugin
2025-11-14 14:56:19,435 [INFO] IPUIPlugin:80 - create IPUIPlugin
2025-11-14 14:56:19,435 [INFO] IPUIPlugin:80 - create IPUIPlugin
2025-11-14 14:56:19,435 [INFO] IPUIPlugin:80 - create IPUIPlugin
2025-11-14 14:56:19,435 [INFO] IPUIPlugin:80 - create IPUIPlugin
2025-11-14 14:56:19,436 [INFO] IPUIPlugin:80 - create IPUIPlugin
2025-11-14 14:56:19,436 [INFO] IPUIPlugin:80 - create IPUIPlugin
2025-11-14 14:56:19,436 [INFO] IPUIPlugin:80 - create IPUIPlugin
2025-11-14 14:56:19,436 [INFO] IPUIPlugin:80 - create IPUIPlugin
2025-11-14 14:56:19,436 [INFO] IPUIPlugin:80 - create IPUIPlugin
2025-11-14 14:56:19,436 [INFO] IPUIPlugin:80 - create IPUIPlugin
2025-11-14 14:56:19,437 [INFO] IPUIPlugin:80 - create IPUIPlugin
2025-11-14 14:56:19,437 [INFO] IPUIPlugin:80 - create IPUIPlugin
2025-11-14 14:56:19,437 [INFO] IPUIPlugin:80 - create IPUIPlugin
2025-11-14 14:56:19,437 [INFO] IPUIPlugin:80 - create IPUIPlugin
2025-11-14 14:56:19,437 [INFO] IPUIPlugin:80 - create IPUIPlugin
2025-11-14 14:56:19,438 [INFO] IPUIPlugin:80 - create IPUIPlugin
2025-11-14 14:56:19,438 [INFO] IPUIPlugin:80 - create IPUIPlugin
2025-11-14 14:56:19,438 [INFO] IPUIPlugin:80 - create IPUIPlugin
2025-11-14 14:56:19,438 [INFO] IPUIPlugin:80 - create IPUIPlugin
2025-11-14 14:56:19,438 [INFO] IPUIPlugin:80 - create IPUIPlugin
2025-11-14 14:56:19,439 [INFO] IPUIPlugin:80 - create IPUIPlugin
2025-11-14 14:56:19,439 [INFO] IPUIPlugin:80 - create IPUIPlugin
2025-11-14 14:56:19,439 [INFO] IPUIPlugin:80 - create IPUIPlugin
2025-11-14 14:56:19,439 [INFO] IPUIPlugin:80 - create IPUIPlugin
2025-11-14 14:56:19,440 [INFO] IPUIPlugin:80 - create IPUIPlugin
2025-11-14 14:56:19,440 [INFO] IPUIPlugin:80 - create IPUIPlugin
2025-11-14 14:56:19,440 [INFO] IPUIPlugin:80 - create IPUIPlugin
2025-11-14 14:56:19,441 [INFO] IPUIPlugin:80 - create IPUIPlugin
2025-11-14 14:56:19,442 [INFO] IPUIPlugin:80 - create IPUIPlugin
2025-11-14 14:56:19,442 [INFO] IPUIPlugin:80 - create IPUIPlugin
2025-11-14 14:56:19,442 [INFO] IPUIPlugin:80 - create IPUIPlugin
2025-11-14 14:56:19,443 [INFO] IPUIPlugin:80 - create IPUIPlugin
2025-11-14 14:56:19,443 [INFO] IPUIPlugin:80 - create IPUIPlugin
2025-11-14 14:56:19,443 [INFO] IPUIPlugin:80 - create IPUIPlugin
2025-11-14 14:56:19,444 [INFO] IPUIPlugin:80 - create IPUIPlugin
2025-11-14 14:56:19,444 [INFO] IPUIPlugin:80 - create IPUIPlugin
2025-11-14 14:56:19,444 [INFO] IPUIPlugin:80 - create IPUIPlugin
2025-11-14 14:56:19,445 [INFO] IPUIPlugin:80 - create IPUIPlugin
2025-11-14 14:56:19,445 [INFO] IPUIPlugin:80 - create IPUIPlugin
2025-11-14 14:56:19,745 [INFO] ApiDbMcu:532 - Load IP Config File for PDM2PCM
2025-11-14 14:56:19,967 [INFO] CADModel:165 - CPN selected for project levelSTM32F767ZIT6
2025-11-14 14:56:19,968 [INFO] CADModel:114 - Register for checkConnection events
2025-11-14 14:56:20,021 [INFO] OpenFileManager:386 - Restore cursor
2025-11-14 14:56:21,322 [INFO] UtilMem:75 - End SaveConfig() Used Memory: 969408512 Bytes (1073741824)
2025-11-14 14:56:21,441 [INFO] UtilMem:75 - End SaveConfig() Used Memory: 1000746224 Bytes (1073741824)
2025-11-14 14:56:22,244 [INFO] BlockDiagram:2775 - set Specific Code input for plugin: RCC
2025-11-14 14:56:22,244 [INFO] BlockDiagram:2775 - set Specific Code input for plugin: NVIC
2025-11-14 14:56:22,244 [INFO] BlockDiagram:2775 - set Specific Code input for plugin: CORTEX_M7
2025-11-14 14:56:22,247 [INFO] CodeGenerator:892 - code generatio: config db path: C:\ST\STM32CubeIDE_1.14.1\STM32CubeIDE\plugins\com.st.stm32cube.common.mx_6.15.0.202507011659\\db\
2025-11-14 14:56:22,462 [INFO] CodeEngine:265 - oldGeneratedFile, C:\Users\chris\STM32CubeIDE\workspace_1.14.1\ugv_controls_mcu\MXTmpFiles\license.tmp_save
2025-11-14 14:56:23,042 [INFO] CodeEngine:289 - Generated code: C:\Users\chris\STM32CubeIDE\workspace_1.14.1\ugv_controls_mcu\MXTmpFiles\license.tmp
2025-11-14 14:56:23,236 [INFO] CodeEngine:265 - oldGeneratedFile, C:\Users\chris\STM32CubeIDE\workspace_1.14.1\ugv_controls_mcu\MXTmpFiles\cortex.tmp_save
2025-11-14 14:56:23,439 [INFO] CodeEngine:289 - Generated code: C:\Users\chris\STM32CubeIDE\workspace_1.14.1\ugv_controls_mcu\MXTmpFiles\cortex.tmp
2025-11-14 14:56:23,459 [INFO] CodeEngine:265 - oldGeneratedFile, C:\Users\chris\STM32CubeIDE\workspace_1.14.1\ugv_controls_mcu\Core\Src\stm32f7xx_it.c_save
2025-11-14 14:56:23,660 [INFO] CodeEngine:289 - Generated code: C:\Users\chris\STM32CubeIDE\workspace_1.14.1\ugv_controls_mcu\Core\Src\stm32f7xx_it.c
2025-11-14 14:56:23,668 [INFO] CodeEngine:265 - oldGeneratedFile, C:\Users\chris\STM32CubeIDE\workspace_1.14.1\ugv_controls_mcu\Core\Inc\stm32f7xx_it.h_save
2025-11-14 14:56:23,760 [INFO] CodeEngine:289 - Generated code: C:\Users\chris\STM32CubeIDE\workspace_1.14.1\ugv_controls_mcu\Core\Inc\stm32f7xx_it.h
2025-11-14 14:56:23,826 [INFO] CodeEngine:265 - oldGeneratedFile, C:\Users\chris\STM32CubeIDE\workspace_1.14.1\ugv_controls_mcu\Core\Src\stm32f7xx_hal_msp.c_save
2025-11-14 14:56:23,974 [INFO] CodeEngine:289 - Generated code: C:\Users\chris\STM32CubeIDE\workspace_1.14.1\ugv_controls_mcu\Core\Src\stm32f7xx_hal_msp.c
2025-11-14 14:56:23,981 [INFO] CodeEngine:265 - oldGeneratedFile, C:\Users\chris\STM32CubeIDE\workspace_1.14.1\ugv_controls_mcu\MXTmpFiles\system.tmp_save
2025-11-14 14:56:24,074 [INFO] CodeEngine:289 - Generated code: C:\Users\chris\STM32CubeIDE\workspace_1.14.1\ugv_controls_mcu\MXTmpFiles\system.tmp
2025-11-14 14:56:24,090 [INFO] CodeEngine:321 - oldGeneratedFile, C:\Users\chris\STM32CubeIDE\workspace_1.14.1\ugv_controls_mcu\Core\Inc\stm32f7xx_hal_conf.h_save
2025-11-14 14:56:24,199 [INFO] CodeEngine:345 - Generated code: C:\Users\chris\STM32CubeIDE\workspace_1.14.1\ugv_controls_mcu\Core\Inc\stm32f7xx_hal_conf.h
2025-11-14 14:56:24,270 [INFO] ApiDbMcu:532 - Load IP Config File for RCC
2025-11-14 14:56:24,285 [INFO] CodeEngine:265 - oldGeneratedFile, C:\Users\chris\STM32CubeIDE\workspace_1.14.1\ugv_controls_mcu\Core\Inc\main.h_save
2025-11-14 14:56:24,418 [INFO] CodeEngine:289 - Generated code: C:\Users\chris\STM32CubeIDE\workspace_1.14.1\ugv_controls_mcu\Core\Inc\main.h
2025-11-14 14:56:24,424 [INFO] CodeEngine:265 - oldGeneratedFile, C:\Users\chris\STM32CubeIDE\workspace_1.14.1\ugv_controls_mcu\Core\Src\main.c_save
2025-11-14 14:56:24,598 [INFO] CodeEngine:289 - Generated code: C:\Users\chris\STM32CubeIDE\workspace_1.14.1\ugv_controls_mcu\Core\Src\main.c
2025-11-14 14:56:24,972 [INFO] ProjectBuilder:3606 - Time for Copy HAL[1] : 165mS.
2025-11-14 14:56:24,984 [INFO] ProjectBuilder:5216 - Project Generator version: 4.7.0-B52
2025-11-14 14:56:25,095 [INFO] ConfigFileManager:1595 - The Die is : DIE451
2025-11-14 14:56:25,127 [INFO] ApiDbMcu:532 - Load IP Config File for FATFS
2025-11-14 14:56:25,136 [INFO] ApiDbMcu:532 - Load IP Config File for FREERTOS
2025-11-14 14:56:25,141 [INFO] ApiDbMcu:532 - Load IP Config File for LIBJPEG
2025-11-14 14:56:25,146 [INFO] ApiDbMcu:532 - Load IP Config File for LWIP
2025-11-14 14:56:25,154 [INFO] ApiDbMcu:532 - Load IP Config File for MBEDTLS
2025-11-14 14:56:25,162 [INFO] ApiDbMcu:532 - Load IP Config File for USB_DEVICE
2025-11-14 14:56:25,168 [INFO] ApiDbMcu:532 - Load IP Config File for USB_HOST
2025-11-14 14:56:26,015 [INFO] LogOutputStream:77 - [STDOUT_REDIRECT] 
2025-11-14 14:56:29,679 [INFO] ProjectBuilder:5496 - Time for Generating toolchain IDE Files: 4695mS.
2025-11-14 14:56:29,680 [INFO] ProjectBuilder:3463 - Time for Copy CMSIS : 1mS.
2025-11-14 14:56:29,683 [INFO] ProjectBuilder:3463 - Time for Copy CMSIS : 0mS.
2025-11-14 14:56:30,509 [INFO] McuFinderGlobals:76 - Set McuFinderConnectedMode to true
2025-11-14 14:56:30,513 [INFO] ApiDb:448 - Save user favorites file C:\Users\chris/.stm32cubeide/favorites.mcus.txt: 0 item(s)
2025-11-14 14:56:30,513 [INFO] ApiDb:452 - User favorites MCUs=[]
2025-11-14 14:58:58,541 [INFO] UtilMem:75 - End SaveConfig() Used Memory: 731693768 Bytes (1073741824)
2025-11-14 14:58:58,772 [INFO] UtilMem:75 - End SaveConfig() Used Memory: 785719608 Bytes (1073741824)
2025-11-14 14:59:00,361 [INFO] UtilMem:75 - End SaveConfig() Used Memory: 898417280 Bytes (1073741824)
2025-11-14 14:59:00,817 [INFO] BlockDiagram:2775 - set Specific Code input for plugin: SYS
2025-11-14 14:59:00,817 [INFO] BlockDiagram:2775 - set Specific Code input for plugin: RCC
2025-11-14 14:59:00,817 [INFO] BlockDiagram:2775 - set Specific Code input for plugin: NVIC
2025-11-14 14:59:00,818 [INFO] BlockDiagram:2775 - set Specific Code input for plugin: CORTEX_M7
2025-11-14 14:59:00,821 [INFO] CodeGenerator:892 - code generatio: config db path: C:\ST\STM32CubeIDE_1.14.1\STM32CubeIDE\plugins\com.st.stm32cube.common.mx_6.15.0.202507011659\\db\
2025-11-14 14:59:00,931 [INFO] CodeEngine:265 - oldGeneratedFile, C:\Users\chris\STM32CubeIDE\workspace_1.14.1\ugv_controls_mcu\MXTmpFiles\license.tmp_save
2025-11-14 14:59:01,161 [INFO] CodeEngine:289 - Generated code: C:\Users\chris\STM32CubeIDE\workspace_1.14.1\ugv_controls_mcu\MXTmpFiles\license.tmp
2025-11-14 14:59:01,197 [INFO] CodeEngine:265 - oldGeneratedFile, C:\Users\chris\STM32CubeIDE\workspace_1.14.1\ugv_controls_mcu\MXTmpFiles\cortex.tmp_save
2025-11-14 14:59:01,320 [INFO] CodeEngine:289 - Generated code: C:\Users\chris\STM32CubeIDE\workspace_1.14.1\ugv_controls_mcu\MXTmpFiles\cortex.tmp
2025-11-14 14:59:01,341 [INFO] CodeEngine:265 - oldGeneratedFile, C:\Users\chris\STM32CubeIDE\workspace_1.14.1\ugv_controls_mcu\Core\Src\stm32f7xx_it.c_save
2025-11-14 14:59:01,457 [INFO] CodeEngine:289 - Generated code: C:\Users\chris\STM32CubeIDE\workspace_1.14.1\ugv_controls_mcu\Core\Src\stm32f7xx_it.c
2025-11-14 14:59:01,464 [INFO] CodeEngine:265 - oldGeneratedFile, C:\Users\chris\STM32CubeIDE\workspace_1.14.1\ugv_controls_mcu\Core\Inc\stm32f7xx_it.h_save
2025-11-14 14:59:01,550 [INFO] CodeEngine:289 - Generated code: C:\Users\chris\STM32CubeIDE\workspace_1.14.1\ugv_controls_mcu\Core\Inc\stm32f7xx_it.h
2025-11-14 14:59:01,570 [INFO] CodeEngine:265 - oldGeneratedFile, C:\Users\chris\STM32CubeIDE\workspace_1.14.1\ugv_controls_mcu\Core\Src\stm32f7xx_hal_msp.c_save
2025-11-14 14:59:01,712 [INFO] CodeEngine:289 - Generated code: C:\Users\chris\STM32CubeIDE\workspace_1.14.1\ugv_controls_mcu\Core\Src\stm32f7xx_hal_msp.c
2025-11-14 14:59:01,721 [INFO] CodeEngine:265 - oldGeneratedFile, C:\Users\chris\STM32CubeIDE\workspace_1.14.1\ugv_controls_mcu\MXTmpFiles\system.tmp_save
2025-11-14 14:59:01,794 [INFO] CodeEngine:289 - Generated code: C:\Users\chris\STM32CubeIDE\workspace_1.14.1\ugv_controls_mcu\MXTmpFiles\system.tmp
2025-11-14 14:59:01,809 [INFO] CodeEngine:321 - oldGeneratedFile, C:\Users\chris\STM32CubeIDE\workspace_1.14.1\ugv_controls_mcu\Core\Inc\stm32f7xx_hal_conf.h_save
2025-11-14 14:59:01,902 [INFO] CodeEngine:345 - Generated code: C:\Users\chris\STM32CubeIDE\workspace_1.14.1\ugv_controls_mcu\Core\Inc\stm32f7xx_hal_conf.h
2025-11-14 14:59:01,944 [INFO] CodeEngine:265 - oldGeneratedFile, C:\Users\chris\STM32CubeIDE\workspace_1.14.1\ugv_controls_mcu\Core\Inc\main.h_save
2025-11-14 14:59:02,055 [INFO] CodeEngine:289 - Generated code: C:\Users\chris\STM32CubeIDE\workspace_1.14.1\ugv_controls_mcu\Core\Inc\main.h
2025-11-14 14:59:02,064 [INFO] CodeEngine:265 - oldGeneratedFile, C:\Users\chris\STM32CubeIDE\workspace_1.14.1\ugv_controls_mcu\Core\Src\main.c_save
2025-11-14 14:59:02,188 [INFO] CodeEngine:289 - Generated code: C:\Users\chris\STM32CubeIDE\workspace_1.14.1\ugv_controls_mcu\Core\Src\main.c
2025-11-14 14:59:02,469 [INFO] ProjectBuilder:3606 - Time for Copy HAL[1] : 137mS.
2025-11-14 14:59:02,476 [INFO] ProjectBuilder:5216 - Project Generator version: 4.7.0-B52
2025-11-14 14:59:02,553 [INFO] ConfigFileManager:1595 - The Die is : DIE451
2025-11-14 14:59:03,853 [INFO] ProjectBuilder:5496 - Time for Generating toolchain IDE Files: 1376mS.
2025-11-14 14:59:03,854 [INFO] ProjectBuilder:3463 - Time for Copy CMSIS : 1mS.
2025-11-14 14:59:03,858 [INFO] ProjectBuilder:3463 - Time for Copy CMSIS : 0mS.
2025-11-14 14:59:04,600 [INFO] MainUpdater:2872 - connection check result : 10
2025-11-14 14:59:04,601 [INFO] MainUpdater:2872 - connection check result : 10
2025-11-14 14:59:04,635 [INFO] MicroXplorer:468 - Change Database Path : 
2025-11-14 14:59:04,635 [INFO] MicroXplorer:498 - Change Database Version : DB.6.0.150
2025-11-14 14:59:04,735 [ERROR] ProjectManagerView:395 - 
java.lang.NullPointerException: Cannot invoke "javax.swing.JTextField.getText()" because the return value of "java.util.List.get(int)" is null
	at com.st.microxplorer.plugins.projectmanager.gui.ProjectChoiceTab$9.caretUpdate(ProjectChoiceTab.java:2706) ~[filemanager.jar:?]
	at javax.swing.text.JTextComponent.fireCaretUpdate(JTextComponent.java:408) ~[?:?]
	at javax.swing.text.JTextComponent$MutableCaretEvent.fire(JTextComponent.java:4484) ~[?:?]
	at javax.swing.text.JTextComponent$MutableCaretEvent.stateChanged(JTextComponent.java:4506) ~[?:?]
	at javax.swing.text.DefaultCaret.fireStateChanged(DefaultCaret.java:857) ~[?:?]
	at javax.swing.text.DefaultCaret.changeCaretPosition(DefaultCaret.java:1343) ~[?:?]
	at javax.swing.text.DefaultCaret.handleSetDot(DefaultCaret.java:1242) ~[?:?]
	at javax.swing.text.DefaultCaret.setDot(DefaultCaret.java:1223) ~[?:?]
	at javax.swing.text.DefaultCaret$Handler.insertUpdate(DefaultCaret.java:1819) ~[?:?]
	at javax.swing.text.AbstractDocument.fireInsertUpdate(AbstractDocument.java:227) ~[?:?]
	at javax.swing.text.AbstractDocument.handleInsertString(AbstractDocument.java:781) ~[?:?]
	at javax.swing.text.AbstractDocument.insertString(AbstractDocument.java:740) ~[?:?]
	at javax.swing.text.PlainDocument.insertString(PlainDocument.java:131) ~[?:?]
	at javax.swing.text.AbstractDocument.replace(AbstractDocument.java:699) ~[?:?]
	at javax.swing.text.JTextComponent.setText(JTextComponent.java:1725) ~[?:?]
	at com.st.microxplorer.plugins.projectmanager.gui.ProjectChoiceTab.createHeapStackFields(ProjectChoiceTab.java:993) ~[filemanager.jar:?]
	at com.st.microxplorer.plugins.projectmanager.gui.ProjectChoiceTab.buildLinkSettingsPanel(ProjectChoiceTab.java:3813) ~[filemanager.jar:?]
	at com.st.microxplorer.plugins.projectmanager.gui.ProjectChoiceTab.defineWindowsFields(ProjectChoiceTab.java:1987) ~[filemanager.jar:?]
	at com.st.microxplorer.plugins.projectmanager.gui.ProjectChoiceTab.updateSettings(ProjectChoiceTab.java:558) ~[filemanager.jar:?]
	at com.st.microxplorer.plugins.projectmanager.gui.ProjectSettingsPanel.UpdateDialog(ProjectSettingsPanel.java:247) ~[filemanager.jar:?]
	at com.st.microxplorer.plugins.projectmanager.ProjectManagerView.propertyChange(ProjectManagerView.java:392) ~[filemanager.jar:?]
	at java.beans.PropertyChangeSupport.fire(PropertyChangeSupport.java:343) ~[?:?]
	at java.beans.PropertyChangeSupport.firePropertyChange(PropertyChangeSupport.java:335) ~[?:?]
	at java.beans.PropertyChangeSupport.firePropertyChange(PropertyChangeSupport.java:268) ~[?:?]
	at com.st.microxplorer.util.MXPropertyChangeSupport.firePropertyChange(MXPropertyChangeSupport.java:54) ~[STM32CubeMX.jar:?]
	at com.st.microxplorer.mxsystem.MxSystem.closeConfig(MxSystem.java:899) ~[STM32CubeMX.jar:?]
	at com.st.microxplorer.maingui.MainPanel.closeConfig(MainPanel.java:792) ~[STM32CubeMX.jar:?]
	at com.st.microxplorer.plugins.filemanager.engine.OpenFileManager.loadConfigurationFile(OpenFileManager.java:288) ~[filemanager.jar:?]
	at com.st.microxplorer.plugins.filemanager.engine.MainFileManager.userLoadConfig(MainFileManager.java:364) ~[filemanager.jar:?]
	at com.st.microxplorer.plugins.filemanager.engine.MainFileManager.userLoadConfig(MainFileManager.java:342) ~[filemanager.jar:?]
	at com.st.microxplorer.plugins.filemanager.FileManagerView.getSpecificTask(FileManagerView.java:264) ~[filemanager.jar:?]
	at com.st.stm32cube.common.mx.editor.CubeMxEditor.getMxTabbedPaneInstance(CubeMxEditor.java:1198) ~[com.st.stm32cube.common.mx_6.15.0.202507011659/:?]
	at com.st.stm32cube.common.mx.editor.CubeMxEditor$12$1.createSwingComponent(CubeMxEditor.java:1068) ~[com.st.stm32cube.common.mx_6.15.0.202507011659/:?]
	at com.st.stm32cube.common.mx.oss.core.awtswtbridge.EmbeddedSwingComposite.doComponentCreation(EmbeddedSwingComposite.java:492) ~[com.st.stm32cube.common.mx.oss_6.15.0.202507011659/:?]
	at com.st.stm32cube.common.mx.oss.core.awtswtbridge.EmbeddedSwingComposite$4.run(EmbeddedSwingComposite.java:291) ~[com.st.stm32cube.common.mx.oss_6.15.0.202507011659/:?]
	at com.st.stm32cube.common.mx.oss.core.awtswtbridge.AwtEnvironment$2.run(AwtEnvironment.java:166) ~[com.st.stm32cube.common.mx.oss_6.15.0.202507011659/:?]
	at java.awt.event.InvocationEvent.dispatch(InvocationEvent.java:318) ~[?:?]
	at java.awt.EventQueue.dispatchEventImpl(EventQueue.java:773) ~[?:?]
	at java.awt.EventQueue$4.run(EventQueue.java:720) ~[?:?]
	at java.awt.EventQueue$4.run(EventQueue.java:714) ~[?:?]
	at java.security.AccessController.doPrivileged(AccessController.java:400) ~[?:?]
	at java.security.ProtectionDomain$JavaSecurityAccessImpl.doIntersectionPrivilege(ProtectionDomain.java:87) ~[?:?]
	at java.awt.EventQueue.dispatchEvent(EventQueue.java:742) ~[?:?]
	at java.awt.EventDispatchThread.pumpOneEventForFilters(EventDispatchThread.java:203) ~[?:?]
	at java.awt.EventDispatchThread.pumpEventsForFilter(EventDispatchThread.java:124) ~[?:?]
	at java.awt.EventDispatchThread.pumpEventsForHierarchy(EventDispatchThread.java:113) ~[?:?]
	at java.awt.EventDispatchThread.pumpEvents(EventDispatchThread.java:109) ~[?:?]
	at java.awt.EventDispatchThread.pumpEvents(EventDispatchThread.java:101) ~[?:?]
	at java.awt.EventDispatchThread.run(EventDispatchThread.java:90) ~[?:?]
2025-11-14 14:59:04,803 [WARN] ThirdParty:871 - waiting for thirdparty lock release [close project]
2025-11-14 14:59:04,803 [INFO] ThirdParty:873 - entering critical section [close project]
2025-11-14 14:59:04,804 [INFO] ThirdParty:883 - exiting critical section [close project]
2025-11-14 14:59:04,817 [INFO] PinOutPanel:1589 - setPackage(No Configuration,No Configuration)
2025-11-14 14:59:04,876 [WARN] IpParametersView:155 - Warning: This peripheral hasn't parameters
2025-11-14 14:59:04,893 [WARN] MainPanel:289 - <html><b><center>Warning: This peripheral has no parameters to be configured<br></b></html>
2025-11-14 14:59:04,913 [INFO] UtilMem:75 - Begin LoadConfig() Used Memory: 608707680 Bytes (1073741824)
2025-11-14 14:59:04,914 [INFO] MicroXplorer:468 - Change Database Path : 
2025-11-14 14:59:04,914 [INFO] MicroXplorer:498 - Change Database Version : DB.6.0.150
2025-11-14 14:59:04,915 [INFO] OpenFileManager:355 - Change cursor
2025-11-14 14:59:04,948 [INFO] RulesReader:64 - Compatibility file has been processed (317 Rules)
2025-11-14 14:59:04,957 [INFO] Mcu:2029 - Initializing MCU STM32F767ZITx STM32F767ZITx STM32F767ZIT6
2025-11-14 14:59:07,831 [INFO] Context:786 - Trying to add GPIOservice into a context  which must be forbidden
2025-11-14 14:59:08,624 [INFO] ImportTextPane:234 - (OptionalMessage_ERROR) Pin32 (VP_RIF_VS_RIF1) cannot be retrieved for this MCU
2025-11-14 14:59:08,718 [INFO] RtosManager:558 - Registered RTOS mode: class=CMSIS, group=RTOS, mode=CMSIS_V1, owner=FREERTOS
2025-11-14 14:59:08,719 [INFO] RtosManager:558 - Registered RTOS mode: class=CMSIS, group=RTOS2, mode=CMSIS_V2, owner=FREERTOS
2025-11-14 14:59:08,719 [INFO] RtosManager:558 - Registered RTOS mode: class=RTOS, group=Core, mode=CMSIS_V1, owner=FREERTOS
2025-11-14 14:59:08,719 [INFO] RtosManager:558 - Registered RTOS mode: class=RTOS, group=Core, mode=CMSIS_V2, owner=FREERTOS
2025-11-14 14:59:08,719 [WARN] ModelIntegratedComponent:184 - Missing modes for component STMicroelectronics:FreeRTOS:0.0.1:STMicroelectronics:RTOS:FreeRTOS:Core:::10.2.0:
2025-11-14 14:59:08,764 [WARN] ModelIntegratedComponent:63 - No mode defined for component null
2025-11-14 14:59:08,764 [WARN] ModelIntegratedComponent:63 - No mode defined for component null
2025-11-14 14:59:08,765 [WARN] ModelIntegratedComponent:63 - No mode defined for component null
2025-11-14 14:59:08,765 [WARN] ModelIntegratedComponent:63 - No mode defined for component null
2025-11-14 14:59:08,765 [WARN] ModelIntegratedComponent:63 - No mode defined for component null
2025-11-14 14:59:08,765 [WARN] ModelIntegratedComponent:63 - No mode defined for component null
2025-11-14 14:59:08,765 [WARN] ModelIntegratedComponent:63 - No mode defined for component null
2025-11-14 14:59:08,765 [WARN] ModelIntegratedComponent:63 - No mode defined for component null
2025-11-14 14:59:08,765 [WARN] ModelIntegratedComponent:63 - No mode defined for component null
2025-11-14 14:59:08,765 [WARN] ModelIntegratedComponent:63 - No mode defined for component null
2025-11-14 14:59:08,765 [WARN] ModelIntegratedComponent:63 - No mode defined for component null
2025-11-14 14:59:08,765 [WARN] ModelIntegratedComponent:63 - No mode defined for component null
2025-11-14 14:59:08,765 [WARN] ModelIntegratedComponent:63 - No mode defined for component null
2025-11-14 14:59:08,765 [WARN] ModelIntegratedComponent:63 - No mode defined for component null
2025-11-14 14:59:08,766 [WARN] ModelIntegratedComponent:63 - No mode defined for component null
2025-11-14 14:59:08,766 [WARN] ModelIntegratedComponent:63 - No mode defined for component null
2025-11-14 14:59:08,766 [WARN] ModelIntegratedComponent:63 - No mode defined for component null
2025-11-14 14:59:08,766 [WARN] ModelIntegratedComponent:63 - No mode defined for component null
2025-11-14 14:59:08,766 [WARN] ModelIntegratedComponent:63 - No mode defined for component null
2025-11-14 14:59:08,766 [WARN] ModelIntegratedComponent:63 - No mode defined for component null
2025-11-14 14:59:08,766 [WARN] ModelIntegratedComponent:63 - No mode defined for component null
2025-11-14 14:59:08,766 [WARN] ModelIntegratedComponent:63 - No mode defined for component null
2025-11-14 14:59:08,766 [WARN] ModelIntegratedComponent:63 - No mode defined for component null
2025-11-14 14:59:08,766 [WARN] ModelIntegratedComponent:63 - No mode defined for component null
2025-11-14 14:59:08,766 [WARN] ModelIntegratedComponent:63 - No mode defined for component null
2025-11-14 14:59:08,766 [WARN] ModelIntegratedComponent:63 - No mode defined for component null
2025-11-14 14:59:08,766 [WARN] ModelIntegratedComponent:63 - No mode defined for component null
2025-11-14 14:59:08,767 [WARN] ModelIntegratedComponent:63 - No mode defined for component null
2025-11-14 14:59:08,767 [WARN] ModelIntegratedComponent:63 - No mode defined for component null
2025-11-14 14:59:08,767 [WARN] ModelIntegratedComponent:63 - No mode defined for component null
2025-11-14 14:59:08,767 [WARN] ModelIntegratedComponent:63 - No mode defined for component null
2025-11-14 14:59:08,767 [WARN] ModelIntegratedComponent:63 - No mode defined for component null
2025-11-14 14:59:08,767 [WARN] ModelIntegratedComponent:63 - No mode defined for component null
2025-11-14 14:59:08,767 [WARN] ModelIntegratedComponent:63 - No mode defined for component null
2025-11-14 14:59:08,767 [WARN] ModelIntegratedComponent:63 - No mode defined for component null
2025-11-14 14:59:08,767 [WARN] ModelPack:524 - Component already loaded: STMicroelectronics:HAL Drivers:0.0.0:STMicroelectronics:Device:STMicro_Driver:XSPI:HAL::0.0.1:HAL_XSPI
2025-11-14 14:59:08,986 [INFO] ThirdPartyModel:298 - Start build external matchings
2025-11-14 14:59:09,442 [INFO] ThirdPartyModel:316 - End build external matchings
2025-11-14 14:59:09,461 [INFO] ImportTextPane:234 - (OptionalMessage_ERROR) IP (RCC) : Invalid parameter (48MHZClocksFreq_Value)
2025-11-14 14:59:09,461 [INFO] ImportTextPane:234 - (OptionalMessage_ERROR) IP (RCC) : Invalid parameter (ADC12outputFreq_Value)
2025-11-14 14:59:09,461 [INFO] ImportTextPane:234 - (OptionalMessage_ERROR) IP (RCC) : Invalid parameter (ADC34outputFreq_Value)
2025-11-14 14:59:09,462 [INFO] ImportTextPane:234 - (OptionalMessage_ERROR) IP (RCC) : Invalid parameter (FamilyName)
2025-11-14 14:59:09,462 [INFO] ImportTextPane:234 - (OptionalMessage_ERROR) IP (RCC) : Invalid parameter (I2SClocksFreq_Value)
2025-11-14 14:59:09,462 [INFO] ImportTextPane:234 - (OptionalMessage_ERROR) IP (RCC) : Invalid parameter (LCDTFToutputFreq_Value)
2025-11-14 14:59:09,462 [INFO] ImportTextPane:234 - (OptionalMessage_ERROR) IP (RCC) : Invalid parameter (MCOFreq_Value)
2025-11-14 14:59:09,462 [INFO] ImportTextPane:234 - (OptionalMessage_ERROR) IP (RCC) : Invalid parameter (PLLMCOFreq_Value)
2025-11-14 14:59:09,462 [INFO] ImportTextPane:234 - (OptionalMessage_ERROR) IP (RCC) : Invalid parameter (PLLMUL)
2025-11-14 14:59:09,463 [INFO] ImportTextPane:234 - (OptionalMessage_ERROR) IP (RCC) : Invalid parameter (PRESCALERUSB)
2025-11-14 14:59:09,463 [INFO] ImportTextPane:234 - (OptionalMessage_ERROR) IP (RCC) : Parameter (RNGFreq_Value) has invalid value (144000000)
2025-11-14 14:59:09,463 [INFO] ImportTextPane:234 - (OptionalMessage_ERROR) IP (RCC) : Invalid parameter (RTCHSEDivFreq_Value)
2025-11-14 14:59:09,463 [INFO] ImportTextPane:234 - (OptionalMessage_ERROR) IP (RCC) : Parameter (SDMMC2Freq_Value) has invalid value (144000000)
2025-11-14 14:59:09,463 [INFO] ImportTextPane:234 - (OptionalMessage_ERROR) IP (RCC) : Parameter (SDMMCFreq_Value) has invalid value (144000000)
2025-11-14 14:59:09,463 [INFO] ImportTextPane:234 - (OptionalMessage_ERROR) IP (RCC) : Invalid parameter (SYSCLKSourceVirtual)
2025-11-14 14:59:09,463 [INFO] ImportTextPane:234 - (OptionalMessage_ERROR) IP (RCC) : Invalid parameter (TIM15Freq_Value)
2025-11-14 14:59:09,463 [INFO] ImportTextPane:234 - (OptionalMessage_ERROR) IP (RCC) : Invalid parameter (TIM16Freq_Value)
2025-11-14 14:59:09,463 [INFO] ImportTextPane:234 - (OptionalMessage_ERROR) IP (RCC) : Invalid parameter (TIM17Freq_Value)
2025-11-14 14:59:09,463 [INFO] ImportTextPane:234 - (OptionalMessage_ERROR) IP (RCC) : Invalid parameter (TIM1Freq_Value)
2025-11-14 14:59:09,463 [INFO] ImportTextPane:234 - (OptionalMessage_ERROR) IP (RCC) : Invalid parameter (TIM20Freq_Value)
2025-11-14 14:59:09,463 [INFO] ImportTextPane:234 - (OptionalMessage_ERROR) IP (RCC) : Invalid parameter (TIM2Freq_Value)
2025-11-14 14:59:09,463 [INFO] ImportTextPane:234 - (OptionalMessage_ERROR) IP (RCC) : Invalid parameter (TIM3Freq_Value)
2025-11-14 14:59:09,463 [INFO] ImportTextPane:234 - (OptionalMessage_ERROR) IP (RCC) : Invalid parameter (TIM8Freq_Value)
2025-11-14 14:59:09,463 [INFO] ImportTextPane:234 - (OptionalMessage_ERROR) IP (RCC) : Parameter (USBFreq_Value) has invalid value (144000000)
2025-11-14 14:59:09,464 [INFO] ImportTextPane:234 - (OptionalMessage_ERROR) IP (RCC) : Invalid parameter (VCOOutput2Freq_Value)
2025-11-14 14:59:09,464 [INFO] ImportTextPane:234 - (OptionalMessage_ERROR) IP (RCC) : Invalid parameter (VcooutputI2S)
2025-11-14 14:59:10,040 [INFO] UtilMem:75 - End LoadConfig() Used Memory: 902913088 Bytes (1073741824)
2025-11-14 14:59:10,152 [WARN] ThirdParty:833 - waiting for thirdparty lock release [change project]
2025-11-14 14:59:10,152 [INFO] ThirdParty:835 - entering critical section [change project]
2025-11-14 14:59:10,152 [INFO] ThirdParty:1030 - CMSIS Pack Vendor :STMicroelectronics X-CUBE-PM33A1 1.0.0
2025-11-14 14:59:10,152 [INFO] ThirdParty:1030 - CMSIS Pack Vendor :STMicroelectronics USBPD 4.1
2025-11-14 14:59:10,152 [INFO] ThirdParty:1030 - CMSIS Pack Vendor :STMicroelectronics X-CUBE-NFC9 1.0.0
2025-11-14 14:59:10,152 [INFO] ThirdParty:1030 - CMSIS Pack Vendor :STMicroelectronics USB_HOST 2.0.0
2025-11-14 14:59:10,153 [INFO] ThirdParty:1030 - CMSIS Pack Vendor :STMicroelectronics X-CUBE-AZRTOS-F4 1.1.0
2025-11-14 14:59:10,153 [INFO] ThirdParty:1030 - CMSIS Pack Vendor :STMicroelectronics LIBJPEG 8.0.0
2025-11-14 14:59:10,153 [INFO] ThirdParty:1030 - CMSIS Pack Vendor :wolfSSL I-CUBE-wolfSSL 5.8.2
2025-11-14 14:59:10,154 [INFO] ThirdParty:1030 - CMSIS Pack Vendor :STMicroelectronics X-CUBE-SMBUS 2.1.0
2025-11-14 14:59:10,154 [INFO] ThirdParty:1030 - CMSIS Pack Vendor :wolfSSL I-CUBE-wolfMQTT 1.19.2
2025-11-14 14:59:10,154 [INFO] ThirdParty:1030 - CMSIS Pack Vendor :STMicroelectronics USB_DEVICE 3.0.0
2025-11-14 14:59:10,154 [INFO] ThirdParty:1030 - CMSIS Pack Vendor :STMicroelectronics X-CUBE-ISPU 2.1.0
2025-11-14 14:59:10,154 [INFO] ThirdParty:1030 - CMSIS Pack Vendor :STMicroelectronics X-CUBE-IPS 3.2.0
2025-11-14 14:59:10,154 [INFO] ThirdParty:1030 - CMSIS Pack Vendor :STMicroelectronics X-CUBE-AZRTOS-WB 2.0.0
2025-11-14 14:59:10,154 [INFO] ThirdParty:1030 - CMSIS Pack Vendor :STMicroelectronics X-CUBE-ST60 1.0.0
2025-11-14 14:59:10,154 [INFO] ThirdParty:1030 - CMSIS Pack Vendor :STMicroelectronics X-CUBE-GNSS1 7.0.1
2025-11-14 14:59:10,154 [INFO] ThirdParty:1030 - CMSIS Pack Vendor :STMicroelectronics X-CUBE-NFC12 1.0.0
2025-11-14 14:59:10,154 [INFO] ThirdParty:1030 - CMSIS Pack Vendor :STMicroelectronics X-CUBE-AZRTOS-F7 1.1.0
2025-11-14 14:59:10,154 [INFO] ThirdParty:1030 - CMSIS Pack Vendor :STMicroelectronics X-CUBE-AZRTOS-L5 2.0.0
2025-11-14 14:59:10,154 [INFO] ThirdParty:1030 - CMSIS Pack Vendor :STMicroelectronics X-CUBE-TOUCHGFX 4.25.0
2025-11-14 14:59:10,154 [INFO] ThirdParty:1030 - CMSIS Pack Vendor :STMicroelectronics USB_DEVICE 2.0.0
2025-11-14 14:59:10,154 [INFO] ThirdParty:1030 - CMSIS Pack Vendor :STMicroelectronics X-CUBE-NFC6 3.1.0
2025-11-14 14:59:10,154 [INFO] ThirdParty:1030 - CMSIS Pack Vendor :STMicroelectronics X-CUBE-ST67W61 1.1.0
2025-11-14 14:59:10,154 [INFO] ThirdParty:1030 - CMSIS Pack Vendor :Cesanta I-CUBE-Mongoose 7.19.0
2025-11-14 14:59:10,154 [INFO] ThirdParty:1030 - CMSIS Pack Vendor :quantropi X-CUBE-qispace-sdk-base 2.1.0
2025-11-14 14:59:10,154 [INFO] ThirdParty:1030 - CMSIS Pack Vendor :STMicroelectronics FP-SNS-MOTENV1 5.1.0
2025-11-14 14:59:10,154 [INFO] ThirdParty:1030 - CMSIS Pack Vendor :STMicroelectronics FreeRTOS 0.0.1
2025-11-14 14:59:10,154 [INFO] ThirdParty:1030 - CMSIS Pack Vendor :STMicroelectronics X-CUBE-AZRTOS-G0 1.1.0
2025-11-14 14:59:10,154 [INFO] ThirdParty:1030 - CMSIS Pack Vendor :STMicroelectronics X-CUBE-SAFEA1 1.2.2
2025-11-14 14:59:10,154 [INFO] ThirdParty:1030 - CMSIS Pack Vendor :STMicroelectronics X-CUBE-NFC4 3.0.0
2025-11-14 14:59:10,154 [INFO] ThirdParty:1030 - CMSIS Pack Vendor :STMicroelectronics X-CUBE-SUBG2 5.0.0
2025-11-14 14:59:10,154 [INFO] ThirdParty:1030 - CMSIS Pack Vendor :STMicroelectronics X-CUBE-AZRTOS-H7RS 1.1.0
2025-11-14 14:59:10,154 [INFO] ThirdParty:1030 - CMSIS Pack Vendor :STMicroelectronics STM32_WPAN 1.0.0
2025-11-14 14:59:10,154 [INFO] ThirdParty:1030 - CMSIS Pack Vendor :EmbeddedOffice I-CUBE-FS-RTOS 1.0.1
2025-11-14 14:59:10,154 [INFO] ThirdParty:1030 - CMSIS Pack Vendor :STMicroelectronics lwIP 2.0.3
2025-11-14 14:59:10,154 [INFO] ThirdParty:1030 - CMSIS Pack Vendor :WES I-CUBE-Cesium 1.4.0
2025-11-14 14:59:10,154 [INFO] ThirdParty:1030 - CMSIS Pack Vendor :STMicroelectronics USB_HOST 1.0.0
2025-11-14 14:59:10,154 [INFO] ThirdParty:1030 - CMSIS Pack Vendor :Infineon AIROC-Wi-Fi-Bluetooth-STM32 1.7.1
2025-11-14 14:59:10,154 [INFO] ThirdParty:1030 - CMSIS Pack Vendor :STMicroelectronics X-CUBE-AZRTOS-G4 2.0.0
2025-11-14 14:59:10,155 [INFO] ThirdParty:1030 - CMSIS Pack Vendor :STMicroelectronics X-CUBE-WB05N 2.0.0
2025-11-14 14:59:10,155 [INFO] ThirdParty:1030 - CMSIS Pack Vendor :STMicroelectronics PDM2PCM 3.1.0
2025-11-14 14:59:10,156 [INFO] ThirdParty:1030 - CMSIS Pack Vendor :STMicroelectronics PDM2PCM 3.3.0
2025-11-14 14:59:10,156 [INFO] ThirdParty:1030 - CMSIS Pack Vendor :wolfSSL I-CUBE-wolfTPM 3.8.0
2025-11-14 14:59:10,156 [INFO] ThirdParty:1030 - CMSIS Pack Vendor :STMicroelectronics X-CUBE-AZRTOS-H7 3.4.0
2025-11-14 14:59:10,156 [INFO] ThirdParty:1030 - CMSIS Pack Vendor :STMicroelectronics X-CUBE-DISPLAY 3.0.0
2025-11-14 14:59:10,156 [INFO] ThirdParty:1030 - CMSIS Pack Vendor :wolfSSL I-CUBE-wolfSSH 1.4.20
2025-11-14 14:59:10,156 [INFO] ThirdParty:1030 - CMSIS Pack Vendor :STMicroelectronics X-CUBE-NFC7 2.0.0
2025-11-14 14:59:10,156 [INFO] ThirdParty:1030 - CMSIS Pack Vendor :STMicroelectronics X-CUBE-TCPP 4.2.0
2025-11-14 14:59:10,156 [INFO] ThirdParty:1030 - CMSIS Pack Vendor :RealThread X-CUBE-RT-Thread_Nano 4.1.1
2025-11-14 14:59:10,156 [INFO] ThirdParty:1030 - CMSIS Pack Vendor :STMicroelectronics FP-ATR-SIGFOX1 3.2.0
2025-11-14 14:59:10,156 [INFO] ThirdParty:1030 - CMSIS Pack Vendor :STMicroelectronics X-CUBE-NFC10 1.0.0
2025-11-14 14:59:10,156 [INFO] ThirdParty:1030 - CMSIS Pack Vendor :STMicroelectronics HAL Drivers 0.0.0
2025-11-14 14:59:10,156 [INFO] ThirdParty:1030 - CMSIS Pack Vendor :STMicroelectronics MBEDTLS 2.16.2
2025-11-14 14:59:10,156 [INFO] ThirdParty:1030 - CMSIS Pack Vendor :STMicroelectronics X-CUBE-ST60 1.1.0
2025-11-14 14:59:10,156 [INFO] ThirdParty:1030 - CMSIS Pack Vendor :STMicroelectronics X-CUBE-IPS 3.1.0
2025-11-14 14:59:10,156 [INFO] ThirdParty:1030 - CMSIS Pack Vendor :emotas I-CUBE-CANOPEN 1.3.0
2025-11-14 14:59:10,156 [INFO] ThirdParty:1030 - CMSIS Pack Vendor :STMicroelectronics MBEDTLS 2.14.1
2025-11-14 14:59:10,156 [INFO] ThirdParty:1030 - CMSIS Pack Vendor :STMicroelectronics X-CUBE-GNSS1 7.1.0
2025-11-14 14:59:10,158 [INFO] ThirdParty:1030 - CMSIS Pack Vendor :ITTIA_DB I-CUBE-ITTIADB 8.9.0
2025-11-14 14:59:10,158 [INFO] ThirdParty:1030 - CMSIS Pack Vendor :STMicroelectronics X-CUBE-TOUCHGFX 4.26.0
2025-11-14 14:59:10,158 [INFO] ThirdParty:1030 - CMSIS Pack Vendor :STMicroelectronics X-CUBE-STSE01 1.0.0
2025-11-14 14:59:10,158 [INFO] ThirdParty:1030 - CMSIS Pack Vendor :STMicroelectronics X-CUBE-ST67W61 1.0.0
2025-11-14 14:59:10,158 [INFO] ThirdParty:1030 - CMSIS Pack Vendor :STMicroelectronics ThreadX 1.0.0
2025-11-14 14:59:10,158 [INFO] ThirdParty:1030 - CMSIS Pack Vendor :STMicroelectronics FP-SNS-SMARTAG2 1.2.0
2025-11-14 14:59:10,158 [INFO] ThirdParty:1030 - CMSIS Pack Vendor :STMicroelectronics X-CUBE-AZRTOS-WL 2.0.0
2025-11-14 14:59:10,158 [INFO] ThirdParty:1030 - CMSIS Pack Vendor :SEGGER I-CUBE-embOS 1.3.1
2025-11-14 14:59:10,158 [INFO] ThirdParty:1030 - CMSIS Pack Vendor :STMicroelectronics X-CUBE-ALGOBUILD 1.4.0
2025-11-14 14:59:10,158 [INFO] ThirdParty:1030 - CMSIS Pack Vendor :STMicroelectronics X-CUBE-MEMS1 11.3.0
2025-11-14 14:59:10,159 [INFO] ThirdParty:1030 - CMSIS Pack Vendor :STMicroelectronics FP-SNS-MOTENV1 5.0.0
2025-11-14 14:59:10,160 [INFO] ThirdParty:1030 - CMSIS Pack Vendor :STMicroelectronics USB_DEVICE 1.0.0
2025-11-14 14:59:10,160 [INFO] ThirdParty:1030 - CMSIS Pack Vendor :STMicroelectronics X-CUBE-AZRTOS-L4 2.0.0
2025-11-14 14:59:10,160 [INFO] ThirdParty:1030 - CMSIS Pack Vendor :STMicroelectronics ThreadX 0.0.2
2025-11-14 14:59:10,160 [INFO] ThirdParty:1030 - CMSIS Pack Vendor :STMicroelectronics lwIP 2.1.2
2025-11-14 14:59:10,160 [INFO] ThirdParty:1030 - CMSIS Pack Vendor :STMicroelectronics X-CUBE-SFXS2LP1 4.0.0
2025-11-14 14:59:10,160 [INFO] ThirdParty:1030 - CMSIS Pack Vendor :STMicroelectronics X-CUBE-BLE2 3.3.0
2025-11-14 14:59:10,160 [INFO] ThirdParty:1030 - CMSIS Pack Vendor :Avnet-IOTCONNECT X-CUBE-iotc-st67-sdk 1.0.0
2025-11-14 14:59:10,160 [INFO] ThirdParty:1030 - CMSIS Pack Vendor :STMicroelectronics X-CUBE-TOF1 3.4.3
2025-11-14 14:59:10,160 [INFO] ThirdParty:1030 - CMSIS Pack Vendor :STMicroelectronics PDM2PCM 3.2.0
2025-11-14 14:59:10,160 [INFO] ThirdParty:841 - exiting critical section [change project]
2025-11-14 14:59:10,584 [INFO] PinOutPanel:1589 - setPackage(No Configuration,No Configuration)
2025-11-14 14:59:10,585 [INFO] PinOutPanel:1589 - setPackage(STM32F767ZITx,LQFP144)
2025-11-14 14:59:11,117 [INFO] UtilMem:75 - Before build in PCC Used Memory: 660534616 Bytes (1073741824)
2025-11-14 14:59:11,502 [INFO] UtilMem:75 - After build in PCC Used Memory: 714011992 Bytes (1073741824)
2025-11-14 14:59:11,540 [INFO] IPUIPlugin:80 - create IPUIPlugin
2025-11-14 14:59:11,541 [INFO] IPUIPlugin:80 - create IPUIPlugin
2025-11-14 14:59:11,541 [INFO] IPUIPlugin:80 - create IPUIPlugin
2025-11-14 14:59:11,541 [INFO] IPUIPlugin:80 - create IPUIPlugin
2025-11-14 14:59:11,541 [INFO] IPUIPlugin:80 - create IPUIPlugin
2025-11-14 14:59:11,541 [INFO] IPUIPlugin:80 - create IPUIPlugin
2025-11-14 14:59:11,542 [INFO] IPUIPlugin:80 - create IPUIPlugin
2025-11-14 14:59:11,542 [INFO] IPUIPlugin:80 - create IPUIPlugin
2025-11-14 14:59:11,542 [INFO] IPUIPlugin:80 - create IPUIPlugin
2025-11-14 14:59:11,542 [INFO] IPUIPlugin:80 - create IPUIPlugin
2025-11-14 14:59:11,542 [INFO] IPUIPlugin:80 - create IPUIPlugin
2025-11-14 14:59:11,542 [INFO] IPUIPlugin:80 - create IPUIPlugin
2025-11-14 14:59:11,542 [INFO] IPUIPlugin:80 - create IPUIPlugin
2025-11-14 14:59:11,543 [INFO] IPUIPlugin:80 - create IPUIPlugin
2025-11-14 14:59:11,543 [INFO] IPUIPlugin:80 - create IPUIPlugin
2025-11-14 14:59:11,543 [INFO] IPUIPlugin:80 - create IPUIPlugin
2025-11-14 14:59:11,543 [INFO] IPUIPlugin:80 - create IPUIPlugin
2025-11-14 14:59:11,543 [INFO] IPUIPlugin:80 - create IPUIPlugin
2025-11-14 14:59:11,543 [INFO] IPUIPlugin:80 - create IPUIPlugin
2025-11-14 14:59:11,543 [INFO] IPUIPlugin:80 - create IPUIPlugin
2025-11-14 14:59:11,543 [INFO] IPUIPlugin:80 - create IPUIPlugin
2025-11-14 14:59:11,543 [INFO] IPUIPlugin:80 - create IPUIPlugin
2025-11-14 14:59:11,543 [INFO] IPUIPlugin:80 - create IPUIPlugin
2025-11-14 14:59:11,543 [INFO] IPUIPlugin:80 - create IPUIPlugin
2025-11-14 14:59:11,544 [INFO] IPUIPlugin:80 - create IPUIPlugin
2025-11-14 14:59:11,544 [INFO] IPUIPlugin:80 - create IPUIPlugin
2025-11-14 14:59:11,544 [INFO] IPUIPlugin:80 - create IPUIPlugin
2025-11-14 14:59:11,544 [INFO] IPUIPlugin:80 - create IPUIPlugin
2025-11-14 14:59:11,544 [INFO] IPUIPlugin:80 - create IPUIPlugin
2025-11-14 14:59:11,545 [INFO] IPUIPlugin:80 - create IPUIPlugin
2025-11-14 14:59:11,545 [INFO] IPUIPlugin:80 - create IPUIPlugin
2025-11-14 14:59:11,545 [INFO] IPUIPlugin:80 - create IPUIPlugin
2025-11-14 14:59:11,545 [INFO] IPUIPlugin:80 - create IPUIPlugin
2025-11-14 14:59:11,545 [INFO] IPUIPlugin:80 - create IPUIPlugin
2025-11-14 14:59:11,545 [INFO] IPUIPlugin:80 - create IPUIPlugin
2025-11-14 14:59:11,545 [INFO] IPUIPlugin:80 - create IPUIPlugin
2025-11-14 14:59:11,546 [INFO] IPUIPlugin:80 - create IPUIPlugin
2025-11-14 14:59:11,546 [INFO] IPUIPlugin:80 - create IPUIPlugin
2025-11-14 14:59:11,546 [INFO] IPUIPlugin:80 - create IPUIPlugin
2025-11-14 14:59:11,546 [INFO] IPUIPlugin:80 - create IPUIPlugin
2025-11-14 14:59:11,546 [INFO] IPUIPlugin:80 - create IPUIPlugin
2025-11-14 14:59:11,547 [INFO] IPUIPlugin:80 - create IPUIPlugin
2025-11-14 14:59:11,547 [INFO] IPUIPlugin:80 - create IPUIPlugin
2025-11-14 14:59:11,547 [INFO] IPUIPlugin:80 - create IPUIPlugin
2025-11-14 14:59:11,548 [INFO] IPUIPlugin:80 - create IPUIPlugin
2025-11-14 14:59:11,548 [INFO] IPUIPlugin:80 - create IPUIPlugin
2025-11-14 14:59:11,548 [INFO] IPUIPlugin:80 - create IPUIPlugin
2025-11-14 14:59:11,549 [INFO] IPUIPlugin:80 - create IPUIPlugin
2025-11-14 14:59:11,549 [INFO] IPUIPlugin:80 - create IPUIPlugin
2025-11-14 14:59:11,549 [INFO] IPUIPlugin:80 - create IPUIPlugin
2025-11-14 14:59:11,550 [INFO] IPUIPlugin:80 - create IPUIPlugin
2025-11-14 14:59:11,550 [INFO] IPUIPlugin:80 - create IPUIPlugin
2025-11-14 14:59:11,550 [INFO] IPUIPlugin:80 - create IPUIPlugin
2025-11-14 14:59:11,550 [INFO] IPUIPlugin:80 - create IPUIPlugin
2025-11-14 14:59:11,551 [INFO] IPUIPlugin:80 - create IPUIPlugin
2025-11-14 14:59:11,551 [INFO] IPUIPlugin:80 - create IPUIPlugin
2025-11-14 14:59:11,551 [INFO] IPUIPlugin:80 - create IPUIPlugin
2025-11-14 14:59:11,551 [INFO] IPUIPlugin:80 - create IPUIPlugin
2025-11-14 14:59:11,552 [INFO] IPUIPlugin:80 - create IPUIPlugin
2025-11-14 14:59:11,552 [INFO] IPUIPlugin:80 - create IPUIPlugin
2025-11-14 14:59:11,552 [INFO] IPUIPlugin:80 - create IPUIPlugin
2025-11-14 14:59:11,552 [INFO] IPUIPlugin:80 - create IPUIPlugin
2025-11-14 14:59:11,553 [INFO] IPUIPlugin:80 - create IPUIPlugin
2025-11-14 14:59:11,553 [INFO] IPUIPlugin:80 - create IPUIPlugin
2025-11-14 14:59:11,553 [INFO] IPUIPlugin:80 - create IPUIPlugin
2025-11-14 14:59:11,553 [INFO] IPUIPlugin:80 - create IPUIPlugin
2025-11-14 14:59:11,554 [INFO] IPUIPlugin:80 - create IPUIPlugin
2025-11-14 14:59:11,554 [INFO] IPUIPlugin:80 - create IPUIPlugin
2025-11-14 14:59:11,555 [INFO] IPUIPlugin:80 - create IPUIPlugin
2025-11-14 14:59:11,555 [INFO] IPUIPlugin:80 - create IPUIPlugin
2025-11-14 14:59:11,555 [INFO] IPUIPlugin:80 - create IPUIPlugin
2025-11-14 14:59:11,555 [INFO] IPUIPlugin:80 - create IPUIPlugin
2025-11-14 14:59:11,556 [INFO] IPUIPlugin:80 - create IPUIPlugin
2025-11-14 14:59:11,556 [INFO] IPUIPlugin:80 - create IPUIPlugin
2025-11-14 14:59:11,557 [INFO] IPUIPlugin:80 - create IPUIPlugin
2025-11-14 14:59:11,557 [INFO] IPUIPlugin:80 - create IPUIPlugin
2025-11-14 14:59:11,558 [INFO] IPUIPlugin:80 - create IPUIPlugin
2025-11-14 14:59:11,558 [INFO] IPUIPlugin:80 - create IPUIPlugin
2025-11-14 14:59:11,559 [INFO] IPUIPlugin:80 - create IPUIPlugin
2025-11-14 14:59:11,588 [INFO] ApiDbMcu:532 - Load IP Config File for PDM2PCM
2025-11-14 14:59:11,659 [INFO] CADModel:165 - CPN selected for project levelSTM32F767ZIT6
2025-11-14 14:59:11,659 [INFO] CADModel:114 - Register for checkConnection events
2025-11-14 14:59:11,867 [INFO] OpenFileManager:386 - Restore cursor
2025-11-14 14:59:11,872 [INFO] ApiDb:581 - Connected to CubeFinder SQLite database (C:\Users\chris\.stmcufinder\plugins\mcufinder\mcu\cube-finder-db.db)
2025-11-14 15:00:04,911 [INFO] MainUpdater:2872 - connection check result : 10
2025-11-14 15:00:04,911 [INFO] MainUpdater:2872 - connection check result : 10
2025-11-14 15:00:04,934 [INFO] MicroXplorer:468 - Change Database Path : 
2025-11-14 15:00:04,934 [INFO] MicroXplorer:498 - Change Database Version : DB.6.0.150
2025-11-14 15:00:04,949 [ERROR] ProjectManagerView:395 - 
java.lang.NullPointerException: Cannot invoke "javax.swing.JTextField.getText()" because the return value of "java.util.List.get(int)" is null
	at com.st.microxplorer.plugins.projectmanager.gui.ProjectChoiceTab$9.caretUpdate(ProjectChoiceTab.java:2706) ~[filemanager.jar:?]
	at javax.swing.text.JTextComponent.fireCaretUpdate(JTextComponent.java:408) ~[?:?]
	at javax.swing.text.JTextComponent$MutableCaretEvent.fire(JTextComponent.java:4484) ~[?:?]
	at javax.swing.text.JTextComponent$MutableCaretEvent.stateChanged(JTextComponent.java:4506) ~[?:?]
	at javax.swing.text.DefaultCaret.fireStateChanged(DefaultCaret.java:857) ~[?:?]
	at javax.swing.text.DefaultCaret.changeCaretPosition(DefaultCaret.java:1343) ~[?:?]
	at javax.swing.text.DefaultCaret.handleSetDot(DefaultCaret.java:1242) ~[?:?]
	at javax.swing.text.DefaultCaret.setDot(DefaultCaret.java:1223) ~[?:?]
	at javax.swing.text.DefaultCaret$Handler.insertUpdate(DefaultCaret.java:1819) ~[?:?]
	at javax.swing.text.AbstractDocument.fireInsertUpdate(AbstractDocument.java:227) ~[?:?]
	at javax.swing.text.AbstractDocument.handleInsertString(AbstractDocument.java:781) ~[?:?]
	at javax.swing.text.AbstractDocument.insertString(AbstractDocument.java:740) ~[?:?]
	at javax.swing.text.PlainDocument.insertString(PlainDocument.java:131) ~[?:?]
	at javax.swing.text.AbstractDocument.replace(AbstractDocument.java:699) ~[?:?]
	at javax.swing.text.JTextComponent.setText(JTextComponent.java:1725) ~[?:?]
	at com.st.microxplorer.plugins.projectmanager.gui.ProjectChoiceTab.createHeapStackFields(ProjectChoiceTab.java:993) ~[filemanager.jar:?]
	at com.st.microxplorer.plugins.projectmanager.gui.ProjectChoiceTab.buildLinkSettingsPanel(ProjectChoiceTab.java:3813) ~[filemanager.jar:?]
	at com.st.microxplorer.plugins.projectmanager.gui.ProjectChoiceTab.defineWindowsFields(ProjectChoiceTab.java:1987) ~[filemanager.jar:?]
	at com.st.microxplorer.plugins.projectmanager.gui.ProjectChoiceTab.updateSettings(ProjectChoiceTab.java:558) ~[filemanager.jar:?]
	at com.st.microxplorer.plugins.projectmanager.gui.ProjectSettingsPanel.UpdateDialog(ProjectSettingsPanel.java:247) ~[filemanager.jar:?]
	at com.st.microxplorer.plugins.projectmanager.ProjectManagerView.propertyChange(ProjectManagerView.java:392) ~[filemanager.jar:?]
	at java.beans.PropertyChangeSupport.fire(PropertyChangeSupport.java:343) ~[?:?]
	at java.beans.PropertyChangeSupport.firePropertyChange(PropertyChangeSupport.java:335) ~[?:?]
	at java.beans.PropertyChangeSupport.firePropertyChange(PropertyChangeSupport.java:268) ~[?:?]
	at com.st.microxplorer.util.MXPropertyChangeSupport.firePropertyChange(MXPropertyChangeSupport.java:54) ~[STM32CubeMX.jar:?]
	at com.st.microxplorer.mxsystem.MxSystem.closeConfig(MxSystem.java:899) ~[STM32CubeMX.jar:?]
	at com.st.microxplorer.maingui.MainPanel.closeConfig(MainPanel.java:792) ~[STM32CubeMX.jar:?]
	at com.st.microxplorer.plugins.filemanager.engine.OpenFileManager.loadConfigurationFile(OpenFileManager.java:288) ~[filemanager.jar:?]
	at com.st.microxplorer.plugins.filemanager.engine.MainFileManager.userLoadConfig(MainFileManager.java:364) ~[filemanager.jar:?]
	at com.st.microxplorer.plugins.filemanager.engine.MainFileManager.userLoadConfig(MainFileManager.java:342) ~[filemanager.jar:?]
	at com.st.microxplorer.plugins.filemanager.FileManagerView.getSpecificTask(FileManagerView.java:264) ~[filemanager.jar:?]
	at com.st.stm32cube.common.mx.editor.CubeMxEditor.getMxTabbedPaneInstance(CubeMxEditor.java:1198) ~[com.st.stm32cube.common.mx_6.15.0.202507011659/:?]
	at com.st.stm32cube.common.mx.editor.CubeMxEditor$12$1.createSwingComponent(CubeMxEditor.java:1068) ~[com.st.stm32cube.common.mx_6.15.0.202507011659/:?]
	at com.st.stm32cube.common.mx.oss.core.awtswtbridge.EmbeddedSwingComposite.doComponentCreation(EmbeddedSwingComposite.java:492) ~[com.st.stm32cube.common.mx.oss_6.15.0.202507011659/:?]
	at com.st.stm32cube.common.mx.oss.core.awtswtbridge.EmbeddedSwingComposite$4.run(EmbeddedSwingComposite.java:291) ~[com.st.stm32cube.common.mx.oss_6.15.0.202507011659/:?]
	at com.st.stm32cube.common.mx.oss.core.awtswtbridge.AwtEnvironment$2.run(AwtEnvironment.java:166) ~[com.st.stm32cube.common.mx.oss_6.15.0.202507011659/:?]
	at java.awt.event.InvocationEvent.dispatch(InvocationEvent.java:318) ~[?:?]
	at java.awt.EventQueue.dispatchEventImpl(EventQueue.java:773) ~[?:?]
	at java.awt.EventQueue$4.run(EventQueue.java:720) ~[?:?]
	at java.awt.EventQueue$4.run(EventQueue.java:714) ~[?:?]
	at java.security.AccessController.doPrivileged(AccessController.java:400) ~[?:?]
	at java.security.ProtectionDomain$JavaSecurityAccessImpl.doIntersectionPrivilege(ProtectionDomain.java:87) ~[?:?]
	at java.awt.EventQueue.dispatchEvent(EventQueue.java:742) ~[?:?]
	at java.awt.EventDispatchThread.pumpOneEventForFilters(EventDispatchThread.java:203) ~[?:?]
	at java.awt.EventDispatchThread.pumpEventsForFilter(EventDispatchThread.java:124) ~[?:?]
	at java.awt.EventDispatchThread.pumpEventsForHierarchy(EventDispatchThread.java:113) ~[?:?]
	at java.awt.EventDispatchThread.pumpEvents(EventDispatchThread.java:109) ~[?:?]
	at java.awt.EventDispatchThread.pumpEvents(EventDispatchThread.java:101) ~[?:?]
	at java.awt.EventDispatchThread.run(EventDispatchThread.java:90) ~[?:?]
2025-11-14 15:00:04,950 [WARN] ThirdParty:871 - waiting for thirdparty lock release [close project]
2025-11-14 15:00:04,950 [INFO] ThirdParty:873 - entering critical section [close project]
2025-11-14 15:00:04,950 [INFO] ThirdParty:883 - exiting critical section [close project]
2025-11-14 15:00:04,953 [INFO] PinOutPanel:1589 - setPackage(No Configuration,No Configuration)
2025-11-14 15:00:04,959 [WARN] IpParametersView:155 - Warning: This peripheral hasn't parameters
2025-11-14 15:00:04,970 [WARN] MainPanel:289 - <html><b><center>Warning: This peripheral has no parameters to be configured<br></b></html>
2025-11-14 15:00:04,976 [INFO] UtilMem:75 - Begin LoadConfig() Used Memory: 640021536 Bytes (1073741824)
2025-11-14 15:00:04,980 [INFO] MicroXplorer:468 - Change Database Path : 
2025-11-14 15:00:04,981 [INFO] MicroXplorer:498 - Change Database Version : DB.6.0.150
2025-11-14 15:00:04,983 [INFO] OpenFileManager:355 - Change cursor
2025-11-14 15:00:04,995 [INFO] Mcu:2029 - Initializing MCU STM32F767ZITx STM32F767ZITx STM32F767ZIT6
2025-11-14 15:00:07,269 [INFO] Context:786 - Trying to add GPIOservice into a context  which must be forbidden
2025-11-14 15:00:08,580 [INFO] ImportTextPane:234 - (OptionalMessage_ERROR) Pin3 (VP_RIF_VS_RIF1) cannot be retrieved for this MCU
2025-11-14 15:00:08,670 [INFO] RtosManager:558 - Registered RTOS mode: class=CMSIS, group=RTOS, mode=CMSIS_V1, owner=FREERTOS
2025-11-14 15:00:08,670 [INFO] RtosManager:558 - Registered RTOS mode: class=CMSIS, group=RTOS2, mode=CMSIS_V2, owner=FREERTOS
2025-11-14 15:00:08,670 [INFO] RtosManager:558 - Registered RTOS mode: class=RTOS, group=Core, mode=CMSIS_V1, owner=FREERTOS
2025-11-14 15:00:08,670 [INFO] RtosManager:558 - Registered RTOS mode: class=RTOS, group=Core, mode=CMSIS_V2, owner=FREERTOS
2025-11-14 15:00:08,670 [WARN] ModelIntegratedComponent:184 - Missing modes for component STMicroelectronics:FreeRTOS:0.0.1:STMicroelectronics:RTOS:FreeRTOS:Core:::10.2.0:
2025-11-14 15:00:08,716 [WARN] ModelIntegratedComponent:63 - No mode defined for component null
2025-11-14 15:00:08,716 [WARN] ModelIntegratedComponent:63 - No mode defined for component null
2025-11-14 15:00:08,716 [WARN] ModelIntegratedComponent:63 - No mode defined for component null
2025-11-14 15:00:08,716 [WARN] ModelIntegratedComponent:63 - No mode defined for component null
2025-11-14 15:00:08,716 [WARN] ModelIntegratedComponent:63 - No mode defined for component null
2025-11-14 15:00:08,716 [WARN] ModelIntegratedComponent:63 - No mode defined for component null
2025-11-14 15:00:08,716 [WARN] ModelIntegratedComponent:63 - No mode defined for component null
2025-11-14 15:00:08,716 [WARN] ModelIntegratedComponent:63 - No mode defined for component null
2025-11-14 15:00:08,716 [WARN] ModelIntegratedComponent:63 - No mode defined for component null
2025-11-14 15:00:08,716 [WARN] ModelIntegratedComponent:63 - No mode defined for component null
2025-11-14 15:00:08,716 [WARN] ModelIntegratedComponent:63 - No mode defined for component null
2025-11-14 15:00:08,716 [WARN] ModelIntegratedComponent:63 - No mode defined for component null
2025-11-14 15:00:08,716 [WARN] ModelIntegratedComponent:63 - No mode defined for component null
2025-11-14 15:00:08,716 [WARN] ModelIntegratedComponent:63 - No mode defined for component null
2025-11-14 15:00:08,716 [WARN] ModelIntegratedComponent:63 - No mode defined for component null
2025-11-14 15:00:08,716 [WARN] ModelIntegratedComponent:63 - No mode defined for component null
2025-11-14 15:00:08,716 [WARN] ModelIntegratedComponent:63 - No mode defined for component null
2025-11-14 15:00:08,716 [WARN] ModelIntegratedComponent:63 - No mode defined for component null
2025-11-14 15:00:08,716 [WARN] ModelIntegratedComponent:63 - No mode defined for component null
2025-11-14 15:00:08,716 [WARN] ModelIntegratedComponent:63 - No mode defined for component null
2025-11-14 15:00:08,716 [WARN] ModelIntegratedComponent:63 - No mode defined for component null
2025-11-14 15:00:08,717 [WARN] ModelIntegratedComponent:63 - No mode defined for component null
2025-11-14 15:00:08,717 [WARN] ModelIntegratedComponent:63 - No mode defined for component null
2025-11-14 15:00:08,717 [WARN] ModelIntegratedComponent:63 - No mode defined for component null
2025-11-14 15:00:08,717 [WARN] ModelIntegratedComponent:63 - No mode defined for component null
2025-11-14 15:00:08,717 [WARN] ModelIntegratedComponent:63 - No mode defined for component null
2025-11-14 15:00:08,717 [WARN] ModelIntegratedComponent:63 - No mode defined for component null
2025-11-14 15:00:08,717 [WARN] ModelIntegratedComponent:63 - No mode defined for component null
2025-11-14 15:00:08,717 [WARN] ModelIntegratedComponent:63 - No mode defined for component null
2025-11-14 15:00:08,717 [WARN] ModelIntegratedComponent:63 - No mode defined for component null
2025-11-14 15:00:08,717 [WARN] ModelIntegratedComponent:63 - No mode defined for component null
2025-11-14 15:00:08,717 [WARN] ModelIntegratedComponent:63 - No mode defined for component null
2025-11-14 15:00:08,717 [WARN] ModelIntegratedComponent:63 - No mode defined for component null
2025-11-14 15:00:08,717 [WARN] ModelIntegratedComponent:63 - No mode defined for component null
2025-11-14 15:00:08,717 [WARN] ModelIntegratedComponent:63 - No mode defined for component null
2025-11-14 15:00:08,717 [WARN] ModelPack:524 - Component already loaded: STMicroelectronics:HAL Drivers:0.0.0:STMicroelectronics:Device:STMicro_Driver:XSPI:HAL::0.0.1:HAL_XSPI
2025-11-14 15:00:08,922 [INFO] ThirdPartyModel:298 - Start build external matchings
2025-11-14 15:00:09,369 [INFO] ThirdPartyModel:316 - End build external matchings
2025-11-14 15:00:10,090 [INFO] UtilMem:75 - End LoadConfig() Used Memory: 432639544 Bytes (1073741824)
2025-11-14 15:00:10,179 [WARN] ThirdParty:833 - waiting for thirdparty lock release [change project]
2025-11-14 15:00:10,179 [INFO] ThirdParty:835 - entering critical section [change project]
2025-11-14 15:00:10,179 [INFO] ThirdParty:1030 - CMSIS Pack Vendor :STMicroelectronics X-CUBE-PM33A1 1.0.0
2025-11-14 15:00:10,179 [INFO] ThirdParty:1030 - CMSIS Pack Vendor :STMicroelectronics USBPD 4.1
2025-11-14 15:00:10,179 [INFO] ThirdParty:1030 - CMSIS Pack Vendor :STMicroelectronics X-CUBE-NFC9 1.0.0
2025-11-14 15:00:10,179 [INFO] ThirdParty:1030 - CMSIS Pack Vendor :STMicroelectronics USB_HOST 2.0.0
2025-11-14 15:00:10,179 [INFO] ThirdParty:1030 - CMSIS Pack Vendor :STMicroelectronics X-CUBE-AZRTOS-F4 1.1.0
2025-11-14 15:00:10,179 [INFO] ThirdParty:1030 - CMSIS Pack Vendor :STMicroelectronics LIBJPEG 8.0.0
2025-11-14 15:00:10,179 [INFO] ThirdParty:1030 - CMSIS Pack Vendor :wolfSSL I-CUBE-wolfSSL 5.8.2
2025-11-14 15:00:10,179 [INFO] ThirdParty:1030 - CMSIS Pack Vendor :STMicroelectronics X-CUBE-SMBUS 2.1.0
2025-11-14 15:00:10,179 [INFO] ThirdParty:1030 - CMSIS Pack Vendor :wolfSSL I-CUBE-wolfMQTT 1.19.2
2025-11-14 15:00:10,179 [INFO] ThirdParty:1030 - CMSIS Pack Vendor :STMicroelectronics USB_DEVICE 3.0.0
2025-11-14 15:00:10,180 [INFO] ThirdParty:1030 - CMSIS Pack Vendor :STMicroelectronics X-CUBE-ISPU 2.1.0
2025-11-14 15:00:10,180 [INFO] ThirdParty:1030 - CMSIS Pack Vendor :STMicroelectronics X-CUBE-IPS 3.2.0
2025-11-14 15:00:10,180 [INFO] ThirdParty:1030 - CMSIS Pack Vendor :STMicroelectronics X-CUBE-AZRTOS-WB 2.0.0
2025-11-14 15:00:10,180 [INFO] ThirdParty:1030 - CMSIS Pack Vendor :STMicroelectronics X-CUBE-ST60 1.0.0
2025-11-14 15:00:10,180 [INFO] ThirdParty:1030 - CMSIS Pack Vendor :STMicroelectronics X-CUBE-GNSS1 7.0.1
2025-11-14 15:00:10,180 [INFO] ThirdParty:1030 - CMSIS Pack Vendor :STMicroelectronics X-CUBE-NFC12 1.0.0
2025-11-14 15:00:10,180 [INFO] ThirdParty:1030 - CMSIS Pack Vendor :STMicroelectronics X-CUBE-AZRTOS-F7 1.1.0
2025-11-14 15:00:10,180 [INFO] ThirdParty:1030 - CMSIS Pack Vendor :STMicroelectronics X-CUBE-AZRTOS-L5 2.0.0
2025-11-14 15:00:10,180 [INFO] ThirdParty:1030 - CMSIS Pack Vendor :STMicroelectronics X-CUBE-TOUCHGFX 4.25.0
2025-11-14 15:00:10,180 [INFO] ThirdParty:1030 - CMSIS Pack Vendor :STMicroelectronics USB_DEVICE 2.0.0
2025-11-14 15:00:10,180 [INFO] ThirdParty:1030 - CMSIS Pack Vendor :STMicroelectronics X-CUBE-NFC6 3.1.0
2025-11-14 15:00:10,180 [INFO] ThirdParty:1030 - CMSIS Pack Vendor :STMicroelectronics X-CUBE-ST67W61 1.1.0
2025-11-14 15:00:10,180 [INFO] ThirdParty:1030 - CMSIS Pack Vendor :Cesanta I-CUBE-Mongoose 7.19.0
2025-11-14 15:00:10,180 [INFO] ThirdParty:1030 - CMSIS Pack Vendor :quantropi X-CUBE-qispace-sdk-base 2.1.0
2025-11-14 15:00:10,180 [INFO] ThirdParty:1030 - CMSIS Pack Vendor :STMicroelectronics FP-SNS-MOTENV1 5.1.0
2025-11-14 15:00:10,180 [INFO] ThirdParty:1030 - CMSIS Pack Vendor :STMicroelectronics FreeRTOS 0.0.1
2025-11-14 15:00:10,180 [INFO] ThirdParty:1030 - CMSIS Pack Vendor :STMicroelectronics X-CUBE-AZRTOS-G0 1.1.0
2025-11-14 15:00:10,180 [INFO] ThirdParty:1030 - CMSIS Pack Vendor :STMicroelectronics X-CUBE-SAFEA1 1.2.2
2025-11-14 15:00:10,180 [INFO] ThirdParty:1030 - CMSIS Pack Vendor :STMicroelectronics X-CUBE-NFC4 3.0.0
2025-11-14 15:00:10,180 [INFO] ThirdParty:1030 - CMSIS Pack Vendor :STMicroelectronics X-CUBE-SUBG2 5.0.0
2025-11-14 15:00:10,180 [INFO] ThirdParty:1030 - CMSIS Pack Vendor :STMicroelectronics X-CUBE-AZRTOS-H7RS 1.1.0
2025-11-14 15:00:10,180 [INFO] ThirdParty:1030 - CMSIS Pack Vendor :STMicroelectronics STM32_WPAN 1.0.0
2025-11-14 15:00:10,180 [INFO] ThirdParty:1030 - CMSIS Pack Vendor :EmbeddedOffice I-CUBE-FS-RTOS 1.0.1
2025-11-14 15:00:10,180 [INFO] ThirdParty:1030 - CMSIS Pack Vendor :STMicroelectronics lwIP 2.0.3
2025-11-14 15:00:10,180 [INFO] ThirdParty:1030 - CMSIS Pack Vendor :WES I-CUBE-Cesium 1.4.0
2025-11-14 15:00:10,181 [INFO] ThirdParty:1030 - CMSIS Pack Vendor :STMicroelectronics USB_HOST 1.0.0
2025-11-14 15:00:10,181 [INFO] ThirdParty:1030 - CMSIS Pack Vendor :Infineon AIROC-Wi-Fi-Bluetooth-STM32 1.7.1
2025-11-14 15:00:10,181 [INFO] ThirdParty:1030 - CMSIS Pack Vendor :STMicroelectronics X-CUBE-AZRTOS-G4 2.0.0
2025-11-14 15:00:10,181 [INFO] ThirdParty:1030 - CMSIS Pack Vendor :STMicroelectronics X-CUBE-WB05N 2.0.0
2025-11-14 15:00:10,181 [INFO] ThirdParty:1030 - CMSIS Pack Vendor :STMicroelectronics PDM2PCM 3.1.0
2025-11-14 15:00:10,181 [INFO] ThirdParty:1030 - CMSIS Pack Vendor :STMicroelectronics PDM2PCM 3.3.0
2025-11-14 15:00:10,181 [INFO] ThirdParty:1030 - CMSIS Pack Vendor :wolfSSL I-CUBE-wolfTPM 3.8.0
2025-11-14 15:00:10,181 [INFO] ThirdParty:1030 - CMSIS Pack Vendor :STMicroelectronics X-CUBE-AZRTOS-H7 3.4.0
2025-11-14 15:00:10,181 [INFO] ThirdParty:1030 - CMSIS Pack Vendor :STMicroelectronics X-CUBE-DISPLAY 3.0.0
2025-11-14 15:00:10,181 [INFO] ThirdParty:1030 - CMSIS Pack Vendor :wolfSSL I-CUBE-wolfSSH 1.4.20
2025-11-14 15:00:10,181 [INFO] ThirdParty:1030 - CMSIS Pack Vendor :STMicroelectronics X-CUBE-NFC7 2.0.0
2025-11-14 15:00:10,181 [INFO] ThirdParty:1030 - CMSIS Pack Vendor :STMicroelectronics X-CUBE-TCPP 4.2.0
2025-11-14 15:00:10,181 [INFO] ThirdParty:1030 - CMSIS Pack Vendor :RealThread X-CUBE-RT-Thread_Nano 4.1.1
2025-11-14 15:00:10,182 [INFO] ThirdParty:1030 - CMSIS Pack Vendor :STMicroelectronics FP-ATR-SIGFOX1 3.2.0
2025-11-14 15:00:10,182 [INFO] ThirdParty:1030 - CMSIS Pack Vendor :STMicroelectronics X-CUBE-NFC10 1.0.0
2025-11-14 15:00:10,182 [INFO] ThirdParty:1030 - CMSIS Pack Vendor :STMicroelectronics HAL Drivers 0.0.0
2025-11-14 15:00:10,182 [INFO] ThirdParty:1030 - CMSIS Pack Vendor :STMicroelectronics MBEDTLS 2.16.2
2025-11-14 15:00:10,182 [INFO] ThirdParty:1030 - CMSIS Pack Vendor :STMicroelectronics X-CUBE-ST60 1.1.0
2025-11-14 15:00:10,182 [INFO] ThirdParty:1030 - CMSIS Pack Vendor :STMicroelectronics X-CUBE-IPS 3.1.0
2025-11-14 15:00:10,182 [INFO] ThirdParty:1030 - CMSIS Pack Vendor :emotas I-CUBE-CANOPEN 1.3.0
2025-11-14 15:00:10,182 [INFO] ThirdParty:1030 - CMSIS Pack Vendor :STMicroelectronics MBEDTLS 2.14.1
2025-11-14 15:00:10,182 [INFO] ThirdParty:1030 - CMSIS Pack Vendor :STMicroelectronics X-CUBE-GNSS1 7.1.0
2025-11-14 15:00:10,182 [INFO] ThirdParty:1030 - CMSIS Pack Vendor :ITTIA_DB I-CUBE-ITTIADB 8.9.0
2025-11-14 15:00:10,182 [INFO] ThirdParty:1030 - CMSIS Pack Vendor :STMicroelectronics X-CUBE-TOUCHGFX 4.26.0
2025-11-14 15:00:10,182 [INFO] ThirdParty:1030 - CMSIS Pack Vendor :STMicroelectronics X-CUBE-STSE01 1.0.0
2025-11-14 15:00:10,182 [INFO] ThirdParty:1030 - CMSIS Pack Vendor :STMicroelectronics X-CUBE-ST67W61 1.0.0
2025-11-14 15:00:10,182 [INFO] ThirdParty:1030 - CMSIS Pack Vendor :STMicroelectronics ThreadX 1.0.0
2025-11-14 15:00:10,182 [INFO] ThirdParty:1030 - CMSIS Pack Vendor :STMicroelectronics FP-SNS-SMARTAG2 1.2.0
2025-11-14 15:00:10,182 [INFO] ThirdParty:1030 - CMSIS Pack Vendor :STMicroelectronics X-CUBE-AZRTOS-WL 2.0.0
2025-11-14 15:00:10,182 [INFO] ThirdParty:1030 - CMSIS Pack Vendor :SEGGER I-CUBE-embOS 1.3.1
2025-11-14 15:00:10,182 [INFO] ThirdParty:1030 - CMSIS Pack Vendor :STMicroelectronics X-CUBE-ALGOBUILD 1.4.0
2025-11-14 15:00:10,182 [INFO] ThirdParty:1030 - CMSIS Pack Vendor :STMicroelectronics X-CUBE-MEMS1 11.3.0
2025-11-14 15:00:10,182 [INFO] ThirdParty:1030 - CMSIS Pack Vendor :STMicroelectronics FP-SNS-MOTENV1 5.0.0
2025-11-14 15:00:10,182 [INFO] ThirdParty:1030 - CMSIS Pack Vendor :STMicroelectronics USB_DEVICE 1.0.0
2025-11-14 15:00:10,182 [INFO] ThirdParty:1030 - CMSIS Pack Vendor :STMicroelectronics X-CUBE-AZRTOS-L4 2.0.0
2025-11-14 15:00:10,182 [INFO] ThirdParty:1030 - CMSIS Pack Vendor :STMicroelectronics ThreadX 0.0.2
2025-11-14 15:00:10,182 [INFO] ThirdParty:1030 - CMSIS Pack Vendor :STMicroelectronics lwIP 2.1.2
2025-11-14 15:00:10,183 [INFO] ThirdParty:1030 - CMSIS Pack Vendor :STMicroelectronics X-CUBE-SFXS2LP1 4.0.0
2025-11-14 15:00:10,183 [INFO] ThirdParty:1030 - CMSIS Pack Vendor :STMicroelectronics X-CUBE-BLE2 3.3.0
2025-11-14 15:00:10,183 [INFO] ThirdParty:1030 - CMSIS Pack Vendor :Avnet-IOTCONNECT X-CUBE-iotc-st67-sdk 1.0.0
2025-11-14 15:00:10,183 [INFO] ThirdParty:1030 - CMSIS Pack Vendor :STMicroelectronics X-CUBE-TOF1 3.4.3
2025-11-14 15:00:10,183 [INFO] ThirdParty:1030 - CMSIS Pack Vendor :STMicroelectronics PDM2PCM 3.2.0
2025-11-14 15:00:10,183 [INFO] ThirdParty:841 - exiting critical section [change project]
2025-11-14 15:00:10,444 [INFO] PinOutPanel:1589 - setPackage(No Configuration,No Configuration)
2025-11-14 15:00:10,445 [INFO] PinOutPanel:1589 - setPackage(STM32F767ZITx,LQFP144)
2025-11-14 15:00:11,072 [INFO] UtilMem:75 - Before build in PCC Used Memory: 793349688 Bytes (1073741824)
2025-11-14 15:00:11,514 [INFO] UtilMem:75 - After build in PCC Used Memory: 845256248 Bytes (1073741824)
2025-11-14 15:00:11,547 [INFO] IPUIPlugin:80 - create IPUIPlugin
2025-11-14 15:00:11,548 [INFO] IPUIPlugin:80 - create IPUIPlugin
2025-11-14 15:00:11,548 [INFO] IPUIPlugin:80 - create IPUIPlugin
2025-11-14 15:00:11,548 [INFO] IPUIPlugin:80 - create IPUIPlugin
2025-11-14 15:00:11,548 [INFO] IPUIPlugin:80 - create IPUIPlugin
2025-11-14 15:00:11,548 [INFO] IPUIPlugin:80 - create IPUIPlugin
2025-11-14 15:00:11,548 [INFO] IPUIPlugin:80 - create IPUIPlugin
2025-11-14 15:00:11,548 [INFO] IPUIPlugin:80 - create IPUIPlugin
2025-11-14 15:00:11,549 [INFO] IPUIPlugin:80 - create IPUIPlugin
2025-11-14 15:00:11,549 [INFO] IPUIPlugin:80 - create IPUIPlugin
2025-11-14 15:00:11,549 [INFO] IPUIPlugin:80 - create IPUIPlugin
2025-11-14 15:00:11,549 [INFO] IPUIPlugin:80 - create IPUIPlugin
2025-11-14 15:00:11,549 [INFO] IPUIPlugin:80 - create IPUIPlugin
2025-11-14 15:00:11,549 [INFO] IPUIPlugin:80 - create IPUIPlugin
2025-11-14 15:00:11,549 [INFO] IPUIPlugin:80 - create IPUIPlugin
2025-11-14 15:00:11,549 [INFO] IPUIPlugin:80 - create IPUIPlugin
2025-11-14 15:00:11,549 [INFO] IPUIPlugin:80 - create IPUIPlugin
2025-11-14 15:00:11,549 [INFO] IPUIPlugin:80 - create IPUIPlugin
2025-11-14 15:00:11,549 [INFO] IPUIPlugin:80 - create IPUIPlugin
2025-11-14 15:00:11,550 [INFO] IPUIPlugin:80 - create IPUIPlugin
2025-11-14 15:00:11,550 [INFO] IPUIPlugin:80 - create IPUIPlugin
2025-11-14 15:00:11,550 [INFO] IPUIPlugin:80 - create IPUIPlugin
2025-11-14 15:00:11,550 [INFO] IPUIPlugin:80 - create IPUIPlugin
2025-11-14 15:00:11,550 [INFO] IPUIPlugin:80 - create IPUIPlugin
2025-11-14 15:00:11,550 [INFO] IPUIPlugin:80 - create IPUIPlugin
2025-11-14 15:00:11,550 [INFO] IPUIPlugin:80 - create IPUIPlugin
2025-11-14 15:00:11,550 [INFO] IPUIPlugin:80 - create IPUIPlugin
2025-11-14 15:00:11,550 [INFO] IPUIPlugin:80 - create IPUIPlugin
2025-11-14 15:00:11,550 [INFO] IPUIPlugin:80 - create IPUIPlugin
2025-11-14 15:00:11,551 [INFO] IPUIPlugin:80 - create IPUIPlugin
2025-11-14 15:00:11,551 [INFO] IPUIPlugin:80 - create IPUIPlugin
2025-11-14 15:00:11,551 [INFO] IPUIPlugin:80 - create IPUIPlugin
2025-11-14 15:00:11,551 [INFO] IPUIPlugin:80 - create IPUIPlugin
2025-11-14 15:00:11,551 [INFO] IPUIPlugin:80 - create IPUIPlugin
2025-11-14 15:00:11,551 [INFO] IPUIPlugin:80 - create IPUIPlugin
2025-11-14 15:00:11,552 [INFO] IPUIPlugin:80 - create IPUIPlugin
2025-11-14 15:00:11,552 [INFO] IPUIPlugin:80 - create IPUIPlugin
2025-11-14 15:00:11,552 [INFO] IPUIPlugin:80 - create IPUIPlugin
2025-11-14 15:00:11,552 [INFO] IPUIPlugin:80 - create IPUIPlugin
2025-11-14 15:00:11,553 [INFO] IPUIPlugin:80 - create IPUIPlugin
2025-11-14 15:00:11,553 [INFO] IPUIPlugin:80 - create IPUIPlugin
2025-11-14 15:00:11,553 [INFO] IPUIPlugin:80 - create IPUIPlugin
2025-11-14 15:00:11,553 [INFO] IPUIPlugin:80 - create IPUIPlugin
2025-11-14 15:00:11,553 [INFO] IPUIPlugin:80 - create IPUIPlugin
2025-11-14 15:00:11,554 [INFO] IPUIPlugin:80 - create IPUIPlugin
2025-11-14 15:00:11,554 [INFO] IPUIPlugin:80 - create IPUIPlugin
2025-11-14 15:00:11,554 [INFO] IPUIPlugin:80 - create IPUIPlugin
2025-11-14 15:00:11,554 [INFO] IPUIPlugin:80 - create IPUIPlugin
2025-11-14 15:00:11,554 [INFO] IPUIPlugin:80 - create IPUIPlugin
2025-11-14 15:00:11,554 [INFO] IPUIPlugin:80 - create IPUIPlugin
2025-11-14 15:00:11,555 [INFO] IPUIPlugin:80 - create IPUIPlugin
2025-11-14 15:00:11,555 [INFO] IPUIPlugin:80 - create IPUIPlugin
2025-11-14 15:00:11,555 [INFO] IPUIPlugin:80 - create IPUIPlugin
2025-11-14 15:00:11,555 [INFO] IPUIPlugin:80 - create IPUIPlugin
2025-11-14 15:00:11,555 [INFO] IPUIPlugin:80 - create IPUIPlugin
2025-11-14 15:00:11,556 [INFO] IPUIPlugin:80 - create IPUIPlugin
2025-11-14 15:00:11,556 [INFO] IPUIPlugin:80 - create IPUIPlugin
2025-11-14 15:00:11,556 [INFO] IPUIPlugin:80 - create IPUIPlugin
2025-11-14 15:00:11,557 [INFO] IPUIPlugin:80 - create IPUIPlugin
2025-11-14 15:00:11,557 [INFO] IPUIPlugin:80 - create IPUIPlugin
2025-11-14 15:00:11,558 [INFO] IPUIPlugin:80 - create IPUIPlugin
2025-11-14 15:00:11,558 [INFO] IPUIPlugin:80 - create IPUIPlugin
2025-11-14 15:00:11,558 [INFO] IPUIPlugin:80 - create IPUIPlugin
2025-11-14 15:00:11,558 [INFO] IPUIPlugin:80 - create IPUIPlugin
2025-11-14 15:00:11,558 [INFO] IPUIPlugin:80 - create IPUIPlugin
2025-11-14 15:00:11,559 [INFO] IPUIPlugin:80 - create IPUIPlugin
2025-11-14 15:00:11,559 [INFO] IPUIPlugin:80 - create IPUIPlugin
2025-11-14 15:00:11,559 [INFO] IPUIPlugin:80 - create IPUIPlugin
2025-11-14 15:00:11,559 [INFO] IPUIPlugin:80 - create IPUIPlugin
2025-11-14 15:00:11,560 [INFO] IPUIPlugin:80 - create IPUIPlugin
2025-11-14 15:00:11,560 [INFO] IPUIPlugin:80 - create IPUIPlugin
2025-11-14 15:00:11,560 [INFO] IPUIPlugin:80 - create IPUIPlugin
2025-11-14 15:00:11,560 [INFO] IPUIPlugin:80 - create IPUIPlugin
2025-11-14 15:00:11,561 [INFO] IPUIPlugin:80 - create IPUIPlugin
2025-11-14 15:00:11,561 [INFO] IPUIPlugin:80 - create IPUIPlugin
2025-11-14 15:00:11,561 [INFO] IPUIPlugin:80 - create IPUIPlugin
2025-11-14 15:00:11,562 [INFO] IPUIPlugin:80 - create IPUIPlugin
2025-11-14 15:00:11,562 [INFO] IPUIPlugin:80 - create IPUIPlugin
2025-11-14 15:00:11,562 [INFO] IPUIPlugin:80 - create IPUIPlugin
2025-11-14 15:00:11,581 [INFO] ApiDbMcu:532 - Load IP Config File for PDM2PCM
2025-11-14 15:00:11,646 [INFO] CADModel:165 - CPN selected for project levelSTM32F767ZIT6
2025-11-14 15:00:11,647 [INFO] CADModel:114 - Register for checkConnection events
2025-11-14 15:00:11,843 [INFO] OpenFileManager:386 - Restore cursor
2025-11-14 15:02:02,166 [INFO] MainUpdater:2872 - connection check result : 10
2025-11-14 15:02:02,166 [INFO] MainUpdater:2872 - connection check result : 10
2025-11-14 15:02:02,202 [INFO] MicroXplorer:468 - Change Database Path : 
2025-11-14 15:02:02,203 [INFO] MicroXplorer:498 - Change Database Version : DB.6.0.150
2025-11-14 15:02:02,210 [ERROR] ProjectManagerView:395 - 
java.lang.NullPointerException: Cannot invoke "javax.swing.JTextField.getText()" because the return value of "java.util.List.get(int)" is null
	at com.st.microxplorer.plugins.projectmanager.gui.ProjectChoiceTab$9.caretUpdate(ProjectChoiceTab.java:2706) ~[filemanager.jar:?]
	at javax.swing.text.JTextComponent.fireCaretUpdate(JTextComponent.java:408) ~[?:?]
	at javax.swing.text.JTextComponent$MutableCaretEvent.fire(JTextComponent.java:4484) ~[?:?]
	at javax.swing.text.JTextComponent$MutableCaretEvent.stateChanged(JTextComponent.java:4506) ~[?:?]
	at javax.swing.text.DefaultCaret.fireStateChanged(DefaultCaret.java:857) ~[?:?]
	at javax.swing.text.DefaultCaret.changeCaretPosition(DefaultCaret.java:1343) ~[?:?]
	at javax.swing.text.DefaultCaret.handleSetDot(DefaultCaret.java:1242) ~[?:?]
	at javax.swing.text.DefaultCaret.setDot(DefaultCaret.java:1223) ~[?:?]
	at javax.swing.text.DefaultCaret$Handler.insertUpdate(DefaultCaret.java:1819) ~[?:?]
	at javax.swing.text.AbstractDocument.fireInsertUpdate(AbstractDocument.java:227) ~[?:?]
	at javax.swing.text.AbstractDocument.handleInsertString(AbstractDocument.java:781) ~[?:?]
	at javax.swing.text.AbstractDocument.insertString(AbstractDocument.java:740) ~[?:?]
	at javax.swing.text.PlainDocument.insertString(PlainDocument.java:131) ~[?:?]
	at javax.swing.text.AbstractDocument.replace(AbstractDocument.java:699) ~[?:?]
	at javax.swing.text.JTextComponent.setText(JTextComponent.java:1725) ~[?:?]
	at com.st.microxplorer.plugins.projectmanager.gui.ProjectChoiceTab.createHeapStackFields(ProjectChoiceTab.java:993) ~[filemanager.jar:?]
	at com.st.microxplorer.plugins.projectmanager.gui.ProjectChoiceTab.buildLinkSettingsPanel(ProjectChoiceTab.java:3813) ~[filemanager.jar:?]
	at com.st.microxplorer.plugins.projectmanager.gui.ProjectChoiceTab.defineWindowsFields(ProjectChoiceTab.java:1987) ~[filemanager.jar:?]
	at com.st.microxplorer.plugins.projectmanager.gui.ProjectChoiceTab.updateSettings(ProjectChoiceTab.java:558) ~[filemanager.jar:?]
	at com.st.microxplorer.plugins.projectmanager.gui.ProjectSettingsPanel.UpdateDialog(ProjectSettingsPanel.java:247) ~[filemanager.jar:?]
	at com.st.microxplorer.plugins.projectmanager.ProjectManagerView.propertyChange(ProjectManagerView.java:392) ~[filemanager.jar:?]
	at java.beans.PropertyChangeSupport.fire(PropertyChangeSupport.java:343) ~[?:?]
	at java.beans.PropertyChangeSupport.firePropertyChange(PropertyChangeSupport.java:335) ~[?:?]
	at java.beans.PropertyChangeSupport.firePropertyChange(PropertyChangeSupport.java:268) ~[?:?]
	at com.st.microxplorer.util.MXPropertyChangeSupport.firePropertyChange(MXPropertyChangeSupport.java:54) ~[STM32CubeMX.jar:?]
	at com.st.microxplorer.mxsystem.MxSystem.closeConfig(MxSystem.java:899) ~[STM32CubeMX.jar:?]
	at com.st.microxplorer.maingui.MainPanel.closeConfig(MainPanel.java:792) ~[STM32CubeMX.jar:?]
	at com.st.microxplorer.plugins.filemanager.engine.OpenFileManager.loadConfigurationFile(OpenFileManager.java:288) ~[filemanager.jar:?]
	at com.st.microxplorer.plugins.filemanager.engine.MainFileManager.userLoadConfig(MainFileManager.java:364) ~[filemanager.jar:?]
	at com.st.microxplorer.plugins.filemanager.engine.MainFileManager.userLoadConfig(MainFileManager.java:342) ~[filemanager.jar:?]
	at com.st.microxplorer.plugins.filemanager.FileManagerView.getSpecificTask(FileManagerView.java:264) ~[filemanager.jar:?]
	at com.st.stm32cube.common.mx.editor.CubeMxEditor.getMxTabbedPaneInstance(CubeMxEditor.java:1198) ~[com.st.stm32cube.common.mx_6.15.0.202507011659/:?]
	at com.st.stm32cube.common.mx.editor.CubeMxEditor$12$1.createSwingComponent(CubeMxEditor.java:1068) ~[com.st.stm32cube.common.mx_6.15.0.202507011659/:?]
	at com.st.stm32cube.common.mx.oss.core.awtswtbridge.EmbeddedSwingComposite.doComponentCreation(EmbeddedSwingComposite.java:492) ~[com.st.stm32cube.common.mx.oss_6.15.0.202507011659/:?]
	at com.st.stm32cube.common.mx.oss.core.awtswtbridge.EmbeddedSwingComposite$4.run(EmbeddedSwingComposite.java:291) ~[com.st.stm32cube.common.mx.oss_6.15.0.202507011659/:?]
	at com.st.stm32cube.common.mx.oss.core.awtswtbridge.AwtEnvironment$2.run(AwtEnvironment.java:166) ~[com.st.stm32cube.common.mx.oss_6.15.0.202507011659/:?]
	at java.awt.event.InvocationEvent.dispatch(InvocationEvent.java:318) ~[?:?]
	at java.awt.EventQueue.dispatchEventImpl(EventQueue.java:773) ~[?:?]
	at java.awt.EventQueue$4.run(EventQueue.java:720) ~[?:?]
	at java.awt.EventQueue$4.run(EventQueue.java:714) ~[?:?]
	at java.security.AccessController.doPrivileged(AccessController.java:400) ~[?:?]
	at java.security.ProtectionDomain$JavaSecurityAccessImpl.doIntersectionPrivilege(ProtectionDomain.java:87) ~[?:?]
	at java.awt.EventQueue.dispatchEvent(EventQueue.java:742) ~[?:?]
	at java.awt.EventDispatchThread.pumpOneEventForFilters(EventDispatchThread.java:203) ~[?:?]
	at java.awt.EventDispatchThread.pumpEventsForFilter(EventDispatchThread.java:124) ~[?:?]
	at java.awt.EventDispatchThread.pumpEventsForHierarchy(EventDispatchThread.java:113) ~[?:?]
	at java.awt.EventDispatchThread.pumpEvents(EventDispatchThread.java:109) ~[?:?]
	at java.awt.EventDispatchThread.pumpEvents(EventDispatchThread.java:101) ~[?:?]
	at java.awt.EventDispatchThread.run(EventDispatchThread.java:90) ~[?:?]
2025-11-14 15:02:02,211 [WARN] ThirdParty:871 - waiting for thirdparty lock release [close project]
2025-11-14 15:02:02,211 [INFO] ThirdParty:873 - entering critical section [close project]
2025-11-14 15:02:02,211 [INFO] ThirdParty:883 - exiting critical section [close project]
2025-11-14 15:02:02,213 [INFO] PinOutPanel:1589 - setPackage(No Configuration,No Configuration)
2025-11-14 15:02:02,222 [WARN] IpParametersView:155 - Warning: This peripheral hasn't parameters
2025-11-14 15:02:02,227 [WARN] MainPanel:289 - <html><b><center>Warning: This peripheral has no parameters to be configured<br></b></html>
2025-11-14 15:02:02,230 [INFO] UtilMem:75 - Begin LoadConfig() Used Memory: 697601232 Bytes (1073741824)
2025-11-14 15:02:02,231 [INFO] MicroXplorer:468 - Change Database Path : 
2025-11-14 15:02:02,231 [INFO] MicroXplorer:498 - Change Database Version : DB.6.0.150
2025-11-14 15:02:02,231 [INFO] OpenFileManager:355 - Change cursor
2025-11-14 15:02:02,241 [INFO] Mcu:2029 - Initializing MCU STM32F767ZITx STM32F767ZITx STM32F767ZIT6
2025-11-14 15:02:04,502 [INFO] Context:786 - Trying to add GPIOservice into a context  which must be forbidden
2025-11-14 15:02:04,842 [INFO] ImportTextPane:234 - (OptionalMessage_ERROR) Pin1 (VP_RIF_VS_RIF1) cannot be retrieved for this MCU
2025-11-14 15:02:04,887 [INFO] RtosManager:558 - Registered RTOS mode: class=CMSIS, group=RTOS, mode=CMSIS_V1, owner=FREERTOS
2025-11-14 15:02:04,887 [INFO] RtosManager:558 - Registered RTOS mode: class=CMSIS, group=RTOS2, mode=CMSIS_V2, owner=FREERTOS
2025-11-14 15:02:04,887 [INFO] RtosManager:558 - Registered RTOS mode: class=RTOS, group=Core, mode=CMSIS_V1, owner=FREERTOS
2025-11-14 15:02:04,887 [INFO] RtosManager:558 - Registered RTOS mode: class=RTOS, group=Core, mode=CMSIS_V2, owner=FREERTOS
2025-11-14 15:02:04,887 [WARN] ModelIntegratedComponent:184 - Missing modes for component STMicroelectronics:FreeRTOS:0.0.1:STMicroelectronics:RTOS:FreeRTOS:Core:::10.2.0:
2025-11-14 15:02:04,899 [WARN] ModelIntegratedComponent:63 - No mode defined for component null
2025-11-14 15:02:04,899 [WARN] ModelIntegratedComponent:63 - No mode defined for component null
2025-11-14 15:02:04,899 [WARN] ModelIntegratedComponent:63 - No mode defined for component null
2025-11-14 15:02:04,900 [WARN] ModelIntegratedComponent:63 - No mode defined for component null
2025-11-14 15:02:04,900 [WARN] ModelIntegratedComponent:63 - No mode defined for component null
2025-11-14 15:02:04,900 [WARN] ModelIntegratedComponent:63 - No mode defined for component null
2025-11-14 15:02:04,900 [WARN] ModelIntegratedComponent:63 - No mode defined for component null
2025-11-14 15:02:04,900 [WARN] ModelIntegratedComponent:63 - No mode defined for component null
2025-11-14 15:02:04,900 [WARN] ModelIntegratedComponent:63 - No mode defined for component null
2025-11-14 15:02:04,900 [WARN] ModelIntegratedComponent:63 - No mode defined for component null
2025-11-14 15:02:04,900 [WARN] ModelIntegratedComponent:63 - No mode defined for component null
2025-11-14 15:02:04,900 [WARN] ModelIntegratedComponent:63 - No mode defined for component null
2025-11-14 15:02:04,900 [WARN] ModelIntegratedComponent:63 - No mode defined for component null
2025-11-14 15:02:04,900 [WARN] ModelIntegratedComponent:63 - No mode defined for component null
2025-11-14 15:02:04,900 [WARN] ModelIntegratedComponent:63 - No mode defined for component null
2025-11-14 15:02:04,900 [WARN] ModelIntegratedComponent:63 - No mode defined for component null
2025-11-14 15:02:04,900 [WARN] ModelIntegratedComponent:63 - No mode defined for component null
2025-11-14 15:02:04,900 [WARN] ModelIntegratedComponent:63 - No mode defined for component null
2025-11-14 15:02:04,900 [WARN] ModelIntegratedComponent:63 - No mode defined for component null
2025-11-14 15:02:04,901 [WARN] ModelIntegratedComponent:63 - No mode defined for component null
2025-11-14 15:02:04,901 [WARN] ModelIntegratedComponent:63 - No mode defined for component null
2025-11-14 15:02:04,901 [WARN] ModelIntegratedComponent:63 - No mode defined for component null
2025-11-14 15:02:04,901 [WARN] ModelIntegratedComponent:63 - No mode defined for component null
2025-11-14 15:02:04,901 [WARN] ModelIntegratedComponent:63 - No mode defined for component null
2025-11-14 15:02:04,901 [WARN] ModelIntegratedComponent:63 - No mode defined for component null
2025-11-14 15:02:04,901 [WARN] ModelIntegratedComponent:63 - No mode defined for component null
2025-11-14 15:02:04,901 [WARN] ModelIntegratedComponent:63 - No mode defined for component null
2025-11-14 15:02:04,901 [WARN] ModelIntegratedComponent:63 - No mode defined for component null
2025-11-14 15:02:04,901 [WARN] ModelIntegratedComponent:63 - No mode defined for component null
2025-11-14 15:02:04,901 [WARN] ModelIntegratedComponent:63 - No mode defined for component null
2025-11-14 15:02:04,901 [WARN] ModelIntegratedComponent:63 - No mode defined for component null
2025-11-14 15:02:04,901 [WARN] ModelIntegratedComponent:63 - No mode defined for component null
2025-11-14 15:02:04,901 [WARN] ModelIntegratedComponent:63 - No mode defined for component null
2025-11-14 15:02:04,901 [WARN] ModelIntegratedComponent:63 - No mode defined for component null
2025-11-14 15:02:04,901 [WARN] ModelIntegratedComponent:63 - No mode defined for component null
2025-11-14 15:02:04,901 [WARN] ModelPack:524 - Component already loaded: STMicroelectronics:HAL Drivers:0.0.0:STMicroelectronics:Device:STMicro_Driver:XSPI:HAL::0.0.1:HAL_XSPI
2025-11-14 15:02:04,993 [INFO] ThirdPartyModel:298 - Start build external matchings
2025-11-14 15:02:05,497 [INFO] ThirdPartyModel:316 - End build external matchings
2025-11-14 15:02:06,112 [INFO] UtilMem:75 - End LoadConfig() Used Memory: 407385360 Bytes (1073741824)
2025-11-14 15:02:06,176 [WARN] ThirdParty:833 - waiting for thirdparty lock release [change project]
2025-11-14 15:02:06,177 [INFO] ThirdParty:835 - entering critical section [change project]
2025-11-14 15:02:06,177 [INFO] ThirdParty:1030 - CMSIS Pack Vendor :STMicroelectronics X-CUBE-PM33A1 1.0.0
2025-11-14 15:02:06,177 [INFO] ThirdParty:1030 - CMSIS Pack Vendor :STMicroelectronics USBPD 4.1
2025-11-14 15:02:06,177 [INFO] ThirdParty:1030 - CMSIS Pack Vendor :STMicroelectronics X-CUBE-NFC9 1.0.0
2025-11-14 15:02:06,177 [INFO] ThirdParty:1030 - CMSIS Pack Vendor :STMicroelectronics USB_HOST 2.0.0
2025-11-14 15:02:06,177 [INFO] ThirdParty:1030 - CMSIS Pack Vendor :STMicroelectronics X-CUBE-AZRTOS-F4 1.1.0
2025-11-14 15:02:06,177 [INFO] ThirdParty:1030 - CMSIS Pack Vendor :STMicroelectronics LIBJPEG 8.0.0
2025-11-14 15:02:06,177 [INFO] ThirdParty:1030 - CMSIS Pack Vendor :wolfSSL I-CUBE-wolfSSL 5.8.2
2025-11-14 15:02:06,177 [INFO] ThirdParty:1030 - CMSIS Pack Vendor :STMicroelectronics X-CUBE-SMBUS 2.1.0
2025-11-14 15:02:06,177 [INFO] ThirdParty:1030 - CMSIS Pack Vendor :wolfSSL I-CUBE-wolfMQTT 1.19.2
2025-11-14 15:02:06,177 [INFO] ThirdParty:1030 - CMSIS Pack Vendor :STMicroelectronics USB_DEVICE 3.0.0
2025-11-14 15:02:06,177 [INFO] ThirdParty:1030 - CMSIS Pack Vendor :STMicroelectronics X-CUBE-ISPU 2.1.0
2025-11-14 15:02:06,177 [INFO] ThirdParty:1030 - CMSIS Pack Vendor :STMicroelectronics X-CUBE-IPS 3.2.0
2025-11-14 15:02:06,177 [INFO] ThirdParty:1030 - CMSIS Pack Vendor :STMicroelectronics X-CUBE-AZRTOS-WB 2.0.0
2025-11-14 15:02:06,177 [INFO] ThirdParty:1030 - CMSIS Pack Vendor :STMicroelectronics X-CUBE-ST60 1.0.0
2025-11-14 15:02:06,177 [INFO] ThirdParty:1030 - CMSIS Pack Vendor :STMicroelectronics X-CUBE-GNSS1 7.0.1
2025-11-14 15:02:06,177 [INFO] ThirdParty:1030 - CMSIS Pack Vendor :STMicroelectronics X-CUBE-NFC12 1.0.0
2025-11-14 15:02:06,177 [INFO] ThirdParty:1030 - CMSIS Pack Vendor :STMicroelectronics X-CUBE-AZRTOS-F7 1.1.0
2025-11-14 15:02:06,177 [INFO] ThirdParty:1030 - CMSIS Pack Vendor :STMicroelectronics X-CUBE-AZRTOS-L5 2.0.0
2025-11-14 15:02:06,177 [INFO] ThirdParty:1030 - CMSIS Pack Vendor :STMicroelectronics X-CUBE-TOUCHGFX 4.25.0
2025-11-14 15:02:06,177 [INFO] ThirdParty:1030 - CMSIS Pack Vendor :STMicroelectronics USB_DEVICE 2.0.0
2025-11-14 15:02:06,177 [INFO] ThirdParty:1030 - CMSIS Pack Vendor :STMicroelectronics X-CUBE-NFC6 3.1.0
2025-11-14 15:02:06,177 [INFO] ThirdParty:1030 - CMSIS Pack Vendor :STMicroelectronics X-CUBE-ST67W61 1.1.0
2025-11-14 15:02:06,177 [INFO] ThirdParty:1030 - CMSIS Pack Vendor :Cesanta I-CUBE-Mongoose 7.19.0
2025-11-14 15:02:06,177 [INFO] ThirdParty:1030 - CMSIS Pack Vendor :quantropi X-CUBE-qispace-sdk-base 2.1.0
2025-11-14 15:02:06,177 [INFO] ThirdParty:1030 - CMSIS Pack Vendor :STMicroelectronics FP-SNS-MOTENV1 5.1.0
2025-11-14 15:02:06,177 [INFO] ThirdParty:1030 - CMSIS Pack Vendor :STMicroelectronics FreeRTOS 0.0.1
2025-11-14 15:02:06,177 [INFO] ThirdParty:1030 - CMSIS Pack Vendor :STMicroelectronics X-CUBE-AZRTOS-G0 1.1.0
2025-11-14 15:02:06,177 [INFO] ThirdParty:1030 - CMSIS Pack Vendor :STMicroelectronics X-CUBE-SAFEA1 1.2.2
2025-11-14 15:02:06,177 [INFO] ThirdParty:1030 - CMSIS Pack Vendor :STMicroelectronics X-CUBE-NFC4 3.0.0
2025-11-14 15:02:06,177 [INFO] ThirdParty:1030 - CMSIS Pack Vendor :STMicroelectronics X-CUBE-SUBG2 5.0.0
2025-11-14 15:02:06,177 [INFO] ThirdParty:1030 - CMSIS Pack Vendor :STMicroelectronics X-CUBE-AZRTOS-H7RS 1.1.0
2025-11-14 15:02:06,178 [INFO] ThirdParty:1030 - CMSIS Pack Vendor :STMicroelectronics STM32_WPAN 1.0.0
2025-11-14 15:02:06,178 [INFO] ThirdParty:1030 - CMSIS Pack Vendor :EmbeddedOffice I-CUBE-FS-RTOS 1.0.1
2025-11-14 15:02:06,178 [INFO] ThirdParty:1030 - CMSIS Pack Vendor :STMicroelectronics lwIP 2.0.3
2025-11-14 15:02:06,178 [INFO] ThirdParty:1030 - CMSIS Pack Vendor :WES I-CUBE-Cesium 1.4.0
2025-11-14 15:02:06,178 [INFO] ThirdParty:1030 - CMSIS Pack Vendor :STMicroelectronics USB_HOST 1.0.0
2025-11-14 15:02:06,178 [INFO] ThirdParty:1030 - CMSIS Pack Vendor :Infineon AIROC-Wi-Fi-Bluetooth-STM32 1.7.1
2025-11-14 15:02:06,178 [INFO] ThirdParty:1030 - CMSIS Pack Vendor :STMicroelectronics X-CUBE-AZRTOS-G4 2.0.0
2025-11-14 15:02:06,178 [INFO] ThirdParty:1030 - CMSIS Pack Vendor :STMicroelectronics X-CUBE-WB05N 2.0.0
2025-11-14 15:02:06,178 [INFO] ThirdParty:1030 - CMSIS Pack Vendor :STMicroelectronics PDM2PCM 3.1.0
2025-11-14 15:02:06,178 [INFO] ThirdParty:1030 - CMSIS Pack Vendor :STMicroelectronics PDM2PCM 3.3.0
2025-11-14 15:02:06,178 [INFO] ThirdParty:1030 - CMSIS Pack Vendor :wolfSSL I-CUBE-wolfTPM 3.8.0
2025-11-14 15:02:06,178 [INFO] ThirdParty:1030 - CMSIS Pack Vendor :STMicroelectronics X-CUBE-AZRTOS-H7 3.4.0
2025-11-14 15:02:06,178 [INFO] ThirdParty:1030 - CMSIS Pack Vendor :STMicroelectronics X-CUBE-DISPLAY 3.0.0
2025-11-14 15:02:06,178 [INFO] ThirdParty:1030 - CMSIS Pack Vendor :wolfSSL I-CUBE-wolfSSH 1.4.20
2025-11-14 15:02:06,178 [INFO] ThirdParty:1030 - CMSIS Pack Vendor :STMicroelectronics X-CUBE-NFC7 2.0.0
2025-11-14 15:02:06,178 [INFO] ThirdParty:1030 - CMSIS Pack Vendor :STMicroelectronics X-CUBE-TCPP 4.2.0
2025-11-14 15:02:06,178 [INFO] ThirdParty:1030 - CMSIS Pack Vendor :RealThread X-CUBE-RT-Thread_Nano 4.1.1
2025-11-14 15:02:06,178 [INFO] ThirdParty:1030 - CMSIS Pack Vendor :STMicroelectronics FP-ATR-SIGFOX1 3.2.0
2025-11-14 15:02:06,178 [INFO] ThirdParty:1030 - CMSIS Pack Vendor :STMicroelectronics X-CUBE-NFC10 1.0.0
2025-11-14 15:02:06,178 [INFO] ThirdParty:1030 - CMSIS Pack Vendor :STMicroelectronics HAL Drivers 0.0.0
2025-11-14 15:02:06,178 [INFO] ThirdParty:1030 - CMSIS Pack Vendor :STMicroelectronics MBEDTLS 2.16.2
2025-11-14 15:02:06,178 [INFO] ThirdParty:1030 - CMSIS Pack Vendor :STMicroelectronics X-CUBE-ST60 1.1.0
2025-11-14 15:02:06,178 [INFO] ThirdParty:1030 - CMSIS Pack Vendor :STMicroelectronics X-CUBE-IPS 3.1.0
2025-11-14 15:02:06,178 [INFO] ThirdParty:1030 - CMSIS Pack Vendor :emotas I-CUBE-CANOPEN 1.3.0
2025-11-14 15:02:06,178 [INFO] ThirdParty:1030 - CMSIS Pack Vendor :STMicroelectronics MBEDTLS 2.14.1
2025-11-14 15:02:06,178 [INFO] ThirdParty:1030 - CMSIS Pack Vendor :STMicroelectronics X-CUBE-GNSS1 7.1.0
2025-11-14 15:02:06,178 [INFO] ThirdParty:1030 - CMSIS Pack Vendor :ITTIA_DB I-CUBE-ITTIADB 8.9.0
2025-11-14 15:02:06,178 [INFO] ThirdParty:1030 - CMSIS Pack Vendor :STMicroelectronics X-CUBE-TOUCHGFX 4.26.0
2025-11-14 15:02:06,178 [INFO] ThirdParty:1030 - CMSIS Pack Vendor :STMicroelectronics X-CUBE-STSE01 1.0.0
2025-11-14 15:02:06,178 [INFO] ThirdParty:1030 - CMSIS Pack Vendor :STMicroelectronics X-CUBE-ST67W61 1.0.0
2025-11-14 15:02:06,178 [INFO] ThirdParty:1030 - CMSIS Pack Vendor :STMicroelectronics ThreadX 1.0.0
2025-11-14 15:02:06,178 [INFO] ThirdParty:1030 - CMSIS Pack Vendor :STMicroelectronics FP-SNS-SMARTAG2 1.2.0
2025-11-14 15:02:06,178 [INFO] ThirdParty:1030 - CMSIS Pack Vendor :STMicroelectronics X-CUBE-AZRTOS-WL 2.0.0
2025-11-14 15:02:06,178 [INFO] ThirdParty:1030 - CMSIS Pack Vendor :SEGGER I-CUBE-embOS 1.3.1
2025-11-14 15:02:06,178 [INFO] ThirdParty:1030 - CMSIS Pack Vendor :STMicroelectronics X-CUBE-ALGOBUILD 1.4.0
2025-11-14 15:02:06,178 [INFO] ThirdParty:1030 - CMSIS Pack Vendor :STMicroelectronics X-CUBE-MEMS1 11.3.0
2025-11-14 15:02:06,178 [INFO] ThirdParty:1030 - CMSIS Pack Vendor :STMicroelectronics FP-SNS-MOTENV1 5.0.0
2025-11-14 15:02:06,178 [INFO] ThirdParty:1030 - CMSIS Pack Vendor :STMicroelectronics USB_DEVICE 1.0.0
2025-11-14 15:02:06,178 [INFO] ThirdParty:1030 - CMSIS Pack Vendor :STMicroelectronics X-CUBE-AZRTOS-L4 2.0.0
2025-11-14 15:02:06,178 [INFO] ThirdParty:1030 - CMSIS Pack Vendor :STMicroelectronics ThreadX 0.0.2
2025-11-14 15:02:06,178 [INFO] ThirdParty:1030 - CMSIS Pack Vendor :STMicroelectronics lwIP 2.1.2
2025-11-14 15:02:06,178 [INFO] ThirdParty:1030 - CMSIS Pack Vendor :STMicroelectronics X-CUBE-SFXS2LP1 4.0.0
2025-11-14 15:02:06,178 [INFO] ThirdParty:1030 - CMSIS Pack Vendor :STMicroelectronics X-CUBE-BLE2 3.3.0
2025-11-14 15:02:06,178 [INFO] ThirdParty:1030 - CMSIS Pack Vendor :Avnet-IOTCONNECT X-CUBE-iotc-st67-sdk 1.0.0
2025-11-14 15:02:06,178 [INFO] ThirdParty:1030 - CMSIS Pack Vendor :STMicroelectronics X-CUBE-TOF1 3.4.3
2025-11-14 15:02:06,178 [INFO] ThirdParty:1030 - CMSIS Pack Vendor :STMicroelectronics PDM2PCM 3.2.0
2025-11-14 15:02:06,178 [INFO] ThirdParty:841 - exiting critical section [change project]
2025-11-14 15:02:06,441 [INFO] PinOutPanel:1589 - setPackage(No Configuration,No Configuration)
2025-11-14 15:02:06,442 [INFO] PinOutPanel:1589 - setPackage(STM32F767ZITx,LQFP144)
2025-11-14 15:02:06,747 [INFO] UtilMem:75 - Before build in PCC Used Memory: 767892352 Bytes (1073741824)
2025-11-14 15:02:06,946 [INFO] UtilMem:75 - After build in PCC Used Memory: 817697664 Bytes (1073741824)
2025-11-14 15:02:06,986 [INFO] IPUIPlugin:80 - create IPUIPlugin
2025-11-14 15:02:06,986 [INFO] IPUIPlugin:80 - create IPUIPlugin
2025-11-14 15:02:06,986 [INFO] IPUIPlugin:80 - create IPUIPlugin
2025-11-14 15:02:06,986 [INFO] IPUIPlugin:80 - create IPUIPlugin
2025-11-14 15:02:06,987 [INFO] IPUIPlugin:80 - create IPUIPlugin
2025-11-14 15:02:06,987 [INFO] IPUIPlugin:80 - create IPUIPlugin
2025-11-14 15:02:06,987 [INFO] IPUIPlugin:80 - create IPUIPlugin
2025-11-14 15:02:06,987 [INFO] IPUIPlugin:80 - create IPUIPlugin
2025-11-14 15:02:06,987 [INFO] IPUIPlugin:80 - create IPUIPlugin
2025-11-14 15:02:06,988 [INFO] IPUIPlugin:80 - create IPUIPlugin
2025-11-14 15:02:06,988 [INFO] IPUIPlugin:80 - create IPUIPlugin
2025-11-14 15:02:06,988 [INFO] IPUIPlugin:80 - create IPUIPlugin
2025-11-14 15:02:06,988 [INFO] IPUIPlugin:80 - create IPUIPlugin
2025-11-14 15:02:06,988 [INFO] IPUIPlugin:80 - create IPUIPlugin
2025-11-14 15:02:06,988 [INFO] IPUIPlugin:80 - create IPUIPlugin
2025-11-14 15:02:06,988 [INFO] IPUIPlugin:80 - create IPUIPlugin
2025-11-14 15:02:06,988 [INFO] IPUIPlugin:80 - create IPUIPlugin
2025-11-14 15:02:06,988 [INFO] IPUIPlugin:80 - create IPUIPlugin
2025-11-14 15:02:06,988 [INFO] IPUIPlugin:80 - create IPUIPlugin
2025-11-14 15:02:06,988 [INFO] IPUIPlugin:80 - create IPUIPlugin
2025-11-14 15:02:06,988 [INFO] IPUIPlugin:80 - create IPUIPlugin
2025-11-14 15:02:06,988 [INFO] IPUIPlugin:80 - create IPUIPlugin
2025-11-14 15:02:06,988 [INFO] IPUIPlugin:80 - create IPUIPlugin
2025-11-14 15:02:06,988 [INFO] IPUIPlugin:80 - create IPUIPlugin
2025-11-14 15:02:06,988 [INFO] IPUIPlugin:80 - create IPUIPlugin
2025-11-14 15:02:06,989 [INFO] IPUIPlugin:80 - create IPUIPlugin
2025-11-14 15:02:06,989 [INFO] IPUIPlugin:80 - create IPUIPlugin
2025-11-14 15:02:06,989 [INFO] IPUIPlugin:80 - create IPUIPlugin
2025-11-14 15:02:06,989 [INFO] IPUIPlugin:80 - create IPUIPlugin
2025-11-14 15:02:06,990 [INFO] IPUIPlugin:80 - create IPUIPlugin
2025-11-14 15:02:06,990 [INFO] IPUIPlugin:80 - create IPUIPlugin
2025-11-14 15:02:06,990 [INFO] IPUIPlugin:80 - create IPUIPlugin
2025-11-14 15:02:06,990 [INFO] IPUIPlugin:80 - create IPUIPlugin
2025-11-14 15:02:06,990 [INFO] IPUIPlugin:80 - create IPUIPlugin
2025-11-14 15:02:06,990 [INFO] IPUIPlugin:80 - create IPUIPlugin
2025-11-14 15:02:06,991 [INFO] IPUIPlugin:80 - create IPUIPlugin
2025-11-14 15:02:06,991 [INFO] IPUIPlugin:80 - create IPUIPlugin
2025-11-14 15:02:06,991 [INFO] IPUIPlugin:80 - create IPUIPlugin
2025-11-14 15:02:06,991 [INFO] IPUIPlugin:80 - create IPUIPlugin
2025-11-14 15:02:06,991 [INFO] IPUIPlugin:80 - create IPUIPlugin
2025-11-14 15:02:06,991 [INFO] IPUIPlugin:80 - create IPUIPlugin
2025-11-14 15:02:06,991 [INFO] IPUIPlugin:80 - create IPUIPlugin
2025-11-14 15:02:06,992 [INFO] IPUIPlugin:80 - create IPUIPlugin
2025-11-14 15:02:06,992 [INFO] IPUIPlugin:80 - create IPUIPlugin
2025-11-14 15:02:06,992 [INFO] IPUIPlugin:80 - create IPUIPlugin
2025-11-14 15:02:06,992 [INFO] IPUIPlugin:80 - create IPUIPlugin
2025-11-14 15:02:06,992 [INFO] IPUIPlugin:80 - create IPUIPlugin
2025-11-14 15:02:06,992 [INFO] IPUIPlugin:80 - create IPUIPlugin
2025-11-14 15:02:06,993 [INFO] IPUIPlugin:80 - create IPUIPlugin
2025-11-14 15:02:06,993 [INFO] IPUIPlugin:80 - create IPUIPlugin
2025-11-14 15:02:06,993 [INFO] IPUIPlugin:80 - create IPUIPlugin
2025-11-14 15:02:06,993 [INFO] IPUIPlugin:80 - create IPUIPlugin
2025-11-14 15:02:06,993 [INFO] IPUIPlugin:80 - create IPUIPlugin
2025-11-14 15:02:06,993 [INFO] IPUIPlugin:80 - create IPUIPlugin
2025-11-14 15:02:06,993 [INFO] IPUIPlugin:80 - create IPUIPlugin
2025-11-14 15:02:06,994 [INFO] IPUIPlugin:80 - create IPUIPlugin
2025-11-14 15:02:06,994 [INFO] IPUIPlugin:80 - create IPUIPlugin
2025-11-14 15:02:06,994 [INFO] IPUIPlugin:80 - create IPUIPlugin
2025-11-14 15:02:06,994 [INFO] IPUIPlugin:80 - create IPUIPlugin
2025-11-14 15:02:06,994 [INFO] IPUIPlugin:80 - create IPUIPlugin
2025-11-14 15:02:06,995 [INFO] IPUIPlugin:80 - create IPUIPlugin
2025-11-14 15:02:06,995 [INFO] IPUIPlugin:80 - create IPUIPlugin
2025-11-14 15:02:06,995 [INFO] IPUIPlugin:80 - create IPUIPlugin
2025-11-14 15:02:06,995 [INFO] IPUIPlugin:80 - create IPUIPlugin
2025-11-14 15:02:06,995 [INFO] IPUIPlugin:80 - create IPUIPlugin
2025-11-14 15:02:06,996 [INFO] IPUIPlugin:80 - create IPUIPlugin
2025-11-14 15:02:06,996 [INFO] IPUIPlugin:80 - create IPUIPlugin
2025-11-14 15:02:06,996 [INFO] IPUIPlugin:80 - create IPUIPlugin
2025-11-14 15:02:06,996 [INFO] IPUIPlugin:80 - create IPUIPlugin
2025-11-14 15:02:06,997 [INFO] IPUIPlugin:80 - create IPUIPlugin
2025-11-14 15:02:06,997 [INFO] IPUIPlugin:80 - create IPUIPlugin
2025-11-14 15:02:06,997 [INFO] IPUIPlugin:80 - create IPUIPlugin
2025-11-14 15:02:06,997 [INFO] IPUIPlugin:80 - create IPUIPlugin
2025-11-14 15:02:06,998 [INFO] IPUIPlugin:80 - create IPUIPlugin
2025-11-14 15:02:06,999 [INFO] IPUIPlugin:80 - create IPUIPlugin
2025-11-14 15:02:06,999 [INFO] IPUIPlugin:80 - create IPUIPlugin
2025-11-14 15:02:06,999 [INFO] IPUIPlugin:80 - create IPUIPlugin
2025-11-14 15:02:06,999 [INFO] IPUIPlugin:80 - create IPUIPlugin
2025-11-14 15:02:07,000 [INFO] IPUIPlugin:80 - create IPUIPlugin
2025-11-14 15:02:07,020 [INFO] ApiDbMcu:532 - Load IP Config File for PDM2PCM
2025-11-14 15:02:07,060 [INFO] CADModel:165 - CPN selected for project levelSTM32F767ZIT6
2025-11-14 15:02:07,060 [INFO] CADModel:114 - Register for checkConnection events
2025-11-14 15:02:07,213 [INFO] OpenFileManager:386 - Restore cursor
2025-11-14 15:06:27,273 [INFO] UtilMem:75 - End SaveConfig() Used Memory: 568196864 Bytes (1073741824)
2025-11-14 15:06:27,361 [INFO] UtilMem:75 - End SaveConfig() Used Memory: 601032320 Bytes (1073741824)
2025-11-14 15:06:28,066 [INFO] UtilMem:75 - End SaveConfig() Used Memory: 677771008 Bytes (1073741824)
2025-11-14 15:06:28,223 [INFO] BlockDiagram:2775 - set Specific Code input for plugin: SYS
2025-11-14 15:06:28,223 [INFO] BlockDiagram:2775 - set Specific Code input for plugin: RCC
2025-11-14 15:06:28,223 [INFO] BlockDiagram:2775 - set Specific Code input for plugin: NVIC
2025-11-14 15:06:28,223 [INFO] BlockDiagram:2775 - set Specific Code input for plugin: USART
2025-11-14 15:06:28,223 [INFO] BlockDiagram:2775 - set Specific Code input for plugin: USART
2025-11-14 15:06:28,223 [INFO] BlockDiagram:2775 - set Specific Code input for plugin: USART
2025-11-14 15:06:28,223 [INFO] BlockDiagram:2775 - set Specific Code input for plugin: USART
2025-11-14 15:06:28,223 [INFO] BlockDiagram:2775 - set Specific Code input for plugin: CORTEX_M7
2025-11-14 15:06:28,224 [INFO] BlockDiagram:2775 - set Specific Code input for plugin: GPIO
2025-11-14 15:06:28,225 [INFO] CodeGenerator:892 - code generatio: config db path: C:\ST\STM32CubeIDE_1.14.1\STM32CubeIDE\plugins\com.st.stm32cube.common.mx_6.15.0.202507011659\\db\
2025-11-14 15:06:28,334 [INFO] CodeEngine:265 - oldGeneratedFile, C:\Users\chris\STM32CubeIDE\workspace_1.14.1\ugv_controls_mcu\MXTmpFiles\license.tmp_save
2025-11-14 15:06:28,511 [INFO] CodeEngine:289 - Generated code: C:\Users\chris\STM32CubeIDE\workspace_1.14.1\ugv_controls_mcu\MXTmpFiles\license.tmp
2025-11-14 15:06:28,593 [INFO] CodeEngine:265 - oldGeneratedFile, C:\Users\chris\STM32CubeIDE\workspace_1.14.1\ugv_controls_mcu\MXTmpFiles\gpio.tmp_save
2025-11-14 15:06:28,741 [INFO] CodeEngine:289 - Generated code: C:\Users\chris\STM32CubeIDE\workspace_1.14.1\ugv_controls_mcu\MXTmpFiles\gpio.tmp
2025-11-14 15:06:29,020 [INFO] CodeEngine:265 - oldGeneratedFile, C:\Users\chris\STM32CubeIDE\workspace_1.14.1\ugv_controls_mcu\MXTmpFiles\cortex.tmp_save
2025-11-14 15:06:29,142 [INFO] CodeEngine:289 - Generated code: C:\Users\chris\STM32CubeIDE\workspace_1.14.1\ugv_controls_mcu\MXTmpFiles\cortex.tmp
2025-11-14 15:06:29,156 [INFO] CodeEngine:265 - oldGeneratedFile, C:\Users\chris\STM32CubeIDE\workspace_1.14.1\ugv_controls_mcu\Core\Src\stm32f7xx_it.c_save
2025-11-14 15:06:29,304 [INFO] CodeEngine:289 - Generated code: C:\Users\chris\STM32CubeIDE\workspace_1.14.1\ugv_controls_mcu\Core\Src\stm32f7xx_it.c
2025-11-14 15:06:29,317 [INFO] CodeEngine:265 - oldGeneratedFile, C:\Users\chris\STM32CubeIDE\workspace_1.14.1\ugv_controls_mcu\Core\Inc\stm32f7xx_it.h_save
2025-11-14 15:06:29,408 [INFO] CodeEngine:289 - Generated code: C:\Users\chris\STM32CubeIDE\workspace_1.14.1\ugv_controls_mcu\Core\Inc\stm32f7xx_it.h
2025-11-14 15:06:29,429 [INFO] CodeEngine:265 - oldGeneratedFile, C:\Users\chris\STM32CubeIDE\workspace_1.14.1\ugv_controls_mcu\Core\Src\stm32f7xx_hal_msp.c_save
2025-11-14 15:06:29,570 [INFO] CodeEngine:289 - Generated code: C:\Users\chris\STM32CubeIDE\workspace_1.14.1\ugv_controls_mcu\Core\Src\stm32f7xx_hal_msp.c
2025-11-14 15:06:29,576 [INFO] CodeEngine:265 - oldGeneratedFile, C:\Users\chris\STM32CubeIDE\workspace_1.14.1\ugv_controls_mcu\MXTmpFiles\system.tmp_save
2025-11-14 15:06:29,637 [INFO] CodeEngine:289 - Generated code: C:\Users\chris\STM32CubeIDE\workspace_1.14.1\ugv_controls_mcu\MXTmpFiles\system.tmp
2025-11-14 15:06:29,653 [INFO] CodeEngine:321 - oldGeneratedFile, C:\Users\chris\STM32CubeIDE\workspace_1.14.1\ugv_controls_mcu\Core\Inc\stm32f7xx_hal_conf.h_save
2025-11-14 15:06:29,717 [INFO] CodeEngine:345 - Generated code: C:\Users\chris\STM32CubeIDE\workspace_1.14.1\ugv_controls_mcu\Core\Inc\stm32f7xx_hal_conf.h
2025-11-14 15:06:29,743 [INFO] ApiDbMcu:532 - Load IP Config File for USART1
2025-11-14 15:06:29,745 [INFO] ApiDbMcu:532 - Load IP Config File for USART2
2025-11-14 15:06:29,747 [INFO] ApiDbMcu:532 - Load IP Config File for USART3
2025-11-14 15:06:29,750 [INFO] ApiDbMcu:532 - Load IP Config File for USART6
2025-11-14 15:06:29,752 [INFO] ApiDbMcu:532 - Load IP Config File for RCC
2025-11-14 15:06:29,763 [INFO] CodeEngine:265 - oldGeneratedFile, C:\Users\chris\STM32CubeIDE\workspace_1.14.1\ugv_controls_mcu\Core\Inc\main.h_save
2025-11-14 15:06:29,832 [INFO] CodeEngine:289 - Generated code: C:\Users\chris\STM32CubeIDE\workspace_1.14.1\ugv_controls_mcu\Core\Inc\main.h
2025-11-14 15:06:29,839 [INFO] CodeEngine:265 - oldGeneratedFile, C:\Users\chris\STM32CubeIDE\workspace_1.14.1\ugv_controls_mcu\Core\Src\main.c_save
2025-11-14 15:06:29,946 [INFO] CodeEngine:289 - Generated code: C:\Users\chris\STM32CubeIDE\workspace_1.14.1\ugv_controls_mcu\Core\Src\main.c
2025-11-14 15:06:30,218 [INFO] ProjectBuilder:3606 - Time for Copy HAL[1] : 146mS.
2025-11-14 15:06:30,221 [INFO] ProjectBuilder:5216 - Project Generator version: 4.7.0-B52
2025-11-14 15:06:30,295 [INFO] ConfigFileManager:1595 - The Die is : DIE451
2025-11-14 15:06:30,300 [INFO] ApiDbMcu:532 - Load IP Config File for FATFS
2025-11-14 15:06:30,303 [INFO] ApiDbMcu:532 - Load IP Config File for FREERTOS
2025-11-14 15:06:30,305 [INFO] ApiDbMcu:532 - Load IP Config File for LIBJPEG
2025-11-14 15:06:30,309 [INFO] ApiDbMcu:532 - Load IP Config File for LWIP
2025-11-14 15:06:30,314 [INFO] ApiDbMcu:532 - Load IP Config File for MBEDTLS
2025-11-14 15:06:30,323 [INFO] ApiDbMcu:532 - Load IP Config File for USB_DEVICE
2025-11-14 15:06:30,328 [INFO] ApiDbMcu:532 - Load IP Config File for USB_HOST
2025-11-14 15:06:31,231 [INFO] ProjectBuilder:5496 - Time for Generating toolchain IDE Files: 1010mS.
2025-11-14 15:06:31,232 [INFO] ProjectBuilder:3463 - Time for Copy CMSIS : 1mS.
2025-11-14 15:06:31,234 [INFO] ProjectBuilder:3463 - Time for Copy CMSIS : 0mS.
2025-11-14 15:13:17,250 [INFO] WebApp:194 - Connection lost
2025-11-14 15:13:17,331 [INFO] WebApp:191 - Connection restablished
2025-11-14 15:25:54,261 [INFO] WebApp:194 - Connection lost
2025-11-14 15:25:54,338 [INFO] WebApp:191 - Connection restablished
2025-11-14 15:29:05,453 [INFO] NvicIntPanel:101 - NVIC parent = com.st.microxplorer.plugins.ip.nvic.MultiNvicIntPanel[,0,0,931x223,layout=javax.swing.BoxLayout,alignmentX=0.0,alignmentY=0.0,border=,flags=9,maximumSize=,minimumSize=,preferredSize=]
2025-11-14 15:30:21,279 [INFO] NvicIntPanel:101 - NVIC parent = com.st.microxplorer.plugins.ip.nvic.MultiNvicIntPanel[,0,0,0x0,invalid,layout=javax.swing.BoxLayout,alignmentX=0.0,alignmentY=0.0,border=,flags=9,maximumSize=,minimumSize=,preferredSize=]
2025-11-14 15:30:23,552 [INFO] NvicIntPanel:101 - NVIC parent = com.st.microxplorer.plugins.ip.nvic.MultiNvicIntPanel[,0,0,0x0,invalid,layout=javax.swing.BoxLayout,alignmentX=0.0,alignmentY=0.0,border=,flags=9,maximumSize=,minimumSize=,preferredSize=]
2025-11-14 15:30:24,678 [INFO] NvicIntPanel:101 - NVIC parent = com.st.microxplorer.plugins.ip.nvic.MultiNvicIntPanel[,0,0,0x0,invalid,layout=javax.swing.BoxLayout,alignmentX=0.0,alignmentY=0.0,border=,flags=9,maximumSize=,minimumSize=,preferredSize=]
2025-11-14 15:30:26,200 [INFO] NvicIntPanel:101 - NVIC parent = com.st.microxplorer.plugins.ip.nvic.MultiNvicIntPanel[,0,0,0x0,invalid,layout=javax.swing.BoxLayout,alignmentX=0.0,alignmentY=0.0,border=,flags=9,maximumSize=,minimumSize=,preferredSize=]
2025-11-14 15:30:27,219 [INFO] NvicIntPanel:101 - NVIC parent = com.st.microxplorer.plugins.ip.nvic.MultiNvicIntPanel[,0,0,0x0,invalid,layout=javax.swing.BoxLayout,alignmentX=0.0,alignmentY=0.0,border=,flags=9,maximumSize=,minimumSize=,preferredSize=]
2025-11-14 15:30:28,362 [INFO] NvicIntPanel:101 - NVIC parent = com.st.microxplorer.plugins.ip.nvic.MultiNvicIntPanel[,0,0,0x0,invalid,layout=javax.swing.BoxLayout,alignmentX=0.0,alignmentY=0.0,border=,flags=9,maximumSize=,minimumSize=,preferredSize=]
2025-11-14 15:30:29,468 [INFO] NvicIntPanel:101 - NVIC parent = com.st.microxplorer.plugins.ip.nvic.MultiNvicIntPanel[,0,0,0x0,invalid,layout=javax.swing.BoxLayout,alignmentX=0.0,alignmentY=0.0,border=,flags=9,maximumSize=,minimumSize=,preferredSize=]
2025-11-14 15:30:37,018 [INFO] UtilMem:75 - End SaveConfig() Used Memory: 338648264 Bytes (1045430272)
2025-11-14 15:30:37,132 [INFO] UtilMem:75 - End SaveConfig() Used Memory: 369056968 Bytes (1045430272)
2025-11-14 15:30:37,843 [INFO] UtilMem:75 - End SaveConfig() Used Memory: 469742048 Bytes (1045430272)
2025-11-14 15:30:38,027 [INFO] BlockDiagram:2775 - set Specific Code input for plugin: SYS
2025-11-14 15:30:38,027 [INFO] BlockDiagram:2775 - set Specific Code input for plugin: RCC
2025-11-14 15:30:38,027 [INFO] BlockDiagram:2775 - set Specific Code input for plugin: NVIC
2025-11-14 15:30:38,027 [INFO] BlockDiagram:2775 - set Specific Code input for plugin: USART
2025-11-14 15:30:38,028 [INFO] BlockDiagram:2775 - set Specific Code input for plugin: USART
2025-11-14 15:30:38,028 [INFO] BlockDiagram:2775 - set Specific Code input for plugin: USART
2025-11-14 15:30:38,028 [INFO] BlockDiagram:2775 - set Specific Code input for plugin: USART
2025-11-14 15:30:38,028 [INFO] BlockDiagram:2775 - set Specific Code input for plugin: CORTEX_M7
2025-11-14 15:30:38,028 [INFO] BlockDiagram:2775 - set Specific Code input for plugin: GPIO
2025-11-14 15:30:38,029 [INFO] CodeGenerator:892 - code generatio: config db path: C:\ST\STM32CubeIDE_1.14.1\STM32CubeIDE\plugins\com.st.stm32cube.common.mx_6.15.0.202507011659\\db\
2025-11-14 15:30:38,122 [INFO] CodeEngine:265 - oldGeneratedFile, C:\Users\chris\STM32CubeIDE\workspace_1.14.1\ugv_controls_mcu\MXTmpFiles\license.tmp_save
2025-11-14 15:30:38,442 [INFO] CodeEngine:289 - Generated code: C:\Users\chris\STM32CubeIDE\workspace_1.14.1\ugv_controls_mcu\MXTmpFiles\license.tmp
2025-11-14 15:30:38,481 [INFO] CodeEngine:265 - oldGeneratedFile, C:\Users\chris\STM32CubeIDE\workspace_1.14.1\ugv_controls_mcu\MXTmpFiles\gpio.tmp_save
2025-11-14 15:30:38,687 [INFO] CodeEngine:289 - Generated code: C:\Users\chris\STM32CubeIDE\workspace_1.14.1\ugv_controls_mcu\MXTmpFiles\gpio.tmp
2025-11-14 15:30:38,925 [INFO] CodeEngine:265 - oldGeneratedFile, C:\Users\chris\STM32CubeIDE\workspace_1.14.1\ugv_controls_mcu\MXTmpFiles\cortex.tmp_save
2025-11-14 15:30:39,091 [INFO] CodeEngine:289 - Generated code: C:\Users\chris\STM32CubeIDE\workspace_1.14.1\ugv_controls_mcu\MXTmpFiles\cortex.tmp
2025-11-14 15:30:39,112 [INFO] CodeEngine:265 - oldGeneratedFile, C:\Users\chris\STM32CubeIDE\workspace_1.14.1\ugv_controls_mcu\Core\Src\stm32f7xx_it.c_save
2025-11-14 15:30:39,412 [INFO] CodeEngine:289 - Generated code: C:\Users\chris\STM32CubeIDE\workspace_1.14.1\ugv_controls_mcu\Core\Src\stm32f7xx_it.c
2025-11-14 15:30:39,423 [INFO] CodeEngine:265 - oldGeneratedFile, C:\Users\chris\STM32CubeIDE\workspace_1.14.1\ugv_controls_mcu\Core\Inc\stm32f7xx_it.h_save
2025-11-14 15:30:39,534 [INFO] CodeEngine:289 - Generated code: C:\Users\chris\STM32CubeIDE\workspace_1.14.1\ugv_controls_mcu\Core\Inc\stm32f7xx_it.h
2025-11-14 15:30:39,563 [INFO] CodeEngine:265 - oldGeneratedFile, C:\Users\chris\STM32CubeIDE\workspace_1.14.1\ugv_controls_mcu\Core\Src\stm32f7xx_hal_msp.c_save
2025-11-14 15:30:39,751 [INFO] CodeEngine:289 - Generated code: C:\Users\chris\STM32CubeIDE\workspace_1.14.1\ugv_controls_mcu\Core\Src\stm32f7xx_hal_msp.c
2025-11-14 15:30:39,756 [INFO] CodeEngine:265 - oldGeneratedFile, C:\Users\chris\STM32CubeIDE\workspace_1.14.1\ugv_controls_mcu\MXTmpFiles\system.tmp_save
2025-11-14 15:30:39,824 [INFO] CodeEngine:289 - Generated code: C:\Users\chris\STM32CubeIDE\workspace_1.14.1\ugv_controls_mcu\MXTmpFiles\system.tmp
2025-11-14 15:30:39,834 [INFO] CodeEngine:321 - oldGeneratedFile, C:\Users\chris\STM32CubeIDE\workspace_1.14.1\ugv_controls_mcu\Core\Inc\stm32f7xx_hal_conf.h_save
2025-11-14 15:30:39,914 [INFO] CodeEngine:345 - Generated code: C:\Users\chris\STM32CubeIDE\workspace_1.14.1\ugv_controls_mcu\Core\Inc\stm32f7xx_hal_conf.h
2025-11-14 15:30:39,945 [INFO] CodeEngine:265 - oldGeneratedFile, C:\Users\chris\STM32CubeIDE\workspace_1.14.1\ugv_controls_mcu\Core\Inc\main.h_save
2025-11-14 15:30:40,040 [INFO] CodeEngine:289 - Generated code: C:\Users\chris\STM32CubeIDE\workspace_1.14.1\ugv_controls_mcu\Core\Inc\main.h
2025-11-14 15:30:40,046 [INFO] CodeEngine:265 - oldGeneratedFile, C:\Users\chris\STM32CubeIDE\workspace_1.14.1\ugv_controls_mcu\Core\Src\main.c_save
2025-11-14 15:30:40,167 [INFO] CodeEngine:289 - Generated code: C:\Users\chris\STM32CubeIDE\workspace_1.14.1\ugv_controls_mcu\Core\Src\main.c
2025-11-14 15:30:40,510 [INFO] ProjectBuilder:3606 - Time for Copy HAL[1] : 168mS.
2025-11-14 15:30:40,515 [INFO] ProjectBuilder:5216 - Project Generator version: 4.7.0-B52
2025-11-14 15:30:40,586 [INFO] ConfigFileManager:1595 - The Die is : DIE451
2025-11-14 15:30:41,558 [INFO] ProjectBuilder:5496 - Time for Generating toolchain IDE Files: 1044mS.
2025-11-14 15:30:41,559 [INFO] ProjectBuilder:3463 - Time for Copy CMSIS : 1mS.
2025-11-14 15:30:41,561 [INFO] ProjectBuilder:3463 - Time for Copy CMSIS : 0mS.
2025-11-14 15:32:49,771 [INFO] NvicIntPanel:101 - NVIC parent = com.st.microxplorer.plugins.ip.nvic.MultiNvicIntPanel[,0,0,0x0,invalid,layout=javax.swing.BoxLayout,alignmentX=0.0,alignmentY=0.0,border=,flags=9,maximumSize=,minimumSize=,preferredSize=]
2025-11-14 15:35:25,811 [INFO] Mcu:1682 - InternalPropertyChange: try BijectiveRequest:Encoder Mode
2025-11-14 15:43:14,793 [INFO] Mcu:1682 - InternalPropertyChange: try BijectiveRequest:MII Full Duplex Only
2025-11-14 15:43:15,376 [WARN] IP:2250 - Warning not found: check if there is a RefParameter without a condition.
2025-11-14 15:43:15,377 [WARN] IP:2250 - RxBufferAddress not found: check if there is a RefParameter without a condition.
2025-11-14 15:43:15,377 [WARN] IP:2250 - DESC_SIZE_UNIT not found: check if there is a RefParameter without a condition.
2025-11-14 15:43:15,378 [WARN] IP:2250 - Warning not found: check if there is a RefParameter without a condition.
2025-11-14 15:43:15,378 [WARN] IP:2250 - RxBufferAddress not found: check if there is a RefParameter without a condition.
2025-11-14 15:43:15,378 [WARN] IP:2250 - DESC_SIZE_UNIT not found: check if there is a RefParameter without a condition.
2025-11-14 15:43:15,452 [WARN] IP:2250 - Warning not found: check if there is a RefParameter without a condition.
2025-11-14 15:43:15,452 [WARN] IP:2250 - RxBufferAddress not found: check if there is a RefParameter without a condition.
2025-11-14 15:43:15,452 [WARN] IP:2250 - DESC_SIZE_UNIT not found: check if there is a RefParameter without a condition.
2025-11-14 15:43:38,136 [INFO] Mcu:1682 - InternalPropertyChange: try BijectiveRequest:Encoder Mode
2025-11-14 15:44:02,867 [WARN] IP:2250 - Warning not found: check if there is a RefParameter without a condition.
2025-11-14 15:44:02,868 [WARN] IP:2250 - RxBufferAddress not found: check if there is a RefParameter without a condition.
2025-11-14 15:44:02,868 [WARN] IP:2250 - DESC_SIZE_UNIT not found: check if there is a RefParameter without a condition.
2025-11-14 15:47:43,720 [INFO] NvicIntPanel:101 - NVIC parent = com.st.microxplorer.plugins.ip.nvic.MultiNvicIntPanel[,0,0,0x0,invalid,layout=javax.swing.BoxLayout,alignmentX=0.0,alignmentY=0.0,border=,flags=9,maximumSize=,minimumSize=,preferredSize=]
2025-11-14 15:47:49,840 [INFO] NvicIntPanel:101 - NVIC parent = com.st.microxplorer.plugins.ip.nvic.MultiNvicIntPanel[,0,0,0x0,invalid,layout=javax.swing.BoxLayout,alignmentX=0.0,alignmentY=0.0,border=,flags=9,maximumSize=,minimumSize=,preferredSize=]
2025-11-14 15:47:51,840 [INFO] NvicIntPanel:101 - NVIC parent = com.st.microxplorer.plugins.ip.nvic.MultiNvicIntPanel[,0,0,0x0,invalid,layout=javax.swing.BoxLayout,alignmentX=0.0,alignmentY=0.0,border=,flags=9,maximumSize=,minimumSize=,preferredSize=]
2025-11-14 15:47:53,359 [INFO] NvicIntPanel:101 - NVIC parent = com.st.microxplorer.plugins.ip.nvic.MultiNvicIntPanel[,0,0,0x0,invalid,layout=javax.swing.BoxLayout,alignmentX=0.0,alignmentY=0.0,border=,flags=9,maximumSize=,minimumSize=,preferredSize=]
2025-11-14 15:47:59,167 [INFO] NvicIntPanel:101 - NVIC parent = com.st.microxplorer.plugins.ip.nvic.MultiNvicIntPanel[,0,0,0x0,invalid,layout=javax.swing.BoxLayout,alignmentX=0.0,alignmentY=0.0,border=,flags=9,maximumSize=,minimumSize=,preferredSize=]
2025-11-14 15:47:59,286 [INFO] NvicIntPanel:101 - NVIC parent = com.st.microxplorer.plugins.ip.nvic.MultiNvicIntPanel[,0,0,0x0,invalid,layout=javax.swing.BoxLayout,alignmentX=0.0,alignmentY=0.0,border=,flags=9,maximumSize=,minimumSize=,preferredSize=]
2025-11-14 15:47:59,402 [WARN] IP:2250 - Warning not found: check if there is a RefParameter without a condition.
2025-11-14 15:47:59,402 [WARN] IP:2250 - RxBufferAddress not found: check if there is a RefParameter without a condition.
2025-11-14 15:47:59,403 [WARN] IP:2250 - DESC_SIZE_UNIT not found: check if there is a RefParameter without a condition.
2025-11-14 15:47:59,403 [WARN] IP:2250 - Warning not found: check if there is a RefParameter without a condition.
2025-11-14 15:47:59,403 [WARN] IP:2250 - RxBufferAddress not found: check if there is a RefParameter without a condition.
2025-11-14 15:47:59,403 [WARN] IP:2250 - DESC_SIZE_UNIT not found: check if there is a RefParameter without a condition.
2025-11-14 15:47:59,446 [INFO] NvicIntPanel:101 - NVIC parent = com.st.microxplorer.plugins.ip.nvic.MultiNvicIntPanel[,0,0,0x0,invalid,layout=javax.swing.BoxLayout,alignmentX=0.0,alignmentY=0.0,border=,flags=9,maximumSize=,minimumSize=,preferredSize=]
2025-11-14 15:48:00,167 [INFO] NvicIntPanel:101 - NVIC parent = com.st.microxplorer.plugins.ip.nvic.MultiNvicIntPanel[,0,0,0x0,invalid,layout=javax.swing.BoxLayout,alignmentX=0.0,alignmentY=0.0,border=,flags=9,maximumSize=,minimumSize=,preferredSize=]
2025-11-14 15:48:02,795 [INFO] NvicIntPanel:101 - NVIC parent = com.st.microxplorer.plugins.ip.nvic.MultiNvicIntPanel[,0,0,0x0,invalid,layout=javax.swing.BoxLayout,alignmentX=0.0,alignmentY=0.0,border=,flags=9,maximumSize=,minimumSize=,preferredSize=]
2025-11-14 15:48:02,955 [INFO] NvicIntPanel:101 - NVIC parent = com.st.microxplorer.plugins.ip.nvic.MultiNvicIntPanel[,0,0,0x0,invalid,layout=javax.swing.BoxLayout,alignmentX=0.0,alignmentY=0.0,border=,flags=9,maximumSize=,minimumSize=,preferredSize=]
2025-11-14 15:48:03,081 [WARN] IP:2250 - Warning not found: check if there is a RefParameter without a condition.
2025-11-14 15:48:03,082 [WARN] IP:2250 - RxBufferAddress not found: check if there is a RefParameter without a condition.
2025-11-14 15:48:03,082 [WARN] IP:2250 - DESC_SIZE_UNIT not found: check if there is a RefParameter without a condition.
2025-11-14 15:48:03,082 [WARN] IP:2250 - Warning not found: check if there is a RefParameter without a condition.
2025-11-14 15:48:03,082 [WARN] IP:2250 - RxBufferAddress not found: check if there is a RefParameter without a condition.
2025-11-14 15:48:03,082 [WARN] IP:2250 - DESC_SIZE_UNIT not found: check if there is a RefParameter without a condition.
2025-11-14 15:48:03,137 [INFO] NvicIntPanel:101 - NVIC parent = com.st.microxplorer.plugins.ip.nvic.MultiNvicIntPanel[,0,0,0x0,invalid,layout=javax.swing.BoxLayout,alignmentX=0.0,alignmentY=0.0,border=,flags=9,maximumSize=,minimumSize=,preferredSize=]
2025-11-14 15:48:08,453 [WARN] IP:2250 - Warning not found: check if there is a RefParameter without a condition.
2025-11-14 15:48:08,454 [WARN] IP:2250 - RxBufferAddress not found: check if there is a RefParameter without a condition.
2025-11-14 15:48:08,454 [WARN] IP:2250 - DESC_SIZE_UNIT not found: check if there is a RefParameter without a condition.
2025-11-14 15:49:02,382 [WARN] IP:2250 - Warning not found: check if there is a RefParameter without a condition.
2025-11-14 15:49:02,382 [WARN] IP:2250 - RxBufferAddress not found: check if there is a RefParameter without a condition.
2025-11-14 15:49:02,382 [WARN] IP:2250 - DESC_SIZE_UNIT not found: check if there is a RefParameter without a condition.
2025-11-14 15:49:08,851 [INFO] NvicIntPanel:101 - NVIC parent = com.st.microxplorer.plugins.ip.nvic.MultiNvicIntPanel[,0,0,0x0,invalid,layout=javax.swing.BoxLayout,alignmentX=0.0,alignmentY=0.0,border=,flags=9,maximumSize=,minimumSize=,preferredSize=]
2025-11-14 15:49:10,256 [INFO] NvicIntPanel:101 - NVIC parent = com.st.microxplorer.plugins.ip.nvic.MultiNvicIntPanel[,0,0,0x0,invalid,layout=javax.swing.BoxLayout,alignmentX=0.0,alignmentY=0.0,border=,flags=9,maximumSize=,minimumSize=,preferredSize=]
2025-11-14 15:49:11,168 [INFO] NvicIntPanel:101 - NVIC parent = com.st.microxplorer.plugins.ip.nvic.MultiNvicIntPanel[,0,0,0x0,invalid,layout=javax.swing.BoxLayout,alignmentX=0.0,alignmentY=0.0,border=,flags=9,maximumSize=,minimumSize=,preferredSize=]
2025-11-14 15:49:11,696 [INFO] NvicIntPanel:101 - NVIC parent = com.st.microxplorer.plugins.ip.nvic.MultiNvicIntPanel[,0,0,0x0,invalid,layout=javax.swing.BoxLayout,alignmentX=0.0,alignmentY=0.0,border=,flags=9,maximumSize=,minimumSize=,preferredSize=]
2025-11-14 15:51:44,328 [INFO] NvicIntPanel:101 - NVIC parent = com.st.microxplorer.plugins.ip.nvic.MultiNvicIntPanel[,0,0,0x0,invalid,layout=javax.swing.BoxLayout,alignmentX=0.0,alignmentY=0.0,border=,flags=9,maximumSize=,minimumSize=,preferredSize=]
2025-11-14 15:51:51,259 [INFO] NvicIntPanel:101 - NVIC parent = com.st.microxplorer.plugins.ip.nvic.MultiNvicIntPanel[,0,0,0x0,invalid,layout=javax.swing.BoxLayout,alignmentX=0.0,alignmentY=0.0,border=,flags=9,maximumSize=,minimumSize=,preferredSize=]
2025-11-14 15:51:56,773 [INFO] NvicIntPanel:101 - NVIC parent = com.st.microxplorer.plugins.ip.nvic.MultiNvicIntPanel[,0,0,0x0,invalid,layout=javax.swing.BoxLayout,alignmentX=0.0,alignmentY=0.0,border=,flags=9,maximumSize=,minimumSize=,preferredSize=]
2025-11-14 15:52:02,113 [INFO] NvicIntPanel:101 - NVIC parent = com.st.microxplorer.plugins.ip.nvic.MultiNvicIntPanel[,0,0,0x0,invalid,layout=javax.swing.BoxLayout,alignmentX=0.0,alignmentY=0.0,border=,flags=9,maximumSize=,minimumSize=,preferredSize=]
2025-11-14 15:52:08,594 [WARN] IP:2250 - Warning not found: check if there is a RefParameter without a condition.
2025-11-14 15:52:08,594 [WARN] IP:2250 - RxBufferAddress not found: check if there is a RefParameter without a condition.
2025-11-14 15:52:08,594 [WARN] IP:2250 - DESC_SIZE_UNIT not found: check if there is a RefParameter without a condition.
2025-11-14 15:54:44,273 [WARN] IP:2250 - Warning not found: check if there is a RefParameter without a condition.
2025-11-14 15:54:44,273 [WARN] IP:2250 - RxBufferAddress not found: check if there is a RefParameter without a condition.
2025-11-14 15:54:44,273 [WARN] IP:2250 - DESC_SIZE_UNIT not found: check if there is a RefParameter without a condition.
2025-11-14 15:54:44,274 [WARN] IP:2250 - Warning not found: check if there is a RefParameter without a condition.
2025-11-14 15:54:44,274 [WARN] IP:2250 - RxBufferAddress not found: check if there is a RefParameter without a condition.
2025-11-14 15:54:44,274 [WARN] IP:2250 - DESC_SIZE_UNIT not found: check if there is a RefParameter without a condition.
2025-11-14 15:54:44,430 [WARN] IP:2250 - Warning not found: check if there is a RefParameter without a condition.
2025-11-14 15:54:44,430 [WARN] IP:2250 - RxBufferAddress not found: check if there is a RefParameter without a condition.
2025-11-14 15:54:44,430 [WARN] IP:2250 - DESC_SIZE_UNIT not found: check if there is a RefParameter without a condition.
2025-11-14 15:54:44,431 [WARN] IP:2250 - Warning not found: check if there is a RefParameter without a condition.
2025-11-14 15:54:44,431 [WARN] IP:2250 - RxBufferAddress not found: check if there is a RefParameter without a condition.
2025-11-14 15:54:44,431 [WARN] IP:2250 - DESC_SIZE_UNIT not found: check if there is a RefParameter without a condition.
2025-11-14 15:54:44,625 [WARN] IP:2250 - Warning not found: check if there is a RefParameter without a condition.
2025-11-14 15:54:44,626 [WARN] IP:2250 - RxBufferAddress not found: check if there is a RefParameter without a condition.
2025-11-14 15:54:44,626 [WARN] IP:2250 - DESC_SIZE_UNIT not found: check if there is a RefParameter without a condition.
2025-11-14 15:54:44,626 [WARN] IP:2250 - Warning not found: check if there is a RefParameter without a condition.
2025-11-14 15:54:44,626 [WARN] IP:2250 - RxBufferAddress not found: check if there is a RefParameter without a condition.
2025-11-14 15:54:44,627 [WARN] IP:2250 - DESC_SIZE_UNIT not found: check if there is a RefParameter without a condition.
2025-11-14 15:54:44,875 [WARN] IP:2250 - Warning not found: check if there is a RefParameter without a condition.
2025-11-14 15:54:44,875 [WARN] IP:2250 - RxBufferAddress not found: check if there is a RefParameter without a condition.
2025-11-14 15:54:44,876 [WARN] IP:2250 - DESC_SIZE_UNIT not found: check if there is a RefParameter without a condition.
2025-11-14 15:54:44,876 [WARN] IP:2250 - Warning not found: check if there is a RefParameter without a condition.
2025-11-14 15:54:44,876 [WARN] IP:2250 - RxBufferAddress not found: check if there is a RefParameter without a condition.
2025-11-14 15:54:44,876 [WARN] IP:2250 - DESC_SIZE_UNIT not found: check if there is a RefParameter without a condition.
2025-11-14 16:05:42,090 [WARN] IP:2250 - Warning not found: check if there is a RefParameter without a condition.
2025-11-14 16:05:42,090 [WARN] IP:2250 - RxBufferAddress not found: check if there is a RefParameter without a condition.
2025-11-14 16:05:42,090 [WARN] IP:2250 - DESC_SIZE_UNIT not found: check if there is a RefParameter without a condition.
2025-11-14 16:05:45,729 [INFO] Mcu:1682 - InternalPropertyChange: try BijectiveRequest:MII
2025-11-14 16:05:46,099 [WARN] IP:2250 - Warning not found: check if there is a RefParameter without a condition.
2025-11-14 16:05:46,100 [WARN] IP:2250 - RxBufferAddress not found: check if there is a RefParameter without a condition.
2025-11-14 16:05:46,100 [WARN] IP:2250 - DESC_SIZE_UNIT not found: check if there is a RefParameter without a condition.
2025-11-14 16:05:46,144 [WARN] IP:2250 - Warning not found: check if there is a RefParameter without a condition.
2025-11-14 16:05:46,144 [WARN] IP:2250 - RxBufferAddress not found: check if there is a RefParameter without a condition.
2025-11-14 16:05:46,144 [WARN] IP:2250 - DESC_SIZE_UNIT not found: check if there is a RefParameter without a condition.
2025-11-14 16:05:46,144 [WARN] IP:2250 - Warning not found: check if there is a RefParameter without a condition.
2025-11-14 16:05:46,144 [WARN] IP:2250 - RxBufferAddress not found: check if there is a RefParameter without a condition.
2025-11-14 16:05:46,144 [WARN] IP:2250 - DESC_SIZE_UNIT not found: check if there is a RefParameter without a condition.
2025-11-14 16:05:46,317 [WARN] IP:2250 - Warning not found: check if there is a RefParameter without a condition.
2025-11-14 16:05:46,317 [WARN] IP:2250 - RxBufferAddress not found: check if there is a RefParameter without a condition.
2025-11-14 16:05:46,317 [WARN] IP:2250 - DESC_SIZE_UNIT not found: check if there is a RefParameter without a condition.
2025-11-14 16:05:46,318 [WARN] IP:2250 - Warning not found: check if there is a RefParameter without a condition.
2025-11-14 16:05:46,318 [WARN] IP:2250 - RxBufferAddress not found: check if there is a RefParameter without a condition.
2025-11-14 16:05:46,318 [WARN] IP:2250 - DESC_SIZE_UNIT not found: check if there is a RefParameter without a condition.
2025-11-14 16:05:49,233 [WARN] IP:2250 - Warning not found: check if there is a RefParameter without a condition.
2025-11-14 16:05:49,233 [WARN] IP:2250 - RxBufferAddress not found: check if there is a RefParameter without a condition.
2025-11-14 16:05:49,233 [WARN] IP:2250 - DESC_SIZE_UNIT not found: check if there is a RefParameter without a condition.
2025-11-14 16:05:49,267 [WARN] IP:2250 - Warning not found: check if there is a RefParameter without a condition.
2025-11-14 16:05:49,267 [WARN] IP:2250 - RxBufferAddress not found: check if there is a RefParameter without a condition.
2025-11-14 16:05:49,268 [WARN] IP:2250 - DESC_SIZE_UNIT not found: check if there is a RefParameter without a condition.
2025-11-14 16:05:49,268 [WARN] IP:2250 - Warning not found: check if there is a RefParameter without a condition.
2025-11-14 16:05:49,268 [WARN] IP:2250 - RxBufferAddress not found: check if there is a RefParameter without a condition.
2025-11-14 16:05:49,268 [WARN] IP:2250 - DESC_SIZE_UNIT not found: check if there is a RefParameter without a condition.
2025-11-14 16:05:49,394 [WARN] IP:2250 - Warning not found: check if there is a RefParameter without a condition.
2025-11-14 16:05:49,394 [WARN] IP:2250 - RxBufferAddress not found: check if there is a RefParameter without a condition.
2025-11-14 16:05:49,394 [WARN] IP:2250 - DESC_SIZE_UNIT not found: check if there is a RefParameter without a condition.
2025-11-14 16:05:49,395 [WARN] IP:2250 - Warning not found: check if there is a RefParameter without a condition.
2025-11-14 16:05:49,395 [WARN] IP:2250 - RxBufferAddress not found: check if there is a RefParameter without a condition.
2025-11-14 16:05:49,395 [WARN] IP:2250 - DESC_SIZE_UNIT not found: check if there is a RefParameter without a condition.
2025-11-14 16:05:52,676 [WARN] IP:2250 - Warning not found: check if there is a RefParameter without a condition.
2025-11-14 16:05:52,676 [WARN] IP:2250 - RxBufferAddress not found: check if there is a RefParameter without a condition.
2025-11-14 16:05:52,677 [WARN] IP:2250 - DESC_SIZE_UNIT not found: check if there is a RefParameter without a condition.
2025-11-14 16:05:52,709 [WARN] IP:2250 - Warning not found: check if there is a RefParameter without a condition.
2025-11-14 16:05:52,709 [WARN] IP:2250 - RxBufferAddress not found: check if there is a RefParameter without a condition.
2025-11-14 16:05:52,709 [WARN] IP:2250 - DESC_SIZE_UNIT not found: check if there is a RefParameter without a condition.
2025-11-14 16:05:52,709 [WARN] IP:2250 - Warning not found: check if there is a RefParameter without a condition.
2025-11-14 16:05:52,709 [WARN] IP:2250 - RxBufferAddress not found: check if there is a RefParameter without a condition.
2025-11-14 16:05:52,709 [WARN] IP:2250 - DESC_SIZE_UNIT not found: check if there is a RefParameter without a condition.
2025-11-14 16:05:52,821 [WARN] IP:2250 - Warning not found: check if there is a RefParameter without a condition.
2025-11-14 16:05:52,821 [WARN] IP:2250 - RxBufferAddress not found: check if there is a RefParameter without a condition.
2025-11-14 16:05:52,821 [WARN] IP:2250 - DESC_SIZE_UNIT not found: check if there is a RefParameter without a condition.
2025-11-14 16:05:52,821 [WARN] IP:2250 - Warning not found: check if there is a RefParameter without a condition.
2025-11-14 16:05:52,821 [WARN] IP:2250 - RxBufferAddress not found: check if there is a RefParameter without a condition.
2025-11-14 16:05:52,821 [WARN] IP:2250 - DESC_SIZE_UNIT not found: check if there is a RefParameter without a condition.
2025-11-14 16:05:56,692 [INFO] UtilMem:75 - End SaveConfig() Used Memory: 390539144 Bytes (1045430272)
2025-11-14 16:05:56,777 [INFO] UtilMem:75 - End SaveConfig() Used Memory: 416231304 Bytes (1045430272)
2025-11-14 16:05:57,476 [INFO] UtilMem:75 - End SaveConfig() Used Memory: 567226248 Bytes (1045430272)
2025-11-14 16:05:57,640 [INFO] ProjectBuilder:2380 - IP not ready for code generation: Clock
2025-11-14 16:06:03,174 [INFO] BlockDiagram:2775 - set Specific Code input for plugin: TIM1_8F77
2025-11-14 16:06:03,174 [INFO] BlockDiagram:2775 - set Specific Code input for plugin: TIM1_8F77
2025-11-14 16:06:03,174 [INFO] BlockDiagram:2775 - set Specific Code input for plugin: TIM1_8F77
2025-11-14 16:06:03,174 [INFO] BlockDiagram:2775 - set Specific Code input for plugin: TIM1_8F77
2025-11-14 16:06:03,174 [INFO] BlockDiagram:2775 - set Specific Code input for plugin: SYS
2025-11-14 16:06:03,174 [INFO] BlockDiagram:2775 - set Specific Code input for plugin: RCC
2025-11-14 16:06:03,174 [INFO] BlockDiagram:2775 - set Specific Code input for plugin: NVIC
2025-11-14 16:06:03,174 [INFO] BlockDiagram:2775 - set Specific Code input for plugin: USART
2025-11-14 16:06:03,174 [INFO] BlockDiagram:2775 - set Specific Code input for plugin: USART
2025-11-14 16:06:03,174 [INFO] BlockDiagram:2775 - set Specific Code input for plugin: USART
2025-11-14 16:06:03,174 [INFO] BlockDiagram:2775 - set Specific Code input for plugin: USART
2025-11-14 16:06:03,174 [INFO] BlockDiagram:2775 - set Specific Code input for plugin: CORTEX_M7
2025-11-14 16:06:03,174 [INFO] BlockDiagram:2775 - set Specific Code input for plugin: TIM1_8F77
2025-11-14 16:06:03,174 [INFO] BlockDiagram:2775 - set Specific Code input for plugin: GPIO
2025-11-14 16:06:03,174 [INFO] BlockDiagram:2775 - set Specific Code input for plugin: ETH
2025-11-14 16:06:03,175 [INFO] CodeGenerator:892 - code generatio: config db path: C:\ST\STM32CubeIDE_1.14.1\STM32CubeIDE\plugins\com.st.stm32cube.common.mx_6.15.0.202507011659\\db\
2025-11-14 16:06:03,179 [WARN] IP:2250 - Warning not found: check if there is a RefParameter without a condition.
2025-11-14 16:06:03,179 [WARN] IP:2250 - RxBufferAddress not found: check if there is a RefParameter without a condition.
2025-11-14 16:06:03,179 [WARN] IP:2250 - DESC_SIZE_UNIT not found: check if there is a RefParameter without a condition.
2025-11-14 16:06:03,250 [INFO] CodeEngine:265 - oldGeneratedFile, C:\Users\chris\STM32CubeIDE\workspace_1.14.1\ugv_controls_mcu\MXTmpFiles\license.tmp_save
2025-11-14 16:06:03,541 [INFO] CodeEngine:289 - Generated code: C:\Users\chris\STM32CubeIDE\workspace_1.14.1\ugv_controls_mcu\MXTmpFiles\license.tmp
2025-11-14 16:06:03,617 [INFO] CodeEngine:265 - oldGeneratedFile, C:\Users\chris\STM32CubeIDE\workspace_1.14.1\ugv_controls_mcu\MXTmpFiles\gpio.tmp_save
2025-11-14 16:06:03,816 [INFO] CodeEngine:289 - Generated code: C:\Users\chris\STM32CubeIDE\workspace_1.14.1\ugv_controls_mcu\MXTmpFiles\gpio.tmp
2025-11-14 16:06:04,856 [INFO] CodeEngine:265 - oldGeneratedFile, C:\Users\chris\STM32CubeIDE\workspace_1.14.1\ugv_controls_mcu\MXTmpFiles\cortex.tmp_save
2025-11-14 16:06:04,976 [INFO] CodeEngine:289 - Generated code: C:\Users\chris\STM32CubeIDE\workspace_1.14.1\ugv_controls_mcu\MXTmpFiles\cortex.tmp
2025-11-14 16:06:05,001 [INFO] CodeEngine:265 - oldGeneratedFile, C:\Users\chris\STM32CubeIDE\workspace_1.14.1\ugv_controls_mcu\Core\Src\stm32f7xx_it.c_save
2025-11-14 16:06:05,273 [INFO] CodeEngine:289 - Generated code: C:\Users\chris\STM32CubeIDE\workspace_1.14.1\ugv_controls_mcu\Core\Src\stm32f7xx_it.c
2025-11-14 16:06:05,281 [INFO] CodeEngine:265 - oldGeneratedFile, C:\Users\chris\STM32CubeIDE\workspace_1.14.1\ugv_controls_mcu\Core\Inc\stm32f7xx_it.h_save
2025-11-14 16:06:05,334 [INFO] CodeEngine:289 - Generated code: C:\Users\chris\STM32CubeIDE\workspace_1.14.1\ugv_controls_mcu\Core\Inc\stm32f7xx_it.h
2025-11-14 16:06:05,367 [INFO] CodeEngine:265 - oldGeneratedFile, C:\Users\chris\STM32CubeIDE\workspace_1.14.1\ugv_controls_mcu\Core\Src\stm32f7xx_hal_msp.c_save
2025-11-14 16:06:05,540 [INFO] CodeEngine:289 - Generated code: C:\Users\chris\STM32CubeIDE\workspace_1.14.1\ugv_controls_mcu\Core\Src\stm32f7xx_hal_msp.c
2025-11-14 16:06:05,547 [INFO] CodeEngine:265 - oldGeneratedFile, C:\Users\chris\STM32CubeIDE\workspace_1.14.1\ugv_controls_mcu\MXTmpFiles\system.tmp_save
2025-11-14 16:06:05,609 [INFO] CodeEngine:289 - Generated code: C:\Users\chris\STM32CubeIDE\workspace_1.14.1\ugv_controls_mcu\MXTmpFiles\system.tmp
2025-11-14 16:06:05,628 [INFO] CodeEngine:321 - oldGeneratedFile, C:\Users\chris\STM32CubeIDE\workspace_1.14.1\ugv_controls_mcu\Core\Inc\stm32f7xx_hal_conf.h_save
2025-11-14 16:06:05,699 [INFO] CodeEngine:345 - Generated code: C:\Users\chris\STM32CubeIDE\workspace_1.14.1\ugv_controls_mcu\Core\Inc\stm32f7xx_hal_conf.h
2025-11-14 16:06:05,735 [INFO] ApiDbMcu:532 - Load IP Config File for ETH
2025-11-14 16:06:05,743 [INFO] ApiDbMcu:532 - Load IP Config File for TIM1
2025-11-14 16:06:05,756 [INFO] ApiDbMcu:532 - Load IP Config File for TIM2
2025-11-14 16:06:05,766 [INFO] ApiDbMcu:532 - Load IP Config File for TIM3
2025-11-14 16:06:05,774 [INFO] ApiDbMcu:532 - Load IP Config File for TIM4
2025-11-14 16:06:05,782 [INFO] ApiDbMcu:532 - Load IP Config File for TIM8
2025-11-14 16:06:05,785 [WARN] IPConfigManager:3811 - IP not found : TIM
2025-11-14 16:06:05,785 [WARN] CodeGenerator:4259 - IP not found : null
2025-11-14 16:06:05,799 [INFO] CodeEngine:265 - oldGeneratedFile, C:\Users\chris\STM32CubeIDE\workspace_1.14.1\ugv_controls_mcu\Core\Inc\main.h_save
2025-11-14 16:06:05,897 [INFO] CodeEngine:289 - Generated code: C:\Users\chris\STM32CubeIDE\workspace_1.14.1\ugv_controls_mcu\Core\Inc\main.h
2025-11-14 16:06:05,903 [INFO] CodeEngine:265 - oldGeneratedFile, C:\Users\chris\STM32CubeIDE\workspace_1.14.1\ugv_controls_mcu\Core\Src\main.c_save
2025-11-14 16:06:06,069 [INFO] CodeEngine:289 - Generated code: C:\Users\chris\STM32CubeIDE\workspace_1.14.1\ugv_controls_mcu\Core\Src\main.c
2025-11-14 16:06:06,514 [INFO] ProjectBuilder:3606 - Time for Copy HAL[1] : 181mS.
2025-11-14 16:06:06,518 [INFO] ProjectBuilder:5216 - Project Generator version: 4.7.0-B52
2025-11-14 16:06:06,588 [INFO] ConfigFileManager:1595 - The Die is : DIE451
2025-11-14 16:06:07,592 [INFO] ProjectBuilder:5496 - Time for Generating toolchain IDE Files: 1074mS.
2025-11-14 16:06:07,593 [INFO] ProjectBuilder:3463 - Time for Copy CMSIS : 1mS.
2025-11-14 16:06:07,596 [INFO] ProjectBuilder:3463 - Time for Copy CMSIS : 0mS.
2025-11-14 16:06:12,502 [WARN] IP:2250 - Warning not found: check if there is a RefParameter without a condition.
2025-11-14 16:06:12,502 [WARN] IP:2250 - RxBufferAddress not found: check if there is a RefParameter without a condition.
2025-11-14 16:06:12,502 [WARN] IP:2250 - DESC_SIZE_UNIT not found: check if there is a RefParameter without a condition.
2025-11-14 16:06:12,532 [WARN] IP:2250 - Warning not found: check if there is a RefParameter without a condition.
2025-11-14 16:06:12,533 [WARN] IP:2250 - RxBufferAddress not found: check if there is a RefParameter without a condition.
2025-11-14 16:06:12,533 [WARN] IP:2250 - DESC_SIZE_UNIT not found: check if there is a RefParameter without a condition.
2025-11-14 16:06:12,533 [WARN] IP:2250 - Warning not found: check if there is a RefParameter without a condition.
2025-11-14 16:06:12,533 [WARN] IP:2250 - RxBufferAddress not found: check if there is a RefParameter without a condition.
2025-11-14 16:06:12,533 [WARN] IP:2250 - DESC_SIZE_UNIT not found: check if there is a RefParameter without a condition.
2025-11-14 16:06:12,649 [WARN] IP:2250 - Warning not found: check if there is a RefParameter without a condition.
2025-11-14 16:06:12,649 [WARN] IP:2250 - RxBufferAddress not found: check if there is a RefParameter without a condition.
2025-11-14 16:06:12,649 [WARN] IP:2250 - DESC_SIZE_UNIT not found: check if there is a RefParameter without a condition.
2025-11-14 16:06:12,650 [WARN] IP:2250 - Warning not found: check if there is a RefParameter without a condition.
2025-11-14 16:06:12,650 [WARN] IP:2250 - RxBufferAddress not found: check if there is a RefParameter without a condition.
2025-11-14 16:06:12,650 [WARN] IP:2250 - DESC_SIZE_UNIT not found: check if there is a RefParameter without a condition.
2025-11-14 16:06:15,692 [WARN] IP:2250 - Warning not found: check if there is a RefParameter without a condition.
2025-11-14 16:06:15,692 [WARN] IP:2250 - RxBufferAddress not found: check if there is a RefParameter without a condition.
2025-11-14 16:06:15,692 [WARN] IP:2250 - DESC_SIZE_UNIT not found: check if there is a RefParameter without a condition.
2025-11-14 16:06:15,731 [WARN] IP:2250 - Warning not found: check if there is a RefParameter without a condition.
2025-11-14 16:06:15,731 [WARN] IP:2250 - RxBufferAddress not found: check if there is a RefParameter without a condition.
2025-11-14 16:06:15,731 [WARN] IP:2250 - DESC_SIZE_UNIT not found: check if there is a RefParameter without a condition.
2025-11-14 16:06:15,732 [WARN] IP:2250 - Warning not found: check if there is a RefParameter without a condition.
2025-11-14 16:06:15,732 [WARN] IP:2250 - RxBufferAddress not found: check if there is a RefParameter without a condition.
2025-11-14 16:06:15,732 [WARN] IP:2250 - DESC_SIZE_UNIT not found: check if there is a RefParameter without a condition.
2025-11-14 16:06:15,842 [WARN] IP:2250 - Warning not found: check if there is a RefParameter without a condition.
2025-11-14 16:06:15,842 [WARN] IP:2250 - RxBufferAddress not found: check if there is a RefParameter without a condition.
2025-11-14 16:06:15,842 [WARN] IP:2250 - DESC_SIZE_UNIT not found: check if there is a RefParameter without a condition.
2025-11-14 16:06:15,842 [WARN] IP:2250 - Warning not found: check if there is a RefParameter without a condition.
2025-11-14 16:06:15,842 [WARN] IP:2250 - RxBufferAddress not found: check if there is a RefParameter without a condition.
2025-11-14 16:06:15,842 [WARN] IP:2250 - DESC_SIZE_UNIT not found: check if there is a RefParameter without a condition.
2025-11-14 16:06:18,285 [WARN] IP:2250 - Warning not found: check if there is a RefParameter without a condition.
2025-11-14 16:06:18,285 [WARN] IP:2250 - RxBufferAddress not found: check if there is a RefParameter without a condition.
2025-11-14 16:06:18,285 [WARN] IP:2250 - DESC_SIZE_UNIT not found: check if there is a RefParameter without a condition.
2025-11-14 16:06:18,321 [WARN] IP:2250 - Warning not found: check if there is a RefParameter without a condition.
2025-11-14 16:06:18,321 [WARN] IP:2250 - RxBufferAddress not found: check if there is a RefParameter without a condition.
2025-11-14 16:06:18,321 [WARN] IP:2250 - DESC_SIZE_UNIT not found: check if there is a RefParameter without a condition.
2025-11-14 16:06:18,321 [WARN] IP:2250 - Warning not found: check if there is a RefParameter without a condition.
2025-11-14 16:06:18,321 [WARN] IP:2250 - RxBufferAddress not found: check if there is a RefParameter without a condition.
2025-11-14 16:06:18,321 [WARN] IP:2250 - DESC_SIZE_UNIT not found: check if there is a RefParameter without a condition.
2025-11-14 16:06:18,428 [WARN] IP:2250 - Warning not found: check if there is a RefParameter without a condition.
2025-11-14 16:06:18,428 [WARN] IP:2250 - RxBufferAddress not found: check if there is a RefParameter without a condition.
2025-11-14 16:06:18,429 [WARN] IP:2250 - DESC_SIZE_UNIT not found: check if there is a RefParameter without a condition.
2025-11-14 16:06:18,429 [WARN] IP:2250 - Warning not found: check if there is a RefParameter without a condition.
2025-11-14 16:06:18,429 [WARN] IP:2250 - RxBufferAddress not found: check if there is a RefParameter without a condition.
2025-11-14 16:06:18,429 [WARN] IP:2250 - DESC_SIZE_UNIT not found: check if there is a RefParameter without a condition.
2025-11-14 16:06:24,083 [WARN] IP:2250 - Warning not found: check if there is a RefParameter without a condition.
2025-11-14 16:06:24,083 [WARN] IP:2250 - RxBufferAddress not found: check if there is a RefParameter without a condition.
2025-11-14 16:06:24,083 [WARN] IP:2250 - DESC_SIZE_UNIT not found: check if there is a RefParameter without a condition.
2025-11-14 16:06:24,119 [WARN] IP:2250 - Warning not found: check if there is a RefParameter without a condition.
2025-11-14 16:06:24,119 [WARN] IP:2250 - RxBufferAddress not found: check if there is a RefParameter without a condition.
2025-11-14 16:06:24,119 [WARN] IP:2250 - DESC_SIZE_UNIT not found: check if there is a RefParameter without a condition.
2025-11-14 16:06:24,119 [WARN] IP:2250 - Warning not found: check if there is a RefParameter without a condition.
2025-11-14 16:06:24,119 [WARN] IP:2250 - RxBufferAddress not found: check if there is a RefParameter without a condition.
2025-11-14 16:06:24,119 [WARN] IP:2250 - DESC_SIZE_UNIT not found: check if there is a RefParameter without a condition.
2025-11-14 16:06:24,207 [WARN] IP:2250 - Warning not found: check if there is a RefParameter without a condition.
2025-11-14 16:06:24,207 [WARN] IP:2250 - RxBufferAddress not found: check if there is a RefParameter without a condition.
2025-11-14 16:06:24,208 [WARN] IP:2250 - DESC_SIZE_UNIT not found: check if there is a RefParameter without a condition.
2025-11-14 16:06:24,208 [WARN] IP:2250 - Warning not found: check if there is a RefParameter without a condition.
2025-11-14 16:06:24,208 [WARN] IP:2250 - RxBufferAddress not found: check if there is a RefParameter without a condition.
2025-11-14 16:06:24,208 [WARN] IP:2250 - DESC_SIZE_UNIT not found: check if there is a RefParameter without a condition.
2025-11-14 16:06:29,404 [WARN] IP:2250 - Warning not found: check if there is a RefParameter without a condition.
2025-11-14 16:06:29,405 [WARN] IP:2250 - RxBufferAddress not found: check if there is a RefParameter without a condition.
2025-11-14 16:06:29,405 [WARN] IP:2250 - DESC_SIZE_UNIT not found: check if there is a RefParameter without a condition.
2025-11-14 16:06:29,434 [WARN] IP:2250 - Warning not found: check if there is a RefParameter without a condition.
2025-11-14 16:06:29,435 [WARN] IP:2250 - RxBufferAddress not found: check if there is a RefParameter without a condition.
2025-11-14 16:06:29,435 [WARN] IP:2250 - DESC_SIZE_UNIT not found: check if there is a RefParameter without a condition.
2025-11-14 16:06:29,435 [WARN] IP:2250 - Warning not found: check if there is a RefParameter without a condition.
2025-11-14 16:06:29,435 [WARN] IP:2250 - RxBufferAddress not found: check if there is a RefParameter without a condition.
2025-11-14 16:06:29,435 [WARN] IP:2250 - DESC_SIZE_UNIT not found: check if there is a RefParameter without a condition.
2025-11-14 16:06:29,560 [WARN] IP:2250 - Warning not found: check if there is a RefParameter without a condition.
2025-11-14 16:06:29,560 [WARN] IP:2250 - RxBufferAddress not found: check if there is a RefParameter without a condition.
2025-11-14 16:06:29,560 [WARN] IP:2250 - DESC_SIZE_UNIT not found: check if there is a RefParameter without a condition.
2025-11-14 16:06:29,560 [WARN] IP:2250 - Warning not found: check if there is a RefParameter without a condition.
2025-11-14 16:06:29,560 [WARN] IP:2250 - RxBufferAddress not found: check if there is a RefParameter without a condition.
2025-11-14 16:06:29,560 [WARN] IP:2250 - DESC_SIZE_UNIT not found: check if there is a RefParameter without a condition.
2025-11-14 16:12:17,471 [INFO] Gpio:278 - dependency for GPIO [ETH, TIM1, TIM2, TIM3, TIM4, TIM8, USART1, USART2, USART3, USART6]
2025-11-14 16:12:29,107 [INFO] Gpio:278 - dependency for GPIO [ETH, TIM1, TIM2, TIM3, TIM4, TIM8, USART1, USART2, USART3, USART6]
2025-11-14 16:12:33,019 [INFO] Gpio:278 - dependency for GPIO [ETH, TIM1, TIM2, TIM3, TIM4, TIM8, USART1, USART2, USART3, USART6]
2025-11-14 16:12:49,264 [INFO] DmaTabbedPanel:205 - Cannot restore the selected Tab for DMA
2025-11-14 16:18:24,898 [INFO] Gpio:278 - dependency for GPIO [ETH, RCC, TIM1, TIM2, TIM3, TIM4, TIM8, USART1, USART2, USART3, USART6]
2025-11-14 16:25:28,251 [INFO] NvicIntPanel:101 - NVIC parent = com.st.microxplorer.plugins.ip.nvic.MultiNvicIntPanel[,0,0,0x0,invalid,layout=javax.swing.BoxLayout,alignmentX=0.0,alignmentY=0.0,border=,flags=9,maximumSize=,minimumSize=,preferredSize=]
2025-11-14 16:26:22,086 [INFO] NvicIntPanel:101 - NVIC parent = com.st.microxplorer.plugins.ip.nvic.MultiNvicIntPanel[,0,0,450x247,layout=javax.swing.BoxLayout,alignmentX=0.0,alignmentY=0.0,border=,flags=9,maximumSize=,minimumSize=,preferredSize=]
2025-11-14 16:26:48,234 [WARN] IP:2250 - Warning not found: check if there is a RefParameter without a condition.
2025-11-14 16:26:48,235 [WARN] IP:2250 - RxBufferAddress not found: check if there is a RefParameter without a condition.
2025-11-14 16:26:48,235 [WARN] IP:2250 - DESC_SIZE_UNIT not found: check if there is a RefParameter without a condition.
2025-11-14 16:26:48,235 [WARN] IP:2250 - Warning not found: check if there is a RefParameter without a condition.
2025-11-14 16:26:48,235 [WARN] IP:2250 - RxBufferAddress not found: check if there is a RefParameter without a condition.
2025-11-14 16:26:48,235 [WARN] IP:2250 - DESC_SIZE_UNIT not found: check if there is a RefParameter without a condition.
2025-11-14 16:26:48,310 [WARN] IP:2250 - Warning not found: check if there is a RefParameter without a condition.
2025-11-14 16:26:48,310 [WARN] IP:2250 - RxBufferAddress not found: check if there is a RefParameter without a condition.
2025-11-14 16:26:48,310 [WARN] IP:2250 - DESC_SIZE_UNIT not found: check if there is a RefParameter without a condition.
2025-11-14 16:26:48,426 [WARN] IP:2250 - Warning not found: check if there is a RefParameter without a condition.
2025-11-14 16:26:48,426 [WARN] IP:2250 - RxBufferAddress not found: check if there is a RefParameter without a condition.
2025-11-14 16:26:48,426 [WARN] IP:2250 - DESC_SIZE_UNIT not found: check if there is a RefParameter without a condition.
2025-11-14 16:27:41,954 [WARN] IP:2250 - Warning not found: check if there is a RefParameter without a condition.
2025-11-14 16:27:41,954 [WARN] IP:2250 - RxBufferAddress not found: check if there is a RefParameter without a condition.
2025-11-14 16:27:41,954 [WARN] IP:2250 - DESC_SIZE_UNIT not found: check if there is a RefParameter without a condition.
2025-11-14 16:27:41,954 [WARN] IP:2250 - Warning not found: check if there is a RefParameter without a condition.
2025-11-14 16:27:41,955 [WARN] IP:2250 - RxBufferAddress not found: check if there is a RefParameter without a condition.
2025-11-14 16:27:41,955 [WARN] IP:2250 - DESC_SIZE_UNIT not found: check if there is a RefParameter without a condition.
2025-11-14 16:28:22,077 [WARN] IP:2250 - Warning not found: check if there is a RefParameter without a condition.
2025-11-14 16:28:22,077 [WARN] IP:2250 - RxBufferAddress not found: check if there is a RefParameter without a condition.
2025-11-14 16:28:22,077 [WARN] IP:2250 - DESC_SIZE_UNIT not found: check if there is a RefParameter without a condition.
2025-11-14 16:28:22,078 [WARN] IP:2250 - Warning not found: check if there is a RefParameter without a condition.
2025-11-14 16:28:22,078 [WARN] IP:2250 - RxBufferAddress not found: check if there is a RefParameter without a condition.
2025-11-14 16:28:22,078 [WARN] IP:2250 - DESC_SIZE_UNIT not found: check if there is a RefParameter without a condition.
2025-11-14 17:03:28,693 [INFO] UtilMem:75 - End SaveConfig() Used Memory: 814398872 Bytes (1045430272)
2025-11-14 17:03:29,054 [INFO] UtilMem:75 - End SaveConfig() Used Memory: 842790152 Bytes (1045430272)
2025-11-14 17:03:30,266 [INFO] UtilMem:75 - End SaveConfig() Used Memory: 398348408 Bytes (1045430272)
2025-11-14 17:03:30,513 [INFO] ProjectBuilder:2380 - IP not ready for code generation: Clock
2025-11-14 17:03:35,170 [INFO] BlockDiagram:2775 - set Specific Code input for plugin: TIM1_8F77
2025-11-14 17:03:35,170 [INFO] BlockDiagram:2775 - set Specific Code input for plugin: TIM1_8F77
2025-11-14 17:03:35,171 [INFO] BlockDiagram:2775 - set Specific Code input for plugin: TIM1_8F77
2025-11-14 17:03:35,171 [INFO] BlockDiagram:2775 - set Specific Code input for plugin: TIM1_8F77
2025-11-14 17:03:35,171 [INFO] BlockDiagram:2775 - set Specific Code input for plugin: SYS
2025-11-14 17:03:35,171 [INFO] BlockDiagram:2775 - set Specific Code input for plugin: RCC
2025-11-14 17:03:35,171 [INFO] BlockDiagram:2775 - set Specific Code input for plugin: NVIC
2025-11-14 17:03:35,171 [INFO] BlockDiagram:2775 - set Specific Code input for plugin: USART
2025-11-14 17:03:35,171 [INFO] BlockDiagram:2775 - set Specific Code input for plugin: USART
2025-11-14 17:03:35,172 [INFO] BlockDiagram:2775 - set Specific Code input for plugin: USART
2025-11-14 17:03:35,172 [INFO] BlockDiagram:2775 - set Specific Code input for plugin: USART
2025-11-14 17:03:35,174 [INFO] BlockDiagram:2775 - set Specific Code input for plugin: CORTEX_M7
2025-11-14 17:03:35,174 [INFO] BlockDiagram:2775 - set Specific Code input for plugin: TIM1_8F77
2025-11-14 17:03:35,175 [INFO] BlockDiagram:2775 - set Specific Code input for plugin: GPIO
2025-11-14 17:03:35,176 [INFO] BlockDiagram:2775 - set Specific Code input for plugin: ETH
2025-11-14 17:03:35,178 [INFO] CodeGenerator:892 - code generatio: config db path: C:\ST\STM32CubeIDE_1.14.1\STM32CubeIDE\plugins\com.st.stm32cube.common.mx_6.15.0.202507011659\\db\
2025-11-14 17:03:35,188 [WARN] IP:2250 - Warning not found: check if there is a RefParameter without a condition.
2025-11-14 17:03:35,189 [WARN] IP:2250 - RxBufferAddress not found: check if there is a RefParameter without a condition.
2025-11-14 17:03:35,190 [WARN] IP:2250 - DESC_SIZE_UNIT not found: check if there is a RefParameter without a condition.
2025-11-14 17:03:35,445 [INFO] CodeEngine:265 - oldGeneratedFile, C:\Users\chris\STM32CubeIDE\workspace_1.14.1\ugv_controls_mcu\MXTmpFiles\license.tmp_save
2025-11-14 17:03:35,990 [INFO] CodeEngine:289 - Generated code: C:\Users\chris\STM32CubeIDE\workspace_1.14.1\ugv_controls_mcu\MXTmpFiles\license.tmp
2025-11-14 17:03:36,100 [INFO] CodeEngine:265 - oldGeneratedFile, C:\Users\chris\STM32CubeIDE\workspace_1.14.1\ugv_controls_mcu\MXTmpFiles\gpio.tmp_save
2025-11-14 17:03:36,366 [INFO] CodeEngine:289 - Generated code: C:\Users\chris\STM32CubeIDE\workspace_1.14.1\ugv_controls_mcu\MXTmpFiles\gpio.tmp
2025-11-14 17:03:37,376 [INFO] CodeEngine:265 - oldGeneratedFile, C:\Users\chris\STM32CubeIDE\workspace_1.14.1\ugv_controls_mcu\MXTmpFiles\cortex.tmp_save
2025-11-14 17:03:37,542 [INFO] CodeEngine:289 - Generated code: C:\Users\chris\STM32CubeIDE\workspace_1.14.1\ugv_controls_mcu\MXTmpFiles\cortex.tmp
2025-11-14 17:03:37,584 [INFO] CodeEngine:265 - oldGeneratedFile, C:\Users\chris\STM32CubeIDE\workspace_1.14.1\ugv_controls_mcu\Core\Src\stm32f7xx_it.c_save
2025-11-14 17:03:37,870 [INFO] CodeEngine:289 - Generated code: C:\Users\chris\STM32CubeIDE\workspace_1.14.1\ugv_controls_mcu\Core\Src\stm32f7xx_it.c
2025-11-14 17:03:37,886 [INFO] CodeEngine:265 - oldGeneratedFile, C:\Users\chris\STM32CubeIDE\workspace_1.14.1\ugv_controls_mcu\Core\Inc\stm32f7xx_it.h_save
2025-11-14 17:03:37,983 [INFO] CodeEngine:289 - Generated code: C:\Users\chris\STM32CubeIDE\workspace_1.14.1\ugv_controls_mcu\Core\Inc\stm32f7xx_it.h
2025-11-14 17:03:38,024 [INFO] CodeEngine:265 - oldGeneratedFile, C:\Users\chris\STM32CubeIDE\workspace_1.14.1\ugv_controls_mcu\Core\Src\stm32f7xx_hal_msp.c_save
2025-11-14 17:03:38,256 [INFO] CodeEngine:289 - Generated code: C:\Users\chris\STM32CubeIDE\workspace_1.14.1\ugv_controls_mcu\Core\Src\stm32f7xx_hal_msp.c
2025-11-14 17:03:38,266 [INFO] CodeEngine:265 - oldGeneratedFile, C:\Users\chris\STM32CubeIDE\workspace_1.14.1\ugv_controls_mcu\MXTmpFiles\system.tmp_save
2025-11-14 17:03:38,344 [INFO] CodeEngine:289 - Generated code: C:\Users\chris\STM32CubeIDE\workspace_1.14.1\ugv_controls_mcu\MXTmpFiles\system.tmp
2025-11-14 17:03:38,368 [INFO] CodeEngine:321 - oldGeneratedFile, C:\Users\chris\STM32CubeIDE\workspace_1.14.1\ugv_controls_mcu\Core\Inc\stm32f7xx_hal_conf.h_save
2025-11-14 17:03:38,464 [INFO] CodeEngine:345 - Generated code: C:\Users\chris\STM32CubeIDE\workspace_1.14.1\ugv_controls_mcu\Core\Inc\stm32f7xx_hal_conf.h
2025-11-14 17:03:38,498 [WARN] IPConfigManager:3811 - IP not found : TIM
2025-11-14 17:03:38,499 [WARN] CodeGenerator:4259 - IP not found : null
2025-11-14 17:03:38,515 [INFO] CodeEngine:265 - oldGeneratedFile, C:\Users\chris\STM32CubeIDE\workspace_1.14.1\ugv_controls_mcu\Core\Inc\main.h_save
2025-11-14 17:03:38,636 [INFO] CodeEngine:289 - Generated code: C:\Users\chris\STM32CubeIDE\workspace_1.14.1\ugv_controls_mcu\Core\Inc\main.h
2025-11-14 17:03:38,650 [INFO] CodeEngine:265 - oldGeneratedFile, C:\Users\chris\STM32CubeIDE\workspace_1.14.1\ugv_controls_mcu\Core\Src\main.c_save
2025-11-14 17:03:38,852 [INFO] CodeEngine:289 - Generated code: C:\Users\chris\STM32CubeIDE\workspace_1.14.1\ugv_controls_mcu\Core\Src\main.c
2025-11-14 17:03:39,356 [INFO] ProjectBuilder:3606 - Time for Copy HAL[1] : 215mS.
2025-11-14 17:03:39,362 [INFO] ProjectBuilder:5216 - Project Generator version: 4.7.0-B52
2025-11-14 17:03:39,489 [INFO] ConfigFileManager:1595 - The Die is : DIE451
2025-11-14 17:03:40,803 [INFO] ProjectBuilder:5496 - Time for Generating toolchain IDE Files: 1441mS.
2025-11-14 17:03:40,805 [INFO] ProjectBuilder:3463 - Time for Copy CMSIS : 1mS.
2025-11-14 17:03:40,809 [INFO] ProjectBuilder:3463 - Time for Copy CMSIS : 0mS.
2025-11-14 17:03:56,648 [ERROR] LogOutputStream:75 - [STDERR_REDIRECT] Exception in thread "AWT-EventQueue-0" java.lang.ClassCastException: class sun.awt.windows.WEmbeddedFrame cannot be cast to class javax.swing.JFrame (sun.awt.windows.WEmbeddedFrame and javax.swing.JFrame are in module java.desktop of loader 'bootstrap')
2025-11-14 17:03:56,650 [ERROR] LogOutputStream:75 - [STDERR_REDIRECT] 	at com.st.microxplorer.plugins.clock.ClockConfigurationView.activatePlugin(ClockConfigurationView.java:424)
2025-11-14 17:03:56,652 [ERROR] LogOutputStream:75 - [STDERR_REDIRECT] 	at com.st.microxplorer.maingui.MainPanel$1.stateChanged(MainPanel.java:385)
2025-11-14 17:03:56,652 [ERROR] LogOutputStream:75 - [STDERR_REDIRECT] 	at java.desktop/javax.swing.JTabbedPane.fireStateChanged(JTabbedPane.java:446)
2025-11-14 17:03:56,653 [ERROR] LogOutputStream:75 - [STDERR_REDIRECT] 	at java.desktop/javax.swing.JTabbedPane$ModelListener.stateChanged(JTabbedPane.java:297)
2025-11-14 17:03:56,655 [ERROR] LogOutputStream:75 - [STDERR_REDIRECT] 	at java.desktop/javax.swing.DefaultSingleSelectionModel.fireStateChanged(DefaultSingleSelectionModel.java:148)
2025-11-14 17:03:56,658 [ERROR] LogOutputStream:75 - [STDERR_REDIRECT] 	at java.desktop/javax.swing.DefaultSingleSelectionModel.setSelectedIndex(DefaultSingleSelectionModel.java:79)
2025-11-14 17:03:56,659 [ERROR] LogOutputStream:75 - [STDERR_REDIRECT] 	at java.desktop/javax.swing.JTabbedPane.setSelectedIndexImpl(JTabbedPane.java:650)
2025-11-14 17:03:56,659 [ERROR] LogOutputStream:75 - [STDERR_REDIRECT] 	at java.desktop/javax.swing.JTabbedPane.setSelectedIndex(JTabbedPane.java:625)
2025-11-14 17:03:56,660 [ERROR] LogOutputStream:75 - [STDERR_REDIRECT] 	at java.desktop/javax.swing.plaf.basic.BasicTabbedPaneUI$Handler.mousePressed(BasicTabbedPaneUI.java:4140)
2025-11-14 17:03:56,661 [ERROR] LogOutputStream:75 - [STDERR_REDIRECT] 	at java.desktop/java.awt.Component.processMouseEvent(Component.java:6618)
2025-11-14 17:03:56,662 [ERROR] LogOutputStream:75 - [STDERR_REDIRECT] 	at java.desktop/javax.swing.JComponent.processMouseEvent(JComponent.java:3398)
2025-11-14 17:03:56,663 [ERROR] LogOutputStream:75 - [STDERR_REDIRECT] 	at java.desktop/java.awt.Component.processEvent(Component.java:6386)
2025-11-14 17:03:56,665 [ERROR] LogOutputStream:75 - [STDERR_REDIRECT] 	at java.desktop/java.awt.Container.processEvent(Container.java:2266)
2025-11-14 17:03:56,667 [ERROR] LogOutputStream:75 - [STDERR_REDIRECT] 	at java.desktop/java.awt.Component.dispatchEventImpl(Component.java:4996)
2025-11-14 17:03:56,668 [ERROR] LogOutputStream:75 - [STDERR_REDIRECT] 	at java.desktop/java.awt.Container.dispatchEventImpl(Container.java:2324)
2025-11-14 17:03:56,669 [ERROR] LogOutputStream:75 - [STDERR_REDIRECT] 	at java.desktop/java.awt.Component.dispatchEvent(Component.java:4828)
2025-11-14 17:03:56,669 [ERROR] LogOutputStream:75 - [STDERR_REDIRECT] 	at java.desktop/java.awt.LightweightDispatcher.retargetMouseEvent(Container.java:4948)
2025-11-14 17:03:56,670 [ERROR] LogOutputStream:75 - [STDERR_REDIRECT] 	at java.desktop/java.awt.LightweightDispatcher.processMouseEvent(Container.java:4572)
2025-11-14 17:03:56,671 [ERROR] LogOutputStream:75 - [STDERR_REDIRECT] 	at java.desktop/java.awt.LightweightDispatcher.dispatchEvent(Container.java:4516)
2025-11-14 17:03:56,672 [ERROR] LogOutputStream:75 - [STDERR_REDIRECT] 	at java.desktop/java.awt.Container.dispatchEventImpl(Container.java:2310)
2025-11-14 17:03:56,674 [ERROR] LogOutputStream:75 - [STDERR_REDIRECT] 	at java.desktop/java.awt.Component.dispatchEvent(Component.java:4828)
2025-11-14 17:03:56,676 [ERROR] LogOutputStream:75 - [STDERR_REDIRECT] 	at java.desktop/java.awt.EventQueue.dispatchEventImpl(EventQueue.java:775)
2025-11-14 17:03:56,678 [ERROR] LogOutputStream:75 - [STDERR_REDIRECT] 	at java.desktop/java.awt.EventQueue$4.run(EventQueue.java:720)
2025-11-14 17:03:56,679 [ERROR] LogOutputStream:75 - [STDERR_REDIRECT] 	at java.desktop/java.awt.EventQueue$4.run(EventQueue.java:714)
2025-11-14 17:03:56,680 [ERROR] LogOutputStream:75 - [STDERR_REDIRECT] 	at java.base/java.security.AccessController.doPrivileged(AccessController.java:400)
2025-11-14 17:03:56,682 [ERROR] LogOutputStream:75 - [STDERR_REDIRECT] 	at java.base/java.security.ProtectionDomain$JavaSecurityAccessImpl.doIntersectionPrivilege(ProtectionDomain.java:87)
2025-11-14 17:03:56,684 [ERROR] LogOutputStream:75 - [STDERR_REDIRECT] 	at java.base/java.security.ProtectionDomain$JavaSecurityAccessImpl.doIntersectionPrivilege(ProtectionDomain.java:98)
2025-11-14 17:03:56,686 [ERROR] LogOutputStream:75 - [STDERR_REDIRECT] 	at java.desktop/java.awt.EventQueue$5.run(EventQueue.java:747)
2025-11-14 17:03:56,686 [ERROR] LogOutputStream:75 - [STDERR_REDIRECT] 	at java.desktop/java.awt.EventQueue$5.run(EventQueue.java:745)
2025-11-14 17:03:56,687 [ERROR] LogOutputStream:75 - [STDERR_REDIRECT] 	at java.base/java.security.AccessController.doPrivileged(AccessController.java:400)
2025-11-14 17:03:56,688 [ERROR] LogOutputStream:75 - [STDERR_REDIRECT] 	at java.base/java.security.ProtectionDomain$JavaSecurityAccessImpl.doIntersectionPrivilege(ProtectionDomain.java:87)
2025-11-14 17:03:56,690 [ERROR] LogOutputStream:75 - [STDERR_REDIRECT] 	at java.desktop/java.awt.EventQueue.dispatchEvent(EventQueue.java:744)
2025-11-14 17:03:56,692 [ERROR] LogOutputStream:75 - [STDERR_REDIRECT] 	at java.desktop/java.awt.EventDispatchThread.pumpOneEventForFilters(EventDispatchThread.java:203)
2025-11-14 17:03:56,693 [ERROR] LogOutputStream:75 - [STDERR_REDIRECT] 	at java.desktop/java.awt.EventDispatchThread.pumpEventsForFilter(EventDispatchThread.java:124)
2025-11-14 17:03:56,694 [ERROR] LogOutputStream:75 - [STDERR_REDIRECT] 	at java.desktop/java.awt.EventDispatchThread.pumpEventsForHierarchy(EventDispatchThread.java:113)
2025-11-14 17:03:56,695 [ERROR] LogOutputStream:75 - [STDERR_REDIRECT] 	at java.desktop/java.awt.EventDispatchThread.pumpEvents(EventDispatchThread.java:109)
2025-11-14 17:03:56,696 [ERROR] LogOutputStream:75 - [STDERR_REDIRECT] 	at java.desktop/java.awt.EventDispatchThread.pumpEvents(EventDispatchThread.java:101)
2025-11-14 17:03:56,698 [ERROR] LogOutputStream:75 - [STDERR_REDIRECT] 	at java.desktop/java.awt.EventDispatchThread.run(EventDispatchThread.java:90)
2025-11-14 17:04:13,314 [WARN] IP:2250 - Warning not found: check if there is a RefParameter without a condition.
2025-11-14 17:04:13,314 [WARN] IP:2250 - RxBufferAddress not found: check if there is a RefParameter without a condition.
2025-11-14 17:04:13,315 [WARN] IP:2250 - DESC_SIZE_UNIT not found: check if there is a RefParameter without a condition.
2025-11-14 17:04:13,315 [WARN] IP:2250 - Warning not found: check if there is a RefParameter without a condition.
2025-11-14 17:04:13,316 [WARN] IP:2250 - RxBufferAddress not found: check if there is a RefParameter without a condition.
2025-11-14 17:04:13,316 [WARN] IP:2250 - DESC_SIZE_UNIT not found: check if there is a RefParameter without a condition.
2025-11-14 17:04:17,664 [WARN] IP:2250 - Warning not found: check if there is a RefParameter without a condition.
2025-11-14 17:04:17,664 [WARN] IP:2250 - RxBufferAddress not found: check if there is a RefParameter without a condition.
2025-11-14 17:04:17,664 [WARN] IP:2250 - DESC_SIZE_UNIT not found: check if there is a RefParameter without a condition.
2025-11-14 17:04:17,665 [WARN] IP:2250 - Warning not found: check if there is a RefParameter without a condition.
2025-11-14 17:04:17,665 [WARN] IP:2250 - RxBufferAddress not found: check if there is a RefParameter without a condition.
2025-11-14 17:04:17,666 [WARN] IP:2250 - DESC_SIZE_UNIT not found: check if there is a RefParameter without a condition.
2025-11-14 17:04:18,076 [WARN] IP:2250 - Warning not found: check if there is a RefParameter without a condition.
2025-11-14 17:04:18,076 [WARN] IP:2250 - RxBufferAddress not found: check if there is a RefParameter without a condition.
2025-11-14 17:04:18,077 [WARN] IP:2250 - DESC_SIZE_UNIT not found: check if there is a RefParameter without a condition.
2025-11-14 17:04:18,077 [WARN] IP:2250 - Warning not found: check if there is a RefParameter without a condition.
2025-11-14 17:04:18,077 [WARN] IP:2250 - RxBufferAddress not found: check if there is a RefParameter without a condition.
2025-11-14 17:04:18,077 [WARN] IP:2250 - DESC_SIZE_UNIT not found: check if there is a RefParameter without a condition.
2025-11-14 17:04:18,562 [WARN] IP:2250 - Warning not found: check if there is a RefParameter without a condition.
2025-11-14 17:04:18,562 [WARN] IP:2250 - RxBufferAddress not found: check if there is a RefParameter without a condition.
2025-11-14 17:04:18,562 [WARN] IP:2250 - DESC_SIZE_UNIT not found: check if there is a RefParameter without a condition.
2025-11-14 17:04:18,562 [WARN] IP:2250 - Warning not found: check if there is a RefParameter without a condition.
2025-11-14 17:04:18,563 [WARN] IP:2250 - RxBufferAddress not found: check if there is a RefParameter without a condition.
2025-11-14 17:04:18,563 [WARN] IP:2250 - DESC_SIZE_UNIT not found: check if there is a RefParameter without a condition.
2025-11-14 17:04:18,898 [WARN] IP:2250 - Warning not found: check if there is a RefParameter without a condition.
2025-11-14 17:04:18,898 [WARN] IP:2250 - RxBufferAddress not found: check if there is a RefParameter without a condition.
2025-11-14 17:04:18,898 [WARN] IP:2250 - DESC_SIZE_UNIT not found: check if there is a RefParameter without a condition.
2025-11-14 17:04:18,899 [WARN] IP:2250 - Warning not found: check if there is a RefParameter without a condition.
2025-11-14 17:04:18,899 [WARN] IP:2250 - RxBufferAddress not found: check if there is a RefParameter without a condition.
2025-11-14 17:04:18,899 [WARN] IP:2250 - DESC_SIZE_UNIT not found: check if there is a RefParameter without a condition.
2025-11-14 18:40:00,857 [INFO] WebApp:194 - Connection lost
2025-11-14 18:40:00,958 [INFO] WebApp:191 - Connection restablished
2025-11-14 18:40:07,793 [INFO] WebApp:194 - Connection lost
2025-11-14 18:40:07,904 [INFO] WebApp:191 - Connection restablished
2025-11-14 18:54:12,204 [INFO] UtilMem:75 - End SaveConfig() Used Memory: 379963440 Bytes (1045430272)
2025-11-14 18:54:12,339 [INFO] UtilMem:75 - End SaveConfig() Used Memory: 407226416 Bytes (1045430272)
2025-11-14 18:54:13,552 [INFO] UtilMem:75 - End SaveConfig() Used Memory: 398134432 Bytes (1045430272)
2025-11-14 18:54:14,319 [INFO] BlockDiagram:2775 - set Specific Code input for plugin: TIM1_8F77
2025-11-14 18:54:14,319 [INFO] BlockDiagram:2775 - set Specific Code input for plugin: TIM1_8F77
2025-11-14 18:54:14,319 [INFO] BlockDiagram:2775 - set Specific Code input for plugin: TIM1_8F77
2025-11-14 18:54:14,319 [INFO] BlockDiagram:2775 - set Specific Code input for plugin: TIM1_8F77
2025-11-14 18:54:14,320 [INFO] BlockDiagram:2775 - set Specific Code input for plugin: SYS
2025-11-14 18:54:14,320 [INFO] BlockDiagram:2775 - set Specific Code input for plugin: RCC
2025-11-14 18:54:14,320 [INFO] BlockDiagram:2775 - set Specific Code input for plugin: NVIC
2025-11-14 18:54:14,320 [INFO] BlockDiagram:2775 - set Specific Code input for plugin: USART
2025-11-14 18:54:14,320 [INFO] BlockDiagram:2775 - set Specific Code input for plugin: USART
2025-11-14 18:54:14,320 [INFO] BlockDiagram:2775 - set Specific Code input for plugin: USART
2025-11-14 18:54:14,320 [INFO] BlockDiagram:2775 - set Specific Code input for plugin: USART
2025-11-14 18:54:14,320 [INFO] BlockDiagram:2775 - set Specific Code input for plugin: CORTEX_M7
2025-11-14 18:54:14,320 [INFO] BlockDiagram:2775 - set Specific Code input for plugin: TIM1_8F77
2025-11-14 18:54:14,323 [INFO] BlockDiagram:2775 - set Specific Code input for plugin: GPIO
2025-11-14 18:54:14,324 [INFO] BlockDiagram:2775 - set Specific Code input for plugin: ETH
2025-11-14 18:54:14,325 [INFO] CodeGenerator:892 - code generatio: config db path: C:\ST\STM32CubeIDE_1.14.1\STM32CubeIDE\plugins\com.st.stm32cube.common.mx_6.15.0.202507011659\\db\
2025-11-14 18:54:14,337 [WARN] IP:2250 - Warning not found: check if there is a RefParameter without a condition.
2025-11-14 18:54:14,337 [WARN] IP:2250 - RxBufferAddress not found: check if there is a RefParameter without a condition.
2025-11-14 18:54:14,339 [WARN] IP:2250 - DESC_SIZE_UNIT not found: check if there is a RefParameter without a condition.
2025-11-14 18:54:14,557 [INFO] CodeEngine:265 - oldGeneratedFile, C:\Users\chris\STM32CubeIDE\workspace_1.14.1\ugv_controls_mcu\MXTmpFiles\license.tmp_save
2025-11-14 18:54:15,028 [INFO] CodeEngine:289 - Generated code: C:\Users\chris\STM32CubeIDE\workspace_1.14.1\ugv_controls_mcu\MXTmpFiles\license.tmp
2025-11-14 18:54:15,174 [INFO] CodeEngine:265 - oldGeneratedFile, C:\Users\chris\STM32CubeIDE\workspace_1.14.1\ugv_controls_mcu\MXTmpFiles\gpio.tmp_save
2025-11-14 18:54:15,392 [INFO] CodeEngine:289 - Generated code: C:\Users\chris\STM32CubeIDE\workspace_1.14.1\ugv_controls_mcu\MXTmpFiles\gpio.tmp
2025-11-14 18:54:16,758 [INFO] CodeEngine:265 - oldGeneratedFile, C:\Users\chris\STM32CubeIDE\workspace_1.14.1\ugv_controls_mcu\MXTmpFiles\cortex.tmp_save
2025-11-14 18:54:16,894 [INFO] CodeEngine:289 - Generated code: C:\Users\chris\STM32CubeIDE\workspace_1.14.1\ugv_controls_mcu\MXTmpFiles\cortex.tmp
2025-11-14 18:54:16,928 [INFO] CodeEngine:265 - oldGeneratedFile, C:\Users\chris\STM32CubeIDE\workspace_1.14.1\ugv_controls_mcu\Core\Src\stm32f7xx_it.c_save
2025-11-14 18:54:17,166 [INFO] CodeEngine:289 - Generated code: C:\Users\chris\STM32CubeIDE\workspace_1.14.1\ugv_controls_mcu\Core\Src\stm32f7xx_it.c
2025-11-14 18:54:17,176 [INFO] CodeEngine:265 - oldGeneratedFile, C:\Users\chris\STM32CubeIDE\workspace_1.14.1\ugv_controls_mcu\Core\Inc\stm32f7xx_it.h_save
2025-11-14 18:54:17,253 [INFO] CodeEngine:289 - Generated code: C:\Users\chris\STM32CubeIDE\workspace_1.14.1\ugv_controls_mcu\Core\Inc\stm32f7xx_it.h
2025-11-14 18:54:17,282 [INFO] CodeEngine:265 - oldGeneratedFile, C:\Users\chris\STM32CubeIDE\workspace_1.14.1\ugv_controls_mcu\Core\Src\stm32f7xx_hal_msp.c_save
2025-11-14 18:54:17,466 [INFO] CodeEngine:289 - Generated code: C:\Users\chris\STM32CubeIDE\workspace_1.14.1\ugv_controls_mcu\Core\Src\stm32f7xx_hal_msp.c
2025-11-14 18:54:17,476 [INFO] CodeEngine:265 - oldGeneratedFile, C:\Users\chris\STM32CubeIDE\workspace_1.14.1\ugv_controls_mcu\MXTmpFiles\system.tmp_save
2025-11-14 18:54:17,561 [INFO] CodeEngine:289 - Generated code: C:\Users\chris\STM32CubeIDE\workspace_1.14.1\ugv_controls_mcu\MXTmpFiles\system.tmp
2025-11-14 18:54:17,577 [INFO] CodeEngine:321 - oldGeneratedFile, C:\Users\chris\STM32CubeIDE\workspace_1.14.1\ugv_controls_mcu\Core\Inc\stm32f7xx_hal_conf.h_save
2025-11-14 18:54:17,663 [INFO] CodeEngine:345 - Generated code: C:\Users\chris\STM32CubeIDE\workspace_1.14.1\ugv_controls_mcu\Core\Inc\stm32f7xx_hal_conf.h
2025-11-14 18:54:17,699 [WARN] IPConfigManager:3811 - IP not found : TIM
2025-11-14 18:54:17,701 [WARN] CodeGenerator:4259 - IP not found : null
2025-11-14 18:54:17,718 [INFO] CodeEngine:265 - oldGeneratedFile, C:\Users\chris\STM32CubeIDE\workspace_1.14.1\ugv_controls_mcu\Core\Inc\main.h_save
2025-11-14 18:54:17,841 [INFO] CodeEngine:289 - Generated code: C:\Users\chris\STM32CubeIDE\workspace_1.14.1\ugv_controls_mcu\Core\Inc\main.h
2025-11-14 18:54:17,853 [INFO] CodeEngine:265 - oldGeneratedFile, C:\Users\chris\STM32CubeIDE\workspace_1.14.1\ugv_controls_mcu\Core\Src\main.c_save
2025-11-14 18:54:18,079 [INFO] CodeEngine:289 - Generated code: C:\Users\chris\STM32CubeIDE\workspace_1.14.1\ugv_controls_mcu\Core\Src\main.c
2025-11-14 18:54:18,564 [INFO] ProjectBuilder:3606 - Time for Copy HAL[1] : 177mS.
2025-11-14 18:54:18,569 [INFO] ProjectBuilder:5216 - Project Generator version: 4.7.0-B52
2025-11-14 18:54:18,658 [INFO] ConfigFileManager:1595 - The Die is : DIE451
2025-11-14 18:54:19,715 [INFO] ProjectBuilder:5496 - Time for Generating toolchain IDE Files: 1146mS.
2025-11-14 18:54:19,716 [INFO] ProjectBuilder:3463 - Time for Copy CMSIS : 1mS.
2025-11-14 18:54:19,719 [INFO] ProjectBuilder:3463 - Time for Copy CMSIS : 0mS.
2025-11-14 18:54:28,073 [ERROR] LogOutputStream:75 - [STDERR_REDIRECT] 
2025-11-14 18:54:28,077 [ERROR] LogOutputStream:75 - [STDERR_REDIRECT] 
