2025-09-12 00:26:47,075 [ERROR] LogOutputStream:75 - [STDERR_REDIRECT] 
2025-09-12 14:07:57,617 [INFO] Activator:176 - 


2025-09-12 14:07:57,623 [INFO] Activator:177 - !SESSION log4j initialized
2025-09-12 14:08:11,102 [INFO] LogOutputStream:77 - [STDOUT_REDIRECT] 
2025-09-12 14:08:16,741 [INFO] ApplicationProperties:184 - Using Application install path: C:\ST\STM32CubeIDE_1.14.1\STM32CubeIDE\plugins\com.st.stm32cube.common.mx_6.10.0.202311202037
2025-09-12 14:08:16,778 [INFO] DbMcusXml:78 - Set database path to: C:\ST\STM32CubeIDE_1.14.1\STM32CubeIDE\plugins\com.st.stm32cube.common.mx_6.10.0.202311202037\\db\/mcu/
2025-09-12 14:08:16,783 [INFO] ApiDb:274 - Set plugin database path to: C:\ST\STM32CubeIDE_1.14.1\STM32CubeIDE\plugins\com.st.stm32cube.common.mx_6.10.0.202311202037\\db\/plugins/boardmanager/
2025-09-12 14:08:16,783 [WARN] ApiDb:259 - Overriding images path with different value:  => C:\ST\STM32CubeIDE_1.14.1\STM32CubeIDE\plugins\com.st.stm32cube.common.mx_6.10.0.202311202037\\db\/plugins/mcufinder/images/
2025-09-12 14:08:16,799 [INFO] ApiDb:250 - Set database path to: C:\Users\chris\.stmcufinder\plugins\mcufinder//mcu/
2025-09-12 14:08:16,799 [INFO] DbMcusAds:125 - Set database path to: C:\Users\chris\.stmcufinder\plugins\mcufinder//mcu/
2025-09-12 14:08:16,808 [INFO] CrossReferenceDbSqlite:203 - Set database path to: C:\Users\chris\.stmcufinder\plugins\mcufinder//mcu/cs/
2025-09-12 14:08:17,263 [INFO] RulesReader:64 - Compatibility file has been processed (297 Rules)
2025-09-12 14:08:17,452 [INFO] DbMcusXml:78 - Set database path to: C:\ST\STM32CubeIDE_1.14.1\STM32CubeIDE\plugins\com.st.stm32cube.common.mx_6.10.0.202311202037\\db\/mcu/
2025-09-12 14:08:17,452 [INFO] ApiDb:274 - Set plugin database path to: C:\ST\STM32CubeIDE_1.14.1\STM32CubeIDE\plugins\com.st.stm32cube.common.mx_6.10.0.202311202037\\db\/plugins/boardmanager/
2025-09-12 14:08:17,452 [INFO] ApiDb:261 - Set plugin images path to: C:\ST\STM32CubeIDE_1.14.1\STM32CubeIDE\plugins\com.st.stm32cube.common.mx_6.10.0.202311202037\\db\/plugins/mcufinder/images/
2025-09-12 14:08:17,452 [WARN] DbFile:41 - Overriding database path with different value: C:\Users\chris\.stmcufinder\plugins\mcufinder/ => C:\Users\chris\.stmcufinder\plugins\mcufinder
2025-09-12 14:08:17,452 [INFO] ApiDb:250 - Set database path to: C:\Users\chris\.stmcufinder\plugins\mcufinder//mcu/
2025-09-12 14:08:17,452 [WARN] DbFile:41 - Overriding database path with different value: C:\Users\chris\.stmcufinder\plugins\mcufinder/ => C:\Users\chris\.stmcufinder\plugins\mcufinder
2025-09-12 14:08:17,452 [INFO] DbMcusAds:125 - Set database path to: C:\Users\chris\.stmcufinder\plugins\mcufinder//mcu/
2025-09-12 14:08:17,452 [WARN] DbFile:41 - Overriding database path with different value: C:\Users\chris\.stmcufinder\plugins\mcufinder/ => C:\Users\chris\.stmcufinder\plugins\mcufinder
2025-09-12 14:08:17,452 [WARN] DbFile:41 - Overriding database path with different value: C:\Users\chris\.stmcufinder\plugins\mcufinder/ => C:\Users\chris\.stmcufinder\plugins\mcufinder
2025-09-12 14:08:17,452 [INFO] CrossReferenceDbSqlite:203 - Set database path to: C:\Users\chris\.stmcufinder\plugins\mcufinder//mcu/cs/
2025-09-12 14:08:17,672 [INFO] MainPanel:264 - HeapMemory: 268435456
2025-09-12 14:08:17,898 [INFO] DbMcusXml:78 - Set database path to: C:\ST\STM32CubeIDE_1.14.1\STM32CubeIDE\plugins\com.st.stm32cube.common.mx_6.10.0.202311202037\\db\/mcu/
2025-09-12 14:08:17,898 [INFO] ApiDb:274 - Set plugin database path to: C:\ST\STM32CubeIDE_1.14.1\STM32CubeIDE\plugins\com.st.stm32cube.common.mx_6.10.0.202311202037\\db\/plugins/boardmanager/
2025-09-12 14:08:17,898 [INFO] ApiDb:261 - Set plugin images path to: C:\ST\STM32CubeIDE_1.14.1\STM32CubeIDE\plugins\com.st.stm32cube.common.mx_6.10.0.202311202037\\db\/plugins/mcufinder/images/
2025-09-12 14:08:17,898 [WARN] DbFile:41 - Overriding database path with different value: C:\Users\chris\.stmcufinder\plugins\mcufinder/ => C:\Users\chris\.stmcufinder\plugins\mcufinder
2025-09-12 14:08:17,898 [INFO] ApiDb:250 - Set database path to: C:\Users\chris\.stmcufinder\plugins\mcufinder//mcu/
2025-09-12 14:08:17,898 [WARN] DbFile:41 - Overriding database path with different value: C:\Users\chris\.stmcufinder\plugins\mcufinder/ => C:\Users\chris\.stmcufinder\plugins\mcufinder
2025-09-12 14:08:17,898 [INFO] DbMcusAds:125 - Set database path to: C:\Users\chris\.stmcufinder\plugins\mcufinder//mcu/
2025-09-12 14:08:17,898 [WARN] DbFile:41 - Overriding database path with different value: C:\Users\chris\.stmcufinder\plugins\mcufinder/ => C:\Users\chris\.stmcufinder\plugins\mcufinder
2025-09-12 14:08:17,898 [WARN] DbFile:41 - Overriding database path with different value: C:\Users\chris\.stmcufinder\plugins\mcufinder/ => C:\Users\chris\.stmcufinder\plugins\mcufinder
2025-09-12 14:08:17,898 [INFO] CrossReferenceDbSqlite:203 - Set database path to: C:\Users\chris\.stmcufinder\plugins\mcufinder//mcu/cs/
2025-09-12 14:08:17,928 [INFO] ApplicationProperties:184 - Using Application install path: C:\ST\STM32CubeIDE_1.14.1\STM32CubeIDE\plugins\com.st.stm32cube.common.mx_6.10.0.202311202037
2025-09-12 14:08:17,928 [INFO] PluginManage:196 - Search for loadable plugins [exclusion list=, ]
2025-09-12 14:08:17,928 [INFO] PluginManage:310 - Check plugin analytics
2025-09-12 14:08:18,188 [INFO] AnalyticsPlugin:253 - Accepted Software Licenses: 
2025-09-12 14:08:18,188 [INFO] AnalyticsPlugin:255 - Accepted CMSIS Pack Licenses: 
2025-09-12 14:08:18,188 [INFO] AnalyticsPlugin:257 - Accepted Firmware Licenses: FW.F7.1.17.0
2025-09-12 14:08:18,198 [INFO] PluginManage:359 - Loaded plugin analytics (category:tool,tabindex:-1)
2025-09-12 14:08:18,198 [INFO] PluginManage:310 - Check plugin cadmodel
2025-09-12 14:08:18,228 [INFO] CADModel:105 - Init CAD model plugin
2025-09-12 14:08:18,228 [INFO] PluginManage:359 - Loaded plugin cadmodel (category:power,tabindex:5)
2025-09-12 14:08:18,228 [INFO] PluginManage:310 - Check plugin clock
2025-09-12 14:08:18,258 [INFO] PluginManage:359 - Loaded plugin clock (category:base,tabindex:2)
2025-09-12 14:08:18,258 [INFO] PluginManage:310 - Check plugin ddr
2025-09-12 14:08:18,258 [INFO] PluginManage:359 - Loaded plugin ddr (category:tool,tabindex:6)
2025-09-12 14:08:18,258 [INFO] PluginManage:310 - Check plugin filemanager
2025-09-12 14:08:18,484 [INFO] PluginManage:359 - Loaded plugin filemanager (category:base,tabindex:10)
2025-09-12 14:08:18,484 [INFO] PluginManage:310 - Check plugin ipmanager
2025-09-12 14:08:18,495 [INFO] PluginManage:359 - Loaded plugin ipmanager (category:base,tabindex:5)
2025-09-12 14:08:18,496 [INFO] PluginManage:310 - Check plugin lpbam
2025-09-12 14:08:18,525 [INFO] PluginManage:359 - Loaded plugin lpbam (category:base,tabindex:0)
2025-09-12 14:08:18,525 [INFO] PluginManage:310 - Check plugin memorymap
2025-09-12 14:08:18,577 [INFO] PluginManage:359 - Loaded plugin memorymap (category:base,tabindex:4)
2025-09-12 14:08:18,578 [INFO] PluginManage:310 - Check plugin pinoutandconfiguration
2025-09-12 14:08:18,611 [INFO] PluginManage:359 - Loaded plugin pinoutandconfiguration (category:base,tabindex:1)
2025-09-12 14:08:18,611 [INFO] PluginManage:310 - Check plugin pinoutconfig
2025-09-12 14:08:18,771 [WARN] SupportedApi:132 - Cannot load RTOS API schema: s4s-elt-must-match.1: The content of 'definitions' must match (annotation?, (simpleType | complexType)?, (unique | key | keyref)*)). A problem was found starting at: attribute.
2025-09-12 14:08:19,028 [INFO] PluginManage:359 - Loaded plugin pinoutconfig (category:base,tabindex:0)
2025-09-12 14:08:19,028 [INFO] PluginManage:310 - Check plugin power
2025-09-12 14:08:19,064 [INFO] PluginManage:359 - Loaded plugin power (category:power,tabindex:4)
2025-09-12 14:08:19,064 [INFO] PluginManage:310 - Check plugin projectmanager
2025-09-12 14:08:19,120 [INFO] PluginManage:359 - Loaded plugin projectmanager (category:projectmanager,tabindex:3)
2025-09-12 14:08:19,120 [INFO] PluginManage:310 - Check plugin thirdparty
2025-09-12 14:08:19,648 [INFO] PluginManage:359 - Loaded plugin thirdparty (category:base,tabindex:-1)
2025-09-12 14:08:19,648 [WARN] IntegrityCheckThread:84 - waiting for thirdparty lock release [integrity check]
2025-09-12 14:08:19,648 [INFO] PluginManage:310 - Check plugin tools
2025-09-12 14:08:19,648 [INFO] IntegrityCheckThread:86 - entering critical section [integrity check]
2025-09-12 14:08:19,658 [INFO] ThirdPartyUpdaterWithRetryManager:70 - Updater plugin not ready yet. [1/15]
2025-09-12 14:08:19,711 [INFO] PluginManage:359 - Loaded plugin tools (category:base,tabindex:7)
2025-09-12 14:08:19,718 [INFO] PluginManage:310 - Check plugin tutovideos
2025-09-12 14:08:20,034 [INFO] PluginManage:359 - Loaded plugin tutovideos (category:base,tabindex:-1)
2025-09-12 14:08:20,038 [INFO] PluginManage:310 - Check plugin updater
2025-09-12 14:08:20,048 [INFO] PluginManage:359 - Loaded plugin updater (category:base,tabindex:12)
2025-09-12 14:08:20,048 [INFO] PluginManage:310 - Check plugin userauth
2025-09-12 14:08:20,060 [INFO] UserAuth:114 - Init User Auth plugin
2025-09-12 14:08:20,060 [INFO] PluginManage:359 - Loaded plugin userauth (category:base,tabindex:14)
2025-09-12 14:08:20,060 [INFO] PluginManage:283 - PluginManage : Loaded plugins [17]
2025-09-12 14:08:20,408 [INFO] PinOutPanel:1499 - setPackage(No Configuration,No Configuration)
2025-09-12 14:08:20,558 [INFO] CADModel:165 - CPN selected for project level
2025-09-12 14:08:20,558 [INFO] CADModel:114 - Register for checkConnection events
2025-09-12 14:08:20,619 [INFO] IPUIPlugin:80 - create IPUIPlugin
2025-09-12 14:08:20,619 [INFO] PluginManager:220 - loadIPPluginJar : add adc
2025-09-12 14:08:20,688 [INFO] IPUIPlugin:80 - create IPUIPlugin
2025-09-12 14:08:20,688 [INFO] PluginManager:220 - loadIPPluginJar : add aes
2025-09-12 14:08:20,773 [INFO] IPUIPlugin:80 - create IPUIPlugin
2025-09-12 14:08:20,773 [INFO] PluginManager:220 - loadIPPluginJar : add can
2025-09-12 14:08:20,812 [INFO] IPUIPlugin:80 - create IPUIPlugin
2025-09-12 14:08:20,814 [INFO] PluginManager:220 - loadIPPluginJar : add comp
2025-09-12 14:08:20,884 [INFO] IPUIPlugin:80 - create IPUIPlugin
2025-09-12 14:08:20,885 [INFO] PluginManager:220 - loadIPPluginJar : add cryp
2025-09-12 14:08:20,937 [INFO] IPUIPlugin:80 - create IPUIPlugin
2025-09-12 14:08:20,937 [INFO] PluginManager:220 - loadIPPluginJar : add dfsdm
2025-09-12 14:08:20,963 [INFO] IPUIPlugin:80 - create IPUIPlugin
2025-09-12 14:08:20,965 [INFO] PluginManager:220 - loadIPPluginJar : add dma
2025-09-12 14:08:21,051 [INFO] IPUIPlugin:80 - create IPUIPlugin
2025-09-12 14:08:21,051 [INFO] PluginManager:220 - loadIPPluginJar : add dma3
2025-09-12 14:08:21,088 [INFO] IPUIPlugin:80 - create IPUIPlugin
2025-09-12 14:08:21,089 [INFO] PluginManager:220 - loadIPPluginJar : add fatfs
2025-09-12 14:08:21,165 [INFO] IPUIPlugin:80 - create IPUIPlugin
2025-09-12 14:08:21,165 [INFO] PluginManager:220 - loadIPPluginJar : add fmc
2025-09-12 14:08:21,191 [INFO] IPUIPlugin:80 - create IPUIPlugin
2025-09-12 14:08:21,192 [INFO] PluginManager:220 - loadIPPluginJar : add freertos
2025-09-12 14:08:21,241 [INFO] IPUIPlugin:80 - create IPUIPlugin
2025-09-12 14:08:21,241 [INFO] PluginManager:220 - loadIPPluginJar : add genericplugin
2025-09-12 14:08:21,476 [INFO] IPUIPlugin:80 - create IPUIPlugin
2025-09-12 14:08:21,479 [INFO] PluginManager:220 - loadIPPluginJar : add gfxmmu
2025-09-12 14:08:21,719 [INFO] IPUIPlugin:80 - create IPUIPlugin
2025-09-12 14:08:21,720 [INFO] PluginManager:220 - loadIPPluginJar : add gic
2025-09-12 14:08:21,752 [INFO] IPUIPlugin:80 - create IPUIPlugin
2025-09-12 14:08:21,752 [INFO] PluginManager:220 - loadIPPluginJar : add gpio
2025-09-12 14:08:21,928 [INFO] IPUIPlugin:80 - create IPUIPlugin
2025-09-12 14:08:21,928 [INFO] PluginManager:220 - loadIPPluginJar : add gtzc
2025-09-12 14:08:21,981 [INFO] IPUIPlugin:80 - create IPUIPlugin
2025-09-12 14:08:21,982 [INFO] PluginManager:220 - loadIPPluginJar : add hash
2025-09-12 14:08:22,078 [INFO] IPUIPlugin:80 - create IPUIPlugin
2025-09-12 14:08:22,078 [INFO] PluginManager:220 - loadIPPluginJar : add i2c
2025-09-12 14:08:22,144 [INFO] IPUIPlugin:80 - create IPUIPlugin
2025-09-12 14:08:22,144 [INFO] PluginManager:220 - loadIPPluginJar : add i2s
2025-09-12 14:08:22,223 [INFO] IPUIPlugin:80 - create IPUIPlugin
2025-09-12 14:08:22,223 [INFO] PluginManager:220 - loadIPPluginJar : add i3c
2025-09-12 14:08:22,384 [INFO] IPUIPlugin:80 - create IPUIPlugin
2025-09-12 14:08:22,384 [INFO] PluginManager:220 - loadIPPluginJar : add ipddr
2025-09-12 14:08:22,517 [INFO] IPUIPlugin:80 - create IPUIPlugin
2025-09-12 14:08:22,517 [INFO] PluginManager:220 - loadIPPluginJar : add linkedlist
2025-09-12 14:08:22,551 [INFO] IPUIPlugin:80 - create IPUIPlugin
2025-09-12 14:08:22,551 [INFO] PluginManager:220 - loadIPPluginJar : add lorawan
2025-09-12 14:08:22,584 [INFO] IPUIPlugin:80 - create IPUIPlugin
2025-09-12 14:08:22,584 [INFO] PluginManager:220 - loadIPPluginJar : add ltdc
2025-09-12 14:08:22,599 [INFO] IPUIPlugin:80 - create IPUIPlugin
2025-09-12 14:08:22,599 [INFO] PluginManager:220 - loadIPPluginJar : add mdma
2025-09-12 14:08:22,612 [INFO] IPUIPlugin:80 - create IPUIPlugin
2025-09-12 14:08:22,613 [INFO] PluginManager:220 - loadIPPluginJar : add nvic
2025-09-12 14:08:22,653 [INFO] IPUIPlugin:80 - create IPUIPlugin
2025-09-12 14:08:22,653 [INFO] PluginManager:220 - loadIPPluginJar : add opamp
2025-09-12 14:08:22,663 [INFO] ThirdPartyUpdaterWithRetryManager:70 - Updater plugin not ready yet. [2/15]
2025-09-12 14:08:22,712 [INFO] IPUIPlugin:80 - create IPUIPlugin
2025-09-12 14:08:22,712 [INFO] PluginManager:220 - loadIPPluginJar : add openamp
2025-09-12 14:08:22,754 [INFO] IPUIPlugin:80 - create IPUIPlugin
2025-09-12 14:08:22,754 [INFO] PluginManager:220 - loadIPPluginJar : add pdm2pcm
2025-09-12 14:08:22,769 [INFO] IPUIPlugin:80 - create IPUIPlugin
2025-09-12 14:08:22,771 [INFO] PluginManager:220 - loadIPPluginJar : add plateformsettings
2025-09-12 14:08:22,795 [INFO] IPUIPlugin:80 - create IPUIPlugin
2025-09-12 14:08:22,795 [INFO] PluginManager:220 - loadIPPluginJar : add quadspi
2025-09-12 14:08:22,811 [INFO] IPUIPlugin:80 - create IPUIPlugin
2025-09-12 14:08:22,811 [INFO] PluginManager:220 - loadIPPluginJar : add resmgrutility
2025-09-12 14:08:22,874 [INFO] IPUIPlugin:80 - create IPUIPlugin
2025-09-12 14:08:22,874 [INFO] PluginManager:220 - loadIPPluginJar : add sai
2025-09-12 14:08:22,908 [INFO] IPUIPlugin:80 - create IPUIPlugin
2025-09-12 14:08:22,908 [INFO] PluginManager:220 - loadIPPluginJar : add spi
2025-09-12 14:08:22,962 [INFO] IPUIPlugin:80 - create IPUIPlugin
2025-09-12 14:08:22,962 [INFO] PluginManager:220 - loadIPPluginJar : add stm32_wpan
2025-09-12 14:08:22,995 [INFO] IPUIPlugin:80 - create IPUIPlugin
2025-09-12 14:08:22,995 [INFO] PluginManager:220 - loadIPPluginJar : add tim
2025-09-12 14:08:23,079 [INFO] IPUIPlugin:80 - create IPUIPlugin
2025-09-12 14:08:23,080 [INFO] PluginManager:220 - loadIPPluginJar : add touchsensing
2025-09-12 14:08:23,115 [INFO] IPUIPlugin:80 - create IPUIPlugin
2025-09-12 14:08:23,115 [INFO] PluginManager:220 - loadIPPluginJar : add tracer_emb
2025-09-12 14:08:23,158 [INFO] IPUIPlugin:80 - create IPUIPlugin
2025-09-12 14:08:23,158 [INFO] PluginManager:220 - loadIPPluginJar : add ts
2025-09-12 14:08:23,194 [INFO] IPUIPlugin:80 - create IPUIPlugin
2025-09-12 14:08:23,194 [INFO] PluginManager:220 - loadIPPluginJar : add tsc
2025-09-12 14:08:23,228 [INFO] IPUIPlugin:80 - create IPUIPlugin
2025-09-12 14:08:23,228 [INFO] PluginManager:220 - loadIPPluginJar : add ucpd
2025-09-12 14:08:23,293 [INFO] IPUIPlugin:80 - create IPUIPlugin
2025-09-12 14:08:23,294 [INFO] PluginManager:220 - loadIPPluginJar : add usart
2025-09-12 14:08:23,376 [INFO] IPUIPlugin:80 - create IPUIPlugin
2025-09-12 14:08:23,378 [INFO] PluginManager:220 - loadIPPluginJar : add usbx
2025-09-12 14:08:23,546 [INFO] CADModel:165 - CPN selected for project level
2025-09-12 14:08:23,548 [INFO] CADModel:114 - Register for checkConnection events
2025-09-12 14:08:23,548 [FATAL] Updater:308 - Updater called before beeing initialized
2025-09-12 14:08:23,548 [ERROR] CADModel:125 - Updater not yet initialized, retry later 
2025-09-12 14:08:23,809 [INFO] CADModel:165 - CPN selected for project level
2025-09-12 14:08:23,810 [INFO] CADModel:114 - Register for checkConnection events
2025-09-12 14:08:23,810 [FATAL] Updater:308 - Updater called before beeing initialized
2025-09-12 14:08:23,810 [ERROR] CADModel:125 - Updater not yet initialized, retry later 
2025-09-12 14:08:23,818 [FATAL] Updater:308 - Updater called before beeing initialized
2025-09-12 14:08:24,072 [FATAL] Updater:308 - Updater called before beeing initialized
2025-09-12 14:08:24,091 [INFO] DbMcusAds:53 - JSON generation date=Tue Jul 08 01:14:23 PDT 2025 (1751962463582)
2025-09-12 14:08:24,092 [FATAL] Updater:308 - Updater called before beeing initialized
2025-09-12 14:08:24,213 [WARN] DetailPanel:346 - Failed to get advertising image, set to default
2025-09-12 14:08:24,366 [FATAL] Updater:308 - Updater called before beeing initialized
2025-09-12 14:08:24,396 [FATAL] Updater:308 - Updater called before beeing initialized
2025-09-12 14:08:24,396 [FATAL] Updater:308 - Updater called before beeing initialized
2025-09-12 14:08:24,397 [WARN] DetailPanel:346 - Failed to get advertising image, set to default
2025-09-12 14:08:24,398 [FATAL] Updater:308 - Updater called before beeing initialized
2025-09-12 14:08:24,512 [ERROR] Updater:1120 - MainUpdater not yet initialized. External WinMGr cannot be set.
2025-09-12 14:08:24,529 [INFO] Updater:1056 - Updater Version found : 6.10.0
2025-09-12 14:08:24,554 [INFO] ApplicationProperties:184 - Using Application install path: C:\ST\STM32CubeIDE_1.14.1\STM32CubeIDE\plugins\com.st.stm32cube.common.mx_6.10.0.202311202037
2025-09-12 14:08:25,665 [INFO] ThirdPartyUpdaterWithRetryManager:70 - Updater plugin not ready yet. [3/15]
2025-09-12 14:08:26,148 [ERROR] LogOutputStream:75 - [STDERR_REDIRECT] Sep 12, 2025 2:08:26 PM java.util.prefs.WindowsPreferences <init>
2025-09-12 14:08:26,152 [ERROR] LogOutputStream:75 - [STDERR_REDIRECT] WARNING: Could not open/create prefs root node Software\JavaSoft\Prefs at root 0xffffffff80000002. Windows RegCreateKeyEx(...) returned error code 5.
2025-09-12 14:08:26,152 [ERROR] LogOutputStream:75 - [STDERR_REDIRECT] 
2025-09-12 14:08:26,701 [INFO] MainUpdater:2873 - connection check result : 10
2025-09-12 14:08:26,702 [INFO] MainUpdater:290 - Updater Check For Update Now.
2025-09-12 14:08:26,704 [INFO] MicroXplorer:498 - Change Database Version : DB.6.0.100
2025-09-12 14:08:26,742 [INFO] McuFinderGlobals:63 - Set McuFinder mode to 2 (CubeIDE integrated)
2025-09-12 14:08:26,987 [INFO] CheckServerUpdateThread:120 - End of CheckServer Thread
2025-09-12 14:08:27,081 [INFO] UserAuth:404 - Internet connection configuration mode: 1
2025-09-12 14:08:27,116 [INFO] JxBrowserEngine:152 - Initiate JxBrowser Engine with user profile folder
2025-09-12 14:08:28,928 [WARN] PackLoader:240 - Cannot read IP mode file for STMicroelectronics.X-CUBE-DISPLAY.3.0.0
2025-09-12 14:08:28,976 [WARN] PackLoader:240 - Cannot read IP mode file for STMicroelectronics.FP-SNS-SMARTAG2.1.2.0
2025-09-12 14:08:29,020 [WARN] PackLoader:240 - Cannot read IP mode file for STMicroelectronics.X-CUBE-BLE2.3.3.0
2025-09-12 14:08:29,046 [WARN] PackLoader:240 - Cannot read IP mode file for STMicroelectronics.FP-ATR-SIGFOX1.3.2.0
2025-09-12 14:08:29,051 [INFO] ThirdParty:978 - Integrity check success = true
2025-09-12 14:08:29,051 [INFO] IntegrityCheckThread:100 - exiting critical section [integrity check]
2025-09-12 14:08:29,052 [INFO] IntegrityCheckThread:103 - End integrity checks thread
2025-09-12 14:08:31,302 [INFO] WebApp:161 - Instantiating new browser for Auth
2025-09-12 14:08:32,090 [INFO] WebApp:780 - Register for checkConnection events
2025-09-12 14:08:32,090 [INFO] WebApp:414 - Apply proxy settings
2025-09-12 14:08:32,091 [INFO] WebApp:499 - Chromium requires no authentication
2025-09-12 14:08:32,100 [INFO] WebApp:442 - Direct internet connection detected
2025-09-12 14:08:32,309 [INFO] WebApp:192 - Starting web application
2025-09-12 14:08:32,309 [INFO] WebApp:544 - Web application path used C:\ST\STM32CubeIDE_1.14.1\STM32CubeIDE\plugins\com.st.stm32cube.common.mx_6.10.0.202311202037\db\plugins\mcufinder\reactClient1\index.html
2025-09-12 14:08:54,130 [ERROR] LogOutputStream:75 - [STDERR_REDIRECT] SLF4J: Failed to load class "org.slf4j.impl.StaticLoggerBinder".
2025-09-12 14:08:54,134 [ERROR] LogOutputStream:75 - [STDERR_REDIRECT] SLF4J: Defaulting to no-operation (NOP) logger implementation
2025-09-12 14:08:54,135 [ERROR] LogOutputStream:75 - [STDERR_REDIRECT] SLF4J: See http://www.slf4j.org/codes.html#StaticLoggerBinder for further details.
2025-09-12 14:16:06,458 [INFO] McuFinderGlobals:63 - Set McuFinder mode to 2 (CubeIDE integrated)
2025-09-12 14:16:06,525 [INFO] MainUpdater:2873 - connection check result : 10
2025-09-12 14:16:06,542 [INFO] MainUpdater:2873 - connection check result : 10
2025-09-12 14:16:06,930 [INFO] MicroXplorer:468 - Change Database Path : 
2025-09-12 14:16:06,931 [INFO] MicroXplorer:498 - Change Database Version : DB.6.0.100
2025-09-12 14:16:06,938 [WARN] ThirdParty:871 - waiting for thirdparty lock release [close project]
2025-09-12 14:16:06,938 [INFO] ThirdParty:873 - entering critical section [close project]
2025-09-12 14:16:06,939 [INFO] ThirdParty:883 - exiting critical section [close project]
2025-09-12 14:16:06,943 [INFO] PinOutPanel:1499 - setPackage(No Configuration,No Configuration)
2025-09-12 14:16:06,948 [INFO] UtilMem:75 - Begin LoadConfig() Used Memory: 724997512 Bytes (1073741824)
2025-09-12 14:16:06,951 [INFO] MicroXplorer:468 - Change Database Path : 
2025-09-12 14:16:06,951 [INFO] MicroXplorer:498 - Change Database Version : DB.6.0.100
2025-09-12 14:16:06,952 [INFO] OpenFileManager:312 - Change cursor
2025-09-12 14:16:07,025 [INFO] Mcu:2016 - Initializing MCU STM32F767ZITx STM32F767ZITx STM32F767ZIT6
2025-09-12 14:16:12,260 [INFO] Context:659 - Trying to add GPIOservice into a context  which must be forbidden
2025-09-12 14:16:13,841 [INFO] RtosManager:555 - Registered RTOS mode: class=CMSIS, group=RTOS, mode=CMSIS_V1, owner=FREERTOS
2025-09-12 14:16:13,842 [INFO] RtosManager:555 - Registered RTOS mode: class=CMSIS, group=RTOS2, mode=CMSIS_V2, owner=FREERTOS
2025-09-12 14:16:13,842 [INFO] RtosManager:555 - Registered RTOS mode: class=RTOS, group=Core, mode=CMSIS_V1, owner=FREERTOS
2025-09-12 14:16:13,842 [INFO] RtosManager:555 - Registered RTOS mode: class=RTOS, group=Core, mode=CMSIS_V2, owner=FREERTOS
2025-09-12 14:16:13,843 [WARN] ModelIntegratedComponent:184 - Missing modes for component STMicroelectronics:FreeRTOS:0.0.1:STMicroelectronics:RTOS:FreeRTOS:Core:::10.2.0:
2025-09-12 14:16:13,852 [WARN] ModelIntegratedComponent:63 - No mode defined for component null
2025-09-12 14:16:13,853 [WARN] ModelIntegratedComponent:63 - No mode defined for component null
2025-09-12 14:16:13,853 [WARN] ModelIntegratedComponent:63 - No mode defined for component null
2025-09-12 14:16:13,853 [WARN] ModelIntegratedComponent:63 - No mode defined for component null
2025-09-12 14:16:13,853 [WARN] ModelIntegratedComponent:63 - No mode defined for component null
2025-09-12 14:16:13,853 [WARN] ModelIntegratedComponent:63 - No mode defined for component null
2025-09-12 14:16:13,853 [WARN] ModelIntegratedComponent:63 - No mode defined for component null
2025-09-12 14:16:13,853 [WARN] ModelIntegratedComponent:63 - No mode defined for component null
2025-09-12 14:16:13,853 [WARN] ModelIntegratedComponent:63 - No mode defined for component null
2025-09-12 14:16:13,853 [WARN] ModelIntegratedComponent:63 - No mode defined for component null
2025-09-12 14:16:13,854 [WARN] ModelIntegratedComponent:63 - No mode defined for component null
2025-09-12 14:16:13,854 [WARN] ModelIntegratedComponent:63 - No mode defined for component null
2025-09-12 14:16:13,854 [WARN] ModelIntegratedComponent:63 - No mode defined for component null
2025-09-12 14:16:13,854 [WARN] ModelIntegratedComponent:63 - No mode defined for component null
2025-09-12 14:16:13,854 [WARN] ModelIntegratedComponent:63 - No mode defined for component null
2025-09-12 14:16:13,854 [WARN] ModelIntegratedComponent:63 - No mode defined for component null
2025-09-12 14:16:13,854 [WARN] ModelIntegratedComponent:63 - No mode defined for component null
2025-09-12 14:16:13,854 [WARN] ModelIntegratedComponent:63 - No mode defined for component null
2025-09-12 14:16:13,855 [WARN] ModelIntegratedComponent:63 - No mode defined for component null
2025-09-12 14:16:13,855 [WARN] ModelIntegratedComponent:63 - No mode defined for component null
2025-09-12 14:16:13,855 [WARN] ModelIntegratedComponent:63 - No mode defined for component null
2025-09-12 14:16:13,855 [WARN] ModelIntegratedComponent:63 - No mode defined for component null
2025-09-12 14:16:13,855 [WARN] ModelIntegratedComponent:63 - No mode defined for component null
2025-09-12 14:16:13,855 [WARN] ModelIntegratedComponent:63 - No mode defined for component null
2025-09-12 14:16:13,855 [WARN] ModelIntegratedComponent:63 - No mode defined for component null
2025-09-12 14:16:13,856 [WARN] ModelIntegratedComponent:63 - No mode defined for component null
2025-09-12 14:16:13,856 [WARN] ModelIntegratedComponent:63 - No mode defined for component null
2025-09-12 14:16:13,856 [WARN] ModelIntegratedComponent:63 - No mode defined for component null
2025-09-12 14:16:13,857 [WARN] ModelIntegratedComponent:63 - No mode defined for component null
2025-09-12 14:16:13,857 [WARN] ModelIntegratedComponent:63 - No mode defined for component null
2025-09-12 14:16:13,857 [WARN] ModelIntegratedComponent:63 - No mode defined for component null
2025-09-12 14:16:13,857 [WARN] ModelIntegratedComponent:63 - No mode defined for component null
2025-09-12 14:16:13,857 [WARN] ModelIntegratedComponent:63 - No mode defined for component null
2025-09-12 14:16:13,888 [INFO] ThirdPartyModel:298 - Start build external matchings
2025-09-12 14:16:13,896 [INFO] ThirdPartyModel:316 - End build external matchings
2025-09-12 14:16:13,906 [INFO] ImportTextPane:194 - (OptionalMessage_ERROR) IP (RCC) : Invalid parameter (48MHZClocksFreq_Value)
2025-09-12 14:16:13,907 [INFO] ImportTextPane:194 - (OptionalMessage_ERROR) IP (RCC) : Invalid parameter (ADC12outputFreq_Value)
2025-09-12 14:16:13,907 [INFO] ImportTextPane:194 - (OptionalMessage_ERROR) IP (RCC) : Invalid parameter (ADC34outputFreq_Value)
2025-09-12 14:16:13,909 [INFO] ImportTextPane:194 - (OptionalMessage_ERROR) IP (RCC) : Invalid parameter (FamilyName)
2025-09-12 14:16:13,909 [INFO] ImportTextPane:194 - (OptionalMessage_ERROR) IP (RCC) : Invalid parameter (I2SClocksFreq_Value)
2025-09-12 14:16:13,909 [INFO] ImportTextPane:194 - (OptionalMessage_ERROR) IP (RCC) : Invalid parameter (LCDTFToutputFreq_Value)
2025-09-12 14:16:13,910 [INFO] ImportTextPane:194 - (OptionalMessage_ERROR) IP (RCC) : Invalid parameter (MCOFreq_Value)
2025-09-12 14:16:13,911 [INFO] ImportTextPane:194 - (OptionalMessage_ERROR) IP (RCC) : Invalid parameter (PLLMCOFreq_Value)
2025-09-12 14:16:13,911 [INFO] ImportTextPane:194 - (OptionalMessage_ERROR) IP (RCC) : Invalid parameter (PLLMUL)
2025-09-12 14:16:13,911 [INFO] ImportTextPane:194 - (OptionalMessage_ERROR) IP (RCC) : Invalid parameter (PRESCALERUSB)
2025-09-12 14:16:13,912 [INFO] ImportTextPane:194 - (OptionalMessage_ERROR) IP (RCC) : Parameter (RNGFreq_Value) has invalid value (96000000)
2025-09-12 14:16:13,912 [INFO] ImportTextPane:194 - (OptionalMessage_ERROR) IP (RCC) : Invalid parameter (RTCHSEDivFreq_Value)
2025-09-12 14:16:13,912 [INFO] ImportTextPane:194 - (OptionalMessage_ERROR) IP (RCC) : Parameter (SDMMC2Freq_Value) has invalid value (96000000)
2025-09-12 14:16:13,912 [INFO] ImportTextPane:194 - (OptionalMessage_ERROR) IP (RCC) : Parameter (SDMMCFreq_Value) has invalid value (96000000)
2025-09-12 14:16:13,912 [INFO] ImportTextPane:194 - (OptionalMessage_ERROR) IP (RCC) : Invalid parameter (SYSCLKSourceVirtual)
2025-09-12 14:16:13,912 [INFO] ImportTextPane:194 - (OptionalMessage_ERROR) IP (RCC) : Invalid parameter (TIM15Freq_Value)
2025-09-12 14:16:13,913 [INFO] ImportTextPane:194 - (OptionalMessage_ERROR) IP (RCC) : Invalid parameter (TIM16Freq_Value)
2025-09-12 14:16:13,913 [INFO] ImportTextPane:194 - (OptionalMessage_ERROR) IP (RCC) : Invalid parameter (TIM17Freq_Value)
2025-09-12 14:16:13,913 [INFO] ImportTextPane:194 - (OptionalMessage_ERROR) IP (RCC) : Invalid parameter (TIM1Freq_Value)
2025-09-12 14:16:13,913 [INFO] ImportTextPane:194 - (OptionalMessage_ERROR) IP (RCC) : Invalid parameter (TIM20Freq_Value)
2025-09-12 14:16:13,913 [INFO] ImportTextPane:194 - (OptionalMessage_ERROR) IP (RCC) : Invalid parameter (TIM2Freq_Value)
2025-09-12 14:16:13,913 [INFO] ImportTextPane:194 - (OptionalMessage_ERROR) IP (RCC) : Invalid parameter (TIM3Freq_Value)
2025-09-12 14:16:13,913 [INFO] ImportTextPane:194 - (OptionalMessage_ERROR) IP (RCC) : Invalid parameter (TIM8Freq_Value)
2025-09-12 14:16:13,913 [INFO] ImportTextPane:194 - (OptionalMessage_ERROR) IP (RCC) : Parameter (USBFreq_Value) has invalid value (96000000)
2025-09-12 14:16:13,914 [INFO] ImportTextPane:194 - (OptionalMessage_ERROR) IP (RCC) : Invalid parameter (VCOOutput2Freq_Value)
2025-09-12 14:16:13,914 [INFO] ImportTextPane:194 - (OptionalMessage_ERROR) IP (RCC) : Invalid parameter (VcooutputI2S)
2025-09-12 14:16:15,113 [INFO] UtilMem:75 - End LoadConfig() Used Memory: 831440392 Bytes (1073741824)
2025-09-12 14:16:15,463 [INFO] ApiDb:581 - Connected to CubeFinder SQLite database (C:\Users\chris\.stmcufinder\plugins\mcufinder\mcu\cube-finder-db.db)
2025-09-12 14:16:15,569 [INFO] ApiDb:668 - CubeFinder database Data Model version=2.1
2025-09-12 14:16:15,569 [INFO] ApiDb:669 - CubeFinder database Configuration version=3.0.39
2025-09-12 14:16:15,571 [INFO] ApiDb:670 - CubeFinder database generation date=2025-08-25 (1756130511)
2025-09-12 14:16:15,571 [INFO] ApiDb:671 - CubeFinder database FW Pack versions=[FP-ATR-ASTRA1_V2.0.0, FP-SNS-FLIGHT1_V5.1.0, FP-SNS-MOTENV1_V5.0.0, FP-SNS-MOTENVWB1_V1.4.0, FP-SNS-SMARTAG2_V1.2.0, FP-SNS-STBOX1_V2.1.0, STM32Cube_FW_C0_V1.4.0, STM32Cube_FW_F4_V1.28.3, STM32Cube_FW_F7_V1.17.4, STM32Cube_FW_G0_V1.6.2, STM32Cube_FW_G4_V1.6.1, STM32Cube_FW_H5_V1.5.0, STM32Cube_FW_H7RS_V1.2.0, STM32Cube_FW_H7_V1.12.1, STM32Cube_FW_L0_V1.12.2, STM32Cube_FW_L4_V1.18.1, STM32Cube_FW_L5_V1.5.1, STM32Cube_FW_N6_V1.2.0, STM32Cube_FW_U0_V1.3.0, STM32Cube_FW_U3_V1.2.0, STM32Cube_FW_U5_V1.8.0, STM32Cube_FW_WB0_V1.3.0, STM32Cube_FW_WBA_V1.7.0, STM32Cube_FW_WB_V1.23.0, STM32Cube_FW_WL3_V1.2.0, STM32Cube_FW_WL_V1.3.1, X-CUBE-ALGOBUILD_V1.4.0, X-CUBE-ALS_V1.0.2, X-CUBE-AZRTOS-F4_V1.1.0, X-CUBE-AZRTOS-F7_V1.1.0, X-CUBE-AZRTOS-G0_V1.1.0, X-CUBE-AZRTOS-G4_V2.0.0, X-CUBE-AZRTOS-H7RS_V1.1.0, X-CUBE-AZRTOS-H7_V3.4.0, X-CUBE-AZRTOS-L4_V2.0.0, X-CUBE-AZRTOS-L5_V2.0.0, X-CUBE-AZRTOS-WB_V2.0.0, X-CUBE-AZRTOS-WL_V2.0.0, X-CUBE-BLE1_V7.1.0, X-CUBE-BLE2_V3.3.0, X-CUBE-BLEMGR_V4.1.0, X-CUBE-EEPRMA1_V5.2.0, X-CUBE-FREERTOS_V1.3.1, X-CUBE-GNSS1_V6.0.0, X-CUBE-MEMS1_V11.3.0, X-CUBE-NFC4_V3.0.0, X-CUBE-NFC7_V2.0.0, X-CUBE-SFXS2LP1_V4.0.0, X-CUBE-ST67W61_V1.0.0, X-CUBE-SUBG2_V5.0.0, X-CUBE-TOF1_V3.4.3]
2025-09-12 14:16:19,026 [INFO] ApiDb:240 - Found 371 in-development CPN: [B-G473E-ZEST1S, B-WB1M-WPAN1, B-WL5M-SUBG1, NUCLEO-C031C6, NUCLEO-H503RB, NUCLEO-H563ZI, NUCLEO-U545RE-Q, NUCLEO-U5A5ZJ-Q, NUCLEO-WBA52CG, NUCLEO-WBA55CG, STEVAL-MKBOXPRO, STEVAL-PROTEUS1, STEVAL-STWINBX1, STM320518-EVAL, STM32C0116-DK, STM32C011D6Y3TR, STM32C011D6Y6TR, STM32C011F4P3, STM32C011F4P6, STM32C011F4U3, STM32C011F4U6TR, STM32C011F6P3, STM32C011F6P6, STM32C011F6U3, STM32C011F6U6TR, STM32C011J4M3, STM32C011J4M6, STM32C011J6M3, STM32C011J6M6, STM32C0316-DK, STM32C031C4T3, STM32C031C4T6, STM32C031C4U3, STM32C031C4U6, STM32C031C6T3, STM32C031C6T6, STM32C031C6U3, STM32C031C6U6, STM32C031F4P3, STM32C031F4P6, STM32C031F6P3, STM32C031F6P6, STM32C031G4U3, STM32C031G4U6, STM32C031G6U3, STM32C031G6U6, STM32C031K4T3, STM32C031K4T6, STM32C031K4U3, STM32C031K4U6, STM32C031K6T3, STM32C031K6T6, STM32C031K6U3, STM32C031K6U6, STM32G071K8TXN, STM32G071K8UXN, STM32G081GBU6N, STM32G081KBT6N, STM32G081KBUXN, STM32G0B1CCT6N, STM32G0B1KCT6, STM32G0B1NEY6TR, STM32G0B1RCT6N, STM32G0C1CCT6, STM32G0C1CCT6N, STM32G0C1CCU6N, STM32G0C1CET6N, STM32G0C1CEU6N, STM32G0C1KCT6, STM32G0C1NEY6TR, STM32G0C1RCI6N, STM32G0C1RCT6N, STM32G0C1REI6N, STM32G0C1RET6N, STM32G0C1VCI6, STM32G0C1VEI6, STM32G471CCT6, STM32G471CCU6, STM32G471CET3, STM32G471CET6, STM32G471CEU3, STM32G471CEU6, STM32G471MCT6, STM32G471MET3, STM32G471MET6, STM32G471MEY6TR, STM32G471QCT6, STM32G471QET3, STM32G471RCT6, STM32G471RET3, STM32G471RET6, STM32G471VCH6, STM32G471VCI6, STM32G471VCT6, STM32G471VEH3, STM32G471VEH6, STM32G471VEI3, STM32G471VEI6, STM32G471VET3, STM32G471VET6, STM32G474CCT6, STM32H503CBT6, STM32H503CBU6, STM32H503EBY6TR, STM32H503KBU6, STM32H503RBT6, STM32H562AGI6, STM32H562AII6, STM32H562IGK6, STM32H562IGT6, STM32H562IIK6, STM32H562IIT6, STM32H562RGT6, STM32H562RGV6, STM32H562RIT6, STM32H562RIV6, STM32H562VGT6, STM32H562VIT6, STM32H562ZGT6, STM32H562ZIT6, STM32H563AGI6, STM32H563AII3Q, STM32H563AII6, STM32H563IGK6, STM32H563IGT6, STM32H563IIK3Q, STM32H563IIK6, STM32H563IIT3Q, STM32H563IIT6, STM32H563MIY3QTR, STM32H563RGT6, STM32H563RGV6, STM32H563RIT6, STM32H563RIV6, STM32H563VGT6, STM32H563VIT3Q, STM32H563VIT6, STM32H563ZGT6, STM32H563ZIT3Q, STM32H563ZIT6, STM32H573AII3Q, STM32H573AII6, STM32H573I-DK, STM32H573IIK3Q, STM32H573IIK6, STM32H573IIT3Q, STM32H573IIT6, STM32H573MIY3QTR, STM32H573RIT6, STM32H573RIV6, STM32H573VIT3Q, STM32H573VIT6, STM32H573ZIT3Q, STM32H573ZIT6, STM32L4R5QGI6STR, STM32MP131AAE3, STM32MP131AAF3, STM32MP131AAG3, STM32MP131CAE3, STM32MP131CAF3, STM32MP131CAG3, STM32MP131DAE7, STM32MP131DAF7, STM32MP131DAG7, STM32MP131FAE7, STM32MP131FAF7, STM32MP131FAG7, STM32MP133AAE3, STM32MP133AAF3, STM32MP133AAG3, STM32MP133CAE3, STM32MP133CAF3, STM32MP133CAG3, STM32MP133DAE7, STM32MP133DAF7, STM32MP133DAG7, STM32MP133FAE7, STM32MP133FAF7, STM32MP133FAG7, STM32MP135AAE3, STM32MP135AAF3, STM32MP135AAG3, STM32MP135CAE3, STM32MP135CAF3, STM32MP135CAG3, STM32MP135DAE7, STM32MP135DAF7, STM32MP135DAG7, STM32MP135F-DK, STM32MP135FAE7, STM32MP135FAF7, STM32MP135FAF7T, STM32MP135FAF7U, STM32MP135FAG7, STM32U535CBT6, STM32U535CBT6Q, STM32U535CBU6, STM32U535CBU6Q, STM32U535CCT6, STM32U535CCT6Q, STM32U535CCU6, STM32U535CCU6Q, STM32U535CET6, STM32U535CET6Q, STM32U535CEU6, STM32U535CEU6Q, STM32U535JEY6QTR, STM32U535NCY6QTR, STM32U535NEY6QTR, STM32U535RBI6, STM32U535RBI6Q, STM32U535RBT6, STM32U535RBT6Q, STM32U535RCI6, STM32U535RCI6Q, STM32U535RCT6, STM32U535RCT6Q, STM32U535REI6, STM32U535REI6Q, STM32U535RET6, STM32U535RET6Q, STM32U535VCI6, STM32U535VCI6Q, STM32U535VCT6, STM32U535VCT6Q, STM32U535VEI6, STM32U535VEI6Q, STM32U535VET6, STM32U535VET6Q, STM32U545CET6, STM32U545CET6Q, STM32U545CEU6, STM32U545CEU6Q, STM32U545JEY6QTR, STM32U545NEY6QTR, STM32U545REI6, STM32U545REI6Q, STM32U545RET6, STM32U545RET6Q, STM32U545VEI6, STM32U545VEI6Q, STM32U545VET6, STM32U545VET6Q, STM32U595AIH6, STM32U595AIH6Q, STM32U595AJH6, STM32U595AJH6Q, STM32U595QII6, STM32U595QII6Q, STM32U595QJI6, STM32U595QJI6Q, STM32U595RIT6, STM32U595RIT6Q, STM32U595RJT6, STM32U595RJT6Q, STM32U595VIT6, STM32U595VIT6Q, STM32U595VJT6, STM32U595VJT6Q, STM32U595ZIT6, STM32U595ZIT6Q, STM32U595ZIY6QTR, STM32U595ZJT6, STM32U595ZJT6Q, STM32U595ZJY6QTR, STM32U599BJY6QTR, STM32U599NIH6Q, STM32U599NJH6Q, STM32U599VIT6Q, STM32U599VJT6, STM32U599VJT6Q, STM32U599ZIT6Q, STM32U599ZIY6QTR, STM32U599ZJT6Q, STM32U599ZJY6QTR, STM32U5A5AJH6, STM32U5A5AJH6Q, STM32U5A5QJI6, STM32U5A5QJI6Q, STM32U5A5RJT6, STM32U5A5RJT6Q, STM32U5A5VJT6, STM32U5A5VJT6Q, STM32U5A5ZJT6, STM32U5A5ZJT6Q, STM32U5A5ZJY6QTR, STM32U5A9BJY6QTR, STM32U5A9J-DK, STM32U5A9NJH6Q, STM32U5A9VJT6Q, STM32U5A9ZJT6Q, STM32U5A9ZJY6QTR, STM32U5F7VIT6, STM32U5F7VIT6Q, STM32U5F7VJT6, STM32U5F7VJT6Q, STM32U5F9BJY6QTR, STM32U5F9NJH6Q, STM32U5F9VIT6Q, STM32U5F9VJT6Q, STM32U5F9ZIJ6QTR, STM32U5F9ZIT6Q, STM32U5F9ZJJ6QTR, STM32U5F9ZJT6Q, STM32U5G7VJT6, STM32U5G7VJT6Q, STM32U5G9BJY6QTR, STM32U5G9J-DK1, STM32U5G9J-DK2, STM32U5G9NJH6Q, STM32U5G9VJT6Q, STM32U5G9ZJJ6QTR, STM32U5G9ZJT6Q, STM32WB1MMCH6, STM32WBA50KEU6, STM32WBA50KEU6TR, STM32WBA50KGU6, STM32WBA50KGU6TR, STM32WBA52CEU6, STM32WBA52CEU6TR, STM32WBA52CEU7, STM32WBA52CEU7TR, STM32WBA52CGU6, STM32WBA52CGU6TR, STM32WBA52CGU6U, STM32WBA52CGU7, STM32WBA52CGU7TR, STM32WBA52KEU6, STM32WBA52KEU6TR, STM32WBA52KGU6, STM32WBA52KGU6TR, STM32WBA54CEU6, STM32WBA54CEU6TR, STM32WBA54CEU7, STM32WBA54CEU7TR, STM32WBA54CGU6, STM32WBA54CGU6TR, STM32WBA54CGU7, STM32WBA54CGU7TR, STM32WBA54KEU6, STM32WBA54KEU6TR, STM32WBA54KEU7, STM32WBA54KEU7TR, STM32WBA54KGU6, STM32WBA54KGU6TR, STM32WBA54KGU7, STM32WBA54KGU7TR, STM32WBA55CEU6, STM32WBA55CEU6TR, STM32WBA55CEU7, STM32WBA55CEU7TR, STM32WBA55CGU6, STM32WBA55CGU6TR, STM32WBA55CGU6U, STM32WBA55CGU7, STM32WBA55CGU7TR, STM32WBA55G-DK1, STM32WBA55HEF6, STM32WBA55HEF7, STM32WBA55HGF6, STM32WBA55HGF7, STM32WBA55UEI6, STM32WBA55UEI6TR, STM32WBA55UEI7, STM32WBA55UEI7TR, STM32WBA55UGI6, STM32WBA55UGI6TR, STM32WBA55UGI7, STM32WBA55UGI7TR, STM32WL5MOCH6, STM32WL5MOCH6TR]
2025-09-12 14:16:19,036 [INFO] DbMcus:218 - Found 4733 MCUs, 4733 are supported
2025-09-12 14:16:19,036 [INFO] ApiDb:423 - Load user favorites file C:\Users\chris/.stm32cubeide/favorites.mcus.txt: 0 item(s)
2025-09-12 14:16:19,036 [INFO] ApiDb:427 - User favorites MCUs=[]
2025-09-12 14:16:19,037 [INFO] DbMcus:224 - Set 0 / 0 favorites MCUs
2025-09-12 14:16:19,880 [INFO] MicroXplorer:468 - Change Database Path : 
2025-09-12 14:16:19,880 [INFO] MicroXplorer:498 - Change Database Version : DB.6.0.100
2025-09-12 14:16:19,881 [WARN] ThirdParty:833 - waiting for thirdparty lock release [change project]
2025-09-12 14:16:19,881 [INFO] ThirdParty:835 - entering critical section [change project]
2025-09-12 14:16:19,882 [INFO] ThirdParty:1030 - CMSIS Pack Vendor :STMicroelectronics USBPD 4.1
2025-09-12 14:16:19,882 [INFO] ThirdParty:1030 - CMSIS Pack Vendor :STMicroelectronics X-CUBE-DISPLAY 3.0.0
2025-09-12 14:16:19,882 [INFO] ThirdParty:1030 - CMSIS Pack Vendor :STMicroelectronics ThreadX 1.0.0
2025-09-12 14:16:19,882 [INFO] ThirdParty:1030 - CMSIS Pack Vendor :STMicroelectronics FP-SNS-SMARTAG2 1.2.0
2025-09-12 14:16:19,882 [INFO] ThirdParty:1030 - CMSIS Pack Vendor :STMicroelectronics USB_HOST 2.0.0
2025-09-12 14:16:19,882 [INFO] ThirdParty:1030 - CMSIS Pack Vendor :STMicroelectronics LIBJPEG 8.0.0
2025-09-12 14:16:19,882 [INFO] ThirdParty:1030 - CMSIS Pack Vendor :STMicroelectronics FP-ATR-SIGFOX1 3.2.0
2025-09-12 14:16:19,882 [INFO] ThirdParty:1030 - CMSIS Pack Vendor :STMicroelectronics FreeRTOS 0.0.1
2025-09-12 14:16:19,882 [INFO] ThirdParty:1030 - CMSIS Pack Vendor :STMicroelectronics USB_DEVICE 1.0.0
2025-09-12 14:16:19,882 [INFO] ThirdParty:1030 - CMSIS Pack Vendor :STMicroelectronics STM32_WPAN 1.0.0
2025-09-12 14:16:19,882 [INFO] ThirdParty:1030 - CMSIS Pack Vendor :STMicroelectronics USB_DEVICE 3.0.0
2025-09-12 14:16:19,882 [INFO] ThirdParty:1030 - CMSIS Pack Vendor :STMicroelectronics HAL Drivers 0.0.0
2025-09-12 14:16:19,883 [INFO] ThirdParty:1030 - CMSIS Pack Vendor :STMicroelectronics MBEDTLS 2.16.2
2025-09-12 14:16:19,883 [INFO] ThirdParty:1030 - CMSIS Pack Vendor :STMicroelectronics ThreadX 0.0.2
2025-09-12 14:16:19,883 [INFO] ThirdParty:1030 - CMSIS Pack Vendor :STMicroelectronics lwIP 2.0.3
2025-09-12 14:16:19,883 [INFO] ThirdParty:1030 - CMSIS Pack Vendor :STMicroelectronics lwIP 2.1.2
2025-09-12 14:16:19,883 [INFO] ThirdParty:1030 - CMSIS Pack Vendor :STMicroelectronics MBEDTLS 2.14.1
2025-09-12 14:16:19,883 [INFO] ThirdParty:1030 - CMSIS Pack Vendor :STMicroelectronics X-CUBE-BLE2 3.3.0
2025-09-12 14:16:19,883 [INFO] ThirdParty:1030 - CMSIS Pack Vendor :STMicroelectronics USB_HOST 1.0.0
2025-09-12 14:16:19,883 [INFO] ThirdParty:1030 - CMSIS Pack Vendor :STMicroelectronics PDM2PCM 3.1.0
2025-09-12 14:16:19,883 [INFO] ThirdParty:1030 - CMSIS Pack Vendor :STMicroelectronics PDM2PCM 3.2.0
2025-09-12 14:16:19,883 [INFO] ThirdParty:1030 - CMSIS Pack Vendor :STMicroelectronics USB_DEVICE 2.0.0
2025-09-12 14:16:19,883 [INFO] ThirdParty:1030 - CMSIS Pack Vendor :STMicroelectronics PDM2PCM 3.3.0
2025-09-12 14:16:19,883 [INFO] ThirdParty:841 - exiting critical section [change project]
2025-09-12 14:16:20,788 [INFO] PinOutPanel:1499 - setPackage(No Configuration,No Configuration)
2025-09-12 14:16:20,791 [INFO] PinOutPanel:1499 - setPackage(STM32F767ZITx,LQFP144)
2025-09-12 14:16:21,991 [INFO] UtilMem:75 - Before build in PCC Used Memory: 686035232 Bytes (1073741824)
2025-09-12 14:16:24,195 [INFO] UtilMem:75 - After build in PCC Used Memory: 752617760 Bytes (1073741824)
2025-09-12 14:16:24,278 [INFO] IPUIPlugin:80 - create IPUIPlugin
2025-09-12 14:16:24,278 [INFO] IPUIPlugin:80 - create IPUIPlugin
2025-09-12 14:16:24,279 [INFO] IPUIPlugin:80 - create IPUIPlugin
2025-09-12 14:16:24,279 [INFO] IPUIPlugin:80 - create IPUIPlugin
2025-09-12 14:16:24,279 [INFO] IPUIPlugin:80 - create IPUIPlugin
2025-09-12 14:16:24,279 [INFO] IPUIPlugin:80 - create IPUIPlugin
2025-09-12 14:16:24,279 [INFO] IPUIPlugin:80 - create IPUIPlugin
2025-09-12 14:16:24,279 [INFO] IPUIPlugin:80 - create IPUIPlugin
2025-09-12 14:16:24,280 [INFO] IPUIPlugin:80 - create IPUIPlugin
2025-09-12 14:16:24,280 [INFO] IPUIPlugin:80 - create IPUIPlugin
2025-09-12 14:16:24,280 [INFO] IPUIPlugin:80 - create IPUIPlugin
2025-09-12 14:16:24,280 [INFO] IPUIPlugin:80 - create IPUIPlugin
2025-09-12 14:16:24,281 [INFO] IPUIPlugin:80 - create IPUIPlugin
2025-09-12 14:16:24,282 [INFO] IPUIPlugin:80 - create IPUIPlugin
2025-09-12 14:16:24,282 [INFO] IPUIPlugin:80 - create IPUIPlugin
2025-09-12 14:16:24,282 [INFO] IPUIPlugin:80 - create IPUIPlugin
2025-09-12 14:16:24,282 [INFO] IPUIPlugin:80 - create IPUIPlugin
2025-09-12 14:16:24,283 [INFO] IPUIPlugin:80 - create IPUIPlugin
2025-09-12 14:16:24,283 [INFO] IPUIPlugin:80 - create IPUIPlugin
2025-09-12 14:16:24,283 [INFO] IPUIPlugin:80 - create IPUIPlugin
2025-09-12 14:16:24,284 [INFO] IPUIPlugin:80 - create IPUIPlugin
2025-09-12 14:16:24,284 [INFO] IPUIPlugin:80 - create IPUIPlugin
2025-09-12 14:16:24,285 [INFO] IPUIPlugin:80 - create IPUIPlugin
2025-09-12 14:16:24,285 [INFO] IPUIPlugin:80 - create IPUIPlugin
2025-09-12 14:16:24,285 [INFO] IPUIPlugin:80 - create IPUIPlugin
2025-09-12 14:16:24,286 [INFO] IPUIPlugin:80 - create IPUIPlugin
2025-09-12 14:16:24,286 [INFO] IPUIPlugin:80 - create IPUIPlugin
2025-09-12 14:16:24,286 [INFO] IPUIPlugin:80 - create IPUIPlugin
2025-09-12 14:16:24,286 [INFO] IPUIPlugin:80 - create IPUIPlugin
2025-09-12 14:16:24,286 [INFO] IPUIPlugin:80 - create IPUIPlugin
2025-09-12 14:16:24,287 [INFO] IPUIPlugin:80 - create IPUIPlugin
2025-09-12 14:16:24,287 [INFO] IPUIPlugin:80 - create IPUIPlugin
2025-09-12 14:16:24,287 [INFO] IPUIPlugin:80 - create IPUIPlugin
2025-09-12 14:16:24,287 [INFO] IPUIPlugin:80 - create IPUIPlugin
2025-09-12 14:16:24,288 [INFO] IPUIPlugin:80 - create IPUIPlugin
2025-09-12 14:16:24,288 [INFO] IPUIPlugin:80 - create IPUIPlugin
2025-09-12 14:16:24,288 [INFO] IPUIPlugin:80 - create IPUIPlugin
2025-09-12 14:16:24,288 [INFO] IPUIPlugin:80 - create IPUIPlugin
2025-09-12 14:16:24,290 [INFO] IPUIPlugin:80 - create IPUIPlugin
2025-09-12 14:16:24,291 [INFO] IPUIPlugin:80 - create IPUIPlugin
2025-09-12 14:16:24,291 [INFO] IPUIPlugin:80 - create IPUIPlugin
2025-09-12 14:16:24,292 [INFO] IPUIPlugin:80 - create IPUIPlugin
2025-09-12 14:16:24,293 [INFO] IPUIPlugin:80 - create IPUIPlugin
2025-09-12 14:16:24,293 [INFO] IPUIPlugin:80 - create IPUIPlugin
2025-09-12 14:16:24,293 [INFO] IPUIPlugin:80 - create IPUIPlugin
2025-09-12 14:16:24,294 [INFO] IPUIPlugin:80 - create IPUIPlugin
2025-09-12 14:16:24,294 [INFO] IPUIPlugin:80 - create IPUIPlugin
2025-09-12 14:16:24,294 [INFO] IPUIPlugin:80 - create IPUIPlugin
2025-09-12 14:16:24,295 [INFO] IPUIPlugin:80 - create IPUIPlugin
2025-09-12 14:16:24,295 [INFO] IPUIPlugin:80 - create IPUIPlugin
2025-09-12 14:16:24,296 [INFO] IPUIPlugin:80 - create IPUIPlugin
2025-09-12 14:16:24,296 [INFO] IPUIPlugin:80 - create IPUIPlugin
2025-09-12 14:16:24,297 [INFO] IPUIPlugin:80 - create IPUIPlugin
2025-09-12 14:16:24,298 [INFO] IPUIPlugin:80 - create IPUIPlugin
2025-09-12 14:16:24,298 [INFO] IPUIPlugin:80 - create IPUIPlugin
2025-09-12 14:16:24,298 [INFO] IPUIPlugin:80 - create IPUIPlugin
2025-09-12 14:16:24,299 [INFO] IPUIPlugin:80 - create IPUIPlugin
2025-09-12 14:16:24,299 [INFO] IPUIPlugin:80 - create IPUIPlugin
2025-09-12 14:16:24,299 [INFO] IPUIPlugin:80 - create IPUIPlugin
2025-09-12 14:16:24,299 [INFO] IPUIPlugin:80 - create IPUIPlugin
2025-09-12 14:16:24,300 [INFO] IPUIPlugin:80 - create IPUIPlugin
2025-09-12 14:16:24,300 [INFO] IPUIPlugin:80 - create IPUIPlugin
2025-09-12 14:16:24,300 [INFO] IPUIPlugin:80 - create IPUIPlugin
2025-09-12 14:16:24,301 [INFO] IPUIPlugin:80 - create IPUIPlugin
2025-09-12 14:16:24,301 [INFO] IPUIPlugin:80 - create IPUIPlugin
2025-09-12 14:16:24,302 [INFO] IPUIPlugin:80 - create IPUIPlugin
2025-09-12 14:16:24,303 [INFO] IPUIPlugin:80 - create IPUIPlugin
2025-09-12 14:16:24,304 [INFO] IPUIPlugin:80 - create IPUIPlugin
2025-09-12 14:16:24,304 [INFO] IPUIPlugin:80 - create IPUIPlugin
2025-09-12 14:16:24,305 [INFO] IPUIPlugin:80 - create IPUIPlugin
2025-09-12 14:16:24,306 [INFO] IPUIPlugin:80 - create IPUIPlugin
2025-09-12 14:16:24,307 [INFO] IPUIPlugin:80 - create IPUIPlugin
2025-09-12 14:16:24,308 [INFO] IPUIPlugin:80 - create IPUIPlugin
2025-09-12 14:16:24,308 [INFO] IPUIPlugin:80 - create IPUIPlugin
2025-09-12 14:16:24,309 [INFO] IPUIPlugin:80 - create IPUIPlugin
2025-09-12 14:16:24,310 [INFO] IPUIPlugin:80 - create IPUIPlugin
2025-09-12 14:16:24,311 [INFO] IPUIPlugin:80 - create IPUIPlugin
2025-09-12 14:16:24,312 [INFO] IPUIPlugin:80 - create IPUIPlugin
2025-09-12 14:16:24,312 [INFO] IPUIPlugin:80 - create IPUIPlugin
2025-09-12 14:16:24,662 [INFO] ApiDbMcu:508 - Load IP Config File for PDM2PCM
2025-09-12 14:16:25,096 [INFO] CADModel:165 - CPN selected for project levelSTM32F767ZIT6
2025-09-12 14:16:25,097 [INFO] CADModel:114 - Register for checkConnection events
2025-09-12 14:16:25,138 [INFO] OpenFileManager:343 - Restore cursor
2025-09-12 15:18:15,268 [ERROR] LogOutputStream:75 - [STDERR_REDIRECT] 
2025-09-12 15:21:26,689 [INFO] Activator:176 - 


2025-09-12 15:21:26,689 [INFO] Activator:177 - !SESSION log4j initialized
2025-09-12 15:21:30,985 [INFO] LogOutputStream:77 - [STDOUT_REDIRECT] 
2025-09-12 15:21:34,150 [INFO] ApplicationProperties:184 - Using Application install path: C:\ST\STM32CubeIDE_1.14.1\STM32CubeIDE\plugins\com.st.stm32cube.common.mx_6.10.0.202311202037
2025-09-12 15:21:34,169 [INFO] DbMcusXml:78 - Set database path to: C:\ST\STM32CubeIDE_1.14.1\STM32CubeIDE\plugins\com.st.stm32cube.common.mx_6.10.0.202311202037\\db\/mcu/
2025-09-12 15:21:34,169 [INFO] ApiDb:274 - Set plugin database path to: C:\ST\STM32CubeIDE_1.14.1\STM32CubeIDE\plugins\com.st.stm32cube.common.mx_6.10.0.202311202037\\db\/plugins/boardmanager/
2025-09-12 15:21:34,169 [WARN] ApiDb:259 - Overriding images path with different value:  => C:\ST\STM32CubeIDE_1.14.1\STM32CubeIDE\plugins\com.st.stm32cube.common.mx_6.10.0.202311202037\\db\/plugins/mcufinder/images/
2025-09-12 15:21:34,177 [INFO] ApiDb:250 - Set database path to: C:\Users\chris\.stmcufinder\plugins\mcufinder//mcu/
2025-09-12 15:21:34,178 [INFO] DbMcusAds:125 - Set database path to: C:\Users\chris\.stmcufinder\plugins\mcufinder//mcu/
2025-09-12 15:21:34,180 [INFO] CrossReferenceDbSqlite:203 - Set database path to: C:\Users\chris\.stmcufinder\plugins\mcufinder//mcu/cs/
2025-09-12 15:21:34,390 [INFO] RulesReader:64 - Compatibility file has been processed (297 Rules)
2025-09-12 15:21:34,534 [INFO] DbMcusXml:78 - Set database path to: C:\ST\STM32CubeIDE_1.14.1\STM32CubeIDE\plugins\com.st.stm32cube.common.mx_6.10.0.202311202037\\db\/mcu/
2025-09-12 15:21:34,535 [INFO] ApiDb:274 - Set plugin database path to: C:\ST\STM32CubeIDE_1.14.1\STM32CubeIDE\plugins\com.st.stm32cube.common.mx_6.10.0.202311202037\\db\/plugins/boardmanager/
2025-09-12 15:21:34,535 [INFO] ApiDb:261 - Set plugin images path to: C:\ST\STM32CubeIDE_1.14.1\STM32CubeIDE\plugins\com.st.stm32cube.common.mx_6.10.0.202311202037\\db\/plugins/mcufinder/images/
2025-09-12 15:21:34,536 [WARN] DbFile:41 - Overriding database path with different value: C:\Users\chris\.stmcufinder\plugins\mcufinder/ => C:\Users\chris\.stmcufinder\plugins\mcufinder
2025-09-12 15:21:34,536 [INFO] ApiDb:250 - Set database path to: C:\Users\chris\.stmcufinder\plugins\mcufinder//mcu/
2025-09-12 15:21:34,536 [WARN] DbFile:41 - Overriding database path with different value: C:\Users\chris\.stmcufinder\plugins\mcufinder/ => C:\Users\chris\.stmcufinder\plugins\mcufinder
2025-09-12 15:21:34,536 [INFO] DbMcusAds:125 - Set database path to: C:\Users\chris\.stmcufinder\plugins\mcufinder//mcu/
2025-09-12 15:21:34,536 [WARN] DbFile:41 - Overriding database path with different value: C:\Users\chris\.stmcufinder\plugins\mcufinder/ => C:\Users\chris\.stmcufinder\plugins\mcufinder
2025-09-12 15:21:34,537 [WARN] DbFile:41 - Overriding database path with different value: C:\Users\chris\.stmcufinder\plugins\mcufinder/ => C:\Users\chris\.stmcufinder\plugins\mcufinder
2025-09-12 15:21:34,537 [INFO] CrossReferenceDbSqlite:203 - Set database path to: C:\Users\chris\.stmcufinder\plugins\mcufinder//mcu/cs/
2025-09-12 15:21:34,634 [INFO] MainPanel:264 - HeapMemory: 268435456
2025-09-12 15:21:34,720 [INFO] DbMcusXml:78 - Set database path to: C:\ST\STM32CubeIDE_1.14.1\STM32CubeIDE\plugins\com.st.stm32cube.common.mx_6.10.0.202311202037\\db\/mcu/
2025-09-12 15:21:34,720 [INFO] ApiDb:274 - Set plugin database path to: C:\ST\STM32CubeIDE_1.14.1\STM32CubeIDE\plugins\com.st.stm32cube.common.mx_6.10.0.202311202037\\db\/plugins/boardmanager/
2025-09-12 15:21:34,721 [INFO] ApiDb:261 - Set plugin images path to: C:\ST\STM32CubeIDE_1.14.1\STM32CubeIDE\plugins\com.st.stm32cube.common.mx_6.10.0.202311202037\\db\/plugins/mcufinder/images/
2025-09-12 15:21:34,721 [WARN] DbFile:41 - Overriding database path with different value: C:\Users\chris\.stmcufinder\plugins\mcufinder/ => C:\Users\chris\.stmcufinder\plugins\mcufinder
2025-09-12 15:21:34,721 [INFO] ApiDb:250 - Set database path to: C:\Users\chris\.stmcufinder\plugins\mcufinder//mcu/
2025-09-12 15:21:34,721 [WARN] DbFile:41 - Overriding database path with different value: C:\Users\chris\.stmcufinder\plugins\mcufinder/ => C:\Users\chris\.stmcufinder\plugins\mcufinder
2025-09-12 15:21:34,721 [INFO] DbMcusAds:125 - Set database path to: C:\Users\chris\.stmcufinder\plugins\mcufinder//mcu/
2025-09-12 15:21:34,722 [WARN] DbFile:41 - Overriding database path with different value: C:\Users\chris\.stmcufinder\plugins\mcufinder/ => C:\Users\chris\.stmcufinder\plugins\mcufinder
2025-09-12 15:21:34,722 [WARN] DbFile:41 - Overriding database path with different value: C:\Users\chris\.stmcufinder\plugins\mcufinder/ => C:\Users\chris\.stmcufinder\plugins\mcufinder
2025-09-12 15:21:34,722 [INFO] CrossReferenceDbSqlite:203 - Set database path to: C:\Users\chris\.stmcufinder\plugins\mcufinder//mcu/cs/
2025-09-12 15:21:34,745 [INFO] ApplicationProperties:184 - Using Application install path: C:\ST\STM32CubeIDE_1.14.1\STM32CubeIDE\plugins\com.st.stm32cube.common.mx_6.10.0.202311202037
2025-09-12 15:21:34,748 [INFO] PluginManage:196 - Search for loadable plugins [exclusion list=, ]
2025-09-12 15:21:34,749 [INFO] PluginManage:310 - Check plugin analytics
2025-09-12 15:21:35,030 [INFO] AnalyticsPlugin:253 - Accepted Software Licenses: 
2025-09-12 15:21:35,031 [INFO] AnalyticsPlugin:255 - Accepted CMSIS Pack Licenses: 
2025-09-12 15:21:35,031 [INFO] AnalyticsPlugin:257 - Accepted Firmware Licenses: FW.F7.1.17.0
2025-09-12 15:21:35,037 [INFO] PluginManage:359 - Loaded plugin analytics (category:tool,tabindex:-1)
2025-09-12 15:21:35,037 [INFO] PluginManage:310 - Check plugin cadmodel
2025-09-12 15:21:35,061 [INFO] CADModel:105 - Init CAD model plugin
2025-09-12 15:21:35,061 [INFO] PluginManage:359 - Loaded plugin cadmodel (category:power,tabindex:5)
2025-09-12 15:21:35,061 [INFO] PluginManage:310 - Check plugin clock
2025-09-12 15:21:35,088 [INFO] PluginManage:359 - Loaded plugin clock (category:base,tabindex:2)
2025-09-12 15:21:35,089 [INFO] PluginManage:310 - Check plugin ddr
2025-09-12 15:21:35,091 [INFO] PluginManage:359 - Loaded plugin ddr (category:tool,tabindex:6)
2025-09-12 15:21:35,091 [INFO] PluginManage:310 - Check plugin filemanager
2025-09-12 15:21:35,284 [INFO] PluginManage:359 - Loaded plugin filemanager (category:base,tabindex:10)
2025-09-12 15:21:35,285 [INFO] PluginManage:310 - Check plugin ipmanager
2025-09-12 15:21:35,294 [INFO] PluginManage:359 - Loaded plugin ipmanager (category:base,tabindex:5)
2025-09-12 15:21:35,294 [INFO] PluginManage:310 - Check plugin lpbam
2025-09-12 15:21:35,322 [INFO] PluginManage:359 - Loaded plugin lpbam (category:base,tabindex:0)
2025-09-12 15:21:35,322 [INFO] PluginManage:310 - Check plugin memorymap
2025-09-12 15:21:35,357 [INFO] PluginManage:359 - Loaded plugin memorymap (category:base,tabindex:4)
2025-09-12 15:21:35,357 [INFO] PluginManage:310 - Check plugin pinoutandconfiguration
2025-09-12 15:21:35,391 [INFO] PluginManage:359 - Loaded plugin pinoutandconfiguration (category:base,tabindex:1)
2025-09-12 15:21:35,391 [INFO] PluginManage:310 - Check plugin pinoutconfig
2025-09-12 15:21:35,519 [WARN] SupportedApi:132 - Cannot load RTOS API schema: s4s-elt-must-match.1: The content of 'definitions' must match (annotation?, (simpleType | complexType)?, (unique | key | keyref)*)). A problem was found starting at: attribute.
2025-09-12 15:21:35,767 [INFO] PluginManage:359 - Loaded plugin pinoutconfig (category:base,tabindex:0)
2025-09-12 15:21:35,767 [INFO] PluginManage:310 - Check plugin power
2025-09-12 15:21:35,798 [INFO] PluginManage:359 - Loaded plugin power (category:power,tabindex:4)
2025-09-12 15:21:35,799 [INFO] PluginManage:310 - Check plugin projectmanager
2025-09-12 15:21:35,826 [INFO] PluginManage:359 - Loaded plugin projectmanager (category:projectmanager,tabindex:3)
2025-09-12 15:21:35,826 [INFO] PluginManage:310 - Check plugin thirdparty
2025-09-12 15:21:36,274 [INFO] PluginManage:359 - Loaded plugin thirdparty (category:base,tabindex:-1)
2025-09-12 15:21:36,275 [INFO] PluginManage:310 - Check plugin tools
2025-09-12 15:21:36,275 [WARN] IntegrityCheckThread:84 - waiting for thirdparty lock release [integrity check]
2025-09-12 15:21:36,276 [INFO] IntegrityCheckThread:86 - entering critical section [integrity check]
2025-09-12 15:21:36,280 [INFO] ThirdPartyUpdaterWithRetryManager:70 - Updater plugin not ready yet. [1/15]
2025-09-12 15:21:36,340 [INFO] PluginManage:359 - Loaded plugin tools (category:base,tabindex:7)
2025-09-12 15:21:36,340 [INFO] PluginManage:310 - Check plugin tutovideos
2025-09-12 15:21:36,604 [INFO] PluginManage:359 - Loaded plugin tutovideos (category:base,tabindex:-1)
2025-09-12 15:21:36,604 [INFO] PluginManage:310 - Check plugin updater
2025-09-12 15:21:36,616 [INFO] PluginManage:359 - Loaded plugin updater (category:base,tabindex:12)
2025-09-12 15:21:36,616 [INFO] PluginManage:310 - Check plugin userauth
2025-09-12 15:21:36,624 [INFO] UserAuth:114 - Init User Auth plugin
2025-09-12 15:21:36,624 [INFO] PluginManage:359 - Loaded plugin userauth (category:base,tabindex:14)
2025-09-12 15:21:36,625 [INFO] PluginManage:283 - PluginManage : Loaded plugins [17]
2025-09-12 15:21:36,882 [INFO] PinOutPanel:1499 - setPackage(No Configuration,No Configuration)
2025-09-12 15:21:36,966 [INFO] CADModel:165 - CPN selected for project level
2025-09-12 15:21:36,966 [INFO] CADModel:114 - Register for checkConnection events
2025-09-12 15:21:37,003 [INFO] IPUIPlugin:80 - create IPUIPlugin
2025-09-12 15:21:37,003 [INFO] PluginManager:220 - loadIPPluginJar : add adc
2025-09-12 15:21:37,060 [INFO] IPUIPlugin:80 - create IPUIPlugin
2025-09-12 15:21:37,060 [INFO] PluginManager:220 - loadIPPluginJar : add aes
2025-09-12 15:21:37,127 [INFO] IPUIPlugin:80 - create IPUIPlugin
2025-09-12 15:21:37,128 [INFO] PluginManager:220 - loadIPPluginJar : add can
2025-09-12 15:21:37,175 [INFO] IPUIPlugin:80 - create IPUIPlugin
2025-09-12 15:21:37,176 [INFO] PluginManager:220 - loadIPPluginJar : add comp
2025-09-12 15:21:37,229 [INFO] IPUIPlugin:80 - create IPUIPlugin
2025-09-12 15:21:37,230 [INFO] PluginManager:220 - loadIPPluginJar : add cryp
2025-09-12 15:21:37,287 [INFO] IPUIPlugin:80 - create IPUIPlugin
2025-09-12 15:21:37,288 [INFO] PluginManager:220 - loadIPPluginJar : add dfsdm
2025-09-12 15:21:37,316 [INFO] IPUIPlugin:80 - create IPUIPlugin
2025-09-12 15:21:37,317 [INFO] PluginManager:220 - loadIPPluginJar : add dma
2025-09-12 15:21:37,399 [INFO] IPUIPlugin:80 - create IPUIPlugin
2025-09-12 15:21:37,400 [INFO] PluginManager:220 - loadIPPluginJar : add dma3
2025-09-12 15:21:37,434 [INFO] IPUIPlugin:80 - create IPUIPlugin
2025-09-12 15:21:37,434 [INFO] PluginManager:220 - loadIPPluginJar : add fatfs
2025-09-12 15:21:37,513 [INFO] IPUIPlugin:80 - create IPUIPlugin
2025-09-12 15:21:37,513 [INFO] PluginManager:220 - loadIPPluginJar : add fmc
2025-09-12 15:21:37,539 [INFO] IPUIPlugin:80 - create IPUIPlugin
2025-09-12 15:21:37,539 [INFO] PluginManager:220 - loadIPPluginJar : add freertos
2025-09-12 15:21:37,583 [INFO] IPUIPlugin:80 - create IPUIPlugin
2025-09-12 15:21:37,584 [INFO] PluginManager:220 - loadIPPluginJar : add genericplugin
2025-09-12 15:21:37,726 [INFO] IPUIPlugin:80 - create IPUIPlugin
2025-09-12 15:21:37,727 [INFO] PluginManager:220 - loadIPPluginJar : add gfxmmu
2025-09-12 15:21:37,926 [INFO] IPUIPlugin:80 - create IPUIPlugin
2025-09-12 15:21:37,927 [INFO] PluginManager:220 - loadIPPluginJar : add gic
2025-09-12 15:21:37,946 [INFO] IPUIPlugin:80 - create IPUIPlugin
2025-09-12 15:21:37,946 [INFO] PluginManager:220 - loadIPPluginJar : add gpio
2025-09-12 15:21:38,076 [INFO] IPUIPlugin:80 - create IPUIPlugin
2025-09-12 15:21:38,076 [INFO] PluginManager:220 - loadIPPluginJar : add gtzc
2025-09-12 15:21:38,123 [INFO] IPUIPlugin:80 - create IPUIPlugin
2025-09-12 15:21:38,123 [INFO] PluginManager:220 - loadIPPluginJar : add hash
2025-09-12 15:21:38,206 [INFO] IPUIPlugin:80 - create IPUIPlugin
2025-09-12 15:21:38,206 [INFO] PluginManager:220 - loadIPPluginJar : add i2c
2025-09-12 15:21:38,273 [INFO] IPUIPlugin:80 - create IPUIPlugin
2025-09-12 15:21:38,273 [INFO] PluginManager:220 - loadIPPluginJar : add i2s
2025-09-12 15:21:38,349 [INFO] IPUIPlugin:80 - create IPUIPlugin
2025-09-12 15:21:38,349 [INFO] PluginManager:220 - loadIPPluginJar : add i3c
2025-09-12 15:21:38,486 [INFO] IPUIPlugin:80 - create IPUIPlugin
2025-09-12 15:21:38,486 [INFO] PluginManager:220 - loadIPPluginJar : add ipddr
2025-09-12 15:21:38,655 [INFO] IPUIPlugin:80 - create IPUIPlugin
2025-09-12 15:21:38,655 [INFO] PluginManager:220 - loadIPPluginJar : add linkedlist
2025-09-12 15:21:38,729 [INFO] IPUIPlugin:80 - create IPUIPlugin
2025-09-12 15:21:38,730 [INFO] PluginManager:220 - loadIPPluginJar : add lorawan
2025-09-12 15:21:38,794 [INFO] IPUIPlugin:80 - create IPUIPlugin
2025-09-12 15:21:38,794 [INFO] PluginManager:220 - loadIPPluginJar : add ltdc
2025-09-12 15:21:38,817 [INFO] IPUIPlugin:80 - create IPUIPlugin
2025-09-12 15:21:38,818 [INFO] PluginManager:220 - loadIPPluginJar : add mdma
2025-09-12 15:21:38,838 [INFO] IPUIPlugin:80 - create IPUIPlugin
2025-09-12 15:21:38,838 [INFO] PluginManager:220 - loadIPPluginJar : add nvic
2025-09-12 15:21:38,893 [INFO] IPUIPlugin:80 - create IPUIPlugin
2025-09-12 15:21:38,893 [INFO] PluginManager:220 - loadIPPluginJar : add opamp
2025-09-12 15:21:38,995 [INFO] IPUIPlugin:80 - create IPUIPlugin
2025-09-12 15:21:38,995 [INFO] PluginManager:220 - loadIPPluginJar : add openamp
2025-09-12 15:21:39,071 [INFO] IPUIPlugin:80 - create IPUIPlugin
2025-09-12 15:21:39,071 [INFO] PluginManager:220 - loadIPPluginJar : add pdm2pcm
2025-09-12 15:21:39,098 [INFO] IPUIPlugin:80 - create IPUIPlugin
2025-09-12 15:21:39,100 [INFO] PluginManager:220 - loadIPPluginJar : add plateformsettings
2025-09-12 15:21:39,140 [INFO] IPUIPlugin:80 - create IPUIPlugin
2025-09-12 15:21:39,140 [INFO] PluginManager:220 - loadIPPluginJar : add quadspi
2025-09-12 15:21:39,161 [INFO] IPUIPlugin:80 - create IPUIPlugin
2025-09-12 15:21:39,161 [INFO] PluginManager:220 - loadIPPluginJar : add resmgrutility
2025-09-12 15:21:39,230 [INFO] IPUIPlugin:80 - create IPUIPlugin
2025-09-12 15:21:39,231 [INFO] PluginManager:220 - loadIPPluginJar : add sai
2025-09-12 15:21:39,281 [INFO] ThirdPartyUpdaterWithRetryManager:70 - Updater plugin not ready yet. [2/15]
2025-09-12 15:21:39,287 [INFO] IPUIPlugin:80 - create IPUIPlugin
2025-09-12 15:21:39,288 [INFO] PluginManager:220 - loadIPPluginJar : add spi
2025-09-12 15:21:39,396 [INFO] IPUIPlugin:80 - create IPUIPlugin
2025-09-12 15:21:39,396 [INFO] PluginManager:220 - loadIPPluginJar : add stm32_wpan
2025-09-12 15:21:39,433 [INFO] IPUIPlugin:80 - create IPUIPlugin
2025-09-12 15:21:39,433 [INFO] PluginManager:220 - loadIPPluginJar : add tim
2025-09-12 15:21:39,526 [INFO] IPUIPlugin:80 - create IPUIPlugin
2025-09-12 15:21:39,526 [INFO] PluginManager:220 - loadIPPluginJar : add touchsensing
2025-09-12 15:21:39,581 [INFO] IPUIPlugin:80 - create IPUIPlugin
2025-09-12 15:21:39,582 [INFO] PluginManager:220 - loadIPPluginJar : add tracer_emb
2025-09-12 15:21:39,628 [INFO] IPUIPlugin:80 - create IPUIPlugin
2025-09-12 15:21:39,628 [INFO] PluginManager:220 - loadIPPluginJar : add ts
2025-09-12 15:21:39,676 [INFO] IPUIPlugin:80 - create IPUIPlugin
2025-09-12 15:21:39,677 [INFO] PluginManager:220 - loadIPPluginJar : add tsc
2025-09-12 15:21:39,719 [INFO] IPUIPlugin:80 - create IPUIPlugin
2025-09-12 15:21:39,719 [INFO] PluginManager:220 - loadIPPluginJar : add ucpd
2025-09-12 15:21:39,826 [INFO] IPUIPlugin:80 - create IPUIPlugin
2025-09-12 15:21:39,826 [INFO] PluginManager:220 - loadIPPluginJar : add usart
2025-09-12 15:21:39,897 [INFO] IPUIPlugin:80 - create IPUIPlugin
2025-09-12 15:21:39,897 [INFO] PluginManager:220 - loadIPPluginJar : add usbx
2025-09-12 15:21:40,046 [INFO] CADModel:165 - CPN selected for project level
2025-09-12 15:21:40,047 [INFO] CADModel:114 - Register for checkConnection events
2025-09-12 15:21:40,047 [FATAL] Updater:308 - Updater called before beeing initialized
2025-09-12 15:21:40,047 [ERROR] CADModel:125 - Updater not yet initialized, retry later 
2025-09-12 15:21:40,297 [INFO] CADModel:165 - CPN selected for project level
2025-09-12 15:21:40,298 [INFO] CADModel:114 - Register for checkConnection events
2025-09-12 15:21:40,298 [FATAL] Updater:308 - Updater called before beeing initialized
2025-09-12 15:21:40,298 [ERROR] CADModel:125 - Updater not yet initialized, retry later 
2025-09-12 15:21:40,303 [FATAL] Updater:308 - Updater called before beeing initialized
2025-09-12 15:21:40,522 [FATAL] Updater:308 - Updater called before beeing initialized
2025-09-12 15:21:40,541 [INFO] DbMcusAds:53 - JSON generation date=Tue Jul 08 01:14:23 PDT 2025 (1751962463582)
2025-09-12 15:21:40,541 [FATAL] Updater:308 - Updater called before beeing initialized
2025-09-12 15:21:40,669 [WARN] DetailPanel:346 - Failed to get advertising image, set to default
2025-09-12 15:21:40,783 [FATAL] Updater:308 - Updater called before beeing initialized
2025-09-12 15:21:40,785 [FATAL] Updater:308 - Updater called before beeing initialized
2025-09-12 15:21:40,786 [FATAL] Updater:308 - Updater called before beeing initialized
2025-09-12 15:21:40,786 [WARN] DetailPanel:346 - Failed to get advertising image, set to default
2025-09-12 15:21:40,787 [FATAL] Updater:308 - Updater called before beeing initialized
2025-09-12 15:21:40,874 [ERROR] Updater:1120 - MainUpdater not yet initialized. External WinMGr cannot be set.
2025-09-12 15:21:40,892 [INFO] Updater:1056 - Updater Version found : 6.10.0
2025-09-12 15:21:40,915 [INFO] ApplicationProperties:184 - Using Application install path: C:\ST\STM32CubeIDE_1.14.1\STM32CubeIDE\plugins\com.st.stm32cube.common.mx_6.10.0.202311202037
2025-09-12 15:21:42,283 [INFO] ThirdPartyUpdaterWithRetryManager:70 - Updater plugin not ready yet. [3/15]
2025-09-12 15:21:42,507 [ERROR] LogOutputStream:75 - [STDERR_REDIRECT] Sep 12, 2025 3:21:42 PM java.util.prefs.WindowsPreferences <init>
2025-09-12 15:21:42,510 [ERROR] LogOutputStream:75 - [STDERR_REDIRECT] WARNING: Could not open/create prefs root node Software\JavaSoft\Prefs at root 0xffffffff80000002. Windows RegCreateKeyEx(...) returned error code 5.
2025-09-12 15:21:42,511 [ERROR] LogOutputStream:75 - [STDERR_REDIRECT] 
2025-09-12 15:21:43,225 [INFO] MainUpdater:2873 - connection check result : 10
2025-09-12 15:21:43,226 [INFO] MainUpdater:290 - Updater Check For Update Now.
2025-09-12 15:21:43,227 [INFO] MicroXplorer:498 - Change Database Version : DB.6.0.100
2025-09-12 15:21:43,298 [INFO] McuFinderGlobals:63 - Set McuFinder mode to 2 (CubeIDE integrated)
2025-09-12 15:21:43,523 [INFO] CheckServerUpdateThread:120 - End of CheckServer Thread
2025-09-12 15:21:43,630 [INFO] UserAuth:404 - Internet connection configuration mode: 1
2025-09-12 15:21:43,670 [INFO] JxBrowserEngine:152 - Initiate JxBrowser Engine with user profile folder
2025-09-12 15:21:45,463 [WARN] PackLoader:240 - Cannot read IP mode file for STMicroelectronics.X-CUBE-DISPLAY.3.0.0
2025-09-12 15:21:45,506 [WARN] PackLoader:240 - Cannot read IP mode file for STMicroelectronics.FP-SNS-SMARTAG2.1.2.0
2025-09-12 15:21:45,544 [WARN] PackLoader:240 - Cannot read IP mode file for STMicroelectronics.X-CUBE-BLE2.3.3.0
2025-09-12 15:21:45,573 [WARN] PackLoader:240 - Cannot read IP mode file for STMicroelectronics.FP-ATR-SIGFOX1.3.2.0
2025-09-12 15:21:45,579 [INFO] ThirdParty:978 - Integrity check success = true
2025-09-12 15:21:45,580 [INFO] IntegrityCheckThread:100 - exiting critical section [integrity check]
2025-09-12 15:21:45,580 [INFO] IntegrityCheckThread:103 - End integrity checks thread
2025-09-12 15:21:46,551 [INFO] WebApp:161 - Instantiating new browser for Auth
2025-09-12 15:21:47,203 [INFO] WebApp:780 - Register for checkConnection events
2025-09-12 15:21:47,204 [INFO] WebApp:414 - Apply proxy settings
2025-09-12 15:21:47,205 [INFO] WebApp:499 - Chromium requires no authentication
2025-09-12 15:21:47,214 [INFO] WebApp:442 - Direct internet connection detected
2025-09-12 15:21:47,393 [INFO] WebApp:192 - Starting web application
2025-09-12 15:21:47,393 [INFO] WebApp:544 - Web application path used C:\ST\STM32CubeIDE_1.14.1\STM32CubeIDE\plugins\com.st.stm32cube.common.mx_6.10.0.202311202037\db\plugins\mcufinder\reactClient1\index.html
2025-09-12 15:22:09,124 [ERROR] LogOutputStream:75 - [STDERR_REDIRECT] SLF4J: Failed to load class "org.slf4j.impl.StaticLoggerBinder".
2025-09-12 15:22:09,126 [ERROR] LogOutputStream:75 - [STDERR_REDIRECT] SLF4J: Defaulting to no-operation (NOP) logger implementation
2025-09-12 15:22:09,127 [ERROR] LogOutputStream:75 - [STDERR_REDIRECT] SLF4J: See http://www.slf4j.org/codes.html#StaticLoggerBinder for further details.
2025-09-12 15:23:10,332 [INFO] McuFinderGlobals:63 - Set McuFinder mode to 2 (CubeIDE integrated)
2025-09-12 15:23:10,396 [INFO] MainUpdater:2873 - connection check result : 10
2025-09-12 15:23:10,412 [INFO] MainUpdater:2873 - connection check result : 10
2025-09-12 15:23:10,819 [INFO] MicroXplorer:468 - Change Database Path : 
2025-09-12 15:23:10,820 [INFO] MicroXplorer:498 - Change Database Version : DB.6.0.100
2025-09-12 15:23:10,850 [WARN] ThirdParty:871 - waiting for thirdparty lock release [close project]
2025-09-12 15:23:10,850 [INFO] ThirdParty:873 - entering critical section [close project]
2025-09-12 15:23:10,855 [INFO] ThirdParty:883 - exiting critical section [close project]
2025-09-12 15:23:10,863 [INFO] PinOutPanel:1499 - setPackage(No Configuration,No Configuration)
2025-09-12 15:23:10,873 [INFO] UtilMem:75 - Begin LoadConfig() Used Memory: 678016552 Bytes (869269504)
2025-09-12 15:23:10,876 [INFO] MicroXplorer:468 - Change Database Path : 
2025-09-12 15:23:10,876 [INFO] MicroXplorer:498 - Change Database Version : DB.6.0.100
2025-09-12 15:23:10,876 [INFO] OpenFileManager:312 - Change cursor
2025-09-12 15:23:11,011 [INFO] Mcu:2016 - Initializing MCU STM32F767ZITx STM32F767ZITx STM32F767ZIT6
2025-09-12 15:23:16,536 [INFO] Context:659 - Trying to add GPIOservice into a context  which must be forbidden
2025-09-12 15:23:18,055 [INFO] RtosManager:555 - Registered RTOS mode: class=CMSIS, group=RTOS, mode=CMSIS_V1, owner=FREERTOS
2025-09-12 15:23:18,056 [INFO] RtosManager:555 - Registered RTOS mode: class=CMSIS, group=RTOS2, mode=CMSIS_V2, owner=FREERTOS
2025-09-12 15:23:18,056 [INFO] RtosManager:555 - Registered RTOS mode: class=RTOS, group=Core, mode=CMSIS_V1, owner=FREERTOS
2025-09-12 15:23:18,056 [INFO] RtosManager:555 - Registered RTOS mode: class=RTOS, group=Core, mode=CMSIS_V2, owner=FREERTOS
2025-09-12 15:23:18,057 [WARN] ModelIntegratedComponent:184 - Missing modes for component STMicroelectronics:FreeRTOS:0.0.1:STMicroelectronics:RTOS:FreeRTOS:Core:::10.2.0:
2025-09-12 15:23:18,070 [WARN] ModelIntegratedComponent:63 - No mode defined for component null
2025-09-12 15:23:18,071 [WARN] ModelIntegratedComponent:63 - No mode defined for component null
2025-09-12 15:23:18,071 [WARN] ModelIntegratedComponent:63 - No mode defined for component null
2025-09-12 15:23:18,071 [WARN] ModelIntegratedComponent:63 - No mode defined for component null
2025-09-12 15:23:18,071 [WARN] ModelIntegratedComponent:63 - No mode defined for component null
2025-09-12 15:23:18,071 [WARN] ModelIntegratedComponent:63 - No mode defined for component null
2025-09-12 15:23:18,071 [WARN] ModelIntegratedComponent:63 - No mode defined for component null
2025-09-12 15:23:18,071 [WARN] ModelIntegratedComponent:63 - No mode defined for component null
2025-09-12 15:23:18,072 [WARN] ModelIntegratedComponent:63 - No mode defined for component null
2025-09-12 15:23:18,072 [WARN] ModelIntegratedComponent:63 - No mode defined for component null
2025-09-12 15:23:18,072 [WARN] ModelIntegratedComponent:63 - No mode defined for component null
2025-09-12 15:23:18,072 [WARN] ModelIntegratedComponent:63 - No mode defined for component null
2025-09-12 15:23:18,072 [WARN] ModelIntegratedComponent:63 - No mode defined for component null
2025-09-12 15:23:18,072 [WARN] ModelIntegratedComponent:63 - No mode defined for component null
2025-09-12 15:23:18,072 [WARN] ModelIntegratedComponent:63 - No mode defined for component null
2025-09-12 15:23:18,072 [WARN] ModelIntegratedComponent:63 - No mode defined for component null
2025-09-12 15:23:18,072 [WARN] ModelIntegratedComponent:63 - No mode defined for component null
2025-09-12 15:23:18,072 [WARN] ModelIntegratedComponent:63 - No mode defined for component null
2025-09-12 15:23:18,072 [WARN] ModelIntegratedComponent:63 - No mode defined for component null
2025-09-12 15:23:18,072 [WARN] ModelIntegratedComponent:63 - No mode defined for component null
2025-09-12 15:23:18,072 [WARN] ModelIntegratedComponent:63 - No mode defined for component null
2025-09-12 15:23:18,072 [WARN] ModelIntegratedComponent:63 - No mode defined for component null
2025-09-12 15:23:18,072 [WARN] ModelIntegratedComponent:63 - No mode defined for component null
2025-09-12 15:23:18,072 [WARN] ModelIntegratedComponent:63 - No mode defined for component null
2025-09-12 15:23:18,072 [WARN] ModelIntegratedComponent:63 - No mode defined for component null
2025-09-12 15:23:18,072 [WARN] ModelIntegratedComponent:63 - No mode defined for component null
2025-09-12 15:23:18,072 [WARN] ModelIntegratedComponent:63 - No mode defined for component null
2025-09-12 15:23:18,073 [WARN] ModelIntegratedComponent:63 - No mode defined for component null
2025-09-12 15:23:18,073 [WARN] ModelIntegratedComponent:63 - No mode defined for component null
2025-09-12 15:23:18,073 [WARN] ModelIntegratedComponent:63 - No mode defined for component null
2025-09-12 15:23:18,073 [WARN] ModelIntegratedComponent:63 - No mode defined for component null
2025-09-12 15:23:18,073 [WARN] ModelIntegratedComponent:63 - No mode defined for component null
2025-09-12 15:23:18,073 [WARN] ModelIntegratedComponent:63 - No mode defined for component null
2025-09-12 15:23:18,107 [INFO] ThirdPartyModel:298 - Start build external matchings
2025-09-12 15:23:18,114 [INFO] ThirdPartyModel:316 - End build external matchings
2025-09-12 15:23:18,125 [INFO] ImportTextPane:194 - (OptionalMessage_ERROR) IP (RCC) : Invalid parameter (48MHZClocksFreq_Value)
2025-09-12 15:23:18,125 [INFO] ImportTextPane:194 - (OptionalMessage_ERROR) IP (RCC) : Invalid parameter (ADC12outputFreq_Value)
2025-09-12 15:23:18,125 [INFO] ImportTextPane:194 - (OptionalMessage_ERROR) IP (RCC) : Invalid parameter (ADC34outputFreq_Value)
2025-09-12 15:23:18,126 [INFO] ImportTextPane:194 - (OptionalMessage_ERROR) IP (RCC) : Invalid parameter (FamilyName)
2025-09-12 15:23:18,127 [INFO] ImportTextPane:194 - (OptionalMessage_ERROR) IP (RCC) : Invalid parameter (I2SClocksFreq_Value)
2025-09-12 15:23:18,127 [INFO] ImportTextPane:194 - (OptionalMessage_ERROR) IP (RCC) : Invalid parameter (LCDTFToutputFreq_Value)
2025-09-12 15:23:18,128 [INFO] ImportTextPane:194 - (OptionalMessage_ERROR) IP (RCC) : Invalid parameter (MCOFreq_Value)
2025-09-12 15:23:18,129 [INFO] ImportTextPane:194 - (OptionalMessage_ERROR) IP (RCC) : Invalid parameter (PLLMCOFreq_Value)
2025-09-12 15:23:18,129 [INFO] ImportTextPane:194 - (OptionalMessage_ERROR) IP (RCC) : Invalid parameter (PLLMUL)
2025-09-12 15:23:18,129 [INFO] ImportTextPane:194 - (OptionalMessage_ERROR) IP (RCC) : Invalid parameter (PRESCALERUSB)
2025-09-12 15:23:18,130 [INFO] ImportTextPane:194 - (OptionalMessage_ERROR) IP (RCC) : Parameter (RNGFreq_Value) has invalid value (96000000)
2025-09-12 15:23:18,130 [INFO] ImportTextPane:194 - (OptionalMessage_ERROR) IP (RCC) : Invalid parameter (RTCHSEDivFreq_Value)
2025-09-12 15:23:18,130 [INFO] ImportTextPane:194 - (OptionalMessage_ERROR) IP (RCC) : Parameter (SDMMC2Freq_Value) has invalid value (96000000)
2025-09-12 15:23:18,130 [INFO] ImportTextPane:194 - (OptionalMessage_ERROR) IP (RCC) : Parameter (SDMMCFreq_Value) has invalid value (96000000)
2025-09-12 15:23:18,130 [INFO] ImportTextPane:194 - (OptionalMessage_ERROR) IP (RCC) : Invalid parameter (SYSCLKSourceVirtual)
2025-09-12 15:23:18,130 [INFO] ImportTextPane:194 - (OptionalMessage_ERROR) IP (RCC) : Invalid parameter (TIM15Freq_Value)
2025-09-12 15:23:18,130 [INFO] ImportTextPane:194 - (OptionalMessage_ERROR) IP (RCC) : Invalid parameter (TIM16Freq_Value)
2025-09-12 15:23:18,130 [INFO] ImportTextPane:194 - (OptionalMessage_ERROR) IP (RCC) : Invalid parameter (TIM17Freq_Value)
2025-09-12 15:23:18,130 [INFO] ImportTextPane:194 - (OptionalMessage_ERROR) IP (RCC) : Invalid parameter (TIM1Freq_Value)
2025-09-12 15:23:18,130 [INFO] ImportTextPane:194 - (OptionalMessage_ERROR) IP (RCC) : Invalid parameter (TIM20Freq_Value)
2025-09-12 15:23:18,130 [INFO] ImportTextPane:194 - (OptionalMessage_ERROR) IP (RCC) : Invalid parameter (TIM2Freq_Value)
2025-09-12 15:23:18,130 [INFO] ImportTextPane:194 - (OptionalMessage_ERROR) IP (RCC) : Invalid parameter (TIM3Freq_Value)
2025-09-12 15:23:18,130 [INFO] ImportTextPane:194 - (OptionalMessage_ERROR) IP (RCC) : Invalid parameter (TIM8Freq_Value)
2025-09-12 15:23:18,130 [INFO] ImportTextPane:194 - (OptionalMessage_ERROR) IP (RCC) : Parameter (USBFreq_Value) has invalid value (96000000)
2025-09-12 15:23:18,131 [INFO] ImportTextPane:194 - (OptionalMessage_ERROR) IP (RCC) : Invalid parameter (VCOOutput2Freq_Value)
2025-09-12 15:23:18,132 [INFO] ImportTextPane:194 - (OptionalMessage_ERROR) IP (RCC) : Invalid parameter (VcooutputI2S)
2025-09-12 15:23:19,215 [INFO] UtilMem:75 - End LoadConfig() Used Memory: 568225896 Bytes (984612864)
2025-09-12 15:23:19,472 [INFO] ApiDb:581 - Connected to CubeFinder SQLite database (C:\Users\chris\.stmcufinder\plugins\mcufinder\mcu\cube-finder-db.db)
2025-09-12 15:23:19,556 [INFO] ApiDb:668 - CubeFinder database Data Model version=2.1
2025-09-12 15:23:19,556 [INFO] ApiDb:669 - CubeFinder database Configuration version=3.0.39
2025-09-12 15:23:19,557 [INFO] ApiDb:670 - CubeFinder database generation date=2025-08-25 (1756130511)
2025-09-12 15:23:19,557 [INFO] ApiDb:671 - CubeFinder database FW Pack versions=[FP-ATR-ASTRA1_V2.0.0, FP-SNS-FLIGHT1_V5.1.0, FP-SNS-MOTENV1_V5.0.0, FP-SNS-MOTENVWB1_V1.4.0, FP-SNS-SMARTAG2_V1.2.0, FP-SNS-STBOX1_V2.1.0, STM32Cube_FW_C0_V1.4.0, STM32Cube_FW_F4_V1.28.3, STM32Cube_FW_F7_V1.17.4, STM32Cube_FW_G0_V1.6.2, STM32Cube_FW_G4_V1.6.1, STM32Cube_FW_H5_V1.5.0, STM32Cube_FW_H7RS_V1.2.0, STM32Cube_FW_H7_V1.12.1, STM32Cube_FW_L0_V1.12.2, STM32Cube_FW_L4_V1.18.1, STM32Cube_FW_L5_V1.5.1, STM32Cube_FW_N6_V1.2.0, STM32Cube_FW_U0_V1.3.0, STM32Cube_FW_U3_V1.2.0, STM32Cube_FW_U5_V1.8.0, STM32Cube_FW_WB0_V1.3.0, STM32Cube_FW_WBA_V1.7.0, STM32Cube_FW_WB_V1.23.0, STM32Cube_FW_WL3_V1.2.0, STM32Cube_FW_WL_V1.3.1, X-CUBE-ALGOBUILD_V1.4.0, X-CUBE-ALS_V1.0.2, X-CUBE-AZRTOS-F4_V1.1.0, X-CUBE-AZRTOS-F7_V1.1.0, X-CUBE-AZRTOS-G0_V1.1.0, X-CUBE-AZRTOS-G4_V2.0.0, X-CUBE-AZRTOS-H7RS_V1.1.0, X-CUBE-AZRTOS-H7_V3.4.0, X-CUBE-AZRTOS-L4_V2.0.0, X-CUBE-AZRTOS-L5_V2.0.0, X-CUBE-AZRTOS-WB_V2.0.0, X-CUBE-AZRTOS-WL_V2.0.0, X-CUBE-BLE1_V7.1.0, X-CUBE-BLE2_V3.3.0, X-CUBE-BLEMGR_V4.1.0, X-CUBE-EEPRMA1_V5.2.0, X-CUBE-FREERTOS_V1.3.1, X-CUBE-GNSS1_V6.0.0, X-CUBE-MEMS1_V11.3.0, X-CUBE-NFC4_V3.0.0, X-CUBE-NFC7_V2.0.0, X-CUBE-SFXS2LP1_V4.0.0, X-CUBE-ST67W61_V1.0.0, X-CUBE-SUBG2_V5.0.0, X-CUBE-TOF1_V3.4.3]
2025-09-12 15:23:22,656 [INFO] ApiDb:240 - Found 371 in-development CPN: [B-G473E-ZEST1S, B-WB1M-WPAN1, B-WL5M-SUBG1, NUCLEO-C031C6, NUCLEO-H503RB, NUCLEO-H563ZI, NUCLEO-U545RE-Q, NUCLEO-U5A5ZJ-Q, NUCLEO-WBA52CG, NUCLEO-WBA55CG, STEVAL-MKBOXPRO, STEVAL-PROTEUS1, STEVAL-STWINBX1, STM320518-EVAL, STM32C0116-DK, STM32C011D6Y3TR, STM32C011D6Y6TR, STM32C011F4P3, STM32C011F4P6, STM32C011F4U3, STM32C011F4U6TR, STM32C011F6P3, STM32C011F6P6, STM32C011F6U3, STM32C011F6U6TR, STM32C011J4M3, STM32C011J4M6, STM32C011J6M3, STM32C011J6M6, STM32C0316-DK, STM32C031C4T3, STM32C031C4T6, STM32C031C4U3, STM32C031C4U6, STM32C031C6T3, STM32C031C6T6, STM32C031C6U3, STM32C031C6U6, STM32C031F4P3, STM32C031F4P6, STM32C031F6P3, STM32C031F6P6, STM32C031G4U3, STM32C031G4U6, STM32C031G6U3, STM32C031G6U6, STM32C031K4T3, STM32C031K4T6, STM32C031K4U3, STM32C031K4U6, STM32C031K6T3, STM32C031K6T6, STM32C031K6U3, STM32C031K6U6, STM32G071K8TXN, STM32G071K8UXN, STM32G081GBU6N, STM32G081KBT6N, STM32G081KBUXN, STM32G0B1CCT6N, STM32G0B1KCT6, STM32G0B1NEY6TR, STM32G0B1RCT6N, STM32G0C1CCT6, STM32G0C1CCT6N, STM32G0C1CCU6N, STM32G0C1CET6N, STM32G0C1CEU6N, STM32G0C1KCT6, STM32G0C1NEY6TR, STM32G0C1RCI6N, STM32G0C1RCT6N, STM32G0C1REI6N, STM32G0C1RET6N, STM32G0C1VCI6, STM32G0C1VEI6, STM32G471CCT6, STM32G471CCU6, STM32G471CET3, STM32G471CET6, STM32G471CEU3, STM32G471CEU6, STM32G471MCT6, STM32G471MET3, STM32G471MET6, STM32G471MEY6TR, STM32G471QCT6, STM32G471QET3, STM32G471RCT6, STM32G471RET3, STM32G471RET6, STM32G471VCH6, STM32G471VCI6, STM32G471VCT6, STM32G471VEH3, STM32G471VEH6, STM32G471VEI3, STM32G471VEI6, STM32G471VET3, STM32G471VET6, STM32G474CCT6, STM32H503CBT6, STM32H503CBU6, STM32H503EBY6TR, STM32H503KBU6, STM32H503RBT6, STM32H562AGI6, STM32H562AII6, STM32H562IGK6, STM32H562IGT6, STM32H562IIK6, STM32H562IIT6, STM32H562RGT6, STM32H562RGV6, STM32H562RIT6, STM32H562RIV6, STM32H562VGT6, STM32H562VIT6, STM32H562ZGT6, STM32H562ZIT6, STM32H563AGI6, STM32H563AII3Q, STM32H563AII6, STM32H563IGK6, STM32H563IGT6, STM32H563IIK3Q, STM32H563IIK6, STM32H563IIT3Q, STM32H563IIT6, STM32H563MIY3QTR, STM32H563RGT6, STM32H563RGV6, STM32H563RIT6, STM32H563RIV6, STM32H563VGT6, STM32H563VIT3Q, STM32H563VIT6, STM32H563ZGT6, STM32H563ZIT3Q, STM32H563ZIT6, STM32H573AII3Q, STM32H573AII6, STM32H573I-DK, STM32H573IIK3Q, STM32H573IIK6, STM32H573IIT3Q, STM32H573IIT6, STM32H573MIY3QTR, STM32H573RIT6, STM32H573RIV6, STM32H573VIT3Q, STM32H573VIT6, STM32H573ZIT3Q, STM32H573ZIT6, STM32L4R5QGI6STR, STM32MP131AAE3, STM32MP131AAF3, STM32MP131AAG3, STM32MP131CAE3, STM32MP131CAF3, STM32MP131CAG3, STM32MP131DAE7, STM32MP131DAF7, STM32MP131DAG7, STM32MP131FAE7, STM32MP131FAF7, STM32MP131FAG7, STM32MP133AAE3, STM32MP133AAF3, STM32MP133AAG3, STM32MP133CAE3, STM32MP133CAF3, STM32MP133CAG3, STM32MP133DAE7, STM32MP133DAF7, STM32MP133DAG7, STM32MP133FAE7, STM32MP133FAF7, STM32MP133FAG7, STM32MP135AAE3, STM32MP135AAF3, STM32MP135AAG3, STM32MP135CAE3, STM32MP135CAF3, STM32MP135CAG3, STM32MP135DAE7, STM32MP135DAF7, STM32MP135DAG7, STM32MP135F-DK, STM32MP135FAE7, STM32MP135FAF7, STM32MP135FAF7T, STM32MP135FAF7U, STM32MP135FAG7, STM32U535CBT6, STM32U535CBT6Q, STM32U535CBU6, STM32U535CBU6Q, STM32U535CCT6, STM32U535CCT6Q, STM32U535CCU6, STM32U535CCU6Q, STM32U535CET6, STM32U535CET6Q, STM32U535CEU6, STM32U535CEU6Q, STM32U535JEY6QTR, STM32U535NCY6QTR, STM32U535NEY6QTR, STM32U535RBI6, STM32U535RBI6Q, STM32U535RBT6, STM32U535RBT6Q, STM32U535RCI6, STM32U535RCI6Q, STM32U535RCT6, STM32U535RCT6Q, STM32U535REI6, STM32U535REI6Q, STM32U535RET6, STM32U535RET6Q, STM32U535VCI6, STM32U535VCI6Q, STM32U535VCT6, STM32U535VCT6Q, STM32U535VEI6, STM32U535VEI6Q, STM32U535VET6, STM32U535VET6Q, STM32U545CET6, STM32U545CET6Q, STM32U545CEU6, STM32U545CEU6Q, STM32U545JEY6QTR, STM32U545NEY6QTR, STM32U545REI6, STM32U545REI6Q, STM32U545RET6, STM32U545RET6Q, STM32U545VEI6, STM32U545VEI6Q, STM32U545VET6, STM32U545VET6Q, STM32U595AIH6, STM32U595AIH6Q, STM32U595AJH6, STM32U595AJH6Q, STM32U595QII6, STM32U595QII6Q, STM32U595QJI6, STM32U595QJI6Q, STM32U595RIT6, STM32U595RIT6Q, STM32U595RJT6, STM32U595RJT6Q, STM32U595VIT6, STM32U595VIT6Q, STM32U595VJT6, STM32U595VJT6Q, STM32U595ZIT6, STM32U595ZIT6Q, STM32U595ZIY6QTR, STM32U595ZJT6, STM32U595ZJT6Q, STM32U595ZJY6QTR, STM32U599BJY6QTR, STM32U599NIH6Q, STM32U599NJH6Q, STM32U599VIT6Q, STM32U599VJT6, STM32U599VJT6Q, STM32U599ZIT6Q, STM32U599ZIY6QTR, STM32U599ZJT6Q, STM32U599ZJY6QTR, STM32U5A5AJH6, STM32U5A5AJH6Q, STM32U5A5QJI6, STM32U5A5QJI6Q, STM32U5A5RJT6, STM32U5A5RJT6Q, STM32U5A5VJT6, STM32U5A5VJT6Q, STM32U5A5ZJT6, STM32U5A5ZJT6Q, STM32U5A5ZJY6QTR, STM32U5A9BJY6QTR, STM32U5A9J-DK, STM32U5A9NJH6Q, STM32U5A9VJT6Q, STM32U5A9ZJT6Q, STM32U5A9ZJY6QTR, STM32U5F7VIT6, STM32U5F7VIT6Q, STM32U5F7VJT6, STM32U5F7VJT6Q, STM32U5F9BJY6QTR, STM32U5F9NJH6Q, STM32U5F9VIT6Q, STM32U5F9VJT6Q, STM32U5F9ZIJ6QTR, STM32U5F9ZIT6Q, STM32U5F9ZJJ6QTR, STM32U5F9ZJT6Q, STM32U5G7VJT6, STM32U5G7VJT6Q, STM32U5G9BJY6QTR, STM32U5G9J-DK1, STM32U5G9J-DK2, STM32U5G9NJH6Q, STM32U5G9VJT6Q, STM32U5G9ZJJ6QTR, STM32U5G9ZJT6Q, STM32WB1MMCH6, STM32WBA50KEU6, STM32WBA50KEU6TR, STM32WBA50KGU6, STM32WBA50KGU6TR, STM32WBA52CEU6, STM32WBA52CEU6TR, STM32WBA52CEU7, STM32WBA52CEU7TR, STM32WBA52CGU6, STM32WBA52CGU6TR, STM32WBA52CGU6U, STM32WBA52CGU7, STM32WBA52CGU7TR, STM32WBA52KEU6, STM32WBA52KEU6TR, STM32WBA52KGU6, STM32WBA52KGU6TR, STM32WBA54CEU6, STM32WBA54CEU6TR, STM32WBA54CEU7, STM32WBA54CEU7TR, STM32WBA54CGU6, STM32WBA54CGU6TR, STM32WBA54CGU7, STM32WBA54CGU7TR, STM32WBA54KEU6, STM32WBA54KEU6TR, STM32WBA54KEU7, STM32WBA54KEU7TR, STM32WBA54KGU6, STM32WBA54KGU6TR, STM32WBA54KGU7, STM32WBA54KGU7TR, STM32WBA55CEU6, STM32WBA55CEU6TR, STM32WBA55CEU7, STM32WBA55CEU7TR, STM32WBA55CGU6, STM32WBA55CGU6TR, STM32WBA55CGU6U, STM32WBA55CGU7, STM32WBA55CGU7TR, STM32WBA55G-DK1, STM32WBA55HEF6, STM32WBA55HEF7, STM32WBA55HGF6, STM32WBA55HGF7, STM32WBA55UEI6, STM32WBA55UEI6TR, STM32WBA55UEI7, STM32WBA55UEI7TR, STM32WBA55UGI6, STM32WBA55UGI6TR, STM32WBA55UGI7, STM32WBA55UGI7TR, STM32WL5MOCH6, STM32WL5MOCH6TR]
2025-09-12 15:23:22,666 [INFO] DbMcus:218 - Found 4733 MCUs, 4733 are supported
2025-09-12 15:23:22,667 [INFO] ApiDb:423 - Load user favorites file C:\Users\chris/.stm32cubeide/favorites.mcus.txt: 0 item(s)
2025-09-12 15:23:22,667 [INFO] ApiDb:427 - User favorites MCUs=[]
2025-09-12 15:23:22,667 [INFO] DbMcus:224 - Set 0 / 0 favorites MCUs
2025-09-12 15:23:23,340 [INFO] MicroXplorer:468 - Change Database Path : 
2025-09-12 15:23:23,341 [INFO] MicroXplorer:498 - Change Database Version : DB.6.0.100
2025-09-12 15:23:23,341 [WARN] ThirdParty:833 - waiting for thirdparty lock release [change project]
2025-09-12 15:23:23,341 [INFO] ThirdParty:835 - entering critical section [change project]
2025-09-12 15:23:23,342 [INFO] ThirdParty:1030 - CMSIS Pack Vendor :STMicroelectronics USBPD 4.1
2025-09-12 15:23:23,342 [INFO] ThirdParty:1030 - CMSIS Pack Vendor :STMicroelectronics X-CUBE-DISPLAY 3.0.0
2025-09-12 15:23:23,342 [INFO] ThirdParty:1030 - CMSIS Pack Vendor :STMicroelectronics ThreadX 1.0.0
2025-09-12 15:23:23,342 [INFO] ThirdParty:1030 - CMSIS Pack Vendor :STMicroelectronics FP-SNS-SMARTAG2 1.2.0
2025-09-12 15:23:23,342 [INFO] ThirdParty:1030 - CMSIS Pack Vendor :STMicroelectronics USB_HOST 2.0.0
2025-09-12 15:23:23,342 [INFO] ThirdParty:1030 - CMSIS Pack Vendor :STMicroelectronics LIBJPEG 8.0.0
2025-09-12 15:23:23,342 [INFO] ThirdParty:1030 - CMSIS Pack Vendor :STMicroelectronics FP-ATR-SIGFOX1 3.2.0
2025-09-12 15:23:23,342 [INFO] ThirdParty:1030 - CMSIS Pack Vendor :STMicroelectronics FreeRTOS 0.0.1
2025-09-12 15:23:23,342 [INFO] ThirdParty:1030 - CMSIS Pack Vendor :STMicroelectronics USB_DEVICE 1.0.0
2025-09-12 15:23:23,342 [INFO] ThirdParty:1030 - CMSIS Pack Vendor :STMicroelectronics STM32_WPAN 1.0.0
2025-09-12 15:23:23,342 [INFO] ThirdParty:1030 - CMSIS Pack Vendor :STMicroelectronics USB_DEVICE 3.0.0
2025-09-12 15:23:23,342 [INFO] ThirdParty:1030 - CMSIS Pack Vendor :STMicroelectronics HAL Drivers 0.0.0
2025-09-12 15:23:23,343 [INFO] ThirdParty:1030 - CMSIS Pack Vendor :STMicroelectronics MBEDTLS 2.16.2
2025-09-12 15:23:23,343 [INFO] ThirdParty:1030 - CMSIS Pack Vendor :STMicroelectronics ThreadX 0.0.2
2025-09-12 15:23:23,343 [INFO] ThirdParty:1030 - CMSIS Pack Vendor :STMicroelectronics lwIP 2.0.3
2025-09-12 15:23:23,343 [INFO] ThirdParty:1030 - CMSIS Pack Vendor :STMicroelectronics lwIP 2.1.2
2025-09-12 15:23:23,343 [INFO] ThirdParty:1030 - CMSIS Pack Vendor :STMicroelectronics MBEDTLS 2.14.1
2025-09-12 15:23:23,343 [INFO] ThirdParty:1030 - CMSIS Pack Vendor :STMicroelectronics X-CUBE-BLE2 3.3.0
2025-09-12 15:23:23,343 [INFO] ThirdParty:1030 - CMSIS Pack Vendor :STMicroelectronics USB_HOST 1.0.0
2025-09-12 15:23:23,343 [INFO] ThirdParty:1030 - CMSIS Pack Vendor :STMicroelectronics PDM2PCM 3.1.0
2025-09-12 15:23:23,343 [INFO] ThirdParty:1030 - CMSIS Pack Vendor :STMicroelectronics PDM2PCM 3.2.0
2025-09-12 15:23:23,343 [INFO] ThirdParty:1030 - CMSIS Pack Vendor :STMicroelectronics USB_DEVICE 2.0.0
2025-09-12 15:23:23,343 [INFO] ThirdParty:1030 - CMSIS Pack Vendor :STMicroelectronics PDM2PCM 3.3.0
2025-09-12 15:23:23,344 [INFO] ThirdParty:841 - exiting critical section [change project]
2025-09-12 15:23:24,417 [INFO] PinOutPanel:1499 - setPackage(No Configuration,No Configuration)
2025-09-12 15:23:24,421 [INFO] PinOutPanel:1499 - setPackage(STM32F767ZITx,LQFP144)
2025-09-12 15:23:25,770 [INFO] UtilMem:75 - Before build in PCC Used Memory: 703410368 Bytes (984612864)
2025-09-12 15:23:28,050 [INFO] UtilMem:75 - After build in PCC Used Memory: 734743040 Bytes (1073741824)
2025-09-12 15:23:28,108 [INFO] IPUIPlugin:80 - create IPUIPlugin
2025-09-12 15:23:28,108 [INFO] IPUIPlugin:80 - create IPUIPlugin
2025-09-12 15:23:28,108 [INFO] IPUIPlugin:80 - create IPUIPlugin
2025-09-12 15:23:28,108 [INFO] IPUIPlugin:80 - create IPUIPlugin
2025-09-12 15:23:28,108 [INFO] IPUIPlugin:80 - create IPUIPlugin
2025-09-12 15:23:28,108 [INFO] IPUIPlugin:80 - create IPUIPlugin
2025-09-12 15:23:28,109 [INFO] IPUIPlugin:80 - create IPUIPlugin
2025-09-12 15:23:28,109 [INFO] IPUIPlugin:80 - create IPUIPlugin
2025-09-12 15:23:28,109 [INFO] IPUIPlugin:80 - create IPUIPlugin
2025-09-12 15:23:28,109 [INFO] IPUIPlugin:80 - create IPUIPlugin
2025-09-12 15:23:28,109 [INFO] IPUIPlugin:80 - create IPUIPlugin
2025-09-12 15:23:28,109 [INFO] IPUIPlugin:80 - create IPUIPlugin
2025-09-12 15:23:28,110 [INFO] IPUIPlugin:80 - create IPUIPlugin
2025-09-12 15:23:28,110 [INFO] IPUIPlugin:80 - create IPUIPlugin
2025-09-12 15:23:28,110 [INFO] IPUIPlugin:80 - create IPUIPlugin
2025-09-12 15:23:28,110 [INFO] IPUIPlugin:80 - create IPUIPlugin
2025-09-12 15:23:28,110 [INFO] IPUIPlugin:80 - create IPUIPlugin
2025-09-12 15:23:28,111 [INFO] IPUIPlugin:80 - create IPUIPlugin
2025-09-12 15:23:28,111 [INFO] IPUIPlugin:80 - create IPUIPlugin
2025-09-12 15:23:28,111 [INFO] IPUIPlugin:80 - create IPUIPlugin
2025-09-12 15:23:28,111 [INFO] IPUIPlugin:80 - create IPUIPlugin
2025-09-12 15:23:28,111 [INFO] IPUIPlugin:80 - create IPUIPlugin
2025-09-12 15:23:28,112 [INFO] IPUIPlugin:80 - create IPUIPlugin
2025-09-12 15:23:28,112 [INFO] IPUIPlugin:80 - create IPUIPlugin
2025-09-12 15:23:28,112 [INFO] IPUIPlugin:80 - create IPUIPlugin
2025-09-12 15:23:28,113 [INFO] IPUIPlugin:80 - create IPUIPlugin
2025-09-12 15:23:28,113 [INFO] IPUIPlugin:80 - create IPUIPlugin
2025-09-12 15:23:28,113 [INFO] IPUIPlugin:80 - create IPUIPlugin
2025-09-12 15:23:28,114 [INFO] IPUIPlugin:80 - create IPUIPlugin
2025-09-12 15:23:28,114 [INFO] IPUIPlugin:80 - create IPUIPlugin
2025-09-12 15:23:28,114 [INFO] IPUIPlugin:80 - create IPUIPlugin
2025-09-12 15:23:28,114 [INFO] IPUIPlugin:80 - create IPUIPlugin
2025-09-12 15:23:28,114 [INFO] IPUIPlugin:80 - create IPUIPlugin
2025-09-12 15:23:28,115 [INFO] IPUIPlugin:80 - create IPUIPlugin
2025-09-12 15:23:28,115 [INFO] IPUIPlugin:80 - create IPUIPlugin
2025-09-12 15:23:28,115 [INFO] IPUIPlugin:80 - create IPUIPlugin
2025-09-12 15:23:28,115 [INFO] IPUIPlugin:80 - create IPUIPlugin
2025-09-12 15:23:28,117 [INFO] IPUIPlugin:80 - create IPUIPlugin
2025-09-12 15:23:28,117 [INFO] IPUIPlugin:80 - create IPUIPlugin
2025-09-12 15:23:28,118 [INFO] IPUIPlugin:80 - create IPUIPlugin
2025-09-12 15:23:28,118 [INFO] IPUIPlugin:80 - create IPUIPlugin
2025-09-12 15:23:28,118 [INFO] IPUIPlugin:80 - create IPUIPlugin
2025-09-12 15:23:28,118 [INFO] IPUIPlugin:80 - create IPUIPlugin
2025-09-12 15:23:28,118 [INFO] IPUIPlugin:80 - create IPUIPlugin
2025-09-12 15:23:28,119 [INFO] IPUIPlugin:80 - create IPUIPlugin
2025-09-12 15:23:28,119 [INFO] IPUIPlugin:80 - create IPUIPlugin
2025-09-12 15:23:28,120 [INFO] IPUIPlugin:80 - create IPUIPlugin
2025-09-12 15:23:28,120 [INFO] IPUIPlugin:80 - create IPUIPlugin
2025-09-12 15:23:28,121 [INFO] IPUIPlugin:80 - create IPUIPlugin
2025-09-12 15:23:28,121 [INFO] IPUIPlugin:80 - create IPUIPlugin
2025-09-12 15:23:28,121 [INFO] IPUIPlugin:80 - create IPUIPlugin
2025-09-12 15:23:28,122 [INFO] IPUIPlugin:80 - create IPUIPlugin
2025-09-12 15:23:28,123 [INFO] IPUIPlugin:80 - create IPUIPlugin
2025-09-12 15:23:28,123 [INFO] IPUIPlugin:80 - create IPUIPlugin
2025-09-12 15:23:28,124 [INFO] IPUIPlugin:80 - create IPUIPlugin
2025-09-12 15:23:28,124 [INFO] IPUIPlugin:80 - create IPUIPlugin
2025-09-12 15:23:28,125 [INFO] IPUIPlugin:80 - create IPUIPlugin
2025-09-12 15:23:28,125 [INFO] IPUIPlugin:80 - create IPUIPlugin
2025-09-12 15:23:28,126 [INFO] IPUIPlugin:80 - create IPUIPlugin
2025-09-12 15:23:28,126 [INFO] IPUIPlugin:80 - create IPUIPlugin
2025-09-12 15:23:28,126 [INFO] IPUIPlugin:80 - create IPUIPlugin
2025-09-12 15:23:28,126 [INFO] IPUIPlugin:80 - create IPUIPlugin
2025-09-12 15:23:28,127 [INFO] IPUIPlugin:80 - create IPUIPlugin
2025-09-12 15:23:28,127 [INFO] IPUIPlugin:80 - create IPUIPlugin
2025-09-12 15:23:28,128 [INFO] IPUIPlugin:80 - create IPUIPlugin
2025-09-12 15:23:28,128 [INFO] IPUIPlugin:80 - create IPUIPlugin
2025-09-12 15:23:28,129 [INFO] IPUIPlugin:80 - create IPUIPlugin
2025-09-12 15:23:28,129 [INFO] IPUIPlugin:80 - create IPUIPlugin
2025-09-12 15:23:28,130 [INFO] IPUIPlugin:80 - create IPUIPlugin
2025-09-12 15:23:28,130 [INFO] IPUIPlugin:80 - create IPUIPlugin
2025-09-12 15:23:28,131 [INFO] IPUIPlugin:80 - create IPUIPlugin
2025-09-12 15:23:28,131 [INFO] IPUIPlugin:80 - create IPUIPlugin
2025-09-12 15:23:28,131 [INFO] IPUIPlugin:80 - create IPUIPlugin
2025-09-12 15:23:28,131 [INFO] IPUIPlugin:80 - create IPUIPlugin
2025-09-12 15:23:28,132 [INFO] IPUIPlugin:80 - create IPUIPlugin
2025-09-12 15:23:28,132 [INFO] IPUIPlugin:80 - create IPUIPlugin
2025-09-12 15:23:28,133 [INFO] IPUIPlugin:80 - create IPUIPlugin
2025-09-12 15:23:28,133 [INFO] IPUIPlugin:80 - create IPUIPlugin
2025-09-12 15:23:28,133 [INFO] IPUIPlugin:80 - create IPUIPlugin
2025-09-12 15:23:28,691 [INFO] ApiDbMcu:508 - Load IP Config File for PDM2PCM
2025-09-12 15:23:29,539 [INFO] CADModel:165 - CPN selected for project levelSTM32F767ZIT6
2025-09-12 15:23:29,539 [INFO] CADModel:114 - Register for checkConnection events
2025-09-12 15:23:29,614 [INFO] OpenFileManager:343 - Restore cursor
2025-09-12 15:23:39,781 [INFO] ADCParametersView:116 -                Rank 1 : false
2025-09-12 15:23:40,266 [INFO] ADCParametersView:116 -                Rank 1 : false
2025-09-12 15:23:40,267 [INFO] ADCParametersView:116 -                Rank 1 : false
2025-09-12 15:23:40,267 [INFO] ADCParametersView:116 -                Rank 1 : false
2025-09-12 15:23:40,267 [INFO] ADCParametersView:116 -                Rank 1 : false
2025-09-12 15:23:40,267 [INFO] ADCParametersView:116 -                Rank 1 : false
2025-09-12 15:23:40,267 [INFO] ADCParametersView:116 -                Rank 1 : false
2025-09-12 15:23:40,267 [INFO] ADCParametersView:116 -                Rank 1 : false
2025-09-12 15:23:40,268 [INFO] ADCParametersView:116 -                Rank 1 : false
2025-09-12 15:23:40,268 [INFO] ADCParametersView:116 -                Rank 1 : false
2025-09-12 15:23:40,268 [INFO] ADCParametersView:116 -                Rank 1 : false
2025-09-12 15:23:40,268 [INFO] ADCParametersView:116 -                Rank 1 : false
2025-09-12 15:23:40,268 [INFO] ADCParametersView:116 -                Rank 1 : false
2025-09-12 15:23:40,268 [INFO] ADCParametersView:116 -                Rank 1 : false
2025-09-12 15:23:40,268 [INFO] ADCParametersView:116 -                Rank 1 : false
2025-09-12 15:23:40,382 [INFO] ADCParametersView:116 -                Rank 1 : false
2025-09-12 16:09:37,657 [ERROR] LogOutputStream:75 - [STDERR_REDIRECT] 
2025-09-12 16:10:09,324 [INFO] Activator:176 - 


2025-09-12 16:10:09,326 [INFO] Activator:177 - !SESSION log4j initialized
2025-09-12 16:10:13,280 [INFO] ApplicationProperties:184 - Using Application install path: C:\ST\STM32CubeIDE_1.14.1\STM32CubeIDE\plugins\com.st.stm32cube.common.mx_6.15.0.202507011659
2025-09-12 16:10:13,300 [INFO] DbMcusXml:78 - Set database path to: C:\ST\STM32CubeIDE_1.14.1\STM32CubeIDE\plugins\com.st.stm32cube.common.mx_6.15.0.202507011659\\db\/mcu/
2025-09-12 16:10:13,300 [INFO] ApiDb:274 - Set plugin database path to: C:\ST\STM32CubeIDE_1.14.1\STM32CubeIDE\plugins\com.st.stm32cube.common.mx_6.15.0.202507011659\\db\/plugins/boardmanager/
2025-09-12 16:10:13,300 [WARN] ApiDb:259 - Overriding images path with different value:  => C:\ST\STM32CubeIDE_1.14.1\STM32CubeIDE\plugins\com.st.stm32cube.common.mx_6.15.0.202507011659\\db\/plugins/mcufinder/images/
2025-09-12 16:10:13,306 [INFO] ApiDb:250 - Set database path to: C:\Users\chris\.stmcufinder\plugins\mcufinder//mcu/
2025-09-12 16:10:13,308 [INFO] DbMcusAds:125 - Set database path to: C:\Users\chris\.stmcufinder\plugins\mcufinder//mcu/
2025-09-12 16:10:13,327 [INFO] CrossReferenceDbSqlite:203 - Set database path to: C:\Users\chris\.stmcufinder\plugins\mcufinder//mcu/cs/
2025-09-12 16:10:13,527 [INFO] RulesReader:64 - Compatibility file has been processed (317 Rules)
2025-09-12 16:10:13,645 [INFO] DbMcusXml:78 - Set database path to: C:\ST\STM32CubeIDE_1.14.1\STM32CubeIDE\plugins\com.st.stm32cube.common.mx_6.15.0.202507011659\\db\/mcu/
2025-09-12 16:10:13,645 [INFO] ApiDb:274 - Set plugin database path to: C:\ST\STM32CubeIDE_1.14.1\STM32CubeIDE\plugins\com.st.stm32cube.common.mx_6.15.0.202507011659\\db\/plugins/boardmanager/
2025-09-12 16:10:13,645 [INFO] ApiDb:261 - Set plugin images path to: C:\ST\STM32CubeIDE_1.14.1\STM32CubeIDE\plugins\com.st.stm32cube.common.mx_6.15.0.202507011659\\db\/plugins/mcufinder/images/
2025-09-12 16:10:13,645 [WARN] DbFile:41 - Overriding database path with different value: C:\Users\chris\.stmcufinder\plugins\mcufinder/ => C:\Users\chris\.stmcufinder\plugins\mcufinder
2025-09-12 16:10:13,647 [INFO] ApiDb:250 - Set database path to: C:\Users\chris\.stmcufinder\plugins\mcufinder//mcu/
2025-09-12 16:10:13,647 [WARN] DbFile:41 - Overriding database path with different value: C:\Users\chris\.stmcufinder\plugins\mcufinder/ => C:\Users\chris\.stmcufinder\plugins\mcufinder
2025-09-12 16:10:13,647 [INFO] DbMcusAds:125 - Set database path to: C:\Users\chris\.stmcufinder\plugins\mcufinder//mcu/
2025-09-12 16:10:13,647 [WARN] DbFile:41 - Overriding database path with different value: C:\Users\chris\.stmcufinder\plugins\mcufinder/ => C:\Users\chris\.stmcufinder\plugins\mcufinder
2025-09-12 16:10:13,647 [WARN] DbFile:41 - Overriding database path with different value: C:\Users\chris\.stmcufinder\plugins\mcufinder/ => C:\Users\chris\.stmcufinder\plugins\mcufinder
2025-09-12 16:10:13,647 [INFO] CrossReferenceDbSqlite:203 - Set database path to: C:\Users\chris\.stmcufinder\plugins\mcufinder//mcu/cs/
2025-09-12 16:10:13,738 [INFO] MainPanel:274 - HeapMemory: 268435456
2025-09-12 16:10:13,875 [INFO] DbMcusXml:78 - Set database path to: C:\ST\STM32CubeIDE_1.14.1\STM32CubeIDE\plugins\com.st.stm32cube.common.mx_6.15.0.202507011659\\db\/mcu/
2025-09-12 16:10:13,875 [INFO] ApiDb:274 - Set plugin database path to: C:\ST\STM32CubeIDE_1.14.1\STM32CubeIDE\plugins\com.st.stm32cube.common.mx_6.15.0.202507011659\\db\/plugins/boardmanager/
2025-09-12 16:10:13,875 [INFO] ApiDb:261 - Set plugin images path to: C:\ST\STM32CubeIDE_1.14.1\STM32CubeIDE\plugins\com.st.stm32cube.common.mx_6.15.0.202507011659\\db\/plugins/mcufinder/images/
2025-09-12 16:10:13,875 [WARN] DbFile:41 - Overriding database path with different value: C:\Users\chris\.stmcufinder\plugins\mcufinder/ => C:\Users\chris\.stmcufinder\plugins\mcufinder
2025-09-12 16:10:13,875 [INFO] ApiDb:250 - Set database path to: C:\Users\chris\.stmcufinder\plugins\mcufinder//mcu/
2025-09-12 16:10:13,875 [WARN] DbFile:41 - Overriding database path with different value: C:\Users\chris\.stmcufinder\plugins\mcufinder/ => C:\Users\chris\.stmcufinder\plugins\mcufinder
2025-09-12 16:10:13,875 [INFO] DbMcusAds:125 - Set database path to: C:\Users\chris\.stmcufinder\plugins\mcufinder//mcu/
2025-09-12 16:10:13,875 [WARN] DbFile:41 - Overriding database path with different value: C:\Users\chris\.stmcufinder\plugins\mcufinder/ => C:\Users\chris\.stmcufinder\plugins\mcufinder
2025-09-12 16:10:13,875 [WARN] DbFile:41 - Overriding database path with different value: C:\Users\chris\.stmcufinder\plugins\mcufinder/ => C:\Users\chris\.stmcufinder\plugins\mcufinder
2025-09-12 16:10:13,875 [INFO] CrossReferenceDbSqlite:203 - Set database path to: C:\Users\chris\.stmcufinder\plugins\mcufinder//mcu/cs/
2025-09-12 16:10:13,899 [INFO] ApplicationProperties:184 - Using Application install path: C:\ST\STM32CubeIDE_1.14.1\STM32CubeIDE\plugins\com.st.stm32cube.common.mx_6.15.0.202507011659
2025-09-12 16:10:13,899 [INFO] PluginManage:196 - Search for loadable plugins [exclusion list=, ]
2025-09-12 16:10:13,899 [INFO] PluginManage:310 - Check plugin analytics
2025-09-12 16:10:14,559 [INFO] AnalyticsPlugin:253 - Accepted Software Licenses: 
2025-09-12 16:10:14,559 [INFO] AnalyticsPlugin:255 - Accepted CMSIS Pack Licenses: 
2025-09-12 16:10:14,559 [INFO] AnalyticsPlugin:257 - Accepted Firmware Licenses: FW.F7.1.17.0
2025-09-12 16:10:14,559 [INFO] PluginManage:359 - Loaded plugin analytics (category:tool,tabindex:-1)
2025-09-12 16:10:14,567 [INFO] PluginManage:310 - Check plugin cadmodel
2025-09-12 16:10:14,568 [INFO] CADModel:105 - Init CAD model plugin
2025-09-12 16:10:14,568 [INFO] PluginManage:359 - Loaded plugin cadmodel (category:power,tabindex:5)
2025-09-12 16:10:14,568 [INFO] PluginManage:310 - Check plugin clock
2025-09-12 16:10:14,584 [INFO] PluginManage:359 - Loaded plugin clock (category:base,tabindex:2)
2025-09-12 16:10:14,584 [INFO] PluginManage:310 - Check plugin ddr
2025-09-12 16:10:14,584 [INFO] PluginManage:359 - Loaded plugin ddr (category:tool,tabindex:6)
2025-09-12 16:10:14,584 [INFO] PluginManage:310 - Check plugin filemanager
2025-09-12 16:10:14,841 [INFO] PluginManage:359 - Loaded plugin filemanager (category:base,tabindex:10)
2025-09-12 16:10:14,842 [INFO] PluginManage:310 - Check plugin ipmanager
2025-09-12 16:10:14,853 [INFO] PluginManage:359 - Loaded plugin ipmanager (category:base,tabindex:5)
2025-09-12 16:10:14,853 [INFO] PluginManage:310 - Check plugin lpbam
2025-09-12 16:10:14,865 [INFO] PluginManage:359 - Loaded plugin lpbam (category:base,tabindex:0)
2025-09-12 16:10:14,865 [INFO] PluginManage:310 - Check plugin memorymap
2025-09-12 16:10:14,881 [INFO] PluginManage:359 - Loaded plugin memorymap (category:base,tabindex:4)
2025-09-12 16:10:14,881 [INFO] PluginManage:310 - Check plugin pinoutandconfiguration
2025-09-12 16:10:14,891 [INFO] PluginManage:359 - Loaded plugin pinoutandconfiguration (category:base,tabindex:1)
2025-09-12 16:10:14,891 [INFO] PluginManage:310 - Check plugin pinoutconfig
2025-09-12 16:10:15,114 [WARN] SupportedApi:132 - Cannot load RTOS API schema: s4s-elt-must-match.1: The content of 'definitions' must match (annotation?, (simpleType | complexType)?, (unique | key | keyref)*)). A problem was found starting at: attribute.
2025-09-12 16:10:15,450 [INFO] PluginManage:359 - Loaded plugin pinoutconfig (category:base,tabindex:0)
2025-09-12 16:10:15,450 [INFO] PluginManage:310 - Check plugin power
2025-09-12 16:10:15,463 [INFO] PluginManage:359 - Loaded plugin power (category:power,tabindex:4)
2025-09-12 16:10:15,465 [INFO] PluginManage:310 - Check plugin projectmanager
2025-09-12 16:10:15,517 [INFO] PluginManage:359 - Loaded plugin projectmanager (category:projectmanager,tabindex:4)
2025-09-12 16:10:15,517 [INFO] PluginManage:310 - Check plugin rif
2025-09-12 16:10:15,528 [INFO] PluginManage:359 - Loaded plugin rif (category:base,tabindex:3)
2025-09-12 16:10:15,528 [INFO] PluginManage:310 - Check plugin thirdparty
2025-09-12 16:10:15,796 [WARN] IntegrityCheckThread:84 - waiting for thirdparty lock release [integrity check]
2025-09-12 16:10:15,796 [INFO] IntegrityCheckThread:86 - entering critical section [integrity check]
2025-09-12 16:10:15,799 [INFO] ThirdPartyUpdaterWithRetryManager:70 - Updater plugin not ready yet. [1/15]
2025-09-12 16:10:15,799 [INFO] PluginManage:359 - Loaded plugin thirdparty (category:base,tabindex:-1)
2025-09-12 16:10:15,800 [INFO] PluginManage:310 - Check plugin tools
2025-09-12 16:10:15,807 [INFO] PluginManage:359 - Loaded plugin tools (category:base,tabindex:7)
2025-09-12 16:10:15,807 [INFO] PluginManage:310 - Check plugin tutovideos
2025-09-12 16:10:16,098 [INFO] PluginManage:359 - Loaded plugin tutovideos (category:base,tabindex:-1)
2025-09-12 16:10:16,098 [INFO] PluginManage:310 - Check plugin updater
2025-09-12 16:10:16,152 [INFO] PluginManage:359 - Loaded plugin updater (category:base,tabindex:12)
2025-09-12 16:10:16,152 [INFO] PluginManage:310 - Check plugin userauth
2025-09-12 16:10:16,152 [INFO] UserAuth:118 - Init User Auth plugin
2025-09-12 16:10:16,160 [INFO] PluginManage:359 - Loaded plugin userauth (category:base,tabindex:14)
2025-09-12 16:10:16,160 [INFO] PluginManage:283 - PluginManage : Loaded plugins [18]
2025-09-12 16:10:16,444 [INFO] PinOutPanel:1589 - setPackage(No Configuration,No Configuration)
2025-09-12 16:10:16,569 [INFO] CADModel:165 - CPN selected for project level
2025-09-12 16:10:16,578 [INFO] CADModel:114 - Register for checkConnection events
2025-09-12 16:10:16,594 [INFO] IPUIPlugin:80 - create IPUIPlugin
2025-09-12 16:10:16,594 [INFO] PluginManager:220 - loadIPPluginJar : add adc
2025-09-12 16:10:16,603 [INFO] IPUIPlugin:80 - create IPUIPlugin
2025-09-12 16:10:16,603 [INFO] PluginManager:220 - loadIPPluginJar : add aes
2025-09-12 16:10:16,610 [INFO] IPUIPlugin:80 - create IPUIPlugin
2025-09-12 16:10:16,610 [INFO] PluginManager:220 - loadIPPluginJar : add can
2025-09-12 16:10:16,610 [INFO] IPUIPlugin:80 - create IPUIPlugin
2025-09-12 16:10:16,610 [INFO] PluginManager:220 - loadIPPluginJar : add comp
2025-09-12 16:10:16,610 [INFO] IPUIPlugin:80 - create IPUIPlugin
2025-09-12 16:10:16,610 [INFO] PluginManager:220 - loadIPPluginJar : add cryp
2025-09-12 16:10:16,618 [INFO] IPUIPlugin:80 - create IPUIPlugin
2025-09-12 16:10:16,618 [INFO] PluginManager:220 - loadIPPluginJar : add ddr_ctrl_phy
2025-09-12 16:10:16,618 [INFO] IPUIPlugin:80 - create IPUIPlugin
2025-09-12 16:10:16,618 [INFO] PluginManager:220 - loadIPPluginJar : add dfsdm
2025-09-12 16:10:16,627 [INFO] IPUIPlugin:80 - create IPUIPlugin
2025-09-12 16:10:16,627 [INFO] PluginManager:220 - loadIPPluginJar : add dma
2025-09-12 16:10:16,627 [INFO] IPUIPlugin:80 - create IPUIPlugin
2025-09-12 16:10:16,627 [INFO] PluginManager:220 - loadIPPluginJar : add dma3
2025-09-12 16:10:16,627 [INFO] IPUIPlugin:80 - create IPUIPlugin
2025-09-12 16:10:16,627 [INFO] PluginManager:220 - loadIPPluginJar : add extmemmanager
2025-09-12 16:10:16,635 [INFO] IPUIPlugin:80 - create IPUIPlugin
2025-09-12 16:10:16,635 [INFO] PluginManager:220 - loadIPPluginJar : add fatfs
2025-09-12 16:10:16,635 [INFO] IPUIPlugin:80 - create IPUIPlugin
2025-09-12 16:10:16,635 [INFO] PluginManager:220 - loadIPPluginJar : add fmc
2025-09-12 16:10:16,644 [INFO] IPUIPlugin:80 - create IPUIPlugin
2025-09-12 16:10:16,644 [INFO] PluginManager:220 - loadIPPluginJar : add freertos
2025-09-12 16:10:16,644 [INFO] IPUIPlugin:80 - create IPUIPlugin
2025-09-12 16:10:16,644 [INFO] PluginManager:220 - loadIPPluginJar : add genericplugin
2025-09-12 16:10:16,644 [INFO] IPUIPlugin:80 - create IPUIPlugin
2025-09-12 16:10:16,644 [INFO] PluginManager:220 - loadIPPluginJar : add gfxmmu
2025-09-12 16:10:16,651 [INFO] IPUIPlugin:80 - create IPUIPlugin
2025-09-12 16:10:16,651 [INFO] PluginManager:220 - loadIPPluginJar : add gic
2025-09-12 16:10:16,660 [INFO] IPUIPlugin:80 - create IPUIPlugin
2025-09-12 16:10:16,660 [INFO] PluginManager:220 - loadIPPluginJar : add gpio
2025-09-12 16:10:16,668 [INFO] IPUIPlugin:80 - create IPUIPlugin
2025-09-12 16:10:16,668 [INFO] PluginManager:220 - loadIPPluginJar : add gtzc
2025-09-12 16:10:16,668 [INFO] IPUIPlugin:80 - create IPUIPlugin
2025-09-12 16:10:16,668 [INFO] PluginManager:220 - loadIPPluginJar : add hash
2025-09-12 16:10:16,676 [INFO] IPUIPlugin:80 - create IPUIPlugin
2025-09-12 16:10:16,676 [INFO] PluginManager:220 - loadIPPluginJar : add i2c
2025-09-12 16:10:16,676 [INFO] IPUIPlugin:80 - create IPUIPlugin
2025-09-12 16:10:16,676 [INFO] PluginManager:220 - loadIPPluginJar : add i2s
2025-09-12 16:10:16,676 [INFO] IPUIPlugin:80 - create IPUIPlugin
2025-09-12 16:10:16,676 [INFO] PluginManager:220 - loadIPPluginJar : add i3c
2025-09-12 16:10:16,685 [INFO] IPUIPlugin:80 - create IPUIPlugin
2025-09-12 16:10:16,685 [INFO] PluginManager:220 - loadIPPluginJar : add ipddr
2025-09-12 16:10:16,693 [INFO] IPUIPlugin:80 - create IPUIPlugin
2025-09-12 16:10:16,694 [INFO] PluginManager:220 - loadIPPluginJar : add linkedlist
2025-09-12 16:10:16,694 [INFO] IPUIPlugin:80 - create IPUIPlugin
2025-09-12 16:10:16,694 [INFO] PluginManager:220 - loadIPPluginJar : add lorawan
2025-09-12 16:10:16,694 [INFO] IPUIPlugin:80 - create IPUIPlugin
2025-09-12 16:10:16,694 [INFO] PluginManager:220 - loadIPPluginJar : add ltdc
2025-09-12 16:10:16,702 [INFO] IPUIPlugin:80 - create IPUIPlugin
2025-09-12 16:10:16,702 [INFO] PluginManager:220 - loadIPPluginJar : add mdma
2025-09-12 16:10:16,709 [INFO] IPUIPlugin:80 - create IPUIPlugin
2025-09-12 16:10:16,709 [INFO] PluginManager:220 - loadIPPluginJar : add nvic
2025-09-12 16:10:16,709 [INFO] IPUIPlugin:80 - create IPUIPlugin
2025-09-12 16:10:16,709 [INFO] PluginManager:220 - loadIPPluginJar : add opamp
2025-09-12 16:10:16,709 [INFO] IPUIPlugin:80 - create IPUIPlugin
2025-09-12 16:10:16,709 [INFO] PluginManager:220 - loadIPPluginJar : add openamp
2025-09-12 16:10:16,718 [INFO] IPUIPlugin:80 - create IPUIPlugin
2025-09-12 16:10:16,718 [INFO] PluginManager:220 - loadIPPluginJar : add pdm2pcm
2025-09-12 16:10:16,730 [INFO] IPUIPlugin:80 - create IPUIPlugin
2025-09-12 16:10:16,739 [INFO] PluginManager:220 - loadIPPluginJar : add plateformsettings
2025-09-12 16:10:16,739 [INFO] IPUIPlugin:80 - create IPUIPlugin
2025-09-12 16:10:16,739 [INFO] PluginManager:220 - loadIPPluginJar : add quadspi
2025-09-12 16:10:16,739 [INFO] IPUIPlugin:80 - create IPUIPlugin
2025-09-12 16:10:16,739 [INFO] PluginManager:220 - loadIPPluginJar : add radio
2025-09-12 16:10:16,746 [INFO] IPUIPlugin:80 - create IPUIPlugin
2025-09-12 16:10:16,746 [INFO] PluginManager:220 - loadIPPluginJar : add resmgrutility
2025-09-12 16:10:16,753 [INFO] IPUIPlugin:80 - create IPUIPlugin
2025-09-12 16:10:16,753 [INFO] PluginManager:220 - loadIPPluginJar : add sai
2025-09-12 16:10:16,755 [INFO] IPUIPlugin:80 - create IPUIPlugin
2025-09-12 16:10:16,755 [INFO] PluginManager:220 - loadIPPluginJar : add spi
2025-09-12 16:10:16,766 [INFO] IPUIPlugin:80 - create IPUIPlugin
2025-09-12 16:10:16,766 [INFO] PluginManager:220 - loadIPPluginJar : add stm32_wpan
2025-09-12 16:10:16,771 [INFO] IPUIPlugin:80 - create IPUIPlugin
2025-09-12 16:10:16,771 [INFO] PluginManager:220 - loadIPPluginJar : add tim
2025-09-12 16:10:16,772 [INFO] IPUIPlugin:80 - create IPUIPlugin
2025-09-12 16:10:16,772 [INFO] PluginManager:220 - loadIPPluginJar : add touchsensing
2025-09-12 16:10:16,776 [INFO] IPUIPlugin:80 - create IPUIPlugin
2025-09-12 16:10:16,776 [INFO] PluginManager:220 - loadIPPluginJar : add tracer_emb
2025-09-12 16:10:16,779 [INFO] IPUIPlugin:80 - create IPUIPlugin
2025-09-12 16:10:16,779 [INFO] PluginManager:220 - loadIPPluginJar : add ts
2025-09-12 16:10:16,779 [INFO] IPUIPlugin:80 - create IPUIPlugin
2025-09-12 16:10:16,781 [INFO] PluginManager:220 - loadIPPluginJar : add tsc
2025-09-12 16:10:16,782 [INFO] IPUIPlugin:80 - create IPUIPlugin
2025-09-12 16:10:16,782 [INFO] PluginManager:220 - loadIPPluginJar : add ucpd
2025-09-12 16:10:16,788 [INFO] IPUIPlugin:80 - create IPUIPlugin
2025-09-12 16:10:16,788 [INFO] PluginManager:220 - loadIPPluginJar : add usart
2025-09-12 16:10:16,788 [INFO] IPUIPlugin:80 - create IPUIPlugin
2025-09-12 16:10:16,788 [INFO] PluginManager:220 - loadIPPluginJar : add usbx
2025-09-12 16:10:16,950 [FATAL] Updater:351 - Updater called before beeing initialized
2025-09-12 16:10:17,077 [INFO] RulesReader:64 - Compatibility file has been processed (317 Rules)
2025-09-12 16:10:17,148 [INFO] RulesReader:64 - Compatibility file has been processed (317 Rules)
2025-09-12 16:10:17,199 [INFO] CADModel:165 - CPN selected for project level
2025-09-12 16:10:17,199 [INFO] CADModel:114 - Register for checkConnection events
2025-09-12 16:10:17,199 [FATAL] Updater:351 - Updater called before beeing initialized
2025-09-12 16:10:17,199 [ERROR] CADModel:125 - Updater not yet initialized, retry later 
2025-09-12 16:10:17,477 [FATAL] Updater:351 - Updater called before beeing initialized
2025-09-12 16:10:17,480 [INFO] CADModel:165 - CPN selected for project level
2025-09-12 16:10:17,480 [INFO] CADModel:114 - Register for checkConnection events
2025-09-12 16:10:17,480 [FATAL] Updater:351 - Updater called before beeing initialized
2025-09-12 16:10:17,480 [ERROR] CADModel:125 - Updater not yet initialized, retry later 
2025-09-12 16:10:17,486 [FATAL] Updater:351 - Updater called before beeing initialized
2025-09-12 16:10:17,726 [FATAL] Updater:351 - Updater called before beeing initialized
2025-09-12 16:10:17,735 [INFO] DbMcusAds:53 - JSON generation date=Tue Jul 08 01:14:23 PDT 2025 (1751962463582)
2025-09-12 16:10:17,735 [FATAL] Updater:351 - Updater called before beeing initialized
2025-09-12 16:10:17,780 [WARN] DetailPanel:346 - Failed to get advertising image, set to default
2025-09-12 16:10:17,891 [FATAL] Updater:351 - Updater called before beeing initialized
2025-09-12 16:10:17,891 [FATAL] Updater:351 - Updater called before beeing initialized
2025-09-12 16:10:17,891 [FATAL] Updater:351 - Updater called before beeing initialized
2025-09-12 16:10:17,891 [WARN] DetailPanel:346 - Failed to get advertising image, set to default
2025-09-12 16:10:17,899 [FATAL] Updater:351 - Updater called before beeing initialized
2025-09-12 16:10:17,982 [ERROR] Updater:1198 - MainUpdater not yet initialized. External WinMGr cannot be set.
2025-09-12 16:10:17,982 [INFO] Updater:1134 - Updater Version found : 6.15.0
2025-09-12 16:10:18,007 [INFO] ApplicationProperties:184 - Using Application install path: C:\ST\STM32CubeIDE_1.14.1\STM32CubeIDE\plugins\com.st.stm32cube.common.mx_6.15.0.202507011659
2025-09-12 16:10:18,807 [INFO] ThirdPartyUpdaterWithRetryManager:70 - Updater plugin not ready yet. [2/15]
2025-09-12 16:10:19,613 [ERROR] LogOutputStream:75 - [STDERR_REDIRECT] Sep 12, 2025 4:10:19 PM java.util.prefs.WindowsPreferences <init>
2025-09-12 16:10:19,621 [ERROR] LogOutputStream:75 - [STDERR_REDIRECT] WARNING: Could not open/create prefs root node Software\JavaSoft\Prefs at root 0xffffffff80000002. Windows RegCreateKeyEx(...) returned error code 5.
2025-09-12 16:10:19,621 [ERROR] LogOutputStream:75 - [STDERR_REDIRECT] 
2025-09-12 16:10:19,655 [INFO] MainUpdater:525 - Copy updater definitions from MX database
2025-09-12 16:10:20,165 [INFO] MainUpdater:2872 - connection check result : 10
2025-09-12 16:10:20,165 [INFO] MainUpdater:3604 - Updater definition file requires update
2025-09-12 16:10:20,168 [INFO] MainUpdater:289 - Updater Check For Update Now.
2025-09-12 16:10:20,168 [INFO] MicroXplorer:498 - Change Database Version : DB.6.0.150
2025-09-12 16:10:20,214 [INFO] ServerAccessManage:452 - Complete download http(s) 200
2025-09-12 16:10:20,215 [INFO] ServerAccessManage:509 - Download File updaters.zip
2025-09-12 16:10:20,341 [INFO] FileExtend:248 - Unzip File : updaters.zip
2025-09-12 16:10:20,341 [INFO] FileExtend:263 - Standard Zip Deflate
2025-09-12 16:10:20,972 [INFO] ServerAccessManage:452 - Complete download http(s) 200
2025-09-12 16:10:20,972 [INFO] ServerAccessManage:509 - Download File PacksControlFlags.xml
2025-09-12 16:10:21,044 [INFO] ServerAccessManage:452 - Complete download http(s) 200
2025-09-12 16:10:21,044 [INFO] ServerAccessManage:509 - Download File cubemx.pidx
2025-09-12 16:10:21,288 [INFO] LoadServerUpdatesThread:375 - End of LoadServerUpdate Thread
2025-09-12 16:10:21,492 [INFO] CheckServerUpdateThread:120 - End of CheckServer Thread
2025-09-12 16:10:21,652 [INFO] MainUpdater:2872 - connection check result : 10
2025-09-12 16:10:21,654 [INFO] MainUpdater:2872 - connection check result : 10
2025-09-12 16:10:21,802 [INFO] MicroXplorer:468 - Change Database Path : 
2025-09-12 16:10:21,802 [INFO] MicroXplorer:498 - Change Database Version : DB.6.0.150
2025-09-12 16:10:21,832 [WARN] ThirdParty:871 - waiting for thirdparty lock release [close project]
2025-09-12 16:10:22,133 [WARN] PackLoader:240 - Cannot read IP mode file for STMicroelectronics.X-CUBE-DISPLAY.3.0.0
2025-09-12 16:10:22,152 [WARN] PackLoader:240 - Cannot read IP mode file for STMicroelectronics.FP-SNS-SMARTAG2.1.2.0
2025-09-12 16:10:22,171 [WARN] PackLoader:240 - Cannot read IP mode file for STMicroelectronics.X-CUBE-BLE2.3.3.0
2025-09-12 16:10:22,179 [WARN] PackLoader:240 - Cannot read IP mode file for STMicroelectronics.FP-ATR-SIGFOX1.3.2.0
2025-09-12 16:10:22,183 [INFO] ThirdParty:978 - Integrity check success = true
2025-09-12 16:10:22,183 [INFO] IntegrityCheckThread:100 - exiting critical section [integrity check]
2025-09-12 16:10:22,183 [INFO] IntegrityCheckThread:103 - End integrity checks thread
2025-09-12 16:10:22,184 [INFO] ThirdParty:873 - entering critical section [close project]
2025-09-12 16:10:22,184 [INFO] ThirdParty:883 - exiting critical section [close project]
2025-09-12 16:10:22,196 [INFO] PinOutPanel:1589 - setPackage(No Configuration,No Configuration)
2025-09-12 16:10:22,200 [INFO] UtilMem:75 - Begin LoadConfig() Used Memory: 418763288 Bytes (514850816)
2025-09-12 16:10:36,050 [INFO] ServerAccessManage:452 - Complete download http(s) 200
2025-09-12 16:10:36,052 [INFO] ServerAccessManage:509 - Download File stm32cube_db_v60121.zip
2025-09-12 16:10:45,337 [INFO] FileExtend:248 - Unzip File : stm32cube_db_v60121.zip
2025-09-12 16:10:45,338 [INFO] FileExtend:263 - Standard Zip Deflate
2025-09-12 16:10:54,130 [INFO] LoadServerPackagesThread:196 - End of LoadServerPackages Thread
2025-09-12 16:10:54,320 [INFO] CheckServerUpdateThread:120 - End of CheckServer Thread
2025-09-12 16:10:54,330 [INFO] UserAuth:487 - Internet connection configuration mode: 1
2025-09-12 16:10:54,352 [INFO] JxBrowserEngine:152 - Initiate JxBrowser Engine with user profile folder
2025-09-12 16:10:59,967 [INFO] WebApp:169 - Instantiating new browser for Auth
2025-09-12 16:11:00,793 [INFO] WebApp:463 - Apply proxy settings
2025-09-12 16:11:00,793 [INFO] WebApp:548 - Chromium requires no authentication
2025-09-12 16:11:00,803 [INFO] WebApp:491 - Direct internet connection detected
2025-09-12 16:11:00,826 [INFO] WebApp:900 - Register for checkConnection events
2025-09-12 16:11:00,826 [INFO] WebApp:463 - Apply proxy settings
2025-09-12 16:11:00,826 [INFO] WebApp:548 - Chromium requires no authentication
2025-09-12 16:11:00,830 [INFO] WebApp:491 - Direct internet connection detected
2025-09-12 16:11:01,030 [INFO] WebApp:191 - Connection restablished
2025-09-12 16:11:01,053 [INFO] WebApp:225 - Starting web application
2025-09-12 16:11:01,053 [INFO] WebApp:593 - Web application path used C:\ST\STM32CubeIDE_1.14.1\STM32CubeIDE\plugins\com.st.stm32cube.common.mx_6.15.0.202507011659\db\plugins\mcufinder\reactClient1\index.html
2025-09-12 16:11:10,068 [INFO] LogOutputStream:77 - [STDOUT_REDIRECT] 
2025-09-12 16:11:11,408 [INFO] McuFinderGlobals:63 - Set McuFinder mode to 2 (CubeIDE integrated)
2025-09-12 16:11:11,438 [INFO] UserAuth:487 - Internet connection configuration mode: 1
2025-09-12 16:11:48,546 [INFO] MainUpdater:2872 - connection check result : 10
2025-09-12 16:11:48,547 [INFO] MainUpdater:2872 - connection check result : 10
2025-09-12 16:11:48,577 [INFO] MicroXplorer:468 - Change Database Path : 
2025-09-12 16:11:48,577 [INFO] MicroXplorer:498 - Change Database Version : DB.6.0.150
2025-09-12 16:11:48,578 [WARN] ThirdParty:871 - waiting for thirdparty lock release [close project]
2025-09-12 16:11:48,578 [INFO] ThirdParty:873 - entering critical section [close project]
2025-09-12 16:11:48,578 [INFO] ThirdParty:883 - exiting critical section [close project]
2025-09-12 16:11:48,580 [INFO] PinOutPanel:1589 - setPackage(No Configuration,No Configuration)
2025-09-12 16:11:48,581 [INFO] UtilMem:75 - Begin LoadConfig() Used Memory: 827755200 Bytes (855638016)
2025-09-12 16:11:48,589 [INFO] MicroXplorer:468 - Change Database Path : C:/Users/chris/.stm32cubemx/databases/DB.6.0.121/db/
2025-09-12 16:11:48,589 [INFO] MicroXplorer:498 - Change Database Version : DB.6.0.121
2025-09-12 16:11:53,269 [INFO] OpenFileManager:355 - Change cursor
2025-09-12 16:11:53,357 [INFO] Mcu:2029 - Initializing MCU STM32H743ZITx STM32H743ZITx STM32H743ZIT6
2025-09-12 16:11:58,713 [INFO] Context:786 - Trying to add GPIOservice into a context  which must be forbidden
2025-09-12 16:12:00,767 [INFO] ImportTextPane:234 - (OptionalMessage_ERROR) Pin30 (VP_RIF_VS_RIF1) cannot be retrieved for this MCU
2025-09-12 16:12:01,100 [INFO] RtosManager:558 - Registered RTOS mode: class=CMSIS, group=RTOS, mode=CMSIS_V1, owner=FREERTOS
2025-09-12 16:12:01,100 [INFO] RtosManager:558 - Registered RTOS mode: class=CMSIS, group=RTOS2, mode=CMSIS_V2, owner=FREERTOS
2025-09-12 16:12:01,101 [INFO] RtosManager:558 - Registered RTOS mode: class=RTOS, group=Core, mode=CMSIS_V1, owner=FREERTOS
2025-09-12 16:12:01,101 [INFO] RtosManager:558 - Registered RTOS mode: class=RTOS, group=Core, mode=CMSIS_V2, owner=FREERTOS
2025-09-12 16:12:01,101 [WARN] ModelIntegratedComponent:184 - Missing modes for component STMicroelectronics:FreeRTOS:0.0.1:STMicroelectronics:RTOS:FreeRTOS:Core:::10.2.0:
2025-09-12 16:12:01,107 [WARN] ModelIntegratedComponent:63 - No mode defined for component null
2025-09-12 16:12:01,108 [WARN] ModelIntegratedComponent:63 - No mode defined for component null
2025-09-12 16:12:01,108 [WARN] ModelIntegratedComponent:63 - No mode defined for component null
2025-09-12 16:12:01,108 [WARN] ModelIntegratedComponent:63 - No mode defined for component null
2025-09-12 16:12:01,108 [WARN] ModelIntegratedComponent:63 - No mode defined for component null
2025-09-12 16:12:01,108 [WARN] ModelIntegratedComponent:63 - No mode defined for component null
2025-09-12 16:12:01,108 [WARN] ModelIntegratedComponent:63 - No mode defined for component null
2025-09-12 16:12:01,108 [WARN] ModelIntegratedComponent:63 - No mode defined for component null
2025-09-12 16:12:01,108 [WARN] ModelIntegratedComponent:63 - No mode defined for component null
2025-09-12 16:12:01,108 [WARN] ModelIntegratedComponent:63 - No mode defined for component null
2025-09-12 16:12:01,108 [WARN] ModelIntegratedComponent:63 - No mode defined for component null
2025-09-12 16:12:01,108 [WARN] ModelIntegratedComponent:63 - No mode defined for component null
2025-09-12 16:12:01,108 [WARN] ModelIntegratedComponent:63 - No mode defined for component null
2025-09-12 16:12:01,108 [WARN] ModelIntegratedComponent:63 - No mode defined for component null
2025-09-12 16:12:01,109 [WARN] ModelIntegratedComponent:63 - No mode defined for component null
2025-09-12 16:12:01,109 [WARN] ModelIntegratedComponent:63 - No mode defined for component null
2025-09-12 16:12:01,109 [WARN] ModelIntegratedComponent:63 - No mode defined for component null
2025-09-12 16:12:01,109 [WARN] ModelIntegratedComponent:63 - No mode defined for component null
2025-09-12 16:12:01,109 [WARN] ModelIntegratedComponent:63 - No mode defined for component null
2025-09-12 16:12:01,109 [WARN] ModelIntegratedComponent:63 - No mode defined for component null
2025-09-12 16:12:01,109 [WARN] ModelIntegratedComponent:63 - No mode defined for component null
2025-09-12 16:12:01,109 [WARN] ModelIntegratedComponent:63 - No mode defined for component null
2025-09-12 16:12:01,109 [WARN] ModelIntegratedComponent:63 - No mode defined for component null
2025-09-12 16:12:01,109 [WARN] ModelIntegratedComponent:63 - No mode defined for component null
2025-09-12 16:12:01,109 [WARN] ModelIntegratedComponent:63 - No mode defined for component null
2025-09-12 16:12:01,109 [WARN] ModelIntegratedComponent:63 - No mode defined for component null
2025-09-12 16:12:01,109 [WARN] ModelIntegratedComponent:63 - No mode defined for component null
2025-09-12 16:12:01,109 [WARN] ModelIntegratedComponent:63 - No mode defined for component null
2025-09-12 16:12:01,109 [WARN] ModelIntegratedComponent:63 - No mode defined for component null
2025-09-12 16:12:01,109 [WARN] ModelIntegratedComponent:63 - No mode defined for component null
2025-09-12 16:12:01,109 [WARN] ModelIntegratedComponent:63 - No mode defined for component null
2025-09-12 16:12:01,109 [WARN] ModelIntegratedComponent:63 - No mode defined for component null
2025-09-12 16:12:01,110 [WARN] ModelIntegratedComponent:63 - No mode defined for component null
2025-09-12 16:12:01,110 [WARN] ModelIntegratedComponent:63 - No mode defined for component null
2025-09-12 16:12:01,110 [WARN] ModelIntegratedComponent:63 - No mode defined for component null
2025-09-12 16:12:01,110 [WARN] ModelPack:524 - Component already loaded: STMicroelectronics:HAL Drivers:0.0.0:STMicroelectronics:Device:STMicro_Driver:XSPI:HAL::0.0.1:HAL_XSPI
2025-09-12 16:12:01,153 [INFO] ThirdPartyModel:298 - Start build external matchings
2025-09-12 16:12:01,159 [INFO] ThirdPartyModel:316 - End build external matchings
2025-09-12 16:12:01,186 [INFO] ImportTextPane:234 - (OptionalMessage_ERROR) IP (RCC) : Invalid parameter (FamilyName)
2025-09-12 16:12:02,381 [INFO] ApiDb:581 - Connected to CubeFinder SQLite database (C:\Users\chris\.stmcufinder\plugins\mcufinder\mcu\cube-finder-db.db)
2025-09-12 16:12:02,466 [INFO] ApiDb:668 - CubeFinder database Data Model version=2.1
2025-09-12 16:12:02,466 [INFO] ApiDb:669 - CubeFinder database Configuration version=3.0.39
2025-09-12 16:12:02,467 [INFO] ApiDb:670 - CubeFinder database generation date=2025-08-25 (1756130511)
2025-09-12 16:12:02,467 [INFO] ApiDb:671 - CubeFinder database FW Pack versions=[FP-ATR-ASTRA1_V2.0.0, FP-SNS-FLIGHT1_V5.1.0, FP-SNS-MOTENV1_V5.0.0, FP-SNS-MOTENVWB1_V1.4.0, FP-SNS-SMARTAG2_V1.2.0, FP-SNS-STBOX1_V2.1.0, STM32Cube_FW_C0_V1.4.0, STM32Cube_FW_F4_V1.28.3, STM32Cube_FW_F7_V1.17.4, STM32Cube_FW_G0_V1.6.2, STM32Cube_FW_G4_V1.6.1, STM32Cube_FW_H5_V1.5.0, STM32Cube_FW_H7RS_V1.2.0, STM32Cube_FW_H7_V1.12.1, STM32Cube_FW_L0_V1.12.2, STM32Cube_FW_L4_V1.18.1, STM32Cube_FW_L5_V1.5.1, STM32Cube_FW_N6_V1.2.0, STM32Cube_FW_U0_V1.3.0, STM32Cube_FW_U3_V1.2.0, STM32Cube_FW_U5_V1.8.0, STM32Cube_FW_WB0_V1.3.0, STM32Cube_FW_WBA_V1.7.0, STM32Cube_FW_WB_V1.23.0, STM32Cube_FW_WL3_V1.2.0, STM32Cube_FW_WL_V1.3.1, X-CUBE-ALGOBUILD_V1.4.0, X-CUBE-ALS_V1.0.2, X-CUBE-AZRTOS-F4_V1.1.0, X-CUBE-AZRTOS-F7_V1.1.0, X-CUBE-AZRTOS-G0_V1.1.0, X-CUBE-AZRTOS-G4_V2.0.0, X-CUBE-AZRTOS-H7RS_V1.1.0, X-CUBE-AZRTOS-H7_V3.4.0, X-CUBE-AZRTOS-L4_V2.0.0, X-CUBE-AZRTOS-L5_V2.0.0, X-CUBE-AZRTOS-WB_V2.0.0, X-CUBE-AZRTOS-WL_V2.0.0, X-CUBE-BLE1_V7.1.0, X-CUBE-BLE2_V3.3.0, X-CUBE-BLEMGR_V4.1.0, X-CUBE-EEPRMA1_V5.2.0, X-CUBE-FREERTOS_V1.3.1, X-CUBE-GNSS1_V6.0.0, X-CUBE-MEMS1_V11.3.0, X-CUBE-NFC4_V3.0.0, X-CUBE-NFC7_V2.0.0, X-CUBE-SFXS2LP1_V4.0.0, X-CUBE-ST67W61_V1.0.0, X-CUBE-SUBG2_V5.0.0, X-CUBE-TOF1_V3.4.3]
2025-09-12 16:12:02,565 [INFO] DbBoardsSqlite:226 - include board P-NUCLEO-WB55-NUCLEO as a kit item of type 'Nucleo-64'
2025-09-12 16:12:02,566 [INFO] DbBoardsSqlite:226 - include board P-NUCLEO-WB55-USBDONGLE as a kit item of type 'Nucleo USB Dongle'
2025-09-12 16:12:02,566 [INFO] DbBoardsSqlite:226 - include board STEVAL-IDP005V1 as a kit item of type 'Evaluation Board'
2025-09-12 16:12:02,567 [INFO] DbBoardsSqlite:226 - include board STEVAL-IDP005V2 as a kit item of type 'Evaluation Board'
2025-09-12 16:12:02,663 [INFO] ApiDb:240 - Found 880 in-development CPN: [B-G473E-ZEST1S, B-WB1M-WPAN1, B-WBA5M-WPAN, B-WL5M-SUBG1, NUCLEO-C031C6, NUCLEO-C051C8, NUCLEO-C071RB, NUCLEO-C092RC, NUCLEO-H503RB, NUCLEO-H533RE, NUCLEO-H563ZI, NUCLEO-H7S3L8, NUCLEO-N657X0-Q, NUCLEO-U031R8, NUCLEO-U083RC, NUCLEO-U385RG-Q, NUCLEO-U545RE-Q, NUCLEO-U5A5ZJ-Q, NUCLEO-WB05KZ, NUCLEO-WB07CC, NUCLEO-WB09KE, NUCLEO-WBA52CG, NUCLEO-WBA55CG, NUCLEO-WL33CC1, NUCLEO-WL33CC2, STEVAL-PROTEUS1, STEVAL-SMARTAG2, STEVAL-STWINBX1, STM320518-EVAL, STM32C0116-DK, STM32C011D6Y3TR, STM32C011D6Y6TR, STM32C011F4P3, STM32C011F4P6, STM32C011F4U3, STM32C011F4U6TR, STM32C011F6P3, STM32C011F6P6, STM32C011F6U3, STM32C011F6U6TR, STM32C011J4M3, STM32C011J4M6, STM32C011J6M3, STM32C011J6M6, STM32C0316-DK, STM32C031C4T3, STM32C031C4T6, STM32C031C4U3, STM32C031C4U6, STM32C031C6T3, STM32C031C6T6, STM32C031C6U3, STM32C031C6U6, STM32C031F4P3, STM32C031F4P6, STM32C031F6P3, STM32C031F6P6, STM32C031G4U3, STM32C031G4U6, STM32C031G6U3, STM32C031G6U6, STM32C031K4T3, STM32C031K4T6, STM32C031K4U3, STM32C031K4U6, STM32C031K6T3, STM32C031K6T6, STM32C031K6U3, STM32C031K6U6, STM32C051C6T6, STM32C051C6U6, STM32C051C8T6, STM32C051C8U6, STM32C051D8Y6TR, STM32C051F6P6, STM32C051F8P6, STM32C051G6U6, STM32C051G8U6, STM32C051K6T6, STM32C051K6U6, STM32C051K8T6, STM32C071C8T6, STM32C071C8T6N, STM32C071C8U6, STM32C071C8U6N, STM32C071CBT6, STM32C071CBT6N, STM32C071CBU6, STM32C071CBU6N, STM32C071F8P6, STM32C071F8P6N, STM32C071FBP6, STM32C071FBP6N, STM32C071FBY6TR, STM32C071G8U6, STM32C071G8U6N, STM32C071GBU6, STM32C071GBU6N, STM32C071K8T6, STM32C071K8T6N, STM32C071K8U6, STM32C071K8U6N, STM32C071KBT6, STM32C071KBT6N, STM32C071KBU6, STM32C071KBU6N, STM32C071R8T6, STM32C071R8T6N, STM32C071RBI6N, STM32C071RBT6, STM32C071RBT6N, STM32C091CBT6, STM32C091CBU6, STM32C091CCT6, STM32C091CCU6, STM32C091ECY6TR, STM32C091FBP6, STM32C091FCP6, STM32C091GBU6, STM32C091GCU6, STM32C091KBT6, STM32C091KBU6, STM32C091KCT6, STM32C091KCU6, STM32C091RBT6, STM32C091RCI6, STM32C091RCT6, STM32C092CBT6, STM32C092CBU6, STM32C092CCT6, STM32C092CCU6, STM32C092ECY6TR, STM32C092FBP6, STM32C092FCP6, STM32C092GBU6, STM32C092GCU6, STM32C092KBT6, STM32C092KBU6, STM32C092KCT6, STM32C092KCU6, STM32C092RBT6, STM32C092RCI6, STM32C092RCT6, STM32G071K8TXN, STM32G071K8UXN, STM32G081GBU6N, STM32G081KBT6N, STM32G081KBUXN, STM32G0B1CCT6N, STM32G0B1KCT6, STM32G0B1NEY6TR, STM32G0B1RCT6N, STM32G0C1CCT6, STM32G0C1CCT6N, STM32G0C1CCU6N, STM32G0C1CET6N, STM32G0C1CEU6N, STM32G0C1KCT6, STM32G0C1NEY6TR, STM32G0C1RCI6N, STM32G0C1RCT6N, STM32G0C1REI6N, STM32G0C1RET6N, STM32G0C1VCI6, STM32G0C1VEI6, STM32G411C6T3, STM32G411C6T6, STM32G411C6U3, STM32G411C6U6, STM32G411C8T3, STM32G411C8T6, STM32G411C8U3, STM32G411C8U6, STM32G411CBT3, STM32G411CBT6, STM32G411CBU3, STM32G411CBU6, STM32G411K6T3, STM32G411K6T6, STM32G411K6U3, STM32G411K6U6, STM32G411K8T3, STM32G411K8T6, STM32G411K8U3, STM32G411K8U6, STM32G411KBT3, STM32G411KBT6, STM32G411KBU3, STM32G411KBU6, STM32G411M6T3, STM32G411M6T6, STM32G411M8T3, STM32G411M8T6, STM32G411MBT3, STM32G411MBT6, STM32G411R6T3, STM32G411R6T6, STM32G411R8T3, STM32G411R8T6, STM32G411RBT3, STM32G411RBT6, STM32G414CBT3, STM32G414CBT6, STM32G414CBU3, STM32G414CBU6, STM32G414CCT3, STM32G414CCT6, STM32G414CCU3, STM32G414CCU6, STM32G414MBT3, STM32G414MBT6, STM32G414MCT3, STM32G414MCT6, STM32G414RBT3, STM32G414RBT6, STM32G414RCT3, STM32G414RCT6, STM32G414VBT3, STM32G414VBT6, STM32G414VCT3, STM32G414VCT6, STM32G431CBT3Z, STM32G431RBT3Z, STM32G471CCT6, STM32G471CCU6, STM32G471CET3, STM32G471CET6, STM32G471CEU3, STM32G471CEU6, STM32G471MCT6, STM32G471MET3, STM32G471MET6, STM32G471MEY6TR, STM32G471QCT6, STM32G471QET3, STM32G471RCT6, STM32G471RET3, STM32G471RET6, STM32G471VCH6, STM32G471VCI6, STM32G471VCT6, STM32G471VEH3, STM32G471VEH6, STM32G471VEI3, STM32G471VEI6, STM32G471VET3, STM32G471VET6, STM32G473QET3Z, STM32G473RET3Z, STM32G474CCT6, STM32G491RET3Z, STM32H503CBT6, STM32H503CBU6, STM32H503EBY6TR, STM32H503KBU6, STM32H503RBT6, STM32H523CCT6, STM32H523CCU6, STM32H523CET6, STM32H523CEU6, STM32H523HEY6TR, STM32H523RCT6, STM32H523RET6, STM32H523VCI6, STM32H523VCT6, STM32H523VEI6, STM32H523VET6, STM32H523ZCJ6, STM32H523ZCT6, STM32H523ZEJ6, STM32H523ZET6, STM32H533CET6, STM32H533CEU6, STM32H533HEY6TR, STM32H533RET6, STM32H533VEI6, STM32H533VET6, STM32H533ZEJ6, STM32H533ZET6, STM32H562AGI6, STM32H562AII6, STM32H562IGK6, STM32H562IGT6, STM32H562IIK6, STM32H562IIT6, STM32H562RGT6, STM32H562RGV6, STM32H562RIT6, STM32H562RIV6, STM32H562VGT6, STM32H562VIT6, STM32H562ZGT6, STM32H562ZIT6, STM32H563AGI6, STM32H563AII3Q, STM32H563AII6, STM32H563IGK6, STM32H563IGT6, STM32H563IIK3Q, STM32H563IIK6, STM32H563IIT3Q, STM32H563IIT6, STM32H563MIY3QTR, STM32H563RGT6, STM32H563RGV6, STM32H563RIT6, STM32H563RIV6, STM32H563VGT6, STM32H563VIT3Q, STM32H563VIT6, STM32H563ZGT6, STM32H563ZIT3Q, STM32H563ZIT6, STM32H573AII3Q, STM32H573AII6, STM32H573I-DK, STM32H573IIK3Q, STM32H573IIK6, STM32H573IIT3Q, STM32H573IIT6, STM32H573MIY3QTR, STM32H573RIT6, STM32H573RIV6, STM32H573VIT3Q, STM32H573VIT6, STM32H573ZIT3Q, STM32H573ZIT6, STM32H7R3A8I6, STM32H7R3I8K6, STM32H7R3I8T6, STM32H7R3L8H6, STM32H7R3L8H6H, STM32H7R3R8V6, STM32H7R3V8H6, STM32H7R3V8T6, STM32H7R3V8Y6TR, STM32H7R3Z8J6, STM32H7R3Z8T6, STM32H7R7A8I6, STM32H7R7I8K6, STM32H7R7I8T6, STM32H7R7L8H6, STM32H7R7L8H6H, STM32H7R7Z8J6, STM32H7S3A8I6, STM32H7S3I8K6, STM32H7S3I8T6, STM32H7S3L8H6, STM32H7S3L8H6H, STM32H7S3R8V6, STM32H7S3V8H6, STM32H7S3V8T6, STM32H7S3V8Y6TR, STM32H7S3Z8J6, STM32H7S3Z8T6, STM32H7S78-DK, STM32H7S7A8I6, STM32H7S7I8K6, STM32H7S7I8T6, STM32H7S7L8H6, STM32H7S7L8H6H, STM32H7S7Z8J6, STM32L4R5QGI6STR, STM32MP131AAE3, STM32MP131AAF3, STM32MP131AAG3, STM32MP131CAE3, STM32MP131CAF3, STM32MP131CAG3, STM32MP131DAE7, STM32MP131DAF7, STM32MP131DAG7, STM32MP131FAE7, STM32MP131FAF7, STM32MP131FAG7, STM32MP133AAE3, STM32MP133AAF3, STM32MP133AAG3, STM32MP133CAE3, STM32MP133CAF3, STM32MP133CAG3, STM32MP133DAE7, STM32MP133DAF7, STM32MP133DAG7, STM32MP133FAE7, STM32MP133FAF7, STM32MP133FAG7, STM32MP135AAE3, STM32MP135AAF3, STM32MP135AAG3, STM32MP135CAE3, STM32MP135CAF3, STM32MP135CAG3, STM32MP135DAE7, STM32MP135DAF7, STM32MP135DAG7, STM32MP135F-DK, STM32MP135FAE7, STM32MP135FAF7, STM32MP135FAF7T, STM32MP135FAF7U, STM32MP135FAG7, STM32MP211AAL3, STM32MP211AAM3, STM32MP211AAN3, STM32MP211AAO3, STM32MP211CAL3, STM32MP211CAM3, STM32MP211CAN3, STM32MP211CAO3, STM32MP211DAL3, STM32MP211DAM3, STM32MP211DAN3, STM32MP211DAO3, STM32MP211FAL3, STM32MP211FAM3, STM32MP211FAN3, STM32MP211FAO3, STM32MP213AAL3, STM32MP213AAM3, STM32MP213AAN3, STM32MP213AAO3, STM32MP213CAL3, STM32MP213CAM3, STM32MP213CAN3, STM32MP213CAO3, STM32MP213DAL3, STM32MP213DAM3, STM32MP213DAN3, STM32MP213DAO3, STM32MP213FAL3, STM32MP213FAM3, STM32MP213FAN3, STM32MP213FAO3, STM32MP215AAL3, STM32MP215AAM3, STM32MP215AAN3, STM32MP215AAO3, STM32MP215CAL3, STM32MP215CAM3, STM32MP215CAN3, STM32MP215CAO3, STM32MP215DAL3, STM32MP215DAM3, STM32MP215DAN3, STM32MP215DAO3, STM32MP215F-DK, STM32MP215FAL3, STM32MP215FAM3, STM32MP215FAN3, STM32MP215FAO3, STM32MP231AAJ3, STM32MP231AAK3, STM32MP231AAL3, STM32MP231CAJ3, STM32MP231CAK3, STM32MP231CAL3, STM32MP231DAJ3, STM32MP231DAK3, STM32MP231DAL3, STM32MP231FAJ3, STM32MP231FAK3, STM32MP231FAL3, STM32MP233AAJ3, STM32MP233AAK3, STM32MP233AAL3, STM32MP233CAJ3, STM32MP233CAK3, STM32MP233CAL3, STM32MP233DAJ3, STM32MP233DAK3, STM32MP233DAL3, STM32MP233FAJ3, STM32MP233FAK3, STM32MP233FAL3, STM32MP235AAJ3, STM32MP235AAK3, STM32MP235AAL3, STM32MP235CAJ3, STM32MP235CAK3, STM32MP235CAL3, STM32MP235DAJ3, STM32MP235DAK3, STM32MP235DAL3, STM32MP235FAJ3, STM32MP235FAK3, STM32MP235FAL3, STM32MP251AAI3, STM32MP251AAK3, STM32MP251AAL3, STM32MP251CAI3, STM32MP251CAK3, STM32MP251CAL3, STM32MP251DAI3, STM32MP251DAK3, STM32MP251DAL3, STM32MP251FAI3, STM32MP251FAK3, STM32MP251FAL3, STM32MP253AAI3, STM32MP253AAK3, STM32MP253AAL3, STM32MP253CAI3, STM32MP253CAK3, STM32MP253CAL3, STM32MP253DAI3, STM32MP253DAK3, STM32MP253DAL3, STM32MP253FAI3, STM32MP253FAK3, STM32MP253FAL3, STM32MP255AAI3, STM32MP255AAK3, STM32MP255AAL3, STM32MP255CAI3, STM32MP255CAK3, STM32MP255CAL3, STM32MP255DAI3, STM32MP255DAK3, STM32MP255DAL3, STM32MP255FAI3, STM32MP255FAK3, STM32MP255FAL3, STM32MP257AAI3, STM32MP257AAK3, STM32MP257AAL3, STM32MP257CAI3, STM32MP257CAK3, STM32MP257CAL3, STM32MP257DAI3, STM32MP257DAK3, STM32MP257DAL3, STM32MP257F-DK, STM32MP257F-EV1, STM32MP257FAI3, STM32MP257FAK3, STM32MP257FAL3, STM32N645A0H3Q, STM32N645B0H3Q, STM32N645I0H3Q, STM32N645L0H3Q, STM32N645X0H3Q, STM32N645Z0H3Q, STM32N647A0H3Q, STM32N647B0H3Q, STM32N647I0H3Q, STM32N647L0H3Q, STM32N647X0H3Q, STM32N647Z0H3Q, STM32N655A0H3Q, STM32N655B0H3Q, STM32N655I0H3Q, STM32N655L0H3Q, STM32N655X0H3Q, STM32N655Z0H3Q, STM32N6570-DK, STM32N657A0H3Q, STM32N657B0H3Q, STM32N657I0H3Q, STM32N657L0H3Q, STM32N657X0H3Q, STM32N657Z0H3Q, STM32U031C6T6, STM32U031C6U6, STM32U031C8T6, STM32U031C8U6, STM32U031F4P6, STM32U031F6P6, STM32U031F8P6, STM32U031G6Y6TR, STM32U031G8Y6TR, STM32U031K4U6, STM32U031K6U6, STM32U031K8U6, STM32U031R6I6, STM32U031R6T6, STM32U031R8I6, STM32U031R8T6, STM32U073C8T6, STM32U073C8U6, STM32U073CBT6, STM32U073CBU6, STM32U073CCT6, STM32U073CCU6, STM32U073H8Y6TR, STM32U073HBY6TR, STM32U073HCY6TR, STM32U073K8U6, STM32U073KBU6, STM32U073KCU6, STM32U073M8I6, STM32U073M8T6, STM32U073MBI6, STM32U073MBT6, STM32U073MCI6, STM32U073MCT6, STM32U073R8I6, STM32U073R8T6, STM32U073RBI6, STM32U073RBT6, STM32U073RCI6, STM32U073RCT6, STM32U083C-DK, STM32U083CCT6, STM32U083CCU6, STM32U083HCY6TR, STM32U083KCU6, STM32U083MCI6, STM32U083MCT6, STM32U083RCI6, STM32U083RCT6, STM32U375CET6, STM32U375CET6Q, STM32U375CEU6, STM32U375CEU6Q, STM32U375CEY6QTR, STM32U375CGT6, STM32U375CGT6Q, STM32U375CGU6, STM32U375CGU6Q, STM32U375CGY6QTR, STM32U375KEU6, STM32U375KGU6, STM32U375REI6, STM32U375REI6Q, STM32U375RET6, STM32U375RET6Q, STM32U375REY6GTR, STM32U375REY6QTR, STM32U375RGI6, STM32U375RGI6Q, STM32U375RGT6, STM32U375RGT6Q, STM32U375RGY6GTR, STM32U375RGY6QTR, STM32U375VEI6, STM32U375VEI6Q, STM32U375VET6, STM32U375VET6Q, STM32U375VGI6, STM32U375VGI6Q, STM32U375VGT6, STM32U375VGT6Q, STM32U385CGT6, STM32U385CGT6Q, STM32U385CGU6, STM32U385CGU6Q, STM32U385CGY6QTR, STM32U385KGU6, STM32U385RGI6, STM32U385RGI6Q, STM32U385RGT6, STM32U385RGT6Q, STM32U385RGY6GTR, STM32U385RGY6QTR, STM32U385VGI6, STM32U385VGI6Q, STM32U385VGT6, STM32U385VGT6Q, STM32U535CBT6, STM32U535CBT6Q, STM32U535CBU6, STM32U535CBU6Q, STM32U535CCT6, STM32U535CCT6Q, STM32U535CCU6, STM32U535CCU6Q, STM32U535CET6, STM32U535CET6Q, STM32U535CEU6, STM32U535CEU6Q, STM32U535JEY6QTR, STM32U535NCY6QTR, STM32U535NEY6QTR, STM32U535RBI6, STM32U535RBI6Q, STM32U535RBT6, STM32U535RBT6Q, STM32U535RCI6, STM32U535RCI6Q, STM32U535RCT6, STM32U535RCT6Q, STM32U535REI6, STM32U535REI6Q, STM32U535RET6, STM32U535RET6Q, STM32U535VCI6, STM32U535VCI6Q, STM32U535VCT6, STM32U535VCT6Q, STM32U535VEI6, STM32U535VEI6Q, STM32U535VET6, STM32U535VET6Q, STM32U545CET6, STM32U545CET6Q, STM32U545CEU6, STM32U545CEU6Q, STM32U545JEY6QTR, STM32U545NEY6QTR, STM32U545REI6, STM32U545REI6Q, STM32U545RET6, STM32U545RET6Q, STM32U545VEI6, STM32U545VEI6Q, STM32U545VET6, STM32U545VET6Q, STM32U595AIH6, STM32U595AIH6Q, STM32U595AJH6, STM32U595AJH6Q, STM32U595QII6, STM32U595QII6Q, STM32U595QJI6, STM32U595QJI6Q, STM32U595RIT6, STM32U595RIT6Q, STM32U595RJT6, STM32U595RJT6Q, STM32U595VIT6, STM32U595VIT6Q, STM32U595VJT6, STM32U595VJT6Q, STM32U595ZIT6, STM32U595ZIT6Q, STM32U595ZIY6QTR, STM32U595ZJT6, STM32U595ZJT6Q, STM32U595ZJY6QTR, STM32U599BJY6QTR, STM32U599NIH6Q, STM32U599NJH6Q, STM32U599VIT6Q, STM32U599VJT6, STM32U599VJT6Q, STM32U599ZIT6Q, STM32U599ZIY6QTR, STM32U599ZJT6Q, STM32U599ZJY6QTR, STM32U5A5AJH6, STM32U5A5AJH6Q, STM32U5A5QII3Q , STM32U5A5QJI6, STM32U5A5QJI6Q, STM32U5A5RJT6, STM32U5A5RJT6Q, STM32U5A5VJT6, STM32U5A5VJT6Q, STM32U5A5ZJT6, STM32U5A5ZJT6Q, STM32U5A5ZJY6QTR, STM32U5A9BJY6QTR, STM32U5A9J-DK, STM32U5A9NJH6Q, STM32U5A9VJT6Q, STM32U5A9ZJT6Q, STM32U5A9ZJY6QTR, STM32U5F7VIT6, STM32U5F7VIT6Q, STM32U5F7VJT6, STM32U5F7VJT6Q, STM32U5F9BJY6QTR, STM32U5F9NJH6Q, STM32U5F9VIT6Q, STM32U5F9VJT6Q, STM32U5F9ZIJ6QTR, STM32U5F9ZIT6Q, STM32U5F9ZJJ6QTR, STM32U5F9ZJT6Q, STM32U5G7VJT6, STM32U5G7VJT6Q, STM32U5G9BJY6QTR, STM32U5G9J-DK1, STM32U5G9J-DK2, STM32U5G9NJH6Q, STM32U5G9VJT6Q, STM32U5G9ZJJ6QTR, STM32U5G9ZJT6Q, STM32WB05KZV6TR, STM32WB05KZV7TR, STM32WB05TZF6TR, STM32WB05TZF7TR, STM32WB06CCF6TR, STM32WB06CCF7TR, STM32WB06CCV6TR, STM32WB06CCV7TR, STM32WB06KCV6TR, STM32WB06KCV7TR, STM32WB07CCF6TR, STM32WB07CCF7TR, STM32WB07CCV6TR, STM32WB07CCV7TR, STM32WB07KCV6TR, STM32WB07KCV7TR, STM32WB09KEV6TR, STM32WB09KEV7TR, STM32WB09TEF6TR, STM32WB09TEF7TR, STM32WB1MMCH6, STM32WBA50KGU6, STM32WBA50KGU6TR, STM32WBA52CEU6, STM32WBA52CEU6TR, STM32WBA52CEU7, STM32WBA52CEU7TR, STM32WBA52CGU6, STM32WBA52CGU6TR, STM32WBA52CGU6U, STM32WBA52CGU7, STM32WBA52CGU7TR, STM32WBA52KEU6, STM32WBA52KEU6TR, STM32WBA52KGU6, STM32WBA52KGU6TR, STM32WBA54CEU6, STM32WBA54CEU6TR, STM32WBA54CEU7, STM32WBA54CEU7TR, STM32WBA54CGU6, STM32WBA54CGU6TR, STM32WBA54CGU7, STM32WBA54CGU7TR, STM32WBA54KEU6, STM32WBA54KEU6TR, STM32WBA54KEU7, STM32WBA54KEU7TR, STM32WBA54KGU6, STM32WBA54KGU6TR, STM32WBA54KGU7, STM32WBA54KGU7TR, STM32WBA55CEU6, STM32WBA55CEU6TR, STM32WBA55CEU7, STM32WBA55CEU7TR, STM32WBA55CGU6, STM32WBA55CGU6TR, STM32WBA55CGU6U, STM32WBA55CGU7, STM32WBA55CGU7TR, STM32WBA55G-DK1, STM32WBA55HEF6, STM32WBA55HEF7, STM32WBA55HGF6, STM32WBA55HGF7, STM32WBA55UEI6, STM32WBA55UEI6TR, STM32WBA55UEI7, STM32WBA55UEI7TR, STM32WBA55UGI6, STM32WBA55UGI6TR, STM32WBA55UGI7, STM32WBA55UGI7TR, STM32WBA5MMGH6TR, STM32WBA62MGF6, STM32WBA62MIF6, STM32WBA65MGF7, STM32WBA65MIF6, STM32WBA65MIF7, STM32WL30K8V6, STM32WL30KBV6, STM32WL31C8V6, STM32WL31CBV6, STM32WL31K8V6, STM32WL31KBV6, STM32WL33C8V6, STM32WL33C8V6X, STM32WL33CBV6, STM32WL33CBV6X, STM32WL33CCV6, STM32WL33CCV6A, STM32WL33CCV6X, STM32WL33K8V7, STM32WL33K8V7X, STM32WL33KBV7 , STM32WL33KBV7X, STM32WL33KCV7, STM32WL33KCV7X, STM32WL5MOCH6, STM32WL5MOCH6TR]
2025-09-12 16:12:02,997 [INFO] BoardInfo:889 - No configuration file found for board P-NUCLEO-WB55
2025-09-12 16:12:03,000 [INFO] DbBoards:161 - Kit is not supported: P-NUCLEO-WB55
2025-09-12 16:12:03,011 [INFO] BoardInfo:889 - No configuration file found for board STEVAL-BFA001V1B
2025-09-12 16:12:03,013 [INFO] DbBoards:161 - Kit is not supported: STEVAL-BFA001V1B
2025-09-12 16:12:03,015 [INFO] BoardInfo:889 - No configuration file found for board STEVAL-BFA001V2B
2025-09-12 16:12:03,017 [INFO] DbBoards:161 - Kit is not supported: STEVAL-BFA001V2B
2025-09-12 16:12:03,344 [INFO] DbBoards:168 - Found 212 boards, 209 are supported
2025-09-12 16:12:03,344 [INFO] DbBoards:169 - Found 212 boards, 43 of them is supported for  Bsp
2025-09-12 16:12:03,351 [INFO] ApiDb:668 - CubeFinder database Data Model version=2.1
2025-09-12 16:12:03,351 [INFO] ApiDb:669 - CubeFinder database Configuration version=3.0.39
2025-09-12 16:12:03,351 [INFO] ApiDb:670 - CubeFinder database generation date=2025-08-25 (1756130511)
2025-09-12 16:12:03,352 [INFO] ApiDb:671 - CubeFinder database FW Pack versions=[FP-ATR-ASTRA1_V2.0.0, FP-SNS-FLIGHT1_V5.1.0, FP-SNS-MOTENV1_V5.0.0, FP-SNS-MOTENVWB1_V1.4.0, FP-SNS-SMARTAG2_V1.2.0, FP-SNS-STBOX1_V2.1.0, STM32Cube_FW_C0_V1.4.0, STM32Cube_FW_F4_V1.28.3, STM32Cube_FW_F7_V1.17.4, STM32Cube_FW_G0_V1.6.2, STM32Cube_FW_G4_V1.6.1, STM32Cube_FW_H5_V1.5.0, STM32Cube_FW_H7RS_V1.2.0, STM32Cube_FW_H7_V1.12.1, STM32Cube_FW_L0_V1.12.2, STM32Cube_FW_L4_V1.18.1, STM32Cube_FW_L5_V1.5.1, STM32Cube_FW_N6_V1.2.0, STM32Cube_FW_U0_V1.3.0, STM32Cube_FW_U3_V1.2.0, STM32Cube_FW_U5_V1.8.0, STM32Cube_FW_WB0_V1.3.0, STM32Cube_FW_WBA_V1.7.0, STM32Cube_FW_WB_V1.23.0, STM32Cube_FW_WL3_V1.2.0, STM32Cube_FW_WL_V1.3.1, X-CUBE-ALGOBUILD_V1.4.0, X-CUBE-ALS_V1.0.2, X-CUBE-AZRTOS-F4_V1.1.0, X-CUBE-AZRTOS-F7_V1.1.0, X-CUBE-AZRTOS-G0_V1.1.0, X-CUBE-AZRTOS-G4_V2.0.0, X-CUBE-AZRTOS-H7RS_V1.1.0, X-CUBE-AZRTOS-H7_V3.4.0, X-CUBE-AZRTOS-L4_V2.0.0, X-CUBE-AZRTOS-L5_V2.0.0, X-CUBE-AZRTOS-WB_V2.0.0, X-CUBE-AZRTOS-WL_V2.0.0, X-CUBE-BLE1_V7.1.0, X-CUBE-BLE2_V3.3.0, X-CUBE-BLEMGR_V4.1.0, X-CUBE-EEPRMA1_V5.2.0, X-CUBE-FREERTOS_V1.3.1, X-CUBE-GNSS1_V6.0.0, X-CUBE-MEMS1_V11.3.0, X-CUBE-NFC4_V3.0.0, X-CUBE-NFC7_V2.0.0, X-CUBE-SFXS2LP1_V4.0.0, X-CUBE-ST67W61_V1.0.0, X-CUBE-SUBG2_V5.0.0, X-CUBE-TOF1_V3.4.3]
2025-09-12 16:12:06,642 [INFO] ApiDb:240 - Found 880 in-development CPN: [B-G473E-ZEST1S, B-WB1M-WPAN1, B-WBA5M-WPAN, B-WL5M-SUBG1, NUCLEO-C031C6, NUCLEO-C051C8, NUCLEO-C071RB, NUCLEO-C092RC, NUCLEO-H503RB, NUCLEO-H533RE, NUCLEO-H563ZI, NUCLEO-H7S3L8, NUCLEO-N657X0-Q, NUCLEO-U031R8, NUCLEO-U083RC, NUCLEO-U385RG-Q, NUCLEO-U545RE-Q, NUCLEO-U5A5ZJ-Q, NUCLEO-WB05KZ, NUCLEO-WB07CC, NUCLEO-WB09KE, NUCLEO-WBA52CG, NUCLEO-WBA55CG, NUCLEO-WL33CC1, NUCLEO-WL33CC2, STEVAL-PROTEUS1, STEVAL-SMARTAG2, STEVAL-STWINBX1, STM320518-EVAL, STM32C0116-DK, STM32C011D6Y3TR, STM32C011D6Y6TR, STM32C011F4P3, STM32C011F4P6, STM32C011F4U3, STM32C011F4U6TR, STM32C011F6P3, STM32C011F6P6, STM32C011F6U3, STM32C011F6U6TR, STM32C011J4M3, STM32C011J4M6, STM32C011J6M3, STM32C011J6M6, STM32C0316-DK, STM32C031C4T3, STM32C031C4T6, STM32C031C4U3, STM32C031C4U6, STM32C031C6T3, STM32C031C6T6, STM32C031C6U3, STM32C031C6U6, STM32C031F4P3, STM32C031F4P6, STM32C031F6P3, STM32C031F6P6, STM32C031G4U3, STM32C031G4U6, STM32C031G6U3, STM32C031G6U6, STM32C031K4T3, STM32C031K4T6, STM32C031K4U3, STM32C031K4U6, STM32C031K6T3, STM32C031K6T6, STM32C031K6U3, STM32C031K6U6, STM32C051C6T6, STM32C051C6U6, STM32C051C8T6, STM32C051C8U6, STM32C051D8Y6TR, STM32C051F6P6, STM32C051F8P6, STM32C051G6U6, STM32C051G8U6, STM32C051K6T6, STM32C051K6U6, STM32C051K8T6, STM32C071C8T6, STM32C071C8T6N, STM32C071C8U6, STM32C071C8U6N, STM32C071CBT6, STM32C071CBT6N, STM32C071CBU6, STM32C071CBU6N, STM32C071F8P6, STM32C071F8P6N, STM32C071FBP6, STM32C071FBP6N, STM32C071FBY6TR, STM32C071G8U6, STM32C071G8U6N, STM32C071GBU6, STM32C071GBU6N, STM32C071K8T6, STM32C071K8T6N, STM32C071K8U6, STM32C071K8U6N, STM32C071KBT6, STM32C071KBT6N, STM32C071KBU6, STM32C071KBU6N, STM32C071R8T6, STM32C071R8T6N, STM32C071RBI6N, STM32C071RBT6, STM32C071RBT6N, STM32C091CBT6, STM32C091CBU6, STM32C091CCT6, STM32C091CCU6, STM32C091ECY6TR, STM32C091FBP6, STM32C091FCP6, STM32C091GBU6, STM32C091GCU6, STM32C091KBT6, STM32C091KBU6, STM32C091KCT6, STM32C091KCU6, STM32C091RBT6, STM32C091RCI6, STM32C091RCT6, STM32C092CBT6, STM32C092CBU6, STM32C092CCT6, STM32C092CCU6, STM32C092ECY6TR, STM32C092FBP6, STM32C092FCP6, STM32C092GBU6, STM32C092GCU6, STM32C092KBT6, STM32C092KBU6, STM32C092KCT6, STM32C092KCU6, STM32C092RBT6, STM32C092RCI6, STM32C092RCT6, STM32G071K8TXN, STM32G071K8UXN, STM32G081GBU6N, STM32G081KBT6N, STM32G081KBUXN, STM32G0B1CCT6N, STM32G0B1KCT6, STM32G0B1NEY6TR, STM32G0B1RCT6N, STM32G0C1CCT6, STM32G0C1CCT6N, STM32G0C1CCU6N, STM32G0C1CET6N, STM32G0C1CEU6N, STM32G0C1KCT6, STM32G0C1NEY6TR, STM32G0C1RCI6N, STM32G0C1RCT6N, STM32G0C1REI6N, STM32G0C1RET6N, STM32G0C1VCI6, STM32G0C1VEI6, STM32G411C6T3, STM32G411C6T6, STM32G411C6U3, STM32G411C6U6, STM32G411C8T3, STM32G411C8T6, STM32G411C8U3, STM32G411C8U6, STM32G411CBT3, STM32G411CBT6, STM32G411CBU3, STM32G411CBU6, STM32G411K6T3, STM32G411K6T6, STM32G411K6U3, STM32G411K6U6, STM32G411K8T3, STM32G411K8T6, STM32G411K8U3, STM32G411K8U6, STM32G411KBT3, STM32G411KBT6, STM32G411KBU3, STM32G411KBU6, STM32G411M6T3, STM32G411M6T6, STM32G411M8T3, STM32G411M8T6, STM32G411MBT3, STM32G411MBT6, STM32G411R6T3, STM32G411R6T6, STM32G411R8T3, STM32G411R8T6, STM32G411RBT3, STM32G411RBT6, STM32G414CBT3, STM32G414CBT6, STM32G414CBU3, STM32G414CBU6, STM32G414CCT3, STM32G414CCT6, STM32G414CCU3, STM32G414CCU6, STM32G414MBT3, STM32G414MBT6, STM32G414MCT3, STM32G414MCT6, STM32G414RBT3, STM32G414RBT6, STM32G414RCT3, STM32G414RCT6, STM32G414VBT3, STM32G414VBT6, STM32G414VCT3, STM32G414VCT6, STM32G431CBT3Z, STM32G431RBT3Z, STM32G471CCT6, STM32G471CCU6, STM32G471CET3, STM32G471CET6, STM32G471CEU3, STM32G471CEU6, STM32G471MCT6, STM32G471MET3, STM32G471MET6, STM32G471MEY6TR, STM32G471QCT6, STM32G471QET3, STM32G471RCT6, STM32G471RET3, STM32G471RET6, STM32G471VCH6, STM32G471VCI6, STM32G471VCT6, STM32G471VEH3, STM32G471VEH6, STM32G471VEI3, STM32G471VEI6, STM32G471VET3, STM32G471VET6, STM32G473QET3Z, STM32G473RET3Z, STM32G474CCT6, STM32G491RET3Z, STM32H503CBT6, STM32H503CBU6, STM32H503EBY6TR, STM32H503KBU6, STM32H503RBT6, STM32H523CCT6, STM32H523CCU6, STM32H523CET6, STM32H523CEU6, STM32H523HEY6TR, STM32H523RCT6, STM32H523RET6, STM32H523VCI6, STM32H523VCT6, STM32H523VEI6, STM32H523VET6, STM32H523ZCJ6, STM32H523ZCT6, STM32H523ZEJ6, STM32H523ZET6, STM32H533CET6, STM32H533CEU6, STM32H533HEY6TR, STM32H533RET6, STM32H533VEI6, STM32H533VET6, STM32H533ZEJ6, STM32H533ZET6, STM32H562AGI6, STM32H562AII6, STM32H562IGK6, STM32H562IGT6, STM32H562IIK6, STM32H562IIT6, STM32H562RGT6, STM32H562RGV6, STM32H562RIT6, STM32H562RIV6, STM32H562VGT6, STM32H562VIT6, STM32H562ZGT6, STM32H562ZIT6, STM32H563AGI6, STM32H563AII3Q, STM32H563AII6, STM32H563IGK6, STM32H563IGT6, STM32H563IIK3Q, STM32H563IIK6, STM32H563IIT3Q, STM32H563IIT6, STM32H563MIY3QTR, STM32H563RGT6, STM32H563RGV6, STM32H563RIT6, STM32H563RIV6, STM32H563VGT6, STM32H563VIT3Q, STM32H563VIT6, STM32H563ZGT6, STM32H563ZIT3Q, STM32H563ZIT6, STM32H573AII3Q, STM32H573AII6, STM32H573I-DK, STM32H573IIK3Q, STM32H573IIK6, STM32H573IIT3Q, STM32H573IIT6, STM32H573MIY3QTR, STM32H573RIT6, STM32H573RIV6, STM32H573VIT3Q, STM32H573VIT6, STM32H573ZIT3Q, STM32H573ZIT6, STM32H7R3A8I6, STM32H7R3I8K6, STM32H7R3I8T6, STM32H7R3L8H6, STM32H7R3L8H6H, STM32H7R3R8V6, STM32H7R3V8H6, STM32H7R3V8T6, STM32H7R3V8Y6TR, STM32H7R3Z8J6, STM32H7R3Z8T6, STM32H7R7A8I6, STM32H7R7I8K6, STM32H7R7I8T6, STM32H7R7L8H6, STM32H7R7L8H6H, STM32H7R7Z8J6, STM32H7S3A8I6, STM32H7S3I8K6, STM32H7S3I8T6, STM32H7S3L8H6, STM32H7S3L8H6H, STM32H7S3R8V6, STM32H7S3V8H6, STM32H7S3V8T6, STM32H7S3V8Y6TR, STM32H7S3Z8J6, STM32H7S3Z8T6, STM32H7S78-DK, STM32H7S7A8I6, STM32H7S7I8K6, STM32H7S7I8T6, STM32H7S7L8H6, STM32H7S7L8H6H, STM32H7S7Z8J6, STM32L4R5QGI6STR, STM32MP131AAE3, STM32MP131AAF3, STM32MP131AAG3, STM32MP131CAE3, STM32MP131CAF3, STM32MP131CAG3, STM32MP131DAE7, STM32MP131DAF7, STM32MP131DAG7, STM32MP131FAE7, STM32MP131FAF7, STM32MP131FAG7, STM32MP133AAE3, STM32MP133AAF3, STM32MP133AAG3, STM32MP133CAE3, STM32MP133CAF3, STM32MP133CAG3, STM32MP133DAE7, STM32MP133DAF7, STM32MP133DAG7, STM32MP133FAE7, STM32MP133FAF7, STM32MP133FAG7, STM32MP135AAE3, STM32MP135AAF3, STM32MP135AAG3, STM32MP135CAE3, STM32MP135CAF3, STM32MP135CAG3, STM32MP135DAE7, STM32MP135DAF7, STM32MP135DAG7, STM32MP135F-DK, STM32MP135FAE7, STM32MP135FAF7, STM32MP135FAF7T, STM32MP135FAF7U, STM32MP135FAG7, STM32MP211AAL3, STM32MP211AAM3, STM32MP211AAN3, STM32MP211AAO3, STM32MP211CAL3, STM32MP211CAM3, STM32MP211CAN3, STM32MP211CAO3, STM32MP211DAL3, STM32MP211DAM3, STM32MP211DAN3, STM32MP211DAO3, STM32MP211FAL3, STM32MP211FAM3, STM32MP211FAN3, STM32MP211FAO3, STM32MP213AAL3, STM32MP213AAM3, STM32MP213AAN3, STM32MP213AAO3, STM32MP213CAL3, STM32MP213CAM3, STM32MP213CAN3, STM32MP213CAO3, STM32MP213DAL3, STM32MP213DAM3, STM32MP213DAN3, STM32MP213DAO3, STM32MP213FAL3, STM32MP213FAM3, STM32MP213FAN3, STM32MP213FAO3, STM32MP215AAL3, STM32MP215AAM3, STM32MP215AAN3, STM32MP215AAO3, STM32MP215CAL3, STM32MP215CAM3, STM32MP215CAN3, STM32MP215CAO3, STM32MP215DAL3, STM32MP215DAM3, STM32MP215DAN3, STM32MP215DAO3, STM32MP215F-DK, STM32MP215FAL3, STM32MP215FAM3, STM32MP215FAN3, STM32MP215FAO3, STM32MP231AAJ3, STM32MP231AAK3, STM32MP231AAL3, STM32MP231CAJ3, STM32MP231CAK3, STM32MP231CAL3, STM32MP231DAJ3, STM32MP231DAK3, STM32MP231DAL3, STM32MP231FAJ3, STM32MP231FAK3, STM32MP231FAL3, STM32MP233AAJ3, STM32MP233AAK3, STM32MP233AAL3, STM32MP233CAJ3, STM32MP233CAK3, STM32MP233CAL3, STM32MP233DAJ3, STM32MP233DAK3, STM32MP233DAL3, STM32MP233FAJ3, STM32MP233FAK3, STM32MP233FAL3, STM32MP235AAJ3, STM32MP235AAK3, STM32MP235AAL3, STM32MP235CAJ3, STM32MP235CAK3, STM32MP235CAL3, STM32MP235DAJ3, STM32MP235DAK3, STM32MP235DAL3, STM32MP235FAJ3, STM32MP235FAK3, STM32MP235FAL3, STM32MP251AAI3, STM32MP251AAK3, STM32MP251AAL3, STM32MP251CAI3, STM32MP251CAK3, STM32MP251CAL3, STM32MP251DAI3, STM32MP251DAK3, STM32MP251DAL3, STM32MP251FAI3, STM32MP251FAK3, STM32MP251FAL3, STM32MP253AAI3, STM32MP253AAK3, STM32MP253AAL3, STM32MP253CAI3, STM32MP253CAK3, STM32MP253CAL3, STM32MP253DAI3, STM32MP253DAK3, STM32MP253DAL3, STM32MP253FAI3, STM32MP253FAK3, STM32MP253FAL3, STM32MP255AAI3, STM32MP255AAK3, STM32MP255AAL3, STM32MP255CAI3, STM32MP255CAK3, STM32MP255CAL3, STM32MP255DAI3, STM32MP255DAK3, STM32MP255DAL3, STM32MP255FAI3, STM32MP255FAK3, STM32MP255FAL3, STM32MP257AAI3, STM32MP257AAK3, STM32MP257AAL3, STM32MP257CAI3, STM32MP257CAK3, STM32MP257CAL3, STM32MP257DAI3, STM32MP257DAK3, STM32MP257DAL3, STM32MP257F-DK, STM32MP257F-EV1, STM32MP257FAI3, STM32MP257FAK3, STM32MP257FAL3, STM32N645A0H3Q, STM32N645B0H3Q, STM32N645I0H3Q, STM32N645L0H3Q, STM32N645X0H3Q, STM32N645Z0H3Q, STM32N647A0H3Q, STM32N647B0H3Q, STM32N647I0H3Q, STM32N647L0H3Q, STM32N647X0H3Q, STM32N647Z0H3Q, STM32N655A0H3Q, STM32N655B0H3Q, STM32N655I0H3Q, STM32N655L0H3Q, STM32N655X0H3Q, STM32N655Z0H3Q, STM32N6570-DK, STM32N657A0H3Q, STM32N657B0H3Q, STM32N657I0H3Q, STM32N657L0H3Q, STM32N657X0H3Q, STM32N657Z0H3Q, STM32U031C6T6, STM32U031C6U6, STM32U031C8T6, STM32U031C8U6, STM32U031F4P6, STM32U031F6P6, STM32U031F8P6, STM32U031G6Y6TR, STM32U031G8Y6TR, STM32U031K4U6, STM32U031K6U6, STM32U031K8U6, STM32U031R6I6, STM32U031R6T6, STM32U031R8I6, STM32U031R8T6, STM32U073C8T6, STM32U073C8U6, STM32U073CBT6, STM32U073CBU6, STM32U073CCT6, STM32U073CCU6, STM32U073H8Y6TR, STM32U073HBY6TR, STM32U073HCY6TR, STM32U073K8U6, STM32U073KBU6, STM32U073KCU6, STM32U073M8I6, STM32U073M8T6, STM32U073MBI6, STM32U073MBT6, STM32U073MCI6, STM32U073MCT6, STM32U073R8I6, STM32U073R8T6, STM32U073RBI6, STM32U073RBT6, STM32U073RCI6, STM32U073RCT6, STM32U083C-DK, STM32U083CCT6, STM32U083CCU6, STM32U083HCY6TR, STM32U083KCU6, STM32U083MCI6, STM32U083MCT6, STM32U083RCI6, STM32U083RCT6, STM32U375CET6, STM32U375CET6Q, STM32U375CEU6, STM32U375CEU6Q, STM32U375CEY6QTR, STM32U375CGT6, STM32U375CGT6Q, STM32U375CGU6, STM32U375CGU6Q, STM32U375CGY6QTR, STM32U375KEU6, STM32U375KGU6, STM32U375REI6, STM32U375REI6Q, STM32U375RET6, STM32U375RET6Q, STM32U375REY6GTR, STM32U375REY6QTR, STM32U375RGI6, STM32U375RGI6Q, STM32U375RGT6, STM32U375RGT6Q, STM32U375RGY6GTR, STM32U375RGY6QTR, STM32U375VEI6, STM32U375VEI6Q, STM32U375VET6, STM32U375VET6Q, STM32U375VGI6, STM32U375VGI6Q, STM32U375VGT6, STM32U375VGT6Q, STM32U385CGT6, STM32U385CGT6Q, STM32U385CGU6, STM32U385CGU6Q, STM32U385CGY6QTR, STM32U385KGU6, STM32U385RGI6, STM32U385RGI6Q, STM32U385RGT6, STM32U385RGT6Q, STM32U385RGY6GTR, STM32U385RGY6QTR, STM32U385VGI6, STM32U385VGI6Q, STM32U385VGT6, STM32U385VGT6Q, STM32U535CBT6, STM32U535CBT6Q, STM32U535CBU6, STM32U535CBU6Q, STM32U535CCT6, STM32U535CCT6Q, STM32U535CCU6, STM32U535CCU6Q, STM32U535CET6, STM32U535CET6Q, STM32U535CEU6, STM32U535CEU6Q, STM32U535JEY6QTR, STM32U535NCY6QTR, STM32U535NEY6QTR, STM32U535RBI6, STM32U535RBI6Q, STM32U535RBT6, STM32U535RBT6Q, STM32U535RCI6, STM32U535RCI6Q, STM32U535RCT6, STM32U535RCT6Q, STM32U535REI6, STM32U535REI6Q, STM32U535RET6, STM32U535RET6Q, STM32U535VCI6, STM32U535VCI6Q, STM32U535VCT6, STM32U535VCT6Q, STM32U535VEI6, STM32U535VEI6Q, STM32U535VET6, STM32U535VET6Q, STM32U545CET6, STM32U545CET6Q, STM32U545CEU6, STM32U545CEU6Q, STM32U545JEY6QTR, STM32U545NEY6QTR, STM32U545REI6, STM32U545REI6Q, STM32U545RET6, STM32U545RET6Q, STM32U545VEI6, STM32U545VEI6Q, STM32U545VET6, STM32U545VET6Q, STM32U595AIH6, STM32U595AIH6Q, STM32U595AJH6, STM32U595AJH6Q, STM32U595QII6, STM32U595QII6Q, STM32U595QJI6, STM32U595QJI6Q, STM32U595RIT6, STM32U595RIT6Q, STM32U595RJT6, STM32U595RJT6Q, STM32U595VIT6, STM32U595VIT6Q, STM32U595VJT6, STM32U595VJT6Q, STM32U595ZIT6, STM32U595ZIT6Q, STM32U595ZIY6QTR, STM32U595ZJT6, STM32U595ZJT6Q, STM32U595ZJY6QTR, STM32U599BJY6QTR, STM32U599NIH6Q, STM32U599NJH6Q, STM32U599VIT6Q, STM32U599VJT6, STM32U599VJT6Q, STM32U599ZIT6Q, STM32U599ZIY6QTR, STM32U599ZJT6Q, STM32U599ZJY6QTR, STM32U5A5AJH6, STM32U5A5AJH6Q, STM32U5A5QII3Q , STM32U5A5QJI6, STM32U5A5QJI6Q, STM32U5A5RJT6, STM32U5A5RJT6Q, STM32U5A5VJT6, STM32U5A5VJT6Q, STM32U5A5ZJT6, STM32U5A5ZJT6Q, STM32U5A5ZJY6QTR, STM32U5A9BJY6QTR, STM32U5A9J-DK, STM32U5A9NJH6Q, STM32U5A9VJT6Q, STM32U5A9ZJT6Q, STM32U5A9ZJY6QTR, STM32U5F7VIT6, STM32U5F7VIT6Q, STM32U5F7VJT6, STM32U5F7VJT6Q, STM32U5F9BJY6QTR, STM32U5F9NJH6Q, STM32U5F9VIT6Q, STM32U5F9VJT6Q, STM32U5F9ZIJ6QTR, STM32U5F9ZIT6Q, STM32U5F9ZJJ6QTR, STM32U5F9ZJT6Q, STM32U5G7VJT6, STM32U5G7VJT6Q, STM32U5G9BJY6QTR, STM32U5G9J-DK1, STM32U5G9J-DK2, STM32U5G9NJH6Q, STM32U5G9VJT6Q, STM32U5G9ZJJ6QTR, STM32U5G9ZJT6Q, STM32WB05KZV6TR, STM32WB05KZV7TR, STM32WB05TZF6TR, STM32WB05TZF7TR, STM32WB06CCF6TR, STM32WB06CCF7TR, STM32WB06CCV6TR, STM32WB06CCV7TR, STM32WB06KCV6TR, STM32WB06KCV7TR, STM32WB07CCF6TR, STM32WB07CCF7TR, STM32WB07CCV6TR, STM32WB07CCV7TR, STM32WB07KCV6TR, STM32WB07KCV7TR, STM32WB09KEV6TR, STM32WB09KEV7TR, STM32WB09TEF6TR, STM32WB09TEF7TR, STM32WB1MMCH6, STM32WBA50KGU6, STM32WBA50KGU6TR, STM32WBA52CEU6, STM32WBA52CEU6TR, STM32WBA52CEU7, STM32WBA52CEU7TR, STM32WBA52CGU6, STM32WBA52CGU6TR, STM32WBA52CGU6U, STM32WBA52CGU7, STM32WBA52CGU7TR, STM32WBA52KEU6, STM32WBA52KEU6TR, STM32WBA52KGU6, STM32WBA52KGU6TR, STM32WBA54CEU6, STM32WBA54CEU6TR, STM32WBA54CEU7, STM32WBA54CEU7TR, STM32WBA54CGU6, STM32WBA54CGU6TR, STM32WBA54CGU7, STM32WBA54CGU7TR, STM32WBA54KEU6, STM32WBA54KEU6TR, STM32WBA54KEU7, STM32WBA54KEU7TR, STM32WBA54KGU6, STM32WBA54KGU6TR, STM32WBA54KGU7, STM32WBA54KGU7TR, STM32WBA55CEU6, STM32WBA55CEU6TR, STM32WBA55CEU7, STM32WBA55CEU7TR, STM32WBA55CGU6, STM32WBA55CGU6TR, STM32WBA55CGU6U, STM32WBA55CGU7, STM32WBA55CGU7TR, STM32WBA55G-DK1, STM32WBA55HEF6, STM32WBA55HEF7, STM32WBA55HGF6, STM32WBA55HGF7, STM32WBA55UEI6, STM32WBA55UEI6TR, STM32WBA55UEI7, STM32WBA55UEI7TR, STM32WBA55UGI6, STM32WBA55UGI6TR, STM32WBA55UGI7, STM32WBA55UGI7TR, STM32WBA5MMGH6TR, STM32WBA62MGF6, STM32WBA62MIF6, STM32WBA65MGF7, STM32WBA65MIF6, STM32WBA65MIF7, STM32WL30K8V6, STM32WL30KBV6, STM32WL31C8V6, STM32WL31CBV6, STM32WL31K8V6, STM32WL31KBV6, STM32WL33C8V6, STM32WL33C8V6X, STM32WL33CBV6, STM32WL33CBV6X, STM32WL33CCV6, STM32WL33CCV6A, STM32WL33CCV6X, STM32WL33K8V7, STM32WL33K8V7X, STM32WL33KBV7 , STM32WL33KBV7X, STM32WL33KCV7, STM32WL33KCV7X, STM32WL5MOCH6, STM32WL5MOCH6TR]
2025-09-12 16:12:06,650 [INFO] DbMcus:218 - Found 4801 MCUs, 4801 are supported
2025-09-12 16:12:06,650 [INFO] ApiDb:423 - Load user favorites file C:\Users\chris/.stm32cubeide/favorites.mcus.txt: 0 item(s)
2025-09-12 16:12:06,651 [INFO] ApiDb:427 - User favorites MCUs=[]
2025-09-12 16:12:06,651 [INFO] DbMcus:224 - Set 0 / 0 favorites MCUs
2025-09-12 16:12:07,113 [INFO] ApiDb:423 - Load user favorites file C:\Users\chris/.stm32cubeide/favorites.boards.txt: 0 item(s)
2025-09-12 16:12:07,114 [INFO] ApiDb:427 - User favorites Boards=[]
2025-09-12 16:12:07,114 [INFO] DbBoards:198 - Set 0 / 0 favorites Boards
2025-09-12 16:12:07,190 [INFO] UtilMem:75 - End LoadConfig() Used Memory: 756553784 Bytes (913309696)
2025-09-12 16:12:07,343 [WARN] ThirdParty:833 - waiting for thirdparty lock release [change project]
2025-09-12 16:12:07,344 [INFO] ThirdParty:835 - entering critical section [change project]
2025-09-12 16:12:07,344 [INFO] ThirdParty:1030 - CMSIS Pack Vendor :STMicroelectronics USBPD 4.1
2025-09-12 16:12:07,344 [INFO] ThirdParty:1030 - CMSIS Pack Vendor :STMicroelectronics X-CUBE-DISPLAY 3.0.0
2025-09-12 16:12:07,344 [INFO] ThirdParty:1030 - CMSIS Pack Vendor :STMicroelectronics ThreadX 1.0.0
2025-09-12 16:12:07,344 [INFO] ThirdParty:1030 - CMSIS Pack Vendor :STMicroelectronics FP-SNS-SMARTAG2 1.2.0
2025-09-12 16:12:07,345 [INFO] ThirdParty:1030 - CMSIS Pack Vendor :STMicroelectronics USB_HOST 2.0.0
2025-09-12 16:12:07,345 [INFO] ThirdParty:1030 - CMSIS Pack Vendor :STMicroelectronics LIBJPEG 8.0.0
2025-09-12 16:12:07,345 [INFO] ThirdParty:1030 - CMSIS Pack Vendor :STMicroelectronics FP-ATR-SIGFOX1 3.2.0
2025-09-12 16:12:07,345 [INFO] ThirdParty:1030 - CMSIS Pack Vendor :STMicroelectronics FreeRTOS 0.0.1
2025-09-12 16:12:07,345 [INFO] ThirdParty:1030 - CMSIS Pack Vendor :STMicroelectronics USB_DEVICE 1.0.0
2025-09-12 16:12:07,345 [INFO] ThirdParty:1030 - CMSIS Pack Vendor :STMicroelectronics STM32_WPAN 1.0.0
2025-09-12 16:12:07,345 [INFO] ThirdParty:1030 - CMSIS Pack Vendor :STMicroelectronics USB_DEVICE 3.0.0
2025-09-12 16:12:07,345 [INFO] ThirdParty:1030 - CMSIS Pack Vendor :STMicroelectronics HAL Drivers 0.0.0
2025-09-12 16:12:07,345 [INFO] ThirdParty:1030 - CMSIS Pack Vendor :STMicroelectronics MBEDTLS 2.16.2
2025-09-12 16:12:07,345 [INFO] ThirdParty:1030 - CMSIS Pack Vendor :STMicroelectronics ThreadX 0.0.2
2025-09-12 16:12:07,345 [INFO] ThirdParty:1030 - CMSIS Pack Vendor :STMicroelectronics lwIP 2.0.3
2025-09-12 16:12:07,345 [INFO] ThirdParty:1030 - CMSIS Pack Vendor :STMicroelectronics lwIP 2.1.2
2025-09-12 16:12:07,345 [INFO] ThirdParty:1030 - CMSIS Pack Vendor :STMicroelectronics MBEDTLS 2.14.1
2025-09-12 16:12:07,346 [INFO] ThirdParty:1030 - CMSIS Pack Vendor :STMicroelectronics X-CUBE-BLE2 3.3.0
2025-09-12 16:12:07,346 [INFO] ThirdParty:1030 - CMSIS Pack Vendor :STMicroelectronics USB_HOST 1.0.0
2025-09-12 16:12:07,346 [INFO] ThirdParty:1030 - CMSIS Pack Vendor :STMicroelectronics PDM2PCM 3.1.0
2025-09-12 16:12:07,346 [INFO] ThirdParty:1030 - CMSIS Pack Vendor :STMicroelectronics PDM2PCM 3.2.0
2025-09-12 16:12:07,347 [INFO] ThirdParty:1030 - CMSIS Pack Vendor :STMicroelectronics USB_DEVICE 2.0.0
2025-09-12 16:12:07,347 [INFO] ThirdParty:1030 - CMSIS Pack Vendor :STMicroelectronics PDM2PCM 3.3.0
2025-09-12 16:12:07,348 [INFO] ThirdParty:841 - exiting critical section [change project]
2025-09-12 16:12:08,584 [INFO] PinOutPanel:1589 - setPackage(No Configuration,No Configuration)
2025-09-12 16:12:08,588 [INFO] PinOutPanel:1589 - setPackage(STM32H743ZITx,LQFP144)
2025-09-12 16:12:10,192 [INFO] UtilMem:75 - Before build in PCC Used Memory: 563761728 Bytes (913309696)
2025-09-12 16:12:12,022 [INFO] UtilMem:75 - After build in PCC Used Memory: 708465208 Bytes (913309696)
2025-09-12 16:12:12,126 [INFO] IPUIPlugin:80 - create IPUIPlugin
2025-09-12 16:12:12,126 [INFO] IPUIPlugin:80 - create IPUIPlugin
2025-09-12 16:12:12,126 [INFO] IPUIPlugin:80 - create IPUIPlugin
2025-09-12 16:12:12,127 [INFO] IPUIPlugin:80 - create IPUIPlugin
2025-09-12 16:12:12,127 [INFO] IPUIPlugin:80 - create IPUIPlugin
2025-09-12 16:12:12,127 [INFO] IPUIPlugin:80 - create IPUIPlugin
2025-09-12 16:12:12,127 [INFO] IPUIPlugin:80 - create IPUIPlugin
2025-09-12 16:12:12,127 [INFO] IPUIPlugin:80 - create IPUIPlugin
2025-09-12 16:12:12,127 [INFO] IPUIPlugin:80 - create IPUIPlugin
2025-09-12 16:12:12,127 [INFO] IPUIPlugin:80 - create IPUIPlugin
2025-09-12 16:12:12,127 [INFO] IPUIPlugin:80 - create IPUIPlugin
2025-09-12 16:12:12,127 [INFO] IPUIPlugin:80 - create IPUIPlugin
2025-09-12 16:12:12,128 [INFO] IPUIPlugin:80 - create IPUIPlugin
2025-09-12 16:12:12,128 [INFO] IPUIPlugin:80 - create IPUIPlugin
2025-09-12 16:12:12,129 [INFO] IPUIPlugin:80 - create IPUIPlugin
2025-09-12 16:12:12,129 [INFO] IPUIPlugin:80 - create IPUIPlugin
2025-09-12 16:12:12,129 [INFO] IPUIPlugin:80 - create IPUIPlugin
2025-09-12 16:12:12,130 [INFO] IPUIPlugin:80 - create IPUIPlugin
2025-09-12 16:12:12,130 [INFO] IPUIPlugin:80 - create IPUIPlugin
2025-09-12 16:12:12,130 [INFO] IPUIPlugin:80 - create IPUIPlugin
2025-09-12 16:12:12,130 [INFO] IPUIPlugin:80 - create IPUIPlugin
2025-09-12 16:12:12,131 [INFO] IPUIPlugin:80 - create IPUIPlugin
2025-09-12 16:12:12,131 [INFO] IPUIPlugin:80 - create IPUIPlugin
2025-09-12 16:12:12,131 [INFO] IPUIPlugin:80 - create IPUIPlugin
2025-09-12 16:12:12,131 [INFO] IPUIPlugin:80 - create IPUIPlugin
2025-09-12 16:12:12,131 [INFO] IPUIPlugin:80 - create IPUIPlugin
2025-09-12 16:12:12,131 [INFO] IPUIPlugin:80 - create IPUIPlugin
2025-09-12 16:12:12,131 [INFO] IPUIPlugin:80 - create IPUIPlugin
2025-09-12 16:12:12,132 [INFO] IPUIPlugin:80 - create IPUIPlugin
2025-09-12 16:12:12,132 [INFO] IPUIPlugin:80 - create IPUIPlugin
2025-09-12 16:12:12,132 [INFO] IPUIPlugin:80 - create IPUIPlugin
2025-09-12 16:12:12,133 [INFO] IPUIPlugin:80 - create IPUIPlugin
2025-09-12 16:12:12,133 [INFO] IPUIPlugin:80 - create IPUIPlugin
2025-09-12 16:12:12,133 [INFO] IPUIPlugin:80 - create IPUIPlugin
2025-09-12 16:12:12,133 [INFO] IPUIPlugin:80 - create IPUIPlugin
2025-09-12 16:12:12,134 [INFO] IPUIPlugin:80 - create IPUIPlugin
2025-09-12 16:12:12,134 [INFO] IPUIPlugin:80 - create IPUIPlugin
2025-09-12 16:12:12,135 [INFO] IPUIPlugin:80 - create IPUIPlugin
2025-09-12 16:12:12,135 [INFO] IPUIPlugin:80 - create IPUIPlugin
2025-09-12 16:12:12,135 [INFO] IPUIPlugin:80 - create IPUIPlugin
2025-09-12 16:12:12,135 [INFO] IPUIPlugin:80 - create IPUIPlugin
2025-09-12 16:12:12,135 [INFO] IPUIPlugin:80 - create IPUIPlugin
2025-09-12 16:12:12,136 [INFO] IPUIPlugin:80 - create IPUIPlugin
2025-09-12 16:12:12,136 [INFO] IPUIPlugin:80 - create IPUIPlugin
2025-09-12 16:12:12,136 [INFO] IPUIPlugin:80 - create IPUIPlugin
2025-09-12 16:12:12,136 [INFO] IPUIPlugin:80 - create IPUIPlugin
2025-09-12 16:12:12,136 [INFO] IPUIPlugin:80 - create IPUIPlugin
2025-09-12 16:12:12,137 [INFO] IPUIPlugin:80 - create IPUIPlugin
2025-09-12 16:12:12,137 [INFO] IPUIPlugin:80 - create IPUIPlugin
2025-09-12 16:12:12,138 [INFO] IPUIPlugin:80 - create IPUIPlugin
2025-09-12 16:12:12,138 [INFO] IPUIPlugin:80 - create IPUIPlugin
2025-09-12 16:12:12,139 [INFO] IPUIPlugin:80 - create IPUIPlugin
2025-09-12 16:12:12,139 [INFO] IPUIPlugin:80 - create IPUIPlugin
2025-09-12 16:12:12,139 [INFO] IPUIPlugin:80 - create IPUIPlugin
2025-09-12 16:12:12,140 [INFO] IPUIPlugin:80 - create IPUIPlugin
2025-09-12 16:12:12,140 [INFO] IPUIPlugin:80 - create IPUIPlugin
2025-09-12 16:12:12,140 [INFO] IPUIPlugin:80 - create IPUIPlugin
2025-09-12 16:12:12,140 [INFO] IPUIPlugin:80 - create IPUIPlugin
2025-09-12 16:12:12,140 [INFO] IPUIPlugin:80 - create IPUIPlugin
2025-09-12 16:12:12,141 [INFO] IPUIPlugin:80 - create IPUIPlugin
2025-09-12 16:12:12,141 [INFO] IPUIPlugin:80 - create IPUIPlugin
2025-09-12 16:12:12,141 [INFO] IPUIPlugin:80 - create IPUIPlugin
2025-09-12 16:12:12,142 [INFO] IPUIPlugin:80 - create IPUIPlugin
2025-09-12 16:12:12,142 [INFO] IPUIPlugin:80 - create IPUIPlugin
2025-09-12 16:12:12,142 [INFO] IPUIPlugin:80 - create IPUIPlugin
2025-09-12 16:12:12,142 [INFO] IPUIPlugin:80 - create IPUIPlugin
2025-09-12 16:12:12,143 [INFO] IPUIPlugin:80 - create IPUIPlugin
2025-09-12 16:12:12,143 [INFO] IPUIPlugin:80 - create IPUIPlugin
2025-09-12 16:12:12,143 [INFO] IPUIPlugin:80 - create IPUIPlugin
2025-09-12 16:12:12,143 [INFO] IPUIPlugin:80 - create IPUIPlugin
2025-09-12 16:12:12,144 [INFO] IPUIPlugin:80 - create IPUIPlugin
2025-09-12 16:12:12,144 [INFO] IPUIPlugin:80 - create IPUIPlugin
2025-09-12 16:12:12,145 [INFO] IPUIPlugin:80 - create IPUIPlugin
2025-09-12 16:12:12,145 [INFO] IPUIPlugin:80 - create IPUIPlugin
2025-09-12 16:12:12,145 [INFO] IPUIPlugin:80 - create IPUIPlugin
2025-09-12 16:12:12,146 [INFO] IPUIPlugin:80 - create IPUIPlugin
2025-09-12 16:12:12,146 [INFO] IPUIPlugin:80 - create IPUIPlugin
2025-09-12 16:12:12,147 [INFO] IPUIPlugin:80 - create IPUIPlugin
2025-09-12 16:12:12,148 [INFO] IPUIPlugin:80 - create IPUIPlugin
2025-09-12 16:12:12,148 [INFO] IPUIPlugin:80 - create IPUIPlugin
2025-09-12 16:12:12,148 [INFO] IPUIPlugin:80 - create IPUIPlugin
2025-09-12 16:12:12,149 [INFO] IPUIPlugin:80 - create IPUIPlugin
2025-09-12 16:12:12,149 [INFO] IPUIPlugin:80 - create IPUIPlugin
2025-09-12 16:12:12,149 [INFO] IPUIPlugin:80 - create IPUIPlugin
2025-09-12 16:12:12,150 [INFO] IPUIPlugin:80 - create IPUIPlugin
2025-09-12 16:12:12,150 [INFO] IPUIPlugin:80 - create IPUIPlugin
2025-09-12 16:12:12,150 [INFO] IPUIPlugin:80 - create IPUIPlugin
2025-09-12 16:12:12,151 [INFO] IPUIPlugin:80 - create IPUIPlugin
2025-09-12 16:12:12,151 [INFO] IPUIPlugin:80 - create IPUIPlugin
2025-09-12 16:12:12,151 [INFO] IPUIPlugin:80 - create IPUIPlugin
2025-09-12 16:12:12,152 [INFO] IPUIPlugin:80 - create IPUIPlugin
2025-09-12 16:12:12,152 [INFO] IPUIPlugin:80 - create IPUIPlugin
2025-09-12 16:12:12,153 [INFO] IPUIPlugin:80 - create IPUIPlugin
2025-09-12 16:12:12,153 [INFO] IPUIPlugin:80 - create IPUIPlugin
2025-09-12 16:12:12,154 [INFO] IPUIPlugin:80 - create IPUIPlugin
2025-09-12 16:12:12,155 [INFO] IPUIPlugin:80 - create IPUIPlugin
2025-09-12 16:12:12,155 [INFO] IPUIPlugin:80 - create IPUIPlugin
2025-09-12 16:12:12,156 [INFO] IPUIPlugin:80 - create IPUIPlugin
2025-09-12 16:12:12,307 [INFO] ApiDbMcu:532 - Load IP Config File for PDM2PCM
2025-09-12 16:12:12,739 [INFO] CADModel:165 - CPN selected for project levelSTM32H743ZIT6
2025-09-12 16:12:12,739 [INFO] CADModel:114 - Register for checkConnection events
2025-09-12 16:12:12,801 [INFO] OpenFileManager:386 - Restore cursor
2025-09-12 16:32:57,427 [INFO] ADCParametersView:116 -                Rank 1 : false
2025-09-12 16:32:58,199 [INFO] ADCParametersView:116 -                Rank 1 : false
2025-09-12 16:32:58,200 [INFO] ADCParametersView:116 -                Rank 1 : false
2025-09-12 16:32:58,200 [INFO] ADCParametersView:116 -                Rank 1 : false
2025-09-12 16:32:58,200 [INFO] ADCParametersView:116 -                Rank 1 : false
2025-09-12 16:32:58,200 [INFO] ADCParametersView:116 -                Rank 1 : false
2025-09-12 16:32:58,201 [INFO] ADCParametersView:116 -                Rank 1 : false
2025-09-12 16:32:58,201 [INFO] ADCParametersView:116 -                Rank 1 : false
2025-09-12 16:32:58,201 [INFO] ADCParametersView:116 -                Rank 1 : false
2025-09-12 16:32:58,201 [INFO] ADCParametersView:116 -                Rank 1 : false
2025-09-12 16:32:58,202 [INFO] ADCParametersView:116 -                Rank 1 : false
2025-09-12 16:32:58,202 [INFO] ADCParametersView:116 -                Rank 1 : false
2025-09-12 16:32:58,202 [INFO] ADCParametersView:116 -                Rank 1 : false
2025-09-12 16:32:58,202 [INFO] ADCParametersView:116 -                Rank 1 : false
2025-09-12 16:32:58,203 [INFO] ADCParametersView:116 -                Rank 1 : false
2025-09-12 16:32:58,203 [INFO] ADCParametersView:116 -                Rank 1 : false
2025-09-12 16:32:58,203 [INFO] ADCParametersView:116 -                Rank 1 : false
2025-09-12 16:32:58,203 [INFO] ADCParametersView:116 -                Rank 1 : false
2025-09-12 16:32:58,204 [INFO] ADCParametersView:116 -                Rank 1 : false
2025-09-12 16:32:58,204 [INFO] ADCParametersView:116 -                Rank 1 : false
2025-09-12 16:32:58,204 [INFO] ADCParametersView:116 -                Rank 1 : false
2025-09-12 16:32:58,373 [INFO] ADCParametersView:116 -                Rank 1 : false
2025-09-12 16:49:05,638 [INFO] NvicIntPanel:101 - NVIC parent = com.st.microxplorer.plugins.ip.nvic.MultiNvicIntPanel[,0,0,452x126,layout=javax.swing.BoxLayout,alignmentX=0.0,alignmentY=0.0,border=,flags=9,maximumSize=,minimumSize=,preferredSize=]
2025-09-12 16:49:29,245 [INFO] NvicIntPanel:101 - NVIC parent = com.st.microxplorer.plugins.ip.nvic.MultiNvicIntPanel[,0,0,0x0,invalid,layout=javax.swing.BoxLayout,alignmentX=0.0,alignmentY=0.0,border=,flags=9,maximumSize=,minimumSize=,preferredSize=]
2025-09-12 16:49:34,615 [INFO] NvicIntPanel:101 - NVIC parent = com.st.microxplorer.plugins.ip.nvic.MultiNvicIntPanel[,0,0,0x0,invalid,layout=javax.swing.BoxLayout,alignmentX=0.0,alignmentY=0.0,border=,flags=9,maximumSize=,minimumSize=,preferredSize=]
2025-09-12 16:50:46,594 [INFO] UtilMem:75 - End SaveConfig() Used Memory: 378479656 Bytes (1073741824)
2025-09-12 16:50:46,826 [INFO] UtilMem:75 - End SaveConfig() Used Memory: 405216296 Bytes (1073741824)
2025-09-12 16:50:48,374 [INFO] ServerAccessManage:452 - Complete download http(s) 200
2025-09-12 16:50:48,376 [INFO] ServerAccessManage:509 - Download File stm32cube_fw_h7_v1110.zip
2025-09-12 16:55:26,372 [INFO] AnalyticsPlugin:368 - Accepted License(s): [FW.H7.1.11.0]
2025-09-12 16:55:26,374 [INFO] FileExtend:248 - Unzip File : stm32cube_fw_h7_v1110.zip
2025-09-12 16:55:26,374 [INFO] FileExtend:263 - Standard Zip Deflate
2025-09-12 16:56:24,006 [INFO] ServerAccessManage:452 - Complete download http(s) 200
2025-09-12 16:56:24,007 [INFO] ServerAccessManage:509 - Download File stm32cube_fw_h7_v1112.zip
2025-09-12 16:57:19,964 [ERROR] ServerAccessManage:740 - User Cancel Download : stm32cube_fw_h7_v1112.zip.
2025-09-12 16:57:20,071 [INFO] LoadServerPackagesThread:196 - End of LoadServerPackages Thread
2025-09-12 16:57:20,121 [INFO] ProgressBarDialog:492 - C:\Users\chris\STM32Cube\Repository\stm32cube_fw_h7_v1112.zip.tmp : file deleted.
2025-09-12 16:57:20,336 [INFO] ThirdPartyModel:298 - Start build external matchings
2025-09-12 16:57:20,368 [INFO] ThirdPartyModel:316 - End build external matchings
2025-09-12 16:57:20,370 [INFO] CheckServerUpdateThread:120 - End of CheckServer Thread
2025-09-12 16:57:37,677 [INFO] NvicIntPanel:101 - NVIC parent = com.st.microxplorer.plugins.ip.nvic.MultiNvicIntPanel[,0,0,0x0,invalid,layout=javax.swing.BoxLayout,alignmentX=0.0,alignmentY=0.0,border=,flags=9,maximumSize=,minimumSize=,preferredSize=]
2025-09-12 16:57:50,208 [INFO] NvicIntPanel:101 - NVIC parent = com.st.microxplorer.plugins.ip.nvic.MultiNvicIntPanel[,0,0,0x0,invalid,layout=javax.swing.BoxLayout,alignmentX=0.0,alignmentY=0.0,border=,flags=9,maximumSize=,minimumSize=,preferredSize=]
